ISO-10303-21;
HEADER;
/* Generated by software containing ST-Developer
 * from STEP Tools, Inc. (www.steptools.com) 
 */
/* OPTION: using custom renumber hook */

FILE_DESCRIPTION(
/* description */ ('STEP AP242 Edition 2',
'CAx-IF Rec.Pracs.---Representation and Presentation of Product Manufa
cturing Information (PMI)---4.0---2014-10-13',
'CAx-IF Rec.Pracs.---3D Tessellated Geometry---0.4---2014-09-14','2;1',
'CAx-IF Rec.Pracs.---User Defined Attributes---1.5---2016-08-15'),
/* implementation_level */ '2;1');

FILE_NAME(
/* name */ 'KICAD Drohnen COntroller - Drone Controller - Top',
/* time_stamp */ '2026-08-20T22:16:46Z',
/* author */ (''),
/* organization */ (''),
/* preprocessor_version */ 'ST-DEVELOPER v20',
/* originating_system */ 'ONSHAPE BY PTC INC, 1.219',
/* authorisation */ '  ');

FILE_SCHEMA (('AP242_MANAGED_MODEL_BASED_3D_ENGINEERING_MIM_LF { 1 0 10303 442 3 1 4 }'));
ENDSEC;

DATA;
#10=SHAPE_REPRESENTATION_RELATIONSHIP('','',#5193,#11);
#11=ADVANCED_BREP_SHAPE_REPRESENTATION('',(#5191),#8669);
#12=B_SPLINE_SURFACE_WITH_KNOTS('',3,1,((#7782,#7783),(#7784,#7785),(#7786,
#7787),(#7788,#7789),(#7790,#7791),(#7792,#7793),(#7794,#7795),(#7796,#7797),
(#7798,#7799),(#7800,#7801),(#7802,#7803),(#7804,#7805),(#7806,#7807),(#7808,
#7809),(#7810,#7811),(#7812,#7813),(#7814,#7815),(#7816,#7817)),
 .SURF_OF_LINEAR_EXTRUSION.,.F.,.F.,.F.,(4,1,1,1,1,1,1,1,1,1,1,1,1,1,1,
4),(2,2),(0.215148223601849,0.288653247227486,0.362158270853123,0.398910782665941,
0.43566329447876,0.472415806291578,0.509168318104397,0.545920829917215,
0.582673341730033,0.619425853542852,0.65617836535567,0.692930877168489,
0.711307133074898,0.729683388981307,0.766435900794126,0.803188412606944),
(0.,1.),.UNSPECIFIED.);
#13=B_SPLINE_SURFACE_WITH_KNOTS('',3,1,((#7877,#7878),(#7879,#7880),(#7881,
#7882),(#7883,#7884)),.SURF_OF_LINEAR_EXTRUSION.,.F.,.F.,.F.,(4,4),(2,2),
(0.,1.),(0.,1.),.PIECEWISE_BEZIER_KNOTS.);
#14=B_SPLINE_SURFACE_WITH_KNOTS('',3,1,((#7897,#7898),(#7899,#7900),(#7901,
#7902),(#7903,#7904)),.SURF_OF_LINEAR_EXTRUSION.,.F.,.F.,.F.,(4,4),(2,2),
(0.,1.),(0.,1.),.PIECEWISE_BEZIER_KNOTS.);
#15=B_SPLINE_SURFACE_WITH_KNOTS('',3,1,((#7914,#7915),(#7916,#7917),(#7918,
#7919),(#7920,#7921)),.SURF_OF_LINEAR_EXTRUSION.,.F.,.F.,.F.,(4,4),(2,2),
(0.,1.),(0.,1.),.PIECEWISE_BEZIER_KNOTS.);
#16=B_SPLINE_SURFACE_WITH_KNOTS('',3,1,((#7949,#7950),(#7951,#7952),(#7953,
#7954),(#7955,#7956)),.SURF_OF_LINEAR_EXTRUSION.,.F.,.F.,.F.,(4,4),(2,2),
(0.,1.),(0.,1.),.PIECEWISE_BEZIER_KNOTS.);
#17=B_SPLINE_SURFACE_WITH_KNOTS('',3,1,((#7966,#7967),(#7968,#7969),(#7970,
#7971),(#7972,#7973)),.SURF_OF_LINEAR_EXTRUSION.,.F.,.F.,.F.,(4,4),(2,2),
(0.,1.),(0.,1.),.PIECEWISE_BEZIER_KNOTS.);
#18=B_SPLINE_SURFACE_WITH_KNOTS('',3,1,((#7983,#7984),(#7985,#7986),(#7987,
#7988),(#7989,#7990)),.SURF_OF_LINEAR_EXTRUSION.,.F.,.F.,.F.,(4,4),(2,2),
(0.,1.),(0.,1.),.PIECEWISE_BEZIER_KNOTS.);
#19=B_SPLINE_SURFACE_WITH_KNOTS('',3,1,((#8000,#8001),(#8002,#8003),(#8004,
#8005),(#8006,#8007)),.SURF_OF_LINEAR_EXTRUSION.,.F.,.F.,.F.,(4,4),(2,2),
(0.,1.),(0.,1.),.PIECEWISE_BEZIER_KNOTS.);
#20=B_SPLINE_SURFACE_WITH_KNOTS('',3,1,((#8035,#8036),(#8037,#8038),(#8039,
#8040),(#8041,#8042)),.SURF_OF_LINEAR_EXTRUSION.,.F.,.F.,.F.,(4,4),(2,2),
(0.,1.),(0.,1.),.PIECEWISE_BEZIER_KNOTS.);
#21=B_SPLINE_SURFACE_WITH_KNOTS('',3,1,((#8050,#8051),(#8052,#8053),(#8054,
#8055),(#8056,#8057)),.SURF_OF_LINEAR_EXTRUSION.,.F.,.F.,.F.,(4,4),(2,2),
(0.,1.),(0.,1.),.PIECEWISE_BEZIER_KNOTS.);
#22=B_SPLINE_SURFACE_WITH_KNOTS('',3,1,((#8063,#8064),(#8065,#8066),(#8067,
#8068),(#8069,#8070)),.SURF_OF_LINEAR_EXTRUSION.,.F.,.F.,.F.,(4,4),(2,2),
(0.,1.),(0.,1.),.PIECEWISE_BEZIER_KNOTS.);
#23=B_SPLINE_SURFACE_WITH_KNOTS('',3,1,((#8076,#8077),(#8078,#8079),(#8080,
#8081),(#8082,#8083)),.SURF_OF_LINEAR_EXTRUSION.,.F.,.F.,.F.,(4,4),(2,2),
(0.,1.),(0.,1.),.PIECEWISE_BEZIER_KNOTS.);
#24=B_SPLINE_SURFACE_WITH_KNOTS('',3,1,((#8093,#8094),(#8095,#8096),(#8097,
#8098),(#8099,#8100)),.SURF_OF_LINEAR_EXTRUSION.,.F.,.F.,.F.,(4,4),(2,2),
(0.,1.),(0.,1.),.PIECEWISE_BEZIER_KNOTS.);
#25=B_SPLINE_SURFACE_WITH_KNOTS('',3,1,((#8110,#8111),(#8112,#8113),(#8114,
#8115),(#8116,#8117)),.SURF_OF_LINEAR_EXTRUSION.,.F.,.F.,.F.,(4,4),(2,2),
(0.,1.),(0.,1.),.PIECEWISE_BEZIER_KNOTS.);
#26=B_SPLINE_SURFACE_WITH_KNOTS('',3,1,((#8123,#8124),(#8125,#8126),(#8127,
#8128),(#8129,#8130)),.SURF_OF_LINEAR_EXTRUSION.,.F.,.F.,.F.,(4,4),(2,2),
(0.,1.),(0.,1.),.PIECEWISE_BEZIER_KNOTS.);
#27=B_SPLINE_SURFACE_WITH_KNOTS('',3,1,((#8136,#8137),(#8138,#8139),(#8140,
#8141),(#8142,#8143)),.SURF_OF_LINEAR_EXTRUSION.,.F.,.F.,.F.,(4,4),(2,2),
(0.,1.),(0.,1.),.PIECEWISE_BEZIER_KNOTS.);
#28=B_SPLINE_SURFACE_WITH_KNOTS('',3,1,((#8149,#8150),(#8151,#8152),(#8153,
#8154),(#8155,#8156)),.SURF_OF_LINEAR_EXTRUSION.,.F.,.F.,.F.,(4,4),(2,2),
(0.,1.),(0.,1.),.PIECEWISE_BEZIER_KNOTS.);
#29=B_SPLINE_SURFACE_WITH_KNOTS('',3,1,((#8166,#8167),(#8168,#8169),(#8170,
#8171),(#8172,#8173)),.SURF_OF_LINEAR_EXTRUSION.,.F.,.F.,.F.,(4,4),(2,2),
(0.,1.),(0.,1.),.PIECEWISE_BEZIER_KNOTS.);
#30=B_SPLINE_SURFACE_WITH_KNOTS('',3,1,((#8179,#8180),(#8181,#8182),(#8183,
#8184),(#8185,#8186)),.SURF_OF_LINEAR_EXTRUSION.,.F.,.F.,.F.,(4,4),(2,2),
(0.,1.),(0.,1.),.PIECEWISE_BEZIER_KNOTS.);
#31=B_SPLINE_SURFACE_WITH_KNOTS('',3,1,((#8190,#8191),(#8192,#8193),(#8194,
#8195),(#8196,#8197)),.SURF_OF_LINEAR_EXTRUSION.,.F.,.F.,.F.,(4,4),(2,2),
(0.,1.),(0.,1.),.PIECEWISE_BEZIER_KNOTS.);
#32=B_SPLINE_SURFACE_WITH_KNOTS('',3,1,((#8304,#8305),(#8306,#8307),(#8308,
#8309),(#8310,#8311)),.SURF_OF_LINEAR_EXTRUSION.,.F.,.F.,.F.,(4,4),(2,2),
(0.,1.),(0.,1.),.PIECEWISE_BEZIER_KNOTS.);
#33=B_SPLINE_SURFACE_WITH_KNOTS('',3,1,((#8324,#8325),(#8326,#8327),(#8328,
#8329),(#8330,#8331)),.SURF_OF_LINEAR_EXTRUSION.,.F.,.F.,.F.,(4,4),(2,2),
(0.,1.),(0.,1.),.PIECEWISE_BEZIER_KNOTS.);
#34=B_SPLINE_SURFACE_WITH_KNOTS('',3,1,((#8341,#8342),(#8343,#8344),(#8345,
#8346),(#8347,#8348)),.SURF_OF_LINEAR_EXTRUSION.,.F.,.F.,.F.,(4,4),(2,2),
(0.,1.),(0.,1.),.PIECEWISE_BEZIER_KNOTS.);
#35=B_SPLINE_SURFACE_WITH_KNOTS('',3,1,((#8376,#8377),(#8378,#8379),(#8380,
#8381),(#8382,#8383)),.SURF_OF_LINEAR_EXTRUSION.,.F.,.F.,.F.,(4,4),(2,2),
(0.,1.),(0.,1.),.PIECEWISE_BEZIER_KNOTS.);
#36=B_SPLINE_SURFACE_WITH_KNOTS('',3,1,((#8393,#8394),(#8395,#8396),(#8397,
#8398),(#8399,#8400)),.SURF_OF_LINEAR_EXTRUSION.,.F.,.F.,.F.,(4,4),(2,2),
(0.,1.),(0.,1.),.PIECEWISE_BEZIER_KNOTS.);
#37=B_SPLINE_SURFACE_WITH_KNOTS('',3,1,((#8410,#8411),(#8412,#8413),(#8414,
#8415),(#8416,#8417)),.SURF_OF_LINEAR_EXTRUSION.,.F.,.F.,.F.,(4,4),(2,2),
(0.,1.),(0.,1.),.PIECEWISE_BEZIER_KNOTS.);
#38=B_SPLINE_SURFACE_WITH_KNOTS('',3,1,((#8427,#8428),(#8429,#8430),(#8431,
#8432),(#8433,#8434)),.SURF_OF_LINEAR_EXTRUSION.,.F.,.F.,.F.,(4,4),(2,2),
(0.,1.),(0.,1.),.PIECEWISE_BEZIER_KNOTS.);
#39=B_SPLINE_SURFACE_WITH_KNOTS('',3,1,((#8462,#8463),(#8464,#8465),(#8466,
#8467),(#8468,#8469)),.SURF_OF_LINEAR_EXTRUSION.,.F.,.F.,.F.,(4,4),(2,2),
(0.,1.),(0.,1.),.PIECEWISE_BEZIER_KNOTS.);
#40=B_SPLINE_SURFACE_WITH_KNOTS('',3,1,((#8477,#8478),(#8479,#8480),(#8481,
#8482),(#8483,#8484)),.SURF_OF_LINEAR_EXTRUSION.,.F.,.F.,.F.,(4,4),(2,2),
(0.,1.),(0.,1.),.PIECEWISE_BEZIER_KNOTS.);
#41=B_SPLINE_SURFACE_WITH_KNOTS('',3,1,((#8490,#8491),(#8492,#8493),(#8494,
#8495),(#8496,#8497)),.SURF_OF_LINEAR_EXTRUSION.,.F.,.F.,.F.,(4,4),(2,2),
(0.,1.),(0.,1.),.PIECEWISE_BEZIER_KNOTS.);
#42=B_SPLINE_SURFACE_WITH_KNOTS('',3,1,((#8503,#8504),(#8505,#8506),(#8507,
#8508),(#8509,#8510)),.SURF_OF_LINEAR_EXTRUSION.,.F.,.F.,.F.,(4,4),(2,2),
(0.,1.),(0.,1.),.PIECEWISE_BEZIER_KNOTS.);
#43=B_SPLINE_SURFACE_WITH_KNOTS('',3,1,((#8520,#8521),(#8522,#8523),(#8524,
#8525),(#8526,#8527)),.SURF_OF_LINEAR_EXTRUSION.,.F.,.F.,.F.,(4,4),(2,2),
(0.,1.),(0.,1.),.PIECEWISE_BEZIER_KNOTS.);
#44=B_SPLINE_SURFACE_WITH_KNOTS('',3,1,((#8537,#8538),(#8539,#8540),(#8541,
#8542),(#8543,#8544)),.SURF_OF_LINEAR_EXTRUSION.,.F.,.F.,.F.,(4,4),(2,2),
(0.,1.),(0.,1.),.PIECEWISE_BEZIER_KNOTS.);
#45=B_SPLINE_SURFACE_WITH_KNOTS('',3,1,((#8550,#8551),(#8552,#8553),(#8554,
#8555),(#8556,#8557)),.SURF_OF_LINEAR_EXTRUSION.,.F.,.F.,.F.,(4,4),(2,2),
(0.,1.),(0.,1.),.PIECEWISE_BEZIER_KNOTS.);
#46=B_SPLINE_SURFACE_WITH_KNOTS('',3,1,((#8563,#8564),(#8565,#8566),(#8567,
#8568),(#8569,#8570)),.SURF_OF_LINEAR_EXTRUSION.,.F.,.F.,.F.,(4,4),(2,2),
(0.,1.),(0.,1.),.PIECEWISE_BEZIER_KNOTS.);
#47=B_SPLINE_SURFACE_WITH_KNOTS('',3,1,((#8576,#8577),(#8578,#8579),(#8580,
#8581),(#8582,#8583)),.SURF_OF_LINEAR_EXTRUSION.,.F.,.F.,.F.,(4,4),(2,2),
(0.,1.),(0.,1.),.PIECEWISE_BEZIER_KNOTS.);
#48=B_SPLINE_SURFACE_WITH_KNOTS('',3,1,((#8593,#8594),(#8595,#8596),(#8597,
#8598),(#8599,#8600)),.SURF_OF_LINEAR_EXTRUSION.,.F.,.F.,.F.,(4,4),(2,2),
(0.,1.),(0.,1.),.PIECEWISE_BEZIER_KNOTS.);
#49=B_SPLINE_SURFACE_WITH_KNOTS('',3,1,((#8606,#8607),(#8608,#8609),(#8610,
#8611),(#8612,#8613)),.SURF_OF_LINEAR_EXTRUSION.,.F.,.F.,.F.,(4,4),(2,2),
(0.,1.),(0.,1.),.PIECEWISE_BEZIER_KNOTS.);
#50=B_SPLINE_SURFACE_WITH_KNOTS('',3,1,((#8617,#8618),(#8619,#8620),(#8621,
#8622),(#8623,#8624)),.SURF_OF_LINEAR_EXTRUSION.,.F.,.F.,.F.,(4,4),(2,2),
(0.,1.),(0.,1.),.PIECEWISE_BEZIER_KNOTS.);
#51=TOROIDAL_SURFACE('',#5390,0.0037,0.0015);
#52=TOROIDAL_SURFACE('',#5392,0.0037,0.0015);
#53=TOROIDAL_SURFACE('',#5394,0.0037,0.0015);
#54=TOROIDAL_SURFACE('',#5396,0.0045,0.0015);
#55=TOROIDAL_SURFACE('',#5397,0.0045,0.0015);
#56=TOROIDAL_SURFACE('',#5399,0.0045,0.0015);
#57=TOROIDAL_SURFACE('',#5464,0.0195,0.005);
#58=TOROIDAL_SURFACE('',#5465,0.0195,0.005);
#59=ELLIPSE('',#5357,0.00707106781186547,0.005);
#60=ELLIPSE('',#5358,0.00707106781186547,0.005);
#61=ELLIPSE('',#5360,0.00707106781186547,0.005);
#62=ELLIPSE('',#5362,0.00707106781186548,0.005);
#63=ELLIPSE('',#5438,0.00707106781186547,0.005);
#64=ELLIPSE('',#5439,0.00707106781186547,0.005);
#65=ELLIPSE('',#5441,0.00707106781186548,0.005);
#66=ELLIPSE('',#5443,0.00707106781186547,0.005);
#67=ELLIPSE('',#5446,0.00707106781186547,0.005);
#68=ELLIPSE('',#5447,0.00707106781186547,0.005);
#69=ELLIPSE('',#5449,0.00707106781186547,0.005);
#70=ELLIPSE('',#5451,0.00707106781186547,0.005);
#71=SPHERICAL_SURFACE('',#5224,0.005);
#72=SPHERICAL_SURFACE('',#5228,0.005);
#73=SPHERICAL_SURFACE('',#5236,0.005);
#74=SPHERICAL_SURFACE('',#5240,0.005);
#75=CYLINDRICAL_SURFACE('',#5221,0.005);
#76=CYLINDRICAL_SURFACE('',#5232,0.005);
#77=CYLINDRICAL_SURFACE('',#5234,0.005);
#78=CYLINDRICAL_SURFACE('',#5244,0.005);
#79=CYLINDRICAL_SURFACE('',#5251,0.0145);
#80=CYLINDRICAL_SURFACE('',#5253,0.00275);
#81=CYLINDRICAL_SURFACE('',#5256,0.00275);
#82=CYLINDRICAL_SURFACE('',#5311,0.0010799999999999);
#83=CYLINDRICAL_SURFACE('',#5313,0.00108000000000011);
#84=CYLINDRICAL_SURFACE('',#5317,0.00108000000000011);
#85=CYLINDRICAL_SURFACE('',#5318,0.00107999999999998);
#86=CYLINDRICAL_SURFACE('',#5326,0.0145);
#87=CYLINDRICAL_SURFACE('',#5328,0.003);
#88=CYLINDRICAL_SURFACE('',#5331,0.003);
#89=CYLINDRICAL_SURFACE('',#5334,0.003);
#90=CYLINDRICAL_SURFACE('',#5337,0.00275);
#91=CYLINDRICAL_SURFACE('',#5339,0.00275);
#92=CYLINDRICAL_SURFACE('',#5341,0.00275);
#93=CYLINDRICAL_SURFACE('',#5343,0.0022);
#94=CYLINDRICAL_SURFACE('',#5345,0.0022);
#95=CYLINDRICAL_SURFACE('',#5347,0.0022);
#96=CYLINDRICAL_SURFACE('',#5356,0.005);
#97=CYLINDRICAL_SURFACE('',#5359,0.005);
#98=CYLINDRICAL_SURFACE('',#5361,0.005);
#99=CYLINDRICAL_SURFACE('',#5363,0.005);
#100=CYLINDRICAL_SURFACE('',#5373,0.001);
#101=CYLINDRICAL_SURFACE('',#5374,0.001);
#102=CYLINDRICAL_SURFACE('',#5375,0.00225);
#103=CYLINDRICAL_SURFACE('',#5377,0.00275);
#104=CYLINDRICAL_SURFACE('',#5380,0.00225);
#105=CYLINDRICAL_SURFACE('',#5382,0.00275);
#106=CYLINDRICAL_SURFACE('',#5385,0.00225);
#107=CYLINDRICAL_SURFACE('',#5387,0.00275);
#108=CYLINDRICAL_SURFACE('',#5404,0.00370809803768067);
#109=CYLINDRICAL_SURFACE('',#5425,0.00370187262789878);
#110=CYLINDRICAL_SURFACE('',#5437,0.005);
#111=CYLINDRICAL_SURFACE('',#5440,0.005);
#112=CYLINDRICAL_SURFACE('',#5442,0.005);
#113=CYLINDRICAL_SURFACE('',#5444,0.005);
#114=CYLINDRICAL_SURFACE('',#5445,0.005);
#115=CYLINDRICAL_SURFACE('',#5448,0.005);
#116=CYLINDRICAL_SURFACE('',#5450,0.005);
#117=CYLINDRICAL_SURFACE('',#5452,0.005);
#118=CYLINDRICAL_SURFACE('',#5455,0.0045);
#119=CYLINDRICAL_SURFACE('',#5456,0.0037);
#120=CYLINDRICAL_SURFACE('',#5457,0.0037);
#121=CYLINDRICAL_SURFACE('',#5458,0.0037);
#122=CYLINDRICAL_SURFACE('',#5460,0.005);
#123=CYLINDRICAL_SURFACE('',#5461,0.005);
#124=CYLINDRICAL_SURFACE('',#5462,0.005);
#125=CYLINDRICAL_SURFACE('',#5463,0.005);
#126=CYLINDRICAL_SURFACE('',#5466,0.002);
#127=CYLINDRICAL_SURFACE('',#5467,0.002);
#128=CYLINDRICAL_SURFACE('',#5468,0.002);
#129=CYLINDRICAL_SURFACE('',#5469,0.002);
#130=CYLINDRICAL_SURFACE('',#5481,0.00224551892334225);
#131=CYLINDRICAL_SURFACE('',#5485,0.00216234342181473);
#132=CYLINDRICAL_SURFACE('',#5488,0.00214211686916433);
#133=CYLINDRICAL_SURFACE('',#5492,0.0022244942794192);
#134=CYLINDRICAL_SURFACE('',#5496,0.00113772558784399);
#135=CYLINDRICAL_SURFACE('',#5527,0.00224551892334419);
#136=CYLINDRICAL_SURFACE('',#5531,0.00216234342181669);
#137=CYLINDRICAL_SURFACE('',#5534,0.00214211686914403);
#138=CYLINDRICAL_SURFACE('',#5538,0.00222449427940617);
#139=CYLINDRICAL_SURFACE('',#5542,0.00113772558782093);
#140=CIRCLE('',#5196,0.00113772558784399);
#141=CIRCLE('',#5197,0.00275);
#142=CIRCLE('',#5198,0.00370809803768067);
#143=CIRCLE('',#5199,0.00370187262789878);
#144=CIRCLE('',#5200,0.0145);
#145=CIRCLE('',#5201,0.00275);
#146=CIRCLE('',#5202,0.0037);
#147=CIRCLE('',#5203,0.0037);
#148=CIRCLE('',#5204,0.0037);
#149=CIRCLE('',#5205,0.0045);
#150=CIRCLE('',#5206,0.00275);
#151=CIRCLE('',#5207,0.00113772558782093);
#152=CIRCLE('',#5209,0.002);
#153=CIRCLE('',#5210,0.002);
#154=CIRCLE('',#5212,0.002);
#155=CIRCLE('',#5213,0.002);
#156=CIRCLE('',#5215,0.002);
#157=CIRCLE('',#5216,0.002);
#158=CIRCLE('',#5222,0.005);
#159=CIRCLE('',#5223,0.005);
#160=CIRCLE('',#5225,0.002);
#161=CIRCLE('',#5226,0.005);
#162=CIRCLE('',#5227,0.005);
#163=CIRCLE('',#5229,0.005);
#164=CIRCLE('',#5230,0.002);
#165=CIRCLE('',#5231,0.005);
#166=CIRCLE('',#5233,0.005);
#167=CIRCLE('',#5235,0.005);
#168=CIRCLE('',#5237,0.002);
#169=CIRCLE('',#5238,0.005);
#170=CIRCLE('',#5239,0.005);
#171=CIRCLE('',#5241,0.005);
#172=CIRCLE('',#5242,0.002);
#173=CIRCLE('',#5243,0.005);
#174=CIRCLE('',#5246,0.0045);
#175=CIRCLE('',#5247,0.0045);
#176=CIRCLE('',#5248,0.00275);
#177=CIRCLE('',#5249,0.00275);
#178=CIRCLE('',#5250,0.0145);
#179=CIRCLE('',#5252,0.0145);
#180=CIRCLE('',#5254,0.00275);
#181=CIRCLE('',#5255,0.00275);
#182=CIRCLE('',#5257,0.00275);
#183=CIRCLE('',#5258,0.00275);
#184=CIRCLE('',#5260,0.002);
#185=CIRCLE('',#5261,0.002);
#186=CIRCLE('',#5263,0.0022);
#187=CIRCLE('',#5264,0.00225);
#188=CIRCLE('',#5266,0.0022);
#189=CIRCLE('',#5267,0.00225);
#190=CIRCLE('',#5269,0.0022);
#191=CIRCLE('',#5270,0.00225);
#192=CIRCLE('',#5275,0.001);
#193=CIRCLE('',#5276,0.001);
#194=CIRCLE('',#5286,0.00108000000000011);
#195=CIRCLE('',#5287,0.00107999999999998);
#196=CIRCLE('',#5288,0.0010799999999999);
#197=CIRCLE('',#5289,0.00108000000000011);
#198=CIRCLE('',#5292,0.00108000000000011);
#199=CIRCLE('',#5293,0.00107999999999998);
#200=CIRCLE('',#5296,0.0010799999999999);
#201=CIRCLE('',#5297,0.00107999999999998);
#202=CIRCLE('',#5298,0.00108000000000011);
#203=CIRCLE('',#5299,0.00108000000000011);
#204=CIRCLE('',#5301,0.002);
#205=CIRCLE('',#5302,0.002);
#206=CIRCLE('',#5303,0.002);
#207=CIRCLE('',#5304,0.002);
#208=CIRCLE('',#5305,0.005);
#209=CIRCLE('',#5306,0.005);
#210=CIRCLE('',#5307,0.005);
#211=CIRCLE('',#5308,0.005);
#212=CIRCLE('',#5327,0.0145);
#213=CIRCLE('',#5329,0.003);
#214=CIRCLE('',#5330,0.003);
#215=CIRCLE('',#5332,0.003);
#216=CIRCLE('',#5333,0.003);
#217=CIRCLE('',#5335,0.003);
#218=CIRCLE('',#5336,0.003);
#219=CIRCLE('',#5338,0.00275);
#220=CIRCLE('',#5340,0.00275);
#221=CIRCLE('',#5342,0.00275);
#222=CIRCLE('',#5344,0.0022);
#223=CIRCLE('',#5346,0.0022);
#224=CIRCLE('',#5348,0.0022);
#225=CIRCLE('',#5351,0.00275);
#226=CIRCLE('',#5352,0.00275);
#227=CIRCLE('',#5353,0.00275);
#228=CIRCLE('',#5354,0.0195);
#229=CIRCLE('',#5355,0.0195);
#230=CIRCLE('',#5371,0.001);
#231=CIRCLE('',#5372,0.001);
#232=CIRCLE('',#5376,0.00225);
#233=CIRCLE('',#5378,0.00275);
#234=CIRCLE('',#5381,0.00225);
#235=CIRCLE('',#5383,0.00275);
#236=CIRCLE('',#5386,0.00225);
#237=CIRCLE('',#5388,0.00275);
#238=CIRCLE('',#5391,0.0037);
#239=CIRCLE('',#5393,0.0037);
#240=CIRCLE('',#5395,0.0037);
#241=CIRCLE('',#5398,0.0045);
#242=CIRCLE('',#5405,0.00370809803768067);
#243=CIRCLE('',#5426,0.00370187262789878);
#244=CIRCLE('',#5431,0.0145);
#245=CIRCLE('',#5433,0.002);
#246=CIRCLE('',#5434,0.002);
#247=CIRCLE('',#5435,0.002);
#248=CIRCLE('',#5436,0.002);
#249=CIRCLE('',#5482,0.00224551892334225);
#250=CIRCLE('',#5483,0.00224551892334225);
#251=CIRCLE('',#5486,0.00216234342181473);
#252=CIRCLE('',#5487,0.00216234342181473);
#253=CIRCLE('',#5489,0.00214211686916433);
#254=CIRCLE('',#5490,0.00214211686916433);
#255=CIRCLE('',#5493,0.0022244942794192);
#256=CIRCLE('',#5494,0.0022244942794192);
#257=CIRCLE('',#5497,0.00113772558784399);
#258=CIRCLE('',#5528,0.00224551892334419);
#259=CIRCLE('',#5529,0.00224551892334419);
#260=CIRCLE('',#5532,0.00216234342181669);
#261=CIRCLE('',#5533,0.00216234342181669);
#262=CIRCLE('',#5535,0.00214211686914403);
#263=CIRCLE('',#5536,0.00214211686914403);
#264=CIRCLE('',#5539,0.00222449427940617);
#265=CIRCLE('',#5540,0.00222449427940617);
#266=CIRCLE('',#5543,0.00113772558782093);
#267=B_SPLINE_CURVE_WITH_KNOTS('',2,(#6792,#6793,#6794),.UNSPECIFIED.,.F.,
 .F.,(3,3),(0.,1.),.PIECEWISE_BEZIER_KNOTS.);
#268=B_SPLINE_CURVE_WITH_KNOTS('',2,(#6797,#6798,#6799),.UNSPECIFIED.,.F.,
 .F.,(3,3),(0.,1.),.PIECEWISE_BEZIER_KNOTS.);
#269=B_SPLINE_CURVE_WITH_KNOTS('',2,(#6801,#6802,#6803),.UNSPECIFIED.,.F.,
 .F.,(3,3),(0.,1.),.PIECEWISE_BEZIER_KNOTS.);
#270=B_SPLINE_CURVE_WITH_KNOTS('',2,(#6805,#6806,#6807),.UNSPECIFIED.,.F.,
 .F.,(3,3),(0.,1.),.PIECEWISE_BEZIER_KNOTS.);
#271=B_SPLINE_CURVE_WITH_KNOTS('',2,(#6811,#6812,#6813),.UNSPECIFIED.,.F.,
 .F.,(3,3),(0.,1.),.PIECEWISE_BEZIER_KNOTS.);
#272=B_SPLINE_CURVE_WITH_KNOTS('',2,(#6815,#6816,#6817),.UNSPECIFIED.,.F.,
 .F.,(3,3),(0.,1.),.PIECEWISE_BEZIER_KNOTS.);
#273=B_SPLINE_CURVE_WITH_KNOTS('',2,(#6819,#6820,#6821),.UNSPECIFIED.,.F.,
 .F.,(3,3),(0.,1.),.PIECEWISE_BEZIER_KNOTS.);
#274=B_SPLINE_CURVE_WITH_KNOTS('',2,(#6823,#6824,#6825),.UNSPECIFIED.,.F.,
 .F.,(3,3),(0.,1.),.PIECEWISE_BEZIER_KNOTS.);
#275=B_SPLINE_CURVE_WITH_KNOTS('',2,(#6829,#6830,#6831),.UNSPECIFIED.,.F.,
 .F.,(3,3),(0.,1.),.PIECEWISE_BEZIER_KNOTS.);
#276=B_SPLINE_CURVE_WITH_KNOTS('',2,(#6835,#6836,#6837),.UNSPECIFIED.,.F.,
 .F.,(3,3),(0.,1.),.PIECEWISE_BEZIER_KNOTS.);
#277=B_SPLINE_CURVE_WITH_KNOTS('',2,(#6839,#6840,#6841),.UNSPECIFIED.,.F.,
 .F.,(3,3),(0.,1.),.PIECEWISE_BEZIER_KNOTS.);
#278=B_SPLINE_CURVE_WITH_KNOTS('',3,(#6917,#6918,#6919,#6920,#6921,#6922,
#6923,#6924,#6925,#6926),.UNSPECIFIED.,.F.,.F.,(4,1,1,1,1,1,1,4),(0.,0.0918211755255344,
0.199100010286223,0.47146947176883,0.707750868905295,0.860742769600118,
0.90996826156288,1.),.UNSPECIFIED.);
#279=B_SPLINE_CURVE_WITH_KNOTS('',2,(#6951,#6952,#6953),.UNSPECIFIED.,.F.,
 .F.,(3,3),(0.,1.),.PIECEWISE_BEZIER_KNOTS.);
#280=B_SPLINE_CURVE_WITH_KNOTS('',2,(#6956,#6957,#6958),.UNSPECIFIED.,.F.,
 .F.,(3,3),(0.,1.),.PIECEWISE_BEZIER_KNOTS.);
#281=B_SPLINE_CURVE_WITH_KNOTS('',2,(#6960,#6961,#6962),.UNSPECIFIED.,.F.,
 .F.,(3,3),(0.,1.),.PIECEWISE_BEZIER_KNOTS.);
#282=B_SPLINE_CURVE_WITH_KNOTS('',2,(#6964,#6965,#6966),.UNSPECIFIED.,.F.,
 .F.,(3,3),(0.,1.),.PIECEWISE_BEZIER_KNOTS.);
#283=B_SPLINE_CURVE_WITH_KNOTS('',2,(#6970,#6971,#6972),.UNSPECIFIED.,.F.,
 .F.,(3,3),(0.,1.),.PIECEWISE_BEZIER_KNOTS.);
#284=B_SPLINE_CURVE_WITH_KNOTS('',2,(#6974,#6975,#6976),.UNSPECIFIED.,.F.,
 .F.,(3,3),(0.,1.),.PIECEWISE_BEZIER_KNOTS.);
#285=B_SPLINE_CURVE_WITH_KNOTS('',2,(#6978,#6979,#6980),.UNSPECIFIED.,.F.,
 .F.,(3,3),(0.,1.),.PIECEWISE_BEZIER_KNOTS.);
#286=B_SPLINE_CURVE_WITH_KNOTS('',2,(#6982,#6983,#6984),.UNSPECIFIED.,.F.,
 .F.,(3,3),(0.,1.),.PIECEWISE_BEZIER_KNOTS.);
#287=B_SPLINE_CURVE_WITH_KNOTS('',2,(#6988,#6989,#6990),.UNSPECIFIED.,.F.,
 .F.,(3,3),(0.,1.),.PIECEWISE_BEZIER_KNOTS.);
#288=B_SPLINE_CURVE_WITH_KNOTS('',2,(#6994,#6995,#6996),.UNSPECIFIED.,.F.,
 .F.,(3,3),(0.,1.),.PIECEWISE_BEZIER_KNOTS.);
#289=B_SPLINE_CURVE_WITH_KNOTS('',2,(#6998,#6999,#7000),.UNSPECIFIED.,.F.,
 .F.,(3,3),(0.,1.),.PIECEWISE_BEZIER_KNOTS.);
#290=B_SPLINE_CURVE_WITH_KNOTS('',3,(#7059,#7060,#7061,#7062,#7063),
 .UNSPECIFIED.,.F.,.F.,(4,1,4),(0.,0.00157901940084517,0.00315803880169034),
 .UNSPECIFIED.);
#291=B_SPLINE_CURVE_WITH_KNOTS('',3,(#7071,#7072,#7073,#7074,#7075),
 .UNSPECIFIED.,.F.,.F.,(4,1,4),(0.,0.00157890433747013,0.00315780867494026),
 .UNSPECIFIED.);
#292=B_SPLINE_CURVE_WITH_KNOTS('',3,(#7089,#7090,#7091,#7092,#7093),
 .UNSPECIFIED.,.F.,.F.,(4,1,4),(0.,0.00157901940084516,0.00315803880169032),
 .UNSPECIFIED.);
#293=B_SPLINE_CURVE_WITH_KNOTS('',3,(#7098,#7099,#7100,#7101,#7102),
 .UNSPECIFIED.,.F.,.F.,(4,1,4),(0.,0.00157890433747012,0.00315780867494024),
 .UNSPECIFIED.);
#294=B_SPLINE_CURVE_WITH_KNOTS('',3,(#7107,#7108,#7109,#7110,#7111),
 .UNSPECIFIED.,.F.,.F.,(4,1,4),(0.,0.00157890433747012,0.00315780867494024),
 .UNSPECIFIED.);
#295=B_SPLINE_CURVE_WITH_KNOTS('',3,(#7112,#7113,#7114,#7115,#7116),
 .UNSPECIFIED.,.F.,.F.,(4,1,4),(0.,0.00157901940084516,0.00315803880169032),
 .UNSPECIFIED.);
#296=B_SPLINE_CURVE_WITH_KNOTS('',3,(#7131,#7132,#7133,#7134,#7135),
 .UNSPECIFIED.,.F.,.F.,(4,1,4),(0.,0.00157901940084517,0.00315803880169034),
 .UNSPECIFIED.);
#297=B_SPLINE_CURVE_WITH_KNOTS('',3,(#7137,#7138,#7139,#7140,#7141),
 .UNSPECIFIED.,.F.,.F.,(4,1,4),(0.,0.00157890433747013,0.00315780867494026),
 .UNSPECIFIED.);
#298=B_SPLINE_CURVE_WITH_KNOTS('',3,(#7172,#7173,#7174,#7175,#7176,#7177,
#7178,#7179,#7180,#7181),.UNSPECIFIED.,.F.,.F.,(4,1,1,1,1,1,1,4),(0.,0.0918211755255344,
0.199100010286223,0.47146947176883,0.707750868905295,0.860742769600118,
0.90996826156288,1.),.UNSPECIFIED.);
#299=B_SPLINE_CURVE_WITH_KNOTS('',3,(#7315,#7316,#7317,#7318,#7319,#7320,
#7321),.UNSPECIFIED.,.F.,.F.,(4,1,1,1,4),(0.,0.00522418833988971,0.0104483766797794,
0.0156725650196691,0.0208967533595588),.UNSPECIFIED.);
#300=B_SPLINE_CURVE_WITH_KNOTS('',3,(#7355,#7356,#7357,#7358,#7359,#7360,
#7361),.UNSPECIFIED.,.F.,.F.,(4,1,1,1,4),(0.,0.00440241263075735,0.0088048252615147,
0.0132072378922721,0.0176096505230294),.UNSPECIFIED.);
#301=B_SPLINE_CURVE_WITH_KNOTS('',2,(#7885,#7886,#7887),.UNSPECIFIED.,.F.,
 .F.,(3,3),(0.,1.),.PIECEWISE_BEZIER_KNOTS.);
#302=B_SPLINE_CURVE_WITH_KNOTS('',2,(#7892,#7893,#7894),.UNSPECIFIED.,.F.,
 .F.,(3,3),(0.,1.),.PIECEWISE_BEZIER_KNOTS.);
#303=B_SPLINE_CURVE_WITH_KNOTS('',2,(#7905,#7906,#7907),.UNSPECIFIED.,.F.,
 .F.,(3,3),(0.,1.),.PIECEWISE_BEZIER_KNOTS.);
#304=B_SPLINE_CURVE_WITH_KNOTS('',2,(#7911,#7912,#7913),.UNSPECIFIED.,.F.,
 .F.,(3,3),(0.,1.),.PIECEWISE_BEZIER_KNOTS.);
#305=B_SPLINE_CURVE_WITH_KNOTS('',2,(#7922,#7923,#7924),.UNSPECIFIED.,.F.,
 .F.,(3,3),(0.,1.),.PIECEWISE_BEZIER_KNOTS.);
#306=B_SPLINE_CURVE_WITH_KNOTS('',2,(#7928,#7929,#7930),.UNSPECIFIED.,.F.,
 .F.,(3,3),(0.,1.),.PIECEWISE_BEZIER_KNOTS.);
#307=B_SPLINE_CURVE_WITH_KNOTS('',2,(#7957,#7958,#7959),.UNSPECIFIED.,.F.,
 .F.,(3,3),(0.,1.),.PIECEWISE_BEZIER_KNOTS.);
#308=B_SPLINE_CURVE_WITH_KNOTS('',2,(#7963,#7964,#7965),.UNSPECIFIED.,.F.,
 .F.,(3,3),(0.,1.),.PIECEWISE_BEZIER_KNOTS.);
#309=B_SPLINE_CURVE_WITH_KNOTS('',2,(#7974,#7975,#7976),.UNSPECIFIED.,.F.,
 .F.,(3,3),(0.,1.),.PIECEWISE_BEZIER_KNOTS.);
#310=B_SPLINE_CURVE_WITH_KNOTS('',2,(#7980,#7981,#7982),.UNSPECIFIED.,.F.,
 .F.,(3,3),(0.,1.),.PIECEWISE_BEZIER_KNOTS.);
#311=B_SPLINE_CURVE_WITH_KNOTS('',2,(#7991,#7992,#7993),.UNSPECIFIED.,.F.,
 .F.,(3,3),(0.,1.),.PIECEWISE_BEZIER_KNOTS.);
#312=B_SPLINE_CURVE_WITH_KNOTS('',2,(#7997,#7998,#7999),.UNSPECIFIED.,.F.,
 .F.,(3,3),(0.,1.),.PIECEWISE_BEZIER_KNOTS.);
#313=B_SPLINE_CURVE_WITH_KNOTS('',2,(#8008,#8009,#8010),.UNSPECIFIED.,.F.,
 .F.,(3,3),(0.,1.),.PIECEWISE_BEZIER_KNOTS.);
#314=B_SPLINE_CURVE_WITH_KNOTS('',2,(#8014,#8015,#8016),.UNSPECIFIED.,.F.,
 .F.,(3,3),(0.,1.),.PIECEWISE_BEZIER_KNOTS.);
#315=B_SPLINE_CURVE_WITH_KNOTS('',2,(#8045,#8046,#8047),.UNSPECIFIED.,.F.,
 .F.,(3,3),(0.,1.),.PIECEWISE_BEZIER_KNOTS.);
#316=B_SPLINE_CURVE_WITH_KNOTS('',2,(#8060,#8061,#8062),.UNSPECIFIED.,.F.,
 .F.,(3,3),(0.,1.),.PIECEWISE_BEZIER_KNOTS.);
#317=B_SPLINE_CURVE_WITH_KNOTS('',2,(#8073,#8074,#8075),.UNSPECIFIED.,.F.,
 .F.,(3,3),(0.,1.),.PIECEWISE_BEZIER_KNOTS.);
#318=B_SPLINE_CURVE_WITH_KNOTS('',2,(#8086,#8087,#8088),.UNSPECIFIED.,.F.,
 .F.,(3,3),(0.,1.),.PIECEWISE_BEZIER_KNOTS.);
#319=B_SPLINE_CURVE_WITH_KNOTS('',2,(#8103,#8104,#8105),.UNSPECIFIED.,.F.,
 .F.,(3,3),(0.,1.),.PIECEWISE_BEZIER_KNOTS.);
#320=B_SPLINE_CURVE_WITH_KNOTS('',2,(#8120,#8121,#8122),.UNSPECIFIED.,.F.,
 .F.,(3,3),(0.,1.),.PIECEWISE_BEZIER_KNOTS.);
#321=B_SPLINE_CURVE_WITH_KNOTS('',2,(#8133,#8134,#8135),.UNSPECIFIED.,.F.,
 .F.,(3,3),(0.,1.),.PIECEWISE_BEZIER_KNOTS.);
#322=B_SPLINE_CURVE_WITH_KNOTS('',2,(#8146,#8147,#8148),.UNSPECIFIED.,.F.,
 .F.,(3,3),(0.,1.),.PIECEWISE_BEZIER_KNOTS.);
#323=B_SPLINE_CURVE_WITH_KNOTS('',2,(#8159,#8160,#8161),.UNSPECIFIED.,.F.,
 .F.,(3,3),(0.,1.),.PIECEWISE_BEZIER_KNOTS.);
#324=B_SPLINE_CURVE_WITH_KNOTS('',2,(#8176,#8177,#8178),.UNSPECIFIED.,.F.,
 .F.,(3,3),(0.,1.),.PIECEWISE_BEZIER_KNOTS.);
#325=B_SPLINE_CURVE_WITH_KNOTS('',2,(#8187,#8188,#8189),.UNSPECIFIED.,.F.,
 .F.,(3,3),(0.,1.),.PIECEWISE_BEZIER_KNOTS.);
#326=B_SPLINE_CURVE_WITH_KNOTS('',2,(#8198,#8199,#8200),.UNSPECIFIED.,.F.,
 .F.,(3,3),(0.,1.),.PIECEWISE_BEZIER_KNOTS.);
#327=B_SPLINE_CURVE_WITH_KNOTS('',2,(#8201,#8202,#8203),.UNSPECIFIED.,.F.,
 .F.,(3,3),(0.,1.),.PIECEWISE_BEZIER_KNOTS.);
#328=B_SPLINE_CURVE_WITH_KNOTS('',2,(#8312,#8313,#8314),.UNSPECIFIED.,.F.,
 .F.,(3,3),(0.,1.),.PIECEWISE_BEZIER_KNOTS.);
#329=B_SPLINE_CURVE_WITH_KNOTS('',2,(#8319,#8320,#8321),.UNSPECIFIED.,.F.,
 .F.,(3,3),(0.,1.),.PIECEWISE_BEZIER_KNOTS.);
#330=B_SPLINE_CURVE_WITH_KNOTS('',2,(#8332,#8333,#8334),.UNSPECIFIED.,.F.,
 .F.,(3,3),(0.,1.),.PIECEWISE_BEZIER_KNOTS.);
#331=B_SPLINE_CURVE_WITH_KNOTS('',2,(#8338,#8339,#8340),.UNSPECIFIED.,.F.,
 .F.,(3,3),(0.,1.),.PIECEWISE_BEZIER_KNOTS.);
#332=B_SPLINE_CURVE_WITH_KNOTS('',2,(#8349,#8350,#8351),.UNSPECIFIED.,.F.,
 .F.,(3,3),(0.,1.),.PIECEWISE_BEZIER_KNOTS.);
#333=B_SPLINE_CURVE_WITH_KNOTS('',2,(#8355,#8356,#8357),.UNSPECIFIED.,.F.,
 .F.,(3,3),(0.,1.),.PIECEWISE_BEZIER_KNOTS.);
#334=B_SPLINE_CURVE_WITH_KNOTS('',2,(#8384,#8385,#8386),.UNSPECIFIED.,.F.,
 .F.,(3,3),(0.,1.),.PIECEWISE_BEZIER_KNOTS.);
#335=B_SPLINE_CURVE_WITH_KNOTS('',2,(#8390,#8391,#8392),.UNSPECIFIED.,.F.,
 .F.,(3,3),(0.,1.),.PIECEWISE_BEZIER_KNOTS.);
#336=B_SPLINE_CURVE_WITH_KNOTS('',2,(#8401,#8402,#8403),.UNSPECIFIED.,.F.,
 .F.,(3,3),(0.,1.),.PIECEWISE_BEZIER_KNOTS.);
#337=B_SPLINE_CURVE_WITH_KNOTS('',2,(#8407,#8408,#8409),.UNSPECIFIED.,.F.,
 .F.,(3,3),(0.,1.),.PIECEWISE_BEZIER_KNOTS.);
#338=B_SPLINE_CURVE_WITH_KNOTS('',2,(#8418,#8419,#8420),.UNSPECIFIED.,.F.,
 .F.,(3,3),(0.,1.),.PIECEWISE_BEZIER_KNOTS.);
#339=B_SPLINE_CURVE_WITH_KNOTS('',2,(#8424,#8425,#8426),.UNSPECIFIED.,.F.,
 .F.,(3,3),(0.,1.),.PIECEWISE_BEZIER_KNOTS.);
#340=B_SPLINE_CURVE_WITH_KNOTS('',2,(#8435,#8436,#8437),.UNSPECIFIED.,.F.,
 .F.,(3,3),(0.,1.),.PIECEWISE_BEZIER_KNOTS.);
#341=B_SPLINE_CURVE_WITH_KNOTS('',2,(#8441,#8442,#8443),.UNSPECIFIED.,.F.,
 .F.,(3,3),(0.,1.),.PIECEWISE_BEZIER_KNOTS.);
#342=B_SPLINE_CURVE_WITH_KNOTS('',2,(#8472,#8473,#8474),.UNSPECIFIED.,.F.,
 .F.,(3,3),(0.,1.),.PIECEWISE_BEZIER_KNOTS.);
#343=B_SPLINE_CURVE_WITH_KNOTS('',2,(#8487,#8488,#8489),.UNSPECIFIED.,.F.,
 .F.,(3,3),(0.,1.),.PIECEWISE_BEZIER_KNOTS.);
#344=B_SPLINE_CURVE_WITH_KNOTS('',2,(#8500,#8501,#8502),.UNSPECIFIED.,.F.,
 .F.,(3,3),(0.,1.),.PIECEWISE_BEZIER_KNOTS.);
#345=B_SPLINE_CURVE_WITH_KNOTS('',2,(#8513,#8514,#8515),.UNSPECIFIED.,.F.,
 .F.,(3,3),(0.,1.),.PIECEWISE_BEZIER_KNOTS.);
#346=B_SPLINE_CURVE_WITH_KNOTS('',2,(#8530,#8531,#8532),.UNSPECIFIED.,.F.,
 .F.,(3,3),(0.,1.),.PIECEWISE_BEZIER_KNOTS.);
#347=B_SPLINE_CURVE_WITH_KNOTS('',2,(#8547,#8548,#8549),.UNSPECIFIED.,.F.,
 .F.,(3,3),(0.,1.),.PIECEWISE_BEZIER_KNOTS.);
#348=B_SPLINE_CURVE_WITH_KNOTS('',2,(#8560,#8561,#8562),.UNSPECIFIED.,.F.,
 .F.,(3,3),(0.,1.),.PIECEWISE_BEZIER_KNOTS.);
#349=B_SPLINE_CURVE_WITH_KNOTS('',2,(#8573,#8574,#8575),.UNSPECIFIED.,.F.,
 .F.,(3,3),(0.,1.),.PIECEWISE_BEZIER_KNOTS.);
#350=B_SPLINE_CURVE_WITH_KNOTS('',2,(#8586,#8587,#8588),.UNSPECIFIED.,.F.,
 .F.,(3,3),(0.,1.),.PIECEWISE_BEZIER_KNOTS.);
#351=B_SPLINE_CURVE_WITH_KNOTS('',2,(#8603,#8604,#8605),.UNSPECIFIED.,.F.,
 .F.,(3,3),(0.,1.),.PIECEWISE_BEZIER_KNOTS.);
#352=B_SPLINE_CURVE_WITH_KNOTS('',2,(#8614,#8615,#8616),.UNSPECIFIED.,.F.,
 .F.,(3,3),(0.,1.),.PIECEWISE_BEZIER_KNOTS.);
#353=B_SPLINE_CURVE_WITH_KNOTS('',2,(#8625,#8626,#8627),.UNSPECIFIED.,.F.,
 .F.,(3,3),(0.,1.),.PIECEWISE_BEZIER_KNOTS.);
#354=B_SPLINE_CURVE_WITH_KNOTS('',2,(#8628,#8629,#8630),.UNSPECIFIED.,.F.,
 .F.,(3,3),(0.,1.),.PIECEWISE_BEZIER_KNOTS.);
#355=ORIENTED_EDGE('',*,*,#1721,.T.);
#356=ORIENTED_EDGE('',*,*,#1722,.T.);
#357=ORIENTED_EDGE('',*,*,#1723,.T.);
#358=ORIENTED_EDGE('',*,*,#1724,.T.);
#359=ORIENTED_EDGE('',*,*,#1725,.T.);
#360=ORIENTED_EDGE('',*,*,#1726,.T.);
#361=ORIENTED_EDGE('',*,*,#1727,.T.);
#362=ORIENTED_EDGE('',*,*,#1728,.T.);
#363=ORIENTED_EDGE('',*,*,#1729,.T.);
#364=ORIENTED_EDGE('',*,*,#1730,.T.);
#365=ORIENTED_EDGE('',*,*,#1731,.T.);
#366=ORIENTED_EDGE('',*,*,#1732,.T.);
#367=ORIENTED_EDGE('',*,*,#1733,.T.);
#368=ORIENTED_EDGE('',*,*,#1734,.T.);
#369=ORIENTED_EDGE('',*,*,#1735,.T.);
#370=ORIENTED_EDGE('',*,*,#1736,.T.);
#371=ORIENTED_EDGE('',*,*,#1737,.T.);
#372=ORIENTED_EDGE('',*,*,#1738,.T.);
#373=ORIENTED_EDGE('',*,*,#1739,.T.);
#374=ORIENTED_EDGE('',*,*,#1740,.T.);
#375=ORIENTED_EDGE('',*,*,#1741,.T.);
#376=ORIENTED_EDGE('',*,*,#1742,.T.);
#377=ORIENTED_EDGE('',*,*,#1743,.T.);
#378=ORIENTED_EDGE('',*,*,#1744,.T.);
#379=ORIENTED_EDGE('',*,*,#1745,.T.);
#380=ORIENTED_EDGE('',*,*,#1746,.T.);
#381=ORIENTED_EDGE('',*,*,#1747,.T.);
#382=ORIENTED_EDGE('',*,*,#1748,.T.);
#383=ORIENTED_EDGE('',*,*,#1749,.T.);
#384=ORIENTED_EDGE('',*,*,#1750,.T.);
#385=ORIENTED_EDGE('',*,*,#1751,.T.);
#386=ORIENTED_EDGE('',*,*,#1752,.T.);
#387=ORIENTED_EDGE('',*,*,#1753,.T.);
#388=ORIENTED_EDGE('',*,*,#1754,.T.);
#389=ORIENTED_EDGE('',*,*,#1755,.T.);
#390=ORIENTED_EDGE('',*,*,#1756,.T.);
#391=ORIENTED_EDGE('',*,*,#1757,.T.);
#392=ORIENTED_EDGE('',*,*,#1758,.T.);
#393=ORIENTED_EDGE('',*,*,#1759,.F.);
#394=ORIENTED_EDGE('',*,*,#1760,.F.);
#395=ORIENTED_EDGE('',*,*,#1761,.F.);
#396=ORIENTED_EDGE('',*,*,#1762,.F.);
#397=ORIENTED_EDGE('',*,*,#1763,.T.);
#398=ORIENTED_EDGE('',*,*,#1764,.T.);
#399=ORIENTED_EDGE('',*,*,#1765,.T.);
#400=ORIENTED_EDGE('',*,*,#1766,.T.);
#401=ORIENTED_EDGE('',*,*,#1767,.F.);
#402=ORIENTED_EDGE('',*,*,#1768,.F.);
#403=ORIENTED_EDGE('',*,*,#1769,.F.);
#404=ORIENTED_EDGE('',*,*,#1770,.F.);
#405=ORIENTED_EDGE('',*,*,#1771,.T.);
#406=ORIENTED_EDGE('',*,*,#1772,.F.);
#407=ORIENTED_EDGE('',*,*,#1773,.T.);
#408=ORIENTED_EDGE('',*,*,#1774,.T.);
#409=ORIENTED_EDGE('',*,*,#1775,.F.);
#410=ORIENTED_EDGE('',*,*,#1776,.F.);
#411=ORIENTED_EDGE('',*,*,#1777,.F.);
#412=ORIENTED_EDGE('',*,*,#1778,.T.);
#413=ORIENTED_EDGE('',*,*,#1779,.F.);
#414=ORIENTED_EDGE('',*,*,#1780,.F.);
#415=ORIENTED_EDGE('',*,*,#1781,.F.);
#416=ORIENTED_EDGE('',*,*,#1782,.F.);
#417=ORIENTED_EDGE('',*,*,#1783,.F.);
#418=ORIENTED_EDGE('',*,*,#1784,.F.);
#419=ORIENTED_EDGE('',*,*,#1785,.T.);
#420=ORIENTED_EDGE('',*,*,#1786,.T.);
#421=ORIENTED_EDGE('',*,*,#1787,.T.);
#422=ORIENTED_EDGE('',*,*,#1788,.T.);
#423=ORIENTED_EDGE('',*,*,#1789,.F.);
#424=ORIENTED_EDGE('',*,*,#1790,.T.);
#425=ORIENTED_EDGE('',*,*,#1791,.T.);
#426=ORIENTED_EDGE('',*,*,#1792,.T.);
#427=ORIENTED_EDGE('',*,*,#1793,.T.);
#428=ORIENTED_EDGE('',*,*,#1794,.F.);
#429=ORIENTED_EDGE('',*,*,#1795,.T.);
#430=ORIENTED_EDGE('',*,*,#1796,.T.);
#431=ORIENTED_EDGE('',*,*,#1797,.T.);
#432=ORIENTED_EDGE('',*,*,#1798,.T.);
#433=ORIENTED_EDGE('',*,*,#1799,.T.);
#434=ORIENTED_EDGE('',*,*,#1800,.T.);
#435=ORIENTED_EDGE('',*,*,#1801,.T.);
#436=ORIENTED_EDGE('',*,*,#1802,.T.);
#437=ORIENTED_EDGE('',*,*,#1803,.T.);
#438=ORIENTED_EDGE('',*,*,#1804,.T.);
#439=ORIENTED_EDGE('',*,*,#1805,.T.);
#440=ORIENTED_EDGE('',*,*,#1806,.T.);
#441=ORIENTED_EDGE('',*,*,#1807,.T.);
#442=ORIENTED_EDGE('',*,*,#1808,.T.);
#443=ORIENTED_EDGE('',*,*,#1809,.T.);
#444=ORIENTED_EDGE('',*,*,#1810,.T.);
#445=ORIENTED_EDGE('',*,*,#1811,.T.);
#446=ORIENTED_EDGE('',*,*,#1812,.T.);
#447=ORIENTED_EDGE('',*,*,#1813,.T.);
#448=ORIENTED_EDGE('',*,*,#1814,.T.);
#449=ORIENTED_EDGE('',*,*,#1815,.T.);
#450=ORIENTED_EDGE('',*,*,#1816,.T.);
#451=ORIENTED_EDGE('',*,*,#1817,.T.);
#452=ORIENTED_EDGE('',*,*,#1818,.T.);
#453=ORIENTED_EDGE('',*,*,#1819,.T.);
#454=ORIENTED_EDGE('',*,*,#1820,.T.);
#455=ORIENTED_EDGE('',*,*,#1821,.T.);
#456=ORIENTED_EDGE('',*,*,#1822,.T.);
#457=ORIENTED_EDGE('',*,*,#1823,.T.);
#458=ORIENTED_EDGE('',*,*,#1824,.T.);
#459=ORIENTED_EDGE('',*,*,#1825,.T.);
#460=ORIENTED_EDGE('',*,*,#1826,.T.);
#461=ORIENTED_EDGE('',*,*,#1827,.F.);
#462=ORIENTED_EDGE('',*,*,#1828,.T.);
#463=ORIENTED_EDGE('',*,*,#1829,.T.);
#464=ORIENTED_EDGE('',*,*,#1830,.T.);
#465=ORIENTED_EDGE('',*,*,#1831,.F.);
#466=ORIENTED_EDGE('',*,*,#1832,.T.);
#467=ORIENTED_EDGE('',*,*,#1833,.T.);
#468=ORIENTED_EDGE('',*,*,#1834,.T.);
#469=ORIENTED_EDGE('',*,*,#1825,.F.);
#470=ORIENTED_EDGE('',*,*,#1835,.T.);
#471=ORIENTED_EDGE('',*,*,#1836,.T.);
#472=ORIENTED_EDGE('',*,*,#1837,.T.);
#473=ORIENTED_EDGE('',*,*,#1838,.F.);
#474=ORIENTED_EDGE('',*,*,#1827,.T.);
#475=ORIENTED_EDGE('',*,*,#1839,.F.);
#476=ORIENTED_EDGE('',*,*,#1840,.F.);
#477=ORIENTED_EDGE('',*,*,#1841,.F.);
#478=ORIENTED_EDGE('',*,*,#1831,.T.);
#479=ORIENTED_EDGE('',*,*,#1842,.F.);
#480=ORIENTED_EDGE('',*,*,#1843,.F.);
#481=ORIENTED_EDGE('',*,*,#1844,.T.);
#482=ORIENTED_EDGE('',*,*,#1845,.T.);
#483=ORIENTED_EDGE('',*,*,#1846,.F.);
#484=ORIENTED_EDGE('',*,*,#1847,.T.);
#485=ORIENTED_EDGE('',*,*,#1848,.F.);
#486=ORIENTED_EDGE('',*,*,#1849,.T.);
#487=ORIENTED_EDGE('',*,*,#1850,.F.);
#488=ORIENTED_EDGE('',*,*,#1851,.F.);
#489=ORIENTED_EDGE('',*,*,#1852,.F.);
#490=ORIENTED_EDGE('',*,*,#1853,.T.);
#491=ORIENTED_EDGE('',*,*,#1850,.T.);
#492=ORIENTED_EDGE('',*,*,#1854,.T.);
#493=ORIENTED_EDGE('',*,*,#1855,.F.);
#494=ORIENTED_EDGE('',*,*,#1856,.F.);
#495=ORIENTED_EDGE('',*,*,#1857,.F.);
#496=ORIENTED_EDGE('',*,*,#1858,.T.);
#497=ORIENTED_EDGE('',*,*,#1852,.T.);
#498=ORIENTED_EDGE('',*,*,#1859,.F.);
#499=ORIENTED_EDGE('',*,*,#1833,.F.);
#500=ORIENTED_EDGE('',*,*,#1860,.T.);
#501=ORIENTED_EDGE('',*,*,#1861,.F.);
#502=ORIENTED_EDGE('',*,*,#1862,.F.);
#503=ORIENTED_EDGE('',*,*,#1855,.T.);
#504=ORIENTED_EDGE('',*,*,#1863,.T.);
#505=ORIENTED_EDGE('',*,*,#1864,.F.);
#506=ORIENTED_EDGE('',*,*,#1865,.T.);
#507=ORIENTED_EDGE('',*,*,#1823,.F.);
#508=ORIENTED_EDGE('',*,*,#1866,.T.);
#509=ORIENTED_EDGE('',*,*,#1857,.T.);
#510=ORIENTED_EDGE('',*,*,#1867,.F.);
#511=ORIENTED_EDGE('',*,*,#1861,.T.);
#512=ORIENTED_EDGE('',*,*,#1868,.T.);
#513=ORIENTED_EDGE('',*,*,#1869,.F.);
#514=ORIENTED_EDGE('',*,*,#1870,.T.);
#515=ORIENTED_EDGE('',*,*,#1871,.F.);
#516=ORIENTED_EDGE('',*,*,#1872,.T.);
#517=ORIENTED_EDGE('',*,*,#1864,.T.);
#518=ORIENTED_EDGE('',*,*,#1873,.T.);
#519=ORIENTED_EDGE('',*,*,#1829,.F.);
#520=ORIENTED_EDGE('',*,*,#1874,.T.);
#521=ORIENTED_EDGE('',*,*,#1871,.T.);
#522=ORIENTED_EDGE('',*,*,#1875,.F.);
#523=ORIENTED_EDGE('',*,*,#1869,.T.);
#524=ORIENTED_EDGE('',*,*,#1876,.T.);
#525=ORIENTED_EDGE('',*,*,#1877,.T.);
#526=ORIENTED_EDGE('',*,*,#1878,.T.);
#527=ORIENTED_EDGE('',*,*,#1879,.T.);
#528=ORIENTED_EDGE('',*,*,#1880,.T.);
#529=ORIENTED_EDGE('',*,*,#1881,.T.);
#530=ORIENTED_EDGE('',*,*,#1882,.T.);
#531=ORIENTED_EDGE('',*,*,#1883,.F.);
#532=ORIENTED_EDGE('',*,*,#1884,.F.);
#533=ORIENTED_EDGE('',*,*,#1885,.F.);
#534=ORIENTED_EDGE('',*,*,#1886,.T.);
#535=ORIENTED_EDGE('',*,*,#1887,.T.);
#536=ORIENTED_EDGE('',*,*,#1888,.T.);
#537=ORIENTED_EDGE('',*,*,#1889,.T.);
#538=ORIENTED_EDGE('',*,*,#1890,.T.);
#539=ORIENTED_EDGE('',*,*,#1891,.F.);
#540=ORIENTED_EDGE('',*,*,#1892,.T.);
#541=ORIENTED_EDGE('',*,*,#1893,.T.);
#542=ORIENTED_EDGE('',*,*,#1894,.F.);
#543=ORIENTED_EDGE('',*,*,#1895,.T.);
#544=ORIENTED_EDGE('',*,*,#1896,.T.);
#545=ORIENTED_EDGE('',*,*,#1782,.T.);
#546=ORIENTED_EDGE('',*,*,#1897,.F.);
#547=ORIENTED_EDGE('',*,*,#1898,.T.);
#548=ORIENTED_EDGE('',*,*,#1899,.T.);
#549=ORIENTED_EDGE('',*,*,#1784,.T.);
#550=ORIENTED_EDGE('',*,*,#1900,.F.);
#551=ORIENTED_EDGE('',*,*,#1901,.F.);
#552=ORIENTED_EDGE('',*,*,#1902,.T.);
#553=ORIENTED_EDGE('',*,*,#1903,.T.);
#554=ORIENTED_EDGE('',*,*,#1760,.T.);
#555=ORIENTED_EDGE('',*,*,#1904,.F.);
#556=ORIENTED_EDGE('',*,*,#1846,.T.);
#557=ORIENTED_EDGE('',*,*,#1905,.T.);
#558=ORIENTED_EDGE('',*,*,#1848,.T.);
#559=ORIENTED_EDGE('',*,*,#1906,.T.);
#560=ORIENTED_EDGE('',*,*,#1907,.T.);
#561=ORIENTED_EDGE('',*,*,#1908,.F.);
#562=ORIENTED_EDGE('',*,*,#1909,.T.);
#563=ORIENTED_EDGE('',*,*,#1910,.F.);
#564=ORIENTED_EDGE('',*,*,#1911,.T.);
#565=ORIENTED_EDGE('',*,*,#1912,.F.);
#566=ORIENTED_EDGE('',*,*,#1913,.F.);
#567=ORIENTED_EDGE('',*,*,#1914,.T.);
#568=ORIENTED_EDGE('',*,*,#1915,.F.);
#569=ORIENTED_EDGE('',*,*,#1916,.F.);
#570=ORIENTED_EDGE('',*,*,#1917,.F.);
#571=ORIENTED_EDGE('',*,*,#1918,.F.);
#572=ORIENTED_EDGE('',*,*,#1919,.T.);
#573=ORIENTED_EDGE('',*,*,#1920,.T.);
#574=ORIENTED_EDGE('',*,*,#1921,.F.);
#575=ORIENTED_EDGE('',*,*,#1922,.T.);
#576=ORIENTED_EDGE('',*,*,#1923,.T.);
#577=ORIENTED_EDGE('',*,*,#1924,.T.);
#578=ORIENTED_EDGE('',*,*,#1925,.F.);
#579=ORIENTED_EDGE('',*,*,#1926,.F.);
#580=ORIENTED_EDGE('',*,*,#1927,.T.);
#581=ORIENTED_EDGE('',*,*,#1928,.F.);
#582=ORIENTED_EDGE('',*,*,#1929,.F.);
#583=ORIENTED_EDGE('',*,*,#1916,.T.);
#584=ORIENTED_EDGE('',*,*,#1930,.T.);
#585=ORIENTED_EDGE('',*,*,#1918,.T.);
#586=ORIENTED_EDGE('',*,*,#1931,.T.);
#587=ORIENTED_EDGE('',*,*,#1862,.T.);
#588=ORIENTED_EDGE('',*,*,#1932,.T.);
#589=ORIENTED_EDGE('',*,*,#1933,.T.);
#590=ORIENTED_EDGE('',*,*,#1934,.T.);
#591=ORIENTED_EDGE('',*,*,#1935,.T.);
#592=ORIENTED_EDGE('',*,*,#1936,.T.);
#593=ORIENTED_EDGE('',*,*,#1937,.T.);
#594=ORIENTED_EDGE('',*,*,#1938,.F.);
#595=ORIENTED_EDGE('',*,*,#1939,.T.);
#596=ORIENTED_EDGE('',*,*,#1940,.T.);
#597=ORIENTED_EDGE('',*,*,#1941,.T.);
#598=ORIENTED_EDGE('',*,*,#1942,.T.);
#599=ORIENTED_EDGE('',*,*,#1943,.T.);
#600=ORIENTED_EDGE('',*,*,#1875,.T.);
#601=ORIENTED_EDGE('',*,*,#1944,.T.);
#602=ORIENTED_EDGE('',*,*,#1945,.F.);
#603=ORIENTED_EDGE('',*,*,#1946,.T.);
#604=ORIENTED_EDGE('',*,*,#1947,.T.);
#605=ORIENTED_EDGE('',*,*,#1851,.T.);
#606=ORIENTED_EDGE('',*,*,#1948,.T.);
#607=ORIENTED_EDGE('',*,*,#1949,.T.);
#608=ORIENTED_EDGE('',*,*,#1950,.F.);
#609=ORIENTED_EDGE('',*,*,#1951,.T.);
#610=ORIENTED_EDGE('',*,*,#1952,.T.);
#611=ORIENTED_EDGE('',*,*,#1953,.F.);
#612=ORIENTED_EDGE('',*,*,#1954,.F.);
#613=ORIENTED_EDGE('',*,*,#1923,.F.);
#614=ORIENTED_EDGE('',*,*,#1955,.T.);
#615=ORIENTED_EDGE('',*,*,#1956,.T.);
#616=ORIENTED_EDGE('',*,*,#1957,.T.);
#617=ORIENTED_EDGE('',*,*,#1958,.T.);
#618=ORIENTED_EDGE('',*,*,#1959,.T.);
#619=ORIENTED_EDGE('',*,*,#1960,.F.);
#620=ORIENTED_EDGE('',*,*,#1961,.F.);
#621=ORIENTED_EDGE('',*,*,#1925,.T.);
#622=ORIENTED_EDGE('',*,*,#1962,.T.);
#623=ORIENTED_EDGE('',*,*,#1963,.T.);
#624=ORIENTED_EDGE('',*,*,#1964,.F.);
#625=ORIENTED_EDGE('',*,*,#1960,.T.);
#626=ORIENTED_EDGE('',*,*,#1965,.T.);
#627=ORIENTED_EDGE('',*,*,#1919,.F.);
#628=ORIENTED_EDGE('',*,*,#1930,.F.);
#629=ORIENTED_EDGE('',*,*,#1915,.T.);
#630=ORIENTED_EDGE('',*,*,#1966,.T.);
#631=ORIENTED_EDGE('',*,*,#1967,.T.);
#632=ORIENTED_EDGE('',*,*,#1968,.F.);
#633=ORIENTED_EDGE('',*,*,#1969,.F.);
#634=ORIENTED_EDGE('',*,*,#1970,.T.);
#635=ORIENTED_EDGE('',*,*,#1971,.F.);
#636=ORIENTED_EDGE('',*,*,#1972,.F.);
#637=ORIENTED_EDGE('',*,*,#1973,.T.);
#638=ORIENTED_EDGE('',*,*,#1974,.F.);
#639=ORIENTED_EDGE('',*,*,#1921,.T.);
#640=ORIENTED_EDGE('',*,*,#1975,.T.);
#641=ORIENTED_EDGE('',*,*,#1976,.T.);
#642=ORIENTED_EDGE('',*,*,#1940,.F.);
#643=ORIENTED_EDGE('',*,*,#1977,.T.);
#644=ORIENTED_EDGE('',*,*,#1978,.T.);
#645=ORIENTED_EDGE('',*,*,#1958,.F.);
#646=ORIENTED_EDGE('',*,*,#1979,.T.);
#647=ORIENTED_EDGE('',*,*,#1971,.T.);
#648=ORIENTED_EDGE('',*,*,#1980,.T.);
#649=ORIENTED_EDGE('',*,*,#1981,.F.);
#650=ORIENTED_EDGE('',*,*,#1982,.F.);
#651=ORIENTED_EDGE('',*,*,#1983,.T.);
#652=ORIENTED_EDGE('',*,*,#1984,.T.);
#653=ORIENTED_EDGE('',*,*,#1985,.T.);
#654=ORIENTED_EDGE('',*,*,#1986,.T.);
#655=ORIENTED_EDGE('',*,*,#1987,.T.);
#656=ORIENTED_EDGE('',*,*,#1988,.T.);
#657=ORIENTED_EDGE('',*,*,#1989,.F.);
#658=ORIENTED_EDGE('',*,*,#1990,.F.);
#659=ORIENTED_EDGE('',*,*,#1981,.T.);
#660=ORIENTED_EDGE('',*,*,#1942,.F.);
#661=ORIENTED_EDGE('',*,*,#1991,.T.);
#662=ORIENTED_EDGE('',*,*,#1992,.T.);
#663=ORIENTED_EDGE('',*,*,#1993,.T.);
#664=ORIENTED_EDGE('',*,*,#1994,.F.);
#665=ORIENTED_EDGE('',*,*,#1989,.T.);
#666=ORIENTED_EDGE('',*,*,#1995,.T.);
#667=ORIENTED_EDGE('',*,*,#1996,.F.);
#668=ORIENTED_EDGE('',*,*,#1997,.T.);
#669=ORIENTED_EDGE('',*,*,#1977,.F.);
#670=ORIENTED_EDGE('',*,*,#1943,.F.);
#671=ORIENTED_EDGE('',*,*,#1996,.T.);
#672=ORIENTED_EDGE('',*,*,#1998,.T.);
#673=ORIENTED_EDGE('',*,*,#1867,.T.);
#674=ORIENTED_EDGE('',*,*,#1999,.T.);
#675=ORIENTED_EDGE('',*,*,#2000,.F.);
#676=ORIENTED_EDGE('',*,*,#2001,.F.);
#677=ORIENTED_EDGE('',*,*,#2002,.F.);
#678=ORIENTED_EDGE('',*,*,#2003,.F.);
#679=ORIENTED_EDGE('',*,*,#2004,.F.);
#680=ORIENTED_EDGE('',*,*,#2005,.F.);
#681=ORIENTED_EDGE('',*,*,#2006,.F.);
#682=ORIENTED_EDGE('',*,*,#2007,.F.);
#683=ORIENTED_EDGE('',*,*,#2008,.F.);
#684=ORIENTED_EDGE('',*,*,#2009,.T.);
#685=ORIENTED_EDGE('',*,*,#2010,.T.);
#686=ORIENTED_EDGE('',*,*,#2011,.T.);
#687=ORIENTED_EDGE('',*,*,#2012,.T.);
#688=ORIENTED_EDGE('',*,*,#1945,.T.);
#689=ORIENTED_EDGE('',*,*,#2013,.T.);
#690=ORIENTED_EDGE('',*,*,#2000,.T.);
#691=ORIENTED_EDGE('',*,*,#2014,.T.);
#692=ORIENTED_EDGE('',*,*,#1949,.F.);
#693=ORIENTED_EDGE('',*,*,#2015,.T.);
#694=ORIENTED_EDGE('',*,*,#1939,.F.);
#695=ORIENTED_EDGE('',*,*,#2016,.F.);
#696=ORIENTED_EDGE('',*,*,#2017,.F.);
#697=ORIENTED_EDGE('',*,*,#2018,.T.);
#698=ORIENTED_EDGE('',*,*,#1962,.F.);
#699=ORIENTED_EDGE('',*,*,#1959,.F.);
#700=ORIENTED_EDGE('',*,*,#1924,.F.);
#701=ORIENTED_EDGE('',*,*,#1954,.T.);
#702=ORIENTED_EDGE('',*,*,#1978,.F.);
#703=ORIENTED_EDGE('',*,*,#1997,.F.);
#704=ORIENTED_EDGE('',*,*,#1995,.F.);
#705=ORIENTED_EDGE('',*,*,#1988,.F.);
#706=ORIENTED_EDGE('',*,*,#1980,.F.);
#707=ORIENTED_EDGE('',*,*,#1970,.F.);
#708=ORIENTED_EDGE('',*,*,#1920,.F.);
#709=ORIENTED_EDGE('',*,*,#1965,.F.);
#710=ORIENTED_EDGE('',*,*,#1914,.F.);
#711=ORIENTED_EDGE('',*,*,#2019,.F.);
#712=ORIENTED_EDGE('',*,*,#2020,.F.);
#713=ORIENTED_EDGE('',*,*,#2021,.T.);
#714=ORIENTED_EDGE('',*,*,#1933,.F.);
#715=ORIENTED_EDGE('',*,*,#2022,.T.);
#716=ORIENTED_EDGE('',*,*,#1964,.T.);
#717=ORIENTED_EDGE('',*,*,#2023,.T.);
#718=ORIENTED_EDGE('',*,*,#1926,.T.);
#719=ORIENTED_EDGE('',*,*,#1961,.T.);
#720=ORIENTED_EDGE('',*,*,#1994,.T.);
#721=ORIENTED_EDGE('',*,*,#2024,.T.);
#722=ORIENTED_EDGE('',*,*,#1982,.T.);
#723=ORIENTED_EDGE('',*,*,#1990,.T.);
#724=ORIENTED_EDGE('',*,*,#2025,.T.);
#725=ORIENTED_EDGE('',*,*,#2001,.T.);
#726=ORIENTED_EDGE('',*,*,#2026,.F.);
#727=ORIENTED_EDGE('',*,*,#1985,.F.);
#728=ORIENTED_EDGE('',*,*,#2026,.T.);
#729=ORIENTED_EDGE('',*,*,#2008,.T.);
#730=ORIENTED_EDGE('',*,*,#2027,.F.);
#731=ORIENTED_EDGE('',*,*,#1986,.F.);
#732=ORIENTED_EDGE('',*,*,#2027,.T.);
#733=ORIENTED_EDGE('',*,*,#2007,.T.);
#734=ORIENTED_EDGE('',*,*,#2028,.F.);
#735=ORIENTED_EDGE('',*,*,#1987,.F.);
#736=ORIENTED_EDGE('',*,*,#2028,.T.);
#737=ORIENTED_EDGE('',*,*,#2006,.T.);
#738=ORIENTED_EDGE('',*,*,#2029,.F.);
#739=ORIENTED_EDGE('',*,*,#1975,.F.);
#740=ORIENTED_EDGE('',*,*,#2030,.T.);
#741=ORIENTED_EDGE('',*,*,#2004,.T.);
#742=ORIENTED_EDGE('',*,*,#2031,.F.);
#743=ORIENTED_EDGE('',*,*,#1992,.F.);
#744=ORIENTED_EDGE('',*,*,#2032,.T.);
#745=ORIENTED_EDGE('',*,*,#2002,.T.);
#746=ORIENTED_EDGE('',*,*,#2025,.F.);
#747=ORIENTED_EDGE('',*,*,#1984,.F.);
#748=ORIENTED_EDGE('',*,*,#2005,.T.);
#749=ORIENTED_EDGE('',*,*,#2030,.F.);
#750=ORIENTED_EDGE('',*,*,#1991,.F.);
#751=ORIENTED_EDGE('',*,*,#1941,.F.);
#752=ORIENTED_EDGE('',*,*,#1976,.F.);
#753=ORIENTED_EDGE('',*,*,#2029,.T.);
#754=ORIENTED_EDGE('',*,*,#2003,.T.);
#755=ORIENTED_EDGE('',*,*,#2032,.F.);
#756=ORIENTED_EDGE('',*,*,#1983,.F.);
#757=ORIENTED_EDGE('',*,*,#2024,.F.);
#758=ORIENTED_EDGE('',*,*,#1993,.F.);
#759=ORIENTED_EDGE('',*,*,#2031,.T.);
#760=ORIENTED_EDGE('',*,*,#2033,.F.);
#761=ORIENTED_EDGE('',*,*,#2034,.T.);
#762=ORIENTED_EDGE('',*,*,#2035,.T.);
#763=ORIENTED_EDGE('',*,*,#2036,.F.);
#764=ORIENTED_EDGE('',*,*,#2037,.F.);
#765=ORIENTED_EDGE('',*,*,#2038,.T.);
#766=ORIENTED_EDGE('',*,*,#2033,.T.);
#767=ORIENTED_EDGE('',*,*,#2039,.T.);
#768=ORIENTED_EDGE('',*,*,#2040,.F.);
#769=ORIENTED_EDGE('',*,*,#2041,.T.);
#770=ORIENTED_EDGE('',*,*,#2037,.T.);
#771=ORIENTED_EDGE('',*,*,#2042,.T.);
#772=ORIENTED_EDGE('',*,*,#2043,.F.);
#773=ORIENTED_EDGE('',*,*,#2044,.T.);
#774=ORIENTED_EDGE('',*,*,#2045,.T.);
#775=ORIENTED_EDGE('',*,*,#2046,.F.);
#776=ORIENTED_EDGE('',*,*,#2047,.F.);
#777=ORIENTED_EDGE('',*,*,#2048,.T.);
#778=ORIENTED_EDGE('',*,*,#2043,.T.);
#779=ORIENTED_EDGE('',*,*,#2049,.T.);
#780=ORIENTED_EDGE('',*,*,#2050,.F.);
#781=ORIENTED_EDGE('',*,*,#2051,.T.);
#782=ORIENTED_EDGE('',*,*,#2047,.T.);
#783=ORIENTED_EDGE('',*,*,#2052,.T.);
#784=ORIENTED_EDGE('',*,*,#2045,.F.);
#785=ORIENTED_EDGE('',*,*,#2053,.T.);
#786=ORIENTED_EDGE('',*,*,#2050,.T.);
#787=ORIENTED_EDGE('',*,*,#2054,.F.);
#788=ORIENTED_EDGE('',*,*,#2055,.T.);
#789=ORIENTED_EDGE('',*,*,#1885,.T.);
#790=ORIENTED_EDGE('',*,*,#2056,.T.);
#791=ORIENTED_EDGE('',*,*,#2057,.F.);
#792=ORIENTED_EDGE('',*,*,#2058,.T.);
#793=ORIENTED_EDGE('',*,*,#2059,.F.);
#794=ORIENTED_EDGE('',*,*,#2060,.T.);
#795=ORIENTED_EDGE('',*,*,#2061,.F.);
#796=ORIENTED_EDGE('',*,*,#2062,.F.);
#797=ORIENTED_EDGE('',*,*,#1794,.T.);
#798=ORIENTED_EDGE('',*,*,#2063,.F.);
#799=ORIENTED_EDGE('',*,*,#1884,.T.);
#800=ORIENTED_EDGE('',*,*,#2064,.F.);
#801=ORIENTED_EDGE('',*,*,#1883,.T.);
#802=ORIENTED_EDGE('',*,*,#2065,.T.);
#803=ORIENTED_EDGE('',*,*,#1907,.F.);
#804=ORIENTED_EDGE('',*,*,#2066,.T.);
#805=ORIENTED_EDGE('',*,*,#1911,.F.);
#806=ORIENTED_EDGE('',*,*,#2067,.T.);
#807=ORIENTED_EDGE('',*,*,#1909,.F.);
#808=ORIENTED_EDGE('',*,*,#2035,.F.);
#809=ORIENTED_EDGE('',*,*,#2068,.T.);
#810=ORIENTED_EDGE('',*,*,#2040,.T.);
#811=ORIENTED_EDGE('',*,*,#2069,.F.);
#812=ORIENTED_EDGE('',*,*,#2070,.T.);
#813=ORIENTED_EDGE('',*,*,#2071,.T.);
#814=ORIENTED_EDGE('',*,*,#2072,.T.);
#815=ORIENTED_EDGE('',*,*,#1974,.T.);
#816=ORIENTED_EDGE('',*,*,#2073,.T.);
#817=ORIENTED_EDGE('',*,*,#1972,.T.);
#818=ORIENTED_EDGE('',*,*,#1979,.F.);
#819=ORIENTED_EDGE('',*,*,#1957,.F.);
#820=ORIENTED_EDGE('',*,*,#2074,.T.);
#821=ORIENTED_EDGE('',*,*,#1955,.F.);
#822=ORIENTED_EDGE('',*,*,#1922,.F.);
#823=ORIENTED_EDGE('',*,*,#2064,.T.);
#824=ORIENTED_EDGE('',*,*,#2063,.T.);
#825=ORIENTED_EDGE('',*,*,#1901,.T.);
#826=ORIENTED_EDGE('',*,*,#2062,.T.);
#827=ORIENTED_EDGE('',*,*,#1897,.T.);
#828=ORIENTED_EDGE('',*,*,#2061,.T.);
#829=ORIENTED_EDGE('',*,*,#2059,.T.);
#830=ORIENTED_EDGE('',*,*,#2057,.T.);
#831=ORIENTED_EDGE('',*,*,#2046,.T.);
#832=ORIENTED_EDGE('',*,*,#2054,.T.);
#833=ORIENTED_EDGE('',*,*,#2052,.F.);
#834=ORIENTED_EDGE('',*,*,#2049,.F.);
#835=ORIENTED_EDGE('',*,*,#2036,.T.);
#836=ORIENTED_EDGE('',*,*,#2069,.T.);
#837=ORIENTED_EDGE('',*,*,#2042,.F.);
#838=ORIENTED_EDGE('',*,*,#2039,.F.);
#839=ORIENTED_EDGE('',*,*,#2075,.F.);
#840=ORIENTED_EDGE('',*,*,#1882,.F.);
#841=ORIENTED_EDGE('',*,*,#2076,.F.);
#842=ORIENTED_EDGE('',*,*,#2041,.F.);
#843=ORIENTED_EDGE('',*,*,#2076,.T.);
#844=ORIENTED_EDGE('',*,*,#1881,.F.);
#845=ORIENTED_EDGE('',*,*,#2077,.F.);
#846=ORIENTED_EDGE('',*,*,#2038,.F.);
#847=ORIENTED_EDGE('',*,*,#2075,.T.);
#848=ORIENTED_EDGE('',*,*,#2068,.F.);
#849=ORIENTED_EDGE('',*,*,#2078,.F.);
#850=ORIENTED_EDGE('',*,*,#1879,.F.);
#851=ORIENTED_EDGE('',*,*,#2077,.T.);
#852=ORIENTED_EDGE('',*,*,#1880,.F.);
#853=ORIENTED_EDGE('',*,*,#2078,.T.);
#854=ORIENTED_EDGE('',*,*,#2034,.F.);
#855=ORIENTED_EDGE('',*,*,#2019,.T.);
#856=ORIENTED_EDGE('',*,*,#1913,.T.);
#857=ORIENTED_EDGE('',*,*,#1929,.T.);
#858=ORIENTED_EDGE('',*,*,#1917,.T.);
#859=ORIENTED_EDGE('',*,*,#2079,.F.);
#860=ORIENTED_EDGE('',*,*,#2080,.F.);
#861=ORIENTED_EDGE('',*,*,#2079,.T.);
#862=ORIENTED_EDGE('',*,*,#1928,.T.);
#863=ORIENTED_EDGE('',*,*,#2081,.F.);
#864=ORIENTED_EDGE('',*,*,#2082,.F.);
#865=ORIENTED_EDGE('',*,*,#2081,.T.);
#866=ORIENTED_EDGE('',*,*,#1927,.F.);
#867=ORIENTED_EDGE('',*,*,#2023,.F.);
#868=ORIENTED_EDGE('',*,*,#1963,.F.);
#869=ORIENTED_EDGE('',*,*,#2018,.F.);
#870=ORIENTED_EDGE('',*,*,#2083,.T.);
#871=ORIENTED_EDGE('',*,*,#1938,.T.);
#872=ORIENTED_EDGE('',*,*,#2084,.T.);
#873=ORIENTED_EDGE('',*,*,#2085,.F.);
#874=ORIENTED_EDGE('',*,*,#2016,.T.);
#875=ORIENTED_EDGE('',*,*,#1936,.F.);
#876=ORIENTED_EDGE('',*,*,#2086,.T.);
#877=ORIENTED_EDGE('',*,*,#2087,.T.);
#878=ORIENTED_EDGE('',*,*,#2088,.T.);
#879=ORIENTED_EDGE('',*,*,#2089,.T.);
#880=ORIENTED_EDGE('',*,*,#2090,.T.);
#881=ORIENTED_EDGE('',*,*,#1934,.F.);
#882=ORIENTED_EDGE('',*,*,#2021,.F.);
#883=ORIENTED_EDGE('',*,*,#2087,.F.);
#884=ORIENTED_EDGE('',*,*,#2091,.T.);
#885=ORIENTED_EDGE('',*,*,#2089,.F.);
#886=ORIENTED_EDGE('',*,*,#2020,.T.);
#887=ORIENTED_EDGE('',*,*,#2080,.T.);
#888=ORIENTED_EDGE('',*,*,#2082,.T.);
#889=ORIENTED_EDGE('',*,*,#2083,.F.);
#890=ORIENTED_EDGE('',*,*,#2017,.T.);
#891=ORIENTED_EDGE('',*,*,#2085,.T.);
#892=ORIENTED_EDGE('',*,*,#2092,.T.);
#893=ORIENTED_EDGE('',*,*,#2091,.F.);
#894=ORIENTED_EDGE('',*,*,#2086,.F.);
#895=ORIENTED_EDGE('',*,*,#1935,.F.);
#896=ORIENTED_EDGE('',*,*,#2090,.F.);
#897=ORIENTED_EDGE('',*,*,#2092,.F.);
#898=ORIENTED_EDGE('',*,*,#2084,.F.);
#899=ORIENTED_EDGE('',*,*,#1937,.F.);
#900=ORIENTED_EDGE('',*,*,#2088,.F.);
#901=ORIENTED_EDGE('',*,*,#2093,.F.);
#902=ORIENTED_EDGE('',*,*,#1912,.T.);
#903=ORIENTED_EDGE('',*,*,#2094,.T.);
#904=ORIENTED_EDGE('',*,*,#2072,.F.);
#905=ORIENTED_EDGE('',*,*,#2093,.T.);
#906=ORIENTED_EDGE('',*,*,#2094,.F.);
#907=ORIENTED_EDGE('',*,*,#2095,.F.);
#908=ORIENTED_EDGE('',*,*,#1910,.T.);
#909=ORIENTED_EDGE('',*,*,#2096,.T.);
#910=ORIENTED_EDGE('',*,*,#2071,.F.);
#911=ORIENTED_EDGE('',*,*,#2095,.T.);
#912=ORIENTED_EDGE('',*,*,#2096,.F.);
#913=ORIENTED_EDGE('',*,*,#2097,.F.);
#914=ORIENTED_EDGE('',*,*,#1908,.T.);
#915=ORIENTED_EDGE('',*,*,#2098,.T.);
#916=ORIENTED_EDGE('',*,*,#2070,.F.);
#917=ORIENTED_EDGE('',*,*,#2097,.T.);
#918=ORIENTED_EDGE('',*,*,#2098,.F.);
#919=ORIENTED_EDGE('',*,*,#2099,.F.);
#920=ORIENTED_EDGE('',*,*,#2067,.F.);
#921=ORIENTED_EDGE('',*,*,#2100,.F.);
#922=ORIENTED_EDGE('',*,*,#2066,.F.);
#923=ORIENTED_EDGE('',*,*,#2101,.F.);
#924=ORIENTED_EDGE('',*,*,#2065,.F.);
#925=ORIENTED_EDGE('',*,*,#1877,.F.);
#926=ORIENTED_EDGE('',*,*,#2056,.F.);
#927=ORIENTED_EDGE('',*,*,#2102,.F.);
#928=ORIENTED_EDGE('',*,*,#2058,.F.);
#929=ORIENTED_EDGE('',*,*,#1878,.F.);
#930=ORIENTED_EDGE('',*,*,#2060,.F.);
#931=ORIENTED_EDGE('',*,*,#2103,.T.);
#932=ORIENTED_EDGE('',*,*,#1770,.T.);
#933=ORIENTED_EDGE('',*,*,#2104,.F.);
#934=ORIENTED_EDGE('',*,*,#2105,.F.);
#935=ORIENTED_EDGE('',*,*,#2104,.T.);
#936=ORIENTED_EDGE('',*,*,#1769,.T.);
#937=ORIENTED_EDGE('',*,*,#2106,.F.);
#938=ORIENTED_EDGE('',*,*,#2107,.F.);
#939=ORIENTED_EDGE('',*,*,#2106,.T.);
#940=ORIENTED_EDGE('',*,*,#1768,.T.);
#941=ORIENTED_EDGE('',*,*,#2108,.F.);
#942=ORIENTED_EDGE('',*,*,#2109,.F.);
#943=ORIENTED_EDGE('',*,*,#2108,.T.);
#944=ORIENTED_EDGE('',*,*,#1767,.T.);
#945=ORIENTED_EDGE('',*,*,#2110,.F.);
#946=ORIENTED_EDGE('',*,*,#2111,.F.);
#947=ORIENTED_EDGE('',*,*,#2110,.T.);
#948=ORIENTED_EDGE('',*,*,#1766,.F.);
#949=ORIENTED_EDGE('',*,*,#2112,.F.);
#950=ORIENTED_EDGE('',*,*,#2113,.T.);
#951=ORIENTED_EDGE('',*,*,#2112,.T.);
#952=ORIENTED_EDGE('',*,*,#1765,.F.);
#953=ORIENTED_EDGE('',*,*,#2114,.F.);
#954=ORIENTED_EDGE('',*,*,#2115,.T.);
#955=ORIENTED_EDGE('',*,*,#2114,.T.);
#956=ORIENTED_EDGE('',*,*,#1764,.F.);
#957=ORIENTED_EDGE('',*,*,#2116,.F.);
#958=ORIENTED_EDGE('',*,*,#2117,.T.);
#959=ORIENTED_EDGE('',*,*,#2116,.T.);
#960=ORIENTED_EDGE('',*,*,#1763,.F.);
#961=ORIENTED_EDGE('',*,*,#2118,.F.);
#962=ORIENTED_EDGE('',*,*,#2119,.T.);
#963=ORIENTED_EDGE('',*,*,#2118,.T.);
#964=ORIENTED_EDGE('',*,*,#1762,.T.);
#965=ORIENTED_EDGE('',*,*,#2120,.F.);
#966=ORIENTED_EDGE('',*,*,#2121,.F.);
#967=ORIENTED_EDGE('',*,*,#2120,.T.);
#968=ORIENTED_EDGE('',*,*,#1761,.T.);
#969=ORIENTED_EDGE('',*,*,#1903,.F.);
#970=ORIENTED_EDGE('',*,*,#2122,.F.);
#971=ORIENTED_EDGE('',*,*,#1904,.T.);
#972=ORIENTED_EDGE('',*,*,#1759,.T.);
#973=ORIENTED_EDGE('',*,*,#2123,.F.);
#974=ORIENTED_EDGE('',*,*,#2124,.F.);
#975=ORIENTED_EDGE('',*,*,#2123,.T.);
#976=ORIENTED_EDGE('',*,*,#1789,.T.);
#977=ORIENTED_EDGE('',*,*,#2125,.F.);
#978=ORIENTED_EDGE('',*,*,#2126,.F.);
#979=ORIENTED_EDGE('',*,*,#2125,.T.);
#980=ORIENTED_EDGE('',*,*,#1788,.F.);
#981=ORIENTED_EDGE('',*,*,#2127,.F.);
#982=ORIENTED_EDGE('',*,*,#2128,.T.);
#983=ORIENTED_EDGE('',*,*,#2127,.T.);
#984=ORIENTED_EDGE('',*,*,#1787,.F.);
#985=ORIENTED_EDGE('',*,*,#2129,.F.);
#986=ORIENTED_EDGE('',*,*,#2130,.T.);
#987=ORIENTED_EDGE('',*,*,#2129,.T.);
#988=ORIENTED_EDGE('',*,*,#1786,.F.);
#989=ORIENTED_EDGE('',*,*,#2131,.F.);
#990=ORIENTED_EDGE('',*,*,#2132,.T.);
#991=ORIENTED_EDGE('',*,*,#2131,.T.);
#992=ORIENTED_EDGE('',*,*,#1785,.F.);
#993=ORIENTED_EDGE('',*,*,#1899,.F.);
#994=ORIENTED_EDGE('',*,*,#2133,.T.);
#995=ORIENTED_EDGE('',*,*,#1900,.T.);
#996=ORIENTED_EDGE('',*,*,#1783,.T.);
#997=ORIENTED_EDGE('',*,*,#1896,.F.);
#998=ORIENTED_EDGE('',*,*,#2134,.F.);
#999=ORIENTED_EDGE('',*,*,#1894,.T.);
#1000=ORIENTED_EDGE('',*,*,#1781,.T.);
#1001=ORIENTED_EDGE('',*,*,#2135,.F.);
#1002=ORIENTED_EDGE('',*,*,#2136,.F.);
#1003=ORIENTED_EDGE('',*,*,#2135,.T.);
#1004=ORIENTED_EDGE('',*,*,#1780,.T.);
#1005=ORIENTED_EDGE('',*,*,#2137,.F.);
#1006=ORIENTED_EDGE('',*,*,#2138,.F.);
#1007=ORIENTED_EDGE('',*,*,#2137,.T.);
#1008=ORIENTED_EDGE('',*,*,#1779,.T.);
#1009=ORIENTED_EDGE('',*,*,#2139,.F.);
#1010=ORIENTED_EDGE('',*,*,#2140,.F.);
#1011=ORIENTED_EDGE('',*,*,#2139,.T.);
#1012=ORIENTED_EDGE('',*,*,#1778,.F.);
#1013=ORIENTED_EDGE('',*,*,#2141,.F.);
#1014=ORIENTED_EDGE('',*,*,#2142,.T.);
#1015=ORIENTED_EDGE('',*,*,#2141,.T.);
#1016=ORIENTED_EDGE('',*,*,#1777,.T.);
#1017=ORIENTED_EDGE('',*,*,#2143,.F.);
#1018=ORIENTED_EDGE('',*,*,#2144,.F.);
#1019=ORIENTED_EDGE('',*,*,#2143,.T.);
#1020=ORIENTED_EDGE('',*,*,#1776,.T.);
#1021=ORIENTED_EDGE('',*,*,#2145,.F.);
#1022=ORIENTED_EDGE('',*,*,#2146,.F.);
#1023=ORIENTED_EDGE('',*,*,#2145,.T.);
#1024=ORIENTED_EDGE('',*,*,#1775,.T.);
#1025=ORIENTED_EDGE('',*,*,#2147,.F.);
#1026=ORIENTED_EDGE('',*,*,#2148,.F.);
#1027=ORIENTED_EDGE('',*,*,#2147,.T.);
#1028=ORIENTED_EDGE('',*,*,#1774,.F.);
#1029=ORIENTED_EDGE('',*,*,#2149,.F.);
#1030=ORIENTED_EDGE('',*,*,#2150,.T.);
#1031=ORIENTED_EDGE('',*,*,#2149,.T.);
#1032=ORIENTED_EDGE('',*,*,#1773,.F.);
#1033=ORIENTED_EDGE('',*,*,#2151,.F.);
#1034=ORIENTED_EDGE('',*,*,#2152,.T.);
#1035=ORIENTED_EDGE('',*,*,#2151,.T.);
#1036=ORIENTED_EDGE('',*,*,#1772,.T.);
#1037=ORIENTED_EDGE('',*,*,#2153,.F.);
#1038=ORIENTED_EDGE('',*,*,#2154,.F.);
#1039=ORIENTED_EDGE('',*,*,#2153,.T.);
#1040=ORIENTED_EDGE('',*,*,#1771,.F.);
#1041=ORIENTED_EDGE('',*,*,#2103,.F.);
#1042=ORIENTED_EDGE('',*,*,#2155,.T.);
#1043=ORIENTED_EDGE('',*,*,#2105,.T.);
#1044=ORIENTED_EDGE('',*,*,#2107,.T.);
#1045=ORIENTED_EDGE('',*,*,#2109,.T.);
#1046=ORIENTED_EDGE('',*,*,#2111,.T.);
#1047=ORIENTED_EDGE('',*,*,#2113,.F.);
#1048=ORIENTED_EDGE('',*,*,#2115,.F.);
#1049=ORIENTED_EDGE('',*,*,#2117,.F.);
#1050=ORIENTED_EDGE('',*,*,#2119,.F.);
#1051=ORIENTED_EDGE('',*,*,#2121,.T.);
#1052=ORIENTED_EDGE('',*,*,#2122,.T.);
#1053=ORIENTED_EDGE('',*,*,#1902,.F.);
#1054=ORIENTED_EDGE('',*,*,#2124,.T.);
#1055=ORIENTED_EDGE('',*,*,#2126,.T.);
#1056=ORIENTED_EDGE('',*,*,#2128,.F.);
#1057=ORIENTED_EDGE('',*,*,#2130,.F.);
#1058=ORIENTED_EDGE('',*,*,#2132,.F.);
#1059=ORIENTED_EDGE('',*,*,#2133,.F.);
#1060=ORIENTED_EDGE('',*,*,#1898,.F.);
#1061=ORIENTED_EDGE('',*,*,#2134,.T.);
#1062=ORIENTED_EDGE('',*,*,#2156,.F.);
#1063=ORIENTED_EDGE('',*,*,#2136,.T.);
#1064=ORIENTED_EDGE('',*,*,#2138,.T.);
#1065=ORIENTED_EDGE('',*,*,#2140,.T.);
#1066=ORIENTED_EDGE('',*,*,#2142,.F.);
#1067=ORIENTED_EDGE('',*,*,#2144,.T.);
#1068=ORIENTED_EDGE('',*,*,#2146,.T.);
#1069=ORIENTED_EDGE('',*,*,#2148,.T.);
#1070=ORIENTED_EDGE('',*,*,#2150,.F.);
#1071=ORIENTED_EDGE('',*,*,#2152,.F.);
#1072=ORIENTED_EDGE('',*,*,#2154,.T.);
#1073=ORIENTED_EDGE('',*,*,#2155,.F.);
#1074=ORIENTED_EDGE('',*,*,#2157,.T.);
#1075=ORIENTED_EDGE('',*,*,#2158,.T.);
#1076=ORIENTED_EDGE('',*,*,#2159,.T.);
#1077=ORIENTED_EDGE('',*,*,#2160,.T.);
#1078=ORIENTED_EDGE('',*,*,#1836,.F.);
#1079=ORIENTED_EDGE('',*,*,#2161,.T.);
#1080=ORIENTED_EDGE('',*,*,#1840,.T.);
#1081=ORIENTED_EDGE('',*,*,#2162,.T.);
#1082=ORIENTED_EDGE('',*,*,#1843,.T.);
#1083=ORIENTED_EDGE('',*,*,#2163,.T.);
#1084=ORIENTED_EDGE('',*,*,#1844,.F.);
#1085=ORIENTED_EDGE('',*,*,#2164,.T.);
#1086=ORIENTED_EDGE('',*,*,#2165,.F.);
#1087=ORIENTED_EDGE('',*,*,#1889,.F.);
#1088=ORIENTED_EDGE('',*,*,#2166,.F.);
#1089=ORIENTED_EDGE('',*,*,#2048,.F.);
#1090=ORIENTED_EDGE('',*,*,#2166,.T.);
#1091=ORIENTED_EDGE('',*,*,#1888,.F.);
#1092=ORIENTED_EDGE('',*,*,#2167,.F.);
#1093=ORIENTED_EDGE('',*,*,#2044,.F.);
#1094=ORIENTED_EDGE('',*,*,#2165,.T.);
#1095=ORIENTED_EDGE('',*,*,#2051,.F.);
#1096=ORIENTED_EDGE('',*,*,#2168,.F.);
#1097=ORIENTED_EDGE('',*,*,#1886,.F.);
#1098=ORIENTED_EDGE('',*,*,#2167,.T.);
#1099=ORIENTED_EDGE('',*,*,#1887,.F.);
#1100=ORIENTED_EDGE('',*,*,#2168,.T.);
#1101=ORIENTED_EDGE('',*,*,#2053,.F.);
#1102=ORIENTED_EDGE('',*,*,#2169,.F.);
#1103=ORIENTED_EDGE('',*,*,#1892,.F.);
#1104=ORIENTED_EDGE('',*,*,#2170,.F.);
#1105=ORIENTED_EDGE('',*,*,#2171,.F.);
#1106=ORIENTED_EDGE('',*,*,#2157,.F.);
#1107=ORIENTED_EDGE('',*,*,#2171,.T.);
#1108=ORIENTED_EDGE('',*,*,#2172,.F.);
#1109=ORIENTED_EDGE('',*,*,#2173,.F.);
#1110=ORIENTED_EDGE('',*,*,#2158,.F.);
#1111=ORIENTED_EDGE('',*,*,#2169,.T.);
#1112=ORIENTED_EDGE('',*,*,#2160,.F.);
#1113=ORIENTED_EDGE('',*,*,#2174,.F.);
#1114=ORIENTED_EDGE('',*,*,#1893,.F.);
#1115=ORIENTED_EDGE('',*,*,#2173,.T.);
#1116=ORIENTED_EDGE('',*,*,#2175,.F.);
#1117=ORIENTED_EDGE('',*,*,#1890,.F.);
#1118=ORIENTED_EDGE('',*,*,#2174,.T.);
#1119=ORIENTED_EDGE('',*,*,#2159,.F.);
#1120=ORIENTED_EDGE('',*,*,#2170,.T.);
#1121=ORIENTED_EDGE('',*,*,#2176,.F.);
#1122=ORIENTED_EDGE('',*,*,#1795,.F.);
#1123=ORIENTED_EDGE('',*,*,#2177,.T.);
#1124=ORIENTED_EDGE('',*,*,#1891,.T.);
#1125=ORIENTED_EDGE('',*,*,#2178,.F.);
#1126=ORIENTED_EDGE('',*,*,#1796,.F.);
#1127=ORIENTED_EDGE('',*,*,#2176,.T.);
#1128=ORIENTED_EDGE('',*,*,#2175,.T.);
#1129=ORIENTED_EDGE('',*,*,#2179,.F.);
#1130=ORIENTED_EDGE('',*,*,#1797,.F.);
#1131=ORIENTED_EDGE('',*,*,#2178,.T.);
#1132=ORIENTED_EDGE('',*,*,#1793,.F.);
#1133=ORIENTED_EDGE('',*,*,#2102,.T.);
#1134=ORIENTED_EDGE('',*,*,#1792,.F.);
#1135=ORIENTED_EDGE('',*,*,#2099,.T.);
#1136=ORIENTED_EDGE('',*,*,#1791,.F.);
#1137=ORIENTED_EDGE('',*,*,#2100,.T.);
#1138=ORIENTED_EDGE('',*,*,#1790,.F.);
#1139=ORIENTED_EDGE('',*,*,#2101,.T.);
#1140=ORIENTED_EDGE('',*,*,#2172,.T.);
#1141=ORIENTED_EDGE('',*,*,#2177,.F.);
#1142=ORIENTED_EDGE('',*,*,#1798,.F.);
#1143=ORIENTED_EDGE('',*,*,#2179,.T.);
#1144=ORIENTED_EDGE('',*,*,#1999,.F.);
#1145=ORIENTED_EDGE('',*,*,#1859,.T.);
#1146=ORIENTED_EDGE('',*,*,#1947,.F.);
#1147=ORIENTED_EDGE('',*,*,#2014,.F.);
#1148=ORIENTED_EDGE('',*,*,#1948,.F.);
#1149=ORIENTED_EDGE('',*,*,#1856,.T.);
#1150=ORIENTED_EDGE('',*,*,#1931,.F.);
#1151=ORIENTED_EDGE('',*,*,#2015,.F.);
#1152=ORIENTED_EDGE('',*,*,#2022,.F.);
#1153=ORIENTED_EDGE('',*,*,#1932,.F.);
#1154=ORIENTED_EDGE('',*,*,#1870,.F.);
#1155=ORIENTED_EDGE('',*,*,#1946,.F.);
#1156=ORIENTED_EDGE('',*,*,#2013,.F.);
#1157=ORIENTED_EDGE('',*,*,#1944,.F.);
#1158=ORIENTED_EDGE('',*,*,#1873,.F.);
#1159=ORIENTED_EDGE('',*,*,#1998,.F.);
#1160=ORIENTED_EDGE('',*,*,#1895,.F.);
#1161=ORIENTED_EDGE('',*,*,#2156,.T.);
#1162=ORIENTED_EDGE('',*,*,#1973,.F.);
#1163=ORIENTED_EDGE('',*,*,#2073,.F.);
#1164=ORIENTED_EDGE('',*,*,#2055,.F.);
#1165=ORIENTED_EDGE('',*,*,#1956,.F.);
#1166=ORIENTED_EDGE('',*,*,#2074,.F.);
#1167=ORIENTED_EDGE('',*,*,#1839,.T.);
#1168=ORIENTED_EDGE('',*,*,#1830,.F.);
#1169=ORIENTED_EDGE('',*,*,#1876,.F.);
#1170=ORIENTED_EDGE('',*,*,#1868,.F.);
#1171=ORIENTED_EDGE('',*,*,#1860,.F.);
#1172=ORIENTED_EDGE('',*,*,#1832,.F.);
#1173=ORIENTED_EDGE('',*,*,#1841,.T.);
#1174=ORIENTED_EDGE('',*,*,#2162,.F.);
#1175=ORIENTED_EDGE('',*,*,#2010,.F.);
#1176=ORIENTED_EDGE('',*,*,#1835,.F.);
#1177=ORIENTED_EDGE('',*,*,#1824,.F.);
#1178=ORIENTED_EDGE('',*,*,#1865,.F.);
#1179=ORIENTED_EDGE('',*,*,#1872,.F.);
#1180=ORIENTED_EDGE('',*,*,#1874,.F.);
#1181=ORIENTED_EDGE('',*,*,#1828,.F.);
#1182=ORIENTED_EDGE('',*,*,#1838,.T.);
#1183=ORIENTED_EDGE('',*,*,#2161,.F.);
#1184=ORIENTED_EDGE('',*,*,#2009,.F.);
#1185=ORIENTED_EDGE('',*,*,#1847,.F.);
#1186=ORIENTED_EDGE('',*,*,#1906,.F.);
#1187=ORIENTED_EDGE('',*,*,#1853,.F.);
#1188=ORIENTED_EDGE('',*,*,#1858,.F.);
#1189=ORIENTED_EDGE('',*,*,#1866,.F.);
#1190=ORIENTED_EDGE('',*,*,#1826,.F.);
#1191=ORIENTED_EDGE('',*,*,#1837,.F.);
#1192=ORIENTED_EDGE('',*,*,#2164,.F.);
#1193=ORIENTED_EDGE('',*,*,#2012,.F.);
#1194=ORIENTED_EDGE('',*,*,#1842,.T.);
#1195=ORIENTED_EDGE('',*,*,#1834,.F.);
#1196=ORIENTED_EDGE('',*,*,#1863,.F.);
#1197=ORIENTED_EDGE('',*,*,#1854,.F.);
#1198=ORIENTED_EDGE('',*,*,#1849,.F.);
#1199=ORIENTED_EDGE('',*,*,#1905,.F.);
#1200=ORIENTED_EDGE('',*,*,#1845,.F.);
#1201=ORIENTED_EDGE('',*,*,#2163,.F.);
#1202=ORIENTED_EDGE('',*,*,#2011,.F.);
#1203=ORIENTED_EDGE('',*,*,#1800,.F.);
#1204=ORIENTED_EDGE('',*,*,#2180,.F.);
#1205=ORIENTED_EDGE('',*,*,#2181,.T.);
#1206=ORIENTED_EDGE('',*,*,#2182,.T.);
#1207=ORIENTED_EDGE('',*,*,#1799,.F.);
#1208=ORIENTED_EDGE('',*,*,#2183,.F.);
#1209=ORIENTED_EDGE('',*,*,#2184,.T.);
#1210=ORIENTED_EDGE('',*,*,#2180,.T.);
#1211=ORIENTED_EDGE('',*,*,#1808,.F.);
#1212=ORIENTED_EDGE('',*,*,#2185,.F.);
#1213=ORIENTED_EDGE('',*,*,#2186,.T.);
#1214=ORIENTED_EDGE('',*,*,#2183,.T.);
#1215=ORIENTED_EDGE('',*,*,#1807,.F.);
#1216=ORIENTED_EDGE('',*,*,#2187,.F.);
#1217=ORIENTED_EDGE('',*,*,#2188,.T.);
#1218=ORIENTED_EDGE('',*,*,#2185,.T.);
#1219=ORIENTED_EDGE('',*,*,#1806,.F.);
#1220=ORIENTED_EDGE('',*,*,#2189,.F.);
#1221=ORIENTED_EDGE('',*,*,#2190,.T.);
#1222=ORIENTED_EDGE('',*,*,#2187,.T.);
#1223=ORIENTED_EDGE('',*,*,#1805,.F.);
#1224=ORIENTED_EDGE('',*,*,#2191,.F.);
#1225=ORIENTED_EDGE('',*,*,#2192,.T.);
#1226=ORIENTED_EDGE('',*,*,#2189,.T.);
#1227=ORIENTED_EDGE('',*,*,#1804,.F.);
#1228=ORIENTED_EDGE('',*,*,#2193,.F.);
#1229=ORIENTED_EDGE('',*,*,#2194,.T.);
#1230=ORIENTED_EDGE('',*,*,#2191,.T.);
#1231=ORIENTED_EDGE('',*,*,#1803,.F.);
#1232=ORIENTED_EDGE('',*,*,#2195,.F.);
#1233=ORIENTED_EDGE('',*,*,#2196,.T.);
#1234=ORIENTED_EDGE('',*,*,#2193,.T.);
#1235=ORIENTED_EDGE('',*,*,#1802,.F.);
#1236=ORIENTED_EDGE('',*,*,#2197,.F.);
#1237=ORIENTED_EDGE('',*,*,#2198,.T.);
#1238=ORIENTED_EDGE('',*,*,#2195,.T.);
#1239=ORIENTED_EDGE('',*,*,#1801,.F.);
#1240=ORIENTED_EDGE('',*,*,#2182,.F.);
#1241=ORIENTED_EDGE('',*,*,#2199,.T.);
#1242=ORIENTED_EDGE('',*,*,#2197,.T.);
#1243=ORIENTED_EDGE('',*,*,#2181,.F.);
#1244=ORIENTED_EDGE('',*,*,#2184,.F.);
#1245=ORIENTED_EDGE('',*,*,#2186,.F.);
#1246=ORIENTED_EDGE('',*,*,#2188,.F.);
#1247=ORIENTED_EDGE('',*,*,#2190,.F.);
#1248=ORIENTED_EDGE('',*,*,#2192,.F.);
#1249=ORIENTED_EDGE('',*,*,#2194,.F.);
#1250=ORIENTED_EDGE('',*,*,#2196,.F.);
#1251=ORIENTED_EDGE('',*,*,#2198,.F.);
#1252=ORIENTED_EDGE('',*,*,#2199,.F.);
#1253=ORIENTED_EDGE('',*,*,#2200,.F.);
#1254=ORIENTED_EDGE('',*,*,#2201,.F.);
#1255=ORIENTED_EDGE('',*,*,#2202,.T.);
#1256=ORIENTED_EDGE('',*,*,#2203,.T.);
#1257=ORIENTED_EDGE('',*,*,#2204,.F.);
#1258=ORIENTED_EDGE('',*,*,#2205,.F.);
#1259=ORIENTED_EDGE('',*,*,#2206,.T.);
#1260=ORIENTED_EDGE('',*,*,#2201,.T.);
#1261=ORIENTED_EDGE('',*,*,#2207,.F.);
#1262=ORIENTED_EDGE('',*,*,#2208,.F.);
#1263=ORIENTED_EDGE('',*,*,#2209,.T.);
#1264=ORIENTED_EDGE('',*,*,#2205,.T.);
#1265=ORIENTED_EDGE('',*,*,#2210,.F.);
#1266=ORIENTED_EDGE('',*,*,#2211,.F.);
#1267=ORIENTED_EDGE('',*,*,#2212,.T.);
#1268=ORIENTED_EDGE('',*,*,#2208,.T.);
#1269=ORIENTED_EDGE('',*,*,#2213,.F.);
#1270=ORIENTED_EDGE('',*,*,#2214,.F.);
#1271=ORIENTED_EDGE('',*,*,#2215,.T.);
#1272=ORIENTED_EDGE('',*,*,#2211,.T.);
#1273=ORIENTED_EDGE('',*,*,#2216,.F.);
#1274=ORIENTED_EDGE('',*,*,#2217,.F.);
#1275=ORIENTED_EDGE('',*,*,#2218,.T.);
#1276=ORIENTED_EDGE('',*,*,#2214,.T.);
#1277=ORIENTED_EDGE('',*,*,#2219,.F.);
#1278=ORIENTED_EDGE('',*,*,#2220,.F.);
#1279=ORIENTED_EDGE('',*,*,#2221,.T.);
#1280=ORIENTED_EDGE('',*,*,#2217,.T.);
#1281=ORIENTED_EDGE('',*,*,#2222,.F.);
#1282=ORIENTED_EDGE('',*,*,#2223,.F.);
#1283=ORIENTED_EDGE('',*,*,#2224,.T.);
#1284=ORIENTED_EDGE('',*,*,#2220,.T.);
#1285=ORIENTED_EDGE('',*,*,#2225,.F.);
#1286=ORIENTED_EDGE('',*,*,#2226,.F.);
#1287=ORIENTED_EDGE('',*,*,#2227,.T.);
#1288=ORIENTED_EDGE('',*,*,#2223,.T.);
#1289=ORIENTED_EDGE('',*,*,#2228,.F.);
#1290=ORIENTED_EDGE('',*,*,#2229,.F.);
#1291=ORIENTED_EDGE('',*,*,#2230,.T.);
#1292=ORIENTED_EDGE('',*,*,#2226,.T.);
#1293=ORIENTED_EDGE('',*,*,#2231,.F.);
#1294=ORIENTED_EDGE('',*,*,#2232,.F.);
#1295=ORIENTED_EDGE('',*,*,#2233,.T.);
#1296=ORIENTED_EDGE('',*,*,#2229,.T.);
#1297=ORIENTED_EDGE('',*,*,#2234,.F.);
#1298=ORIENTED_EDGE('',*,*,#2235,.F.);
#1299=ORIENTED_EDGE('',*,*,#2236,.T.);
#1300=ORIENTED_EDGE('',*,*,#2232,.T.);
#1301=ORIENTED_EDGE('',*,*,#2237,.F.);
#1302=ORIENTED_EDGE('',*,*,#2238,.F.);
#1303=ORIENTED_EDGE('',*,*,#2239,.T.);
#1304=ORIENTED_EDGE('',*,*,#2235,.T.);
#1305=ORIENTED_EDGE('',*,*,#1746,.F.);
#1306=ORIENTED_EDGE('',*,*,#2240,.F.);
#1307=ORIENTED_EDGE('',*,*,#2241,.T.);
#1308=ORIENTED_EDGE('',*,*,#2242,.T.);
#1309=ORIENTED_EDGE('',*,*,#1745,.F.);
#1310=ORIENTED_EDGE('',*,*,#2243,.F.);
#1311=ORIENTED_EDGE('',*,*,#2244,.T.);
#1312=ORIENTED_EDGE('',*,*,#2240,.T.);
#1313=ORIENTED_EDGE('',*,*,#1758,.F.);
#1314=ORIENTED_EDGE('',*,*,#2245,.F.);
#1315=ORIENTED_EDGE('',*,*,#2246,.T.);
#1316=ORIENTED_EDGE('',*,*,#2243,.T.);
#1317=ORIENTED_EDGE('',*,*,#1757,.F.);
#1318=ORIENTED_EDGE('',*,*,#2247,.F.);
#1319=ORIENTED_EDGE('',*,*,#2248,.T.);
#1320=ORIENTED_EDGE('',*,*,#2245,.T.);
#1321=ORIENTED_EDGE('',*,*,#1756,.F.);
#1322=ORIENTED_EDGE('',*,*,#2249,.F.);
#1323=ORIENTED_EDGE('',*,*,#2250,.T.);
#1324=ORIENTED_EDGE('',*,*,#2247,.T.);
#1325=ORIENTED_EDGE('',*,*,#1755,.F.);
#1326=ORIENTED_EDGE('',*,*,#2251,.F.);
#1327=ORIENTED_EDGE('',*,*,#2252,.T.);
#1328=ORIENTED_EDGE('',*,*,#2249,.T.);
#1329=ORIENTED_EDGE('',*,*,#1754,.F.);
#1330=ORIENTED_EDGE('',*,*,#2253,.F.);
#1331=ORIENTED_EDGE('',*,*,#2254,.T.);
#1332=ORIENTED_EDGE('',*,*,#2251,.T.);
#1333=ORIENTED_EDGE('',*,*,#1753,.F.);
#1334=ORIENTED_EDGE('',*,*,#2255,.F.);
#1335=ORIENTED_EDGE('',*,*,#2256,.T.);
#1336=ORIENTED_EDGE('',*,*,#2253,.T.);
#1337=ORIENTED_EDGE('',*,*,#1752,.F.);
#1338=ORIENTED_EDGE('',*,*,#2257,.F.);
#1339=ORIENTED_EDGE('',*,*,#2258,.T.);
#1340=ORIENTED_EDGE('',*,*,#2255,.T.);
#1341=ORIENTED_EDGE('',*,*,#1751,.F.);
#1342=ORIENTED_EDGE('',*,*,#2259,.F.);
#1343=ORIENTED_EDGE('',*,*,#2260,.T.);
#1344=ORIENTED_EDGE('',*,*,#2257,.T.);
#1345=ORIENTED_EDGE('',*,*,#1750,.F.);
#1346=ORIENTED_EDGE('',*,*,#2261,.F.);
#1347=ORIENTED_EDGE('',*,*,#2262,.T.);
#1348=ORIENTED_EDGE('',*,*,#2259,.T.);
#1349=ORIENTED_EDGE('',*,*,#1749,.F.);
#1350=ORIENTED_EDGE('',*,*,#2263,.F.);
#1351=ORIENTED_EDGE('',*,*,#2264,.T.);
#1352=ORIENTED_EDGE('',*,*,#2261,.T.);
#1353=ORIENTED_EDGE('',*,*,#1748,.F.);
#1354=ORIENTED_EDGE('',*,*,#2265,.F.);
#1355=ORIENTED_EDGE('',*,*,#2266,.T.);
#1356=ORIENTED_EDGE('',*,*,#2263,.T.);
#1357=ORIENTED_EDGE('',*,*,#1747,.F.);
#1358=ORIENTED_EDGE('',*,*,#2242,.F.);
#1359=ORIENTED_EDGE('',*,*,#2267,.T.);
#1360=ORIENTED_EDGE('',*,*,#2265,.T.);
#1361=ORIENTED_EDGE('',*,*,#2268,.F.);
#1362=ORIENTED_EDGE('',*,*,#2203,.F.);
#1363=ORIENTED_EDGE('',*,*,#2269,.T.);
#1364=ORIENTED_EDGE('',*,*,#2238,.T.);
#1365=ORIENTED_EDGE('',*,*,#2241,.F.);
#1366=ORIENTED_EDGE('',*,*,#2244,.F.);
#1367=ORIENTED_EDGE('',*,*,#2246,.F.);
#1368=ORIENTED_EDGE('',*,*,#2248,.F.);
#1369=ORIENTED_EDGE('',*,*,#2250,.F.);
#1370=ORIENTED_EDGE('',*,*,#2252,.F.);
#1371=ORIENTED_EDGE('',*,*,#2254,.F.);
#1372=ORIENTED_EDGE('',*,*,#2256,.F.);
#1373=ORIENTED_EDGE('',*,*,#2258,.F.);
#1374=ORIENTED_EDGE('',*,*,#2260,.F.);
#1375=ORIENTED_EDGE('',*,*,#2262,.F.);
#1376=ORIENTED_EDGE('',*,*,#2264,.F.);
#1377=ORIENTED_EDGE('',*,*,#2266,.F.);
#1378=ORIENTED_EDGE('',*,*,#2267,.F.);
#1379=ORIENTED_EDGE('',*,*,#2202,.F.);
#1380=ORIENTED_EDGE('',*,*,#2206,.F.);
#1381=ORIENTED_EDGE('',*,*,#2209,.F.);
#1382=ORIENTED_EDGE('',*,*,#2212,.F.);
#1383=ORIENTED_EDGE('',*,*,#2215,.F.);
#1384=ORIENTED_EDGE('',*,*,#2218,.F.);
#1385=ORIENTED_EDGE('',*,*,#2221,.F.);
#1386=ORIENTED_EDGE('',*,*,#2224,.F.);
#1387=ORIENTED_EDGE('',*,*,#2227,.F.);
#1388=ORIENTED_EDGE('',*,*,#2230,.F.);
#1389=ORIENTED_EDGE('',*,*,#2233,.F.);
#1390=ORIENTED_EDGE('',*,*,#2236,.F.);
#1391=ORIENTED_EDGE('',*,*,#2239,.F.);
#1392=ORIENTED_EDGE('',*,*,#2269,.F.);
#1393=ORIENTED_EDGE('',*,*,#1742,.F.);
#1394=ORIENTED_EDGE('',*,*,#2270,.F.);
#1395=ORIENTED_EDGE('',*,*,#2271,.T.);
#1396=ORIENTED_EDGE('',*,*,#2272,.T.);
#1397=ORIENTED_EDGE('',*,*,#1741,.F.);
#1398=ORIENTED_EDGE('',*,*,#2273,.F.);
#1399=ORIENTED_EDGE('',*,*,#2274,.T.);
#1400=ORIENTED_EDGE('',*,*,#2270,.T.);
#1401=ORIENTED_EDGE('',*,*,#1744,.F.);
#1402=ORIENTED_EDGE('',*,*,#2275,.F.);
#1403=ORIENTED_EDGE('',*,*,#2276,.T.);
#1404=ORIENTED_EDGE('',*,*,#2273,.T.);
#1405=ORIENTED_EDGE('',*,*,#1743,.F.);
#1406=ORIENTED_EDGE('',*,*,#2272,.F.);
#1407=ORIENTED_EDGE('',*,*,#2277,.T.);
#1408=ORIENTED_EDGE('',*,*,#2275,.T.);
#1409=ORIENTED_EDGE('',*,*,#2271,.F.);
#1410=ORIENTED_EDGE('',*,*,#2274,.F.);
#1411=ORIENTED_EDGE('',*,*,#2276,.F.);
#1412=ORIENTED_EDGE('',*,*,#2277,.F.);
#1413=ORIENTED_EDGE('',*,*,#1732,.F.);
#1414=ORIENTED_EDGE('',*,*,#2278,.F.);
#1415=ORIENTED_EDGE('',*,*,#2279,.T.);
#1416=ORIENTED_EDGE('',*,*,#2280,.T.);
#1417=ORIENTED_EDGE('',*,*,#1731,.F.);
#1418=ORIENTED_EDGE('',*,*,#2281,.F.);
#1419=ORIENTED_EDGE('',*,*,#2282,.T.);
#1420=ORIENTED_EDGE('',*,*,#2278,.T.);
#1421=ORIENTED_EDGE('',*,*,#1740,.F.);
#1422=ORIENTED_EDGE('',*,*,#2283,.F.);
#1423=ORIENTED_EDGE('',*,*,#2284,.T.);
#1424=ORIENTED_EDGE('',*,*,#2281,.T.);
#1425=ORIENTED_EDGE('',*,*,#1739,.F.);
#1426=ORIENTED_EDGE('',*,*,#2285,.F.);
#1427=ORIENTED_EDGE('',*,*,#2286,.T.);
#1428=ORIENTED_EDGE('',*,*,#2283,.T.);
#1429=ORIENTED_EDGE('',*,*,#1738,.F.);
#1430=ORIENTED_EDGE('',*,*,#2287,.F.);
#1431=ORIENTED_EDGE('',*,*,#2288,.T.);
#1432=ORIENTED_EDGE('',*,*,#2285,.T.);
#1433=ORIENTED_EDGE('',*,*,#1737,.F.);
#1434=ORIENTED_EDGE('',*,*,#2289,.F.);
#1435=ORIENTED_EDGE('',*,*,#2290,.T.);
#1436=ORIENTED_EDGE('',*,*,#2287,.T.);
#1437=ORIENTED_EDGE('',*,*,#1736,.F.);
#1438=ORIENTED_EDGE('',*,*,#2291,.F.);
#1439=ORIENTED_EDGE('',*,*,#2292,.T.);
#1440=ORIENTED_EDGE('',*,*,#2289,.T.);
#1441=ORIENTED_EDGE('',*,*,#1735,.F.);
#1442=ORIENTED_EDGE('',*,*,#2293,.F.);
#1443=ORIENTED_EDGE('',*,*,#2294,.T.);
#1444=ORIENTED_EDGE('',*,*,#2291,.T.);
#1445=ORIENTED_EDGE('',*,*,#1734,.F.);
#1446=ORIENTED_EDGE('',*,*,#2295,.F.);
#1447=ORIENTED_EDGE('',*,*,#2296,.T.);
#1448=ORIENTED_EDGE('',*,*,#2293,.T.);
#1449=ORIENTED_EDGE('',*,*,#1733,.F.);
#1450=ORIENTED_EDGE('',*,*,#2280,.F.);
#1451=ORIENTED_EDGE('',*,*,#2297,.T.);
#1452=ORIENTED_EDGE('',*,*,#2295,.T.);
#1453=ORIENTED_EDGE('',*,*,#2279,.F.);
#1454=ORIENTED_EDGE('',*,*,#2282,.F.);
#1455=ORIENTED_EDGE('',*,*,#2284,.F.);
#1456=ORIENTED_EDGE('',*,*,#2286,.F.);
#1457=ORIENTED_EDGE('',*,*,#2288,.F.);
#1458=ORIENTED_EDGE('',*,*,#2290,.F.);
#1459=ORIENTED_EDGE('',*,*,#2292,.F.);
#1460=ORIENTED_EDGE('',*,*,#2294,.F.);
#1461=ORIENTED_EDGE('',*,*,#2296,.F.);
#1462=ORIENTED_EDGE('',*,*,#2297,.F.);
#1463=ORIENTED_EDGE('',*,*,#1722,.F.);
#1464=ORIENTED_EDGE('',*,*,#2298,.F.);
#1465=ORIENTED_EDGE('',*,*,#2299,.T.);
#1466=ORIENTED_EDGE('',*,*,#2300,.T.);
#1467=ORIENTED_EDGE('',*,*,#1721,.F.);
#1468=ORIENTED_EDGE('',*,*,#2301,.F.);
#1469=ORIENTED_EDGE('',*,*,#2302,.T.);
#1470=ORIENTED_EDGE('',*,*,#2298,.T.);
#1471=ORIENTED_EDGE('',*,*,#1730,.F.);
#1472=ORIENTED_EDGE('',*,*,#2303,.F.);
#1473=ORIENTED_EDGE('',*,*,#2304,.T.);
#1474=ORIENTED_EDGE('',*,*,#2301,.T.);
#1475=ORIENTED_EDGE('',*,*,#1729,.F.);
#1476=ORIENTED_EDGE('',*,*,#2305,.F.);
#1477=ORIENTED_EDGE('',*,*,#2306,.T.);
#1478=ORIENTED_EDGE('',*,*,#2303,.T.);
#1479=ORIENTED_EDGE('',*,*,#1728,.F.);
#1480=ORIENTED_EDGE('',*,*,#2307,.F.);
#1481=ORIENTED_EDGE('',*,*,#2308,.T.);
#1482=ORIENTED_EDGE('',*,*,#2305,.T.);
#1483=ORIENTED_EDGE('',*,*,#1727,.F.);
#1484=ORIENTED_EDGE('',*,*,#2309,.F.);
#1485=ORIENTED_EDGE('',*,*,#2310,.T.);
#1486=ORIENTED_EDGE('',*,*,#2307,.T.);
#1487=ORIENTED_EDGE('',*,*,#1726,.F.);
#1488=ORIENTED_EDGE('',*,*,#2311,.F.);
#1489=ORIENTED_EDGE('',*,*,#2312,.T.);
#1490=ORIENTED_EDGE('',*,*,#2309,.T.);
#1491=ORIENTED_EDGE('',*,*,#1725,.F.);
#1492=ORIENTED_EDGE('',*,*,#2313,.F.);
#1493=ORIENTED_EDGE('',*,*,#2314,.T.);
#1494=ORIENTED_EDGE('',*,*,#2311,.T.);
#1495=ORIENTED_EDGE('',*,*,#1724,.F.);
#1496=ORIENTED_EDGE('',*,*,#2315,.F.);
#1497=ORIENTED_EDGE('',*,*,#2316,.T.);
#1498=ORIENTED_EDGE('',*,*,#2313,.T.);
#1499=ORIENTED_EDGE('',*,*,#1723,.F.);
#1500=ORIENTED_EDGE('',*,*,#2300,.F.);
#1501=ORIENTED_EDGE('',*,*,#2317,.T.);
#1502=ORIENTED_EDGE('',*,*,#2315,.T.);
#1503=ORIENTED_EDGE('',*,*,#2299,.F.);
#1504=ORIENTED_EDGE('',*,*,#2302,.F.);
#1505=ORIENTED_EDGE('',*,*,#2304,.F.);
#1506=ORIENTED_EDGE('',*,*,#2306,.F.);
#1507=ORIENTED_EDGE('',*,*,#2308,.F.);
#1508=ORIENTED_EDGE('',*,*,#2310,.F.);
#1509=ORIENTED_EDGE('',*,*,#2312,.F.);
#1510=ORIENTED_EDGE('',*,*,#2314,.F.);
#1511=ORIENTED_EDGE('',*,*,#2316,.F.);
#1512=ORIENTED_EDGE('',*,*,#2317,.F.);
#1513=ORIENTED_EDGE('',*,*,#2318,.F.);
#1514=ORIENTED_EDGE('',*,*,#2319,.F.);
#1515=ORIENTED_EDGE('',*,*,#2320,.T.);
#1516=ORIENTED_EDGE('',*,*,#2321,.T.);
#1517=ORIENTED_EDGE('',*,*,#2322,.F.);
#1518=ORIENTED_EDGE('',*,*,#2323,.F.);
#1519=ORIENTED_EDGE('',*,*,#2324,.T.);
#1520=ORIENTED_EDGE('',*,*,#2319,.T.);
#1521=ORIENTED_EDGE('',*,*,#2325,.F.);
#1522=ORIENTED_EDGE('',*,*,#2326,.F.);
#1523=ORIENTED_EDGE('',*,*,#2327,.T.);
#1524=ORIENTED_EDGE('',*,*,#2323,.T.);
#1525=ORIENTED_EDGE('',*,*,#2328,.F.);
#1526=ORIENTED_EDGE('',*,*,#2329,.F.);
#1527=ORIENTED_EDGE('',*,*,#2330,.T.);
#1528=ORIENTED_EDGE('',*,*,#2326,.T.);
#1529=ORIENTED_EDGE('',*,*,#2331,.F.);
#1530=ORIENTED_EDGE('',*,*,#2332,.F.);
#1531=ORIENTED_EDGE('',*,*,#2333,.T.);
#1532=ORIENTED_EDGE('',*,*,#2329,.T.);
#1533=ORIENTED_EDGE('',*,*,#2334,.F.);
#1534=ORIENTED_EDGE('',*,*,#2335,.F.);
#1535=ORIENTED_EDGE('',*,*,#2336,.T.);
#1536=ORIENTED_EDGE('',*,*,#2332,.T.);
#1537=ORIENTED_EDGE('',*,*,#2337,.F.);
#1538=ORIENTED_EDGE('',*,*,#2338,.F.);
#1539=ORIENTED_EDGE('',*,*,#2339,.T.);
#1540=ORIENTED_EDGE('',*,*,#2335,.T.);
#1541=ORIENTED_EDGE('',*,*,#2340,.F.);
#1542=ORIENTED_EDGE('',*,*,#2341,.F.);
#1543=ORIENTED_EDGE('',*,*,#2342,.T.);
#1544=ORIENTED_EDGE('',*,*,#2338,.T.);
#1545=ORIENTED_EDGE('',*,*,#2343,.F.);
#1546=ORIENTED_EDGE('',*,*,#2344,.F.);
#1547=ORIENTED_EDGE('',*,*,#2345,.T.);
#1548=ORIENTED_EDGE('',*,*,#2341,.T.);
#1549=ORIENTED_EDGE('',*,*,#2346,.F.);
#1550=ORIENTED_EDGE('',*,*,#2347,.F.);
#1551=ORIENTED_EDGE('',*,*,#2348,.T.);
#1552=ORIENTED_EDGE('',*,*,#2344,.T.);
#1553=ORIENTED_EDGE('',*,*,#2349,.F.);
#1554=ORIENTED_EDGE('',*,*,#2350,.F.);
#1555=ORIENTED_EDGE('',*,*,#2351,.T.);
#1556=ORIENTED_EDGE('',*,*,#2347,.T.);
#1557=ORIENTED_EDGE('',*,*,#2352,.F.);
#1558=ORIENTED_EDGE('',*,*,#2353,.F.);
#1559=ORIENTED_EDGE('',*,*,#2354,.T.);
#1560=ORIENTED_EDGE('',*,*,#2350,.T.);
#1561=ORIENTED_EDGE('',*,*,#2355,.F.);
#1562=ORIENTED_EDGE('',*,*,#2356,.F.);
#1563=ORIENTED_EDGE('',*,*,#2357,.T.);
#1564=ORIENTED_EDGE('',*,*,#2353,.T.);
#1565=ORIENTED_EDGE('',*,*,#1810,.F.);
#1566=ORIENTED_EDGE('',*,*,#2358,.F.);
#1567=ORIENTED_EDGE('',*,*,#2359,.T.);
#1568=ORIENTED_EDGE('',*,*,#2360,.T.);
#1569=ORIENTED_EDGE('',*,*,#1809,.F.);
#1570=ORIENTED_EDGE('',*,*,#2361,.F.);
#1571=ORIENTED_EDGE('',*,*,#2362,.T.);
#1572=ORIENTED_EDGE('',*,*,#2358,.T.);
#1573=ORIENTED_EDGE('',*,*,#1822,.F.);
#1574=ORIENTED_EDGE('',*,*,#2363,.F.);
#1575=ORIENTED_EDGE('',*,*,#2364,.T.);
#1576=ORIENTED_EDGE('',*,*,#2361,.T.);
#1577=ORIENTED_EDGE('',*,*,#1821,.F.);
#1578=ORIENTED_EDGE('',*,*,#2365,.F.);
#1579=ORIENTED_EDGE('',*,*,#2366,.T.);
#1580=ORIENTED_EDGE('',*,*,#2363,.T.);
#1581=ORIENTED_EDGE('',*,*,#1820,.F.);
#1582=ORIENTED_EDGE('',*,*,#2367,.F.);
#1583=ORIENTED_EDGE('',*,*,#2368,.T.);
#1584=ORIENTED_EDGE('',*,*,#2365,.T.);
#1585=ORIENTED_EDGE('',*,*,#1819,.F.);
#1586=ORIENTED_EDGE('',*,*,#2369,.F.);
#1587=ORIENTED_EDGE('',*,*,#2370,.T.);
#1588=ORIENTED_EDGE('',*,*,#2367,.T.);
#1589=ORIENTED_EDGE('',*,*,#1818,.F.);
#1590=ORIENTED_EDGE('',*,*,#2371,.F.);
#1591=ORIENTED_EDGE('',*,*,#2372,.T.);
#1592=ORIENTED_EDGE('',*,*,#2369,.T.);
#1593=ORIENTED_EDGE('',*,*,#1817,.F.);
#1594=ORIENTED_EDGE('',*,*,#2373,.F.);
#1595=ORIENTED_EDGE('',*,*,#2374,.T.);
#1596=ORIENTED_EDGE('',*,*,#2371,.T.);
#1597=ORIENTED_EDGE('',*,*,#1816,.F.);
#1598=ORIENTED_EDGE('',*,*,#2375,.F.);
#1599=ORIENTED_EDGE('',*,*,#2376,.T.);
#1600=ORIENTED_EDGE('',*,*,#2373,.T.);
#1601=ORIENTED_EDGE('',*,*,#1815,.F.);
#1602=ORIENTED_EDGE('',*,*,#2377,.F.);
#1603=ORIENTED_EDGE('',*,*,#2378,.T.);
#1604=ORIENTED_EDGE('',*,*,#2375,.T.);
#1605=ORIENTED_EDGE('',*,*,#1814,.F.);
#1606=ORIENTED_EDGE('',*,*,#2379,.F.);
#1607=ORIENTED_EDGE('',*,*,#2380,.T.);
#1608=ORIENTED_EDGE('',*,*,#2377,.T.);
#1609=ORIENTED_EDGE('',*,*,#1813,.F.);
#1610=ORIENTED_EDGE('',*,*,#2381,.F.);
#1611=ORIENTED_EDGE('',*,*,#2382,.T.);
#1612=ORIENTED_EDGE('',*,*,#2379,.T.);
#1613=ORIENTED_EDGE('',*,*,#1812,.F.);
#1614=ORIENTED_EDGE('',*,*,#2383,.F.);
#1615=ORIENTED_EDGE('',*,*,#2384,.T.);
#1616=ORIENTED_EDGE('',*,*,#2381,.T.);
#1617=ORIENTED_EDGE('',*,*,#1811,.F.);
#1618=ORIENTED_EDGE('',*,*,#2360,.F.);
#1619=ORIENTED_EDGE('',*,*,#2385,.T.);
#1620=ORIENTED_EDGE('',*,*,#2383,.T.);
#1621=ORIENTED_EDGE('',*,*,#2386,.F.);
#1622=ORIENTED_EDGE('',*,*,#2321,.F.);
#1623=ORIENTED_EDGE('',*,*,#2387,.T.);
#1624=ORIENTED_EDGE('',*,*,#2356,.T.);
#1625=ORIENTED_EDGE('',*,*,#2359,.F.);
#1626=ORIENTED_EDGE('',*,*,#2362,.F.);
#1627=ORIENTED_EDGE('',*,*,#2364,.F.);
#1628=ORIENTED_EDGE('',*,*,#2366,.F.);
#1629=ORIENTED_EDGE('',*,*,#2368,.F.);
#1630=ORIENTED_EDGE('',*,*,#2370,.F.);
#1631=ORIENTED_EDGE('',*,*,#2372,.F.);
#1632=ORIENTED_EDGE('',*,*,#2374,.F.);
#1633=ORIENTED_EDGE('',*,*,#2376,.F.);
#1634=ORIENTED_EDGE('',*,*,#2378,.F.);
#1635=ORIENTED_EDGE('',*,*,#2380,.F.);
#1636=ORIENTED_EDGE('',*,*,#2382,.F.);
#1637=ORIENTED_EDGE('',*,*,#2384,.F.);
#1638=ORIENTED_EDGE('',*,*,#2385,.F.);
#1639=ORIENTED_EDGE('',*,*,#2320,.F.);
#1640=ORIENTED_EDGE('',*,*,#2324,.F.);
#1641=ORIENTED_EDGE('',*,*,#2327,.F.);
#1642=ORIENTED_EDGE('',*,*,#2330,.F.);
#1643=ORIENTED_EDGE('',*,*,#2333,.F.);
#1644=ORIENTED_EDGE('',*,*,#2336,.F.);
#1645=ORIENTED_EDGE('',*,*,#2339,.F.);
#1646=ORIENTED_EDGE('',*,*,#2342,.F.);
#1647=ORIENTED_EDGE('',*,*,#2345,.F.);
#1648=ORIENTED_EDGE('',*,*,#2348,.F.);
#1649=ORIENTED_EDGE('',*,*,#2351,.F.);
#1650=ORIENTED_EDGE('',*,*,#2354,.F.);
#1651=ORIENTED_EDGE('',*,*,#2357,.F.);
#1652=ORIENTED_EDGE('',*,*,#2387,.F.);
#1653=ORIENTED_EDGE('',*,*,#2204,.T.);
#1654=ORIENTED_EDGE('',*,*,#2200,.T.);
#1655=ORIENTED_EDGE('',*,*,#2268,.T.);
#1656=ORIENTED_EDGE('',*,*,#2237,.T.);
#1657=ORIENTED_EDGE('',*,*,#2234,.T.);
#1658=ORIENTED_EDGE('',*,*,#2231,.T.);
#1659=ORIENTED_EDGE('',*,*,#2228,.T.);
#1660=ORIENTED_EDGE('',*,*,#2225,.T.);
#1661=ORIENTED_EDGE('',*,*,#2222,.T.);
#1662=ORIENTED_EDGE('',*,*,#2219,.T.);
#1663=ORIENTED_EDGE('',*,*,#2216,.T.);
#1664=ORIENTED_EDGE('',*,*,#2213,.T.);
#1665=ORIENTED_EDGE('',*,*,#2210,.T.);
#1666=ORIENTED_EDGE('',*,*,#2207,.T.);
#1667=ORIENTED_EDGE('',*,*,#2322,.T.);
#1668=ORIENTED_EDGE('',*,*,#2318,.T.);
#1669=ORIENTED_EDGE('',*,*,#2386,.T.);
#1670=ORIENTED_EDGE('',*,*,#2355,.T.);
#1671=ORIENTED_EDGE('',*,*,#2352,.T.);
#1672=ORIENTED_EDGE('',*,*,#2349,.T.);
#1673=ORIENTED_EDGE('',*,*,#2346,.T.);
#1674=ORIENTED_EDGE('',*,*,#2343,.T.);
#1675=ORIENTED_EDGE('',*,*,#2340,.T.);
#1676=ORIENTED_EDGE('',*,*,#2337,.T.);
#1677=ORIENTED_EDGE('',*,*,#2334,.T.);
#1678=ORIENTED_EDGE('',*,*,#2331,.T.);
#1679=ORIENTED_EDGE('',*,*,#2328,.T.);
#1680=ORIENTED_EDGE('',*,*,#2325,.T.);
#1681=ORIENTED_EDGE('',*,*,#1966,.F.);
#1682=ORIENTED_EDGE('',*,*,#2388,.F.);
#1683=ORIENTED_EDGE('',*,*,#2389,.F.);
#1684=ORIENTED_EDGE('',*,*,#2390,.T.);
#1685=ORIENTED_EDGE('',*,*,#2391,.T.);
#1686=ORIENTED_EDGE('',*,*,#1968,.T.);
#1687=ORIENTED_EDGE('',*,*,#2392,.F.);
#1688=ORIENTED_EDGE('',*,*,#2393,.T.);
#1689=ORIENTED_EDGE('',*,*,#1967,.F.);
#1690=ORIENTED_EDGE('',*,*,#2390,.F.);
#1691=ORIENTED_EDGE('',*,*,#2394,.T.);
#1692=ORIENTED_EDGE('',*,*,#2392,.T.);
#1693=ORIENTED_EDGE('',*,*,#2388,.T.);
#1694=ORIENTED_EDGE('',*,*,#1969,.T.);
#1695=ORIENTED_EDGE('',*,*,#2391,.F.);
#1696=ORIENTED_EDGE('',*,*,#2395,.F.);
#1697=ORIENTED_EDGE('',*,*,#2395,.T.);
#1698=ORIENTED_EDGE('',*,*,#2393,.F.);
#1699=ORIENTED_EDGE('',*,*,#2394,.F.);
#1700=ORIENTED_EDGE('',*,*,#2389,.T.);
#1701=ORIENTED_EDGE('',*,*,#2396,.T.);
#1702=ORIENTED_EDGE('',*,*,#1953,.T.);
#1703=ORIENTED_EDGE('',*,*,#2397,.F.);
#1704=ORIENTED_EDGE('',*,*,#2398,.F.);
#1705=ORIENTED_EDGE('',*,*,#2399,.F.);
#1706=ORIENTED_EDGE('',*,*,#2400,.F.);
#1707=ORIENTED_EDGE('',*,*,#2401,.T.);
#1708=ORIENTED_EDGE('',*,*,#2398,.T.);
#1709=ORIENTED_EDGE('',*,*,#1951,.F.);
#1710=ORIENTED_EDGE('',*,*,#2402,.F.);
#1711=ORIENTED_EDGE('',*,*,#2400,.T.);
#1712=ORIENTED_EDGE('',*,*,#2403,.T.);
#1713=ORIENTED_EDGE('',*,*,#2402,.T.);
#1714=ORIENTED_EDGE('',*,*,#1950,.T.);
#1715=ORIENTED_EDGE('',*,*,#2396,.F.);
#1716=ORIENTED_EDGE('',*,*,#2401,.F.);
#1717=ORIENTED_EDGE('',*,*,#1952,.F.);
#1718=ORIENTED_EDGE('',*,*,#2403,.F.);
#1719=ORIENTED_EDGE('',*,*,#2399,.T.);
#1720=ORIENTED_EDGE('',*,*,#2397,.T.);
#1721=EDGE_CURVE('',#2404,#2405,#2868,.T.);
#1722=EDGE_CURVE('',#2405,#2406,#2869,.T.);
#1723=EDGE_CURVE('',#2406,#2407,#2870,.T.);
#1724=EDGE_CURVE('',#2407,#2408,#2871,.T.);
#1725=EDGE_CURVE('',#2408,#2409,#2872,.T.);
#1726=EDGE_CURVE('',#2409,#2410,#2873,.T.);
#1727=EDGE_CURVE('',#2410,#2411,#2874,.T.);
#1728=EDGE_CURVE('',#2411,#2412,#2875,.T.);
#1729=EDGE_CURVE('',#2412,#2413,#2876,.T.);
#1730=EDGE_CURVE('',#2413,#2404,#2877,.T.);
#1731=EDGE_CURVE('',#2414,#2415,#2878,.T.);
#1732=EDGE_CURVE('',#2415,#2416,#2879,.T.);
#1733=EDGE_CURVE('',#2416,#2417,#2880,.T.);
#1734=EDGE_CURVE('',#2417,#2418,#2881,.T.);
#1735=EDGE_CURVE('',#2418,#2419,#2882,.T.);
#1736=EDGE_CURVE('',#2419,#2420,#2883,.T.);
#1737=EDGE_CURVE('',#2420,#2421,#2884,.T.);
#1738=EDGE_CURVE('',#2421,#2422,#2885,.T.);
#1739=EDGE_CURVE('',#2422,#2423,#2886,.T.);
#1740=EDGE_CURVE('',#2423,#2414,#2887,.T.);
#1741=EDGE_CURVE('',#2424,#2425,#2888,.T.);
#1742=EDGE_CURVE('',#2425,#2426,#2889,.T.);
#1743=EDGE_CURVE('',#2426,#2427,#2890,.T.);
#1744=EDGE_CURVE('',#2427,#2424,#2891,.T.);
#1745=EDGE_CURVE('',#2428,#2429,#267,.T.);
#1746=EDGE_CURVE('',#2429,#2430,#268,.T.);
#1747=EDGE_CURVE('',#2430,#2431,#269,.T.);
#1748=EDGE_CURVE('',#2431,#2432,#270,.T.);
#1749=EDGE_CURVE('',#2432,#2433,#2892,.T.);
#1750=EDGE_CURVE('',#2433,#2434,#271,.T.);
#1751=EDGE_CURVE('',#2434,#2435,#272,.T.);
#1752=EDGE_CURVE('',#2435,#2436,#273,.T.);
#1753=EDGE_CURVE('',#2436,#2437,#274,.T.);
#1754=EDGE_CURVE('',#2437,#2438,#140,.F.);
#1755=EDGE_CURVE('',#2438,#2439,#275,.T.);
#1756=EDGE_CURVE('',#2439,#2440,#2893,.T.);
#1757=EDGE_CURVE('',#2440,#2441,#276,.T.);
#1758=EDGE_CURVE('',#2441,#2428,#277,.T.);
#1759=EDGE_CURVE('',#2442,#2443,#2894,.T.);
#1760=EDGE_CURVE('',#2444,#2442,#141,.T.);
#1761=EDGE_CURVE('',#2445,#2444,#2895,.T.);
#1762=EDGE_CURVE('',#2446,#2445,#2896,.T.);
#1763=EDGE_CURVE('',#2446,#2447,#2897,.T.);
#1764=EDGE_CURVE('',#2447,#2448,#2898,.T.);
#1765=EDGE_CURVE('',#2448,#2449,#2899,.T.);
#1766=EDGE_CURVE('',#2449,#2450,#142,.T.);
#1767=EDGE_CURVE('',#2451,#2450,#2900,.T.);
#1768=EDGE_CURVE('',#2452,#2451,#2901,.T.);
#1769=EDGE_CURVE('',#2453,#2452,#2902,.T.);
#1770=EDGE_CURVE('',#2454,#2453,#2903,.T.);
#1771=EDGE_CURVE('',#2454,#2455,#2904,.T.);
#1772=EDGE_CURVE('',#2456,#2455,#2905,.T.);
#1773=EDGE_CURVE('',#2456,#2457,#2906,.T.);
#1774=EDGE_CURVE('',#2457,#2458,#143,.T.);
#1775=EDGE_CURVE('',#2459,#2458,#2907,.T.);
#1776=EDGE_CURVE('',#2460,#2459,#2908,.T.);
#1777=EDGE_CURVE('',#2461,#2460,#2909,.T.);
#1778=EDGE_CURVE('',#2461,#2462,#2910,.T.);
#1779=EDGE_CURVE('',#2463,#2462,#2911,.T.);
#1780=EDGE_CURVE('',#2464,#2463,#2912,.T.);
#1781=EDGE_CURVE('',#2465,#2464,#2913,.T.);
#1782=EDGE_CURVE('',#2466,#2465,#144,.T.);
#1783=EDGE_CURVE('',#2467,#2466,#2914,.T.);
#1784=EDGE_CURVE('',#2468,#2467,#145,.T.);
#1785=EDGE_CURVE('',#2468,#2469,#2915,.T.);
#1786=EDGE_CURVE('',#2469,#2470,#2916,.T.);
#1787=EDGE_CURVE('',#2470,#2471,#2917,.T.);
#1788=EDGE_CURVE('',#2471,#2472,#2918,.T.);
#1789=EDGE_CURVE('',#2443,#2472,#2919,.T.);
#1790=EDGE_CURVE('',#2473,#2473,#146,.F.);
#1791=EDGE_CURVE('',#2474,#2474,#147,.F.);
#1792=EDGE_CURVE('',#2475,#2475,#148,.F.);
#1793=EDGE_CURVE('',#2476,#2476,#149,.F.);
#1794=EDGE_CURVE('',#2477,#2477,#150,.T.);
#1795=EDGE_CURVE('',#2478,#2479,#2920,.T.);
#1796=EDGE_CURVE('',#2479,#2480,#278,.T.);
#1797=EDGE_CURVE('',#2480,#2481,#2921,.F.);
#1798=EDGE_CURVE('',#2481,#2478,#2922,.T.);
#1799=EDGE_CURVE('',#2482,#2483,#2923,.T.);
#1800=EDGE_CURVE('',#2483,#2484,#2924,.T.);
#1801=EDGE_CURVE('',#2484,#2485,#2925,.T.);
#1802=EDGE_CURVE('',#2485,#2486,#2926,.T.);
#1803=EDGE_CURVE('',#2486,#2487,#2927,.T.);
#1804=EDGE_CURVE('',#2487,#2488,#2928,.T.);
#1805=EDGE_CURVE('',#2488,#2489,#2929,.T.);
#1806=EDGE_CURVE('',#2489,#2490,#2930,.T.);
#1807=EDGE_CURVE('',#2490,#2491,#2931,.T.);
#1808=EDGE_CURVE('',#2491,#2482,#2932,.T.);
#1809=EDGE_CURVE('',#2492,#2493,#279,.T.);
#1810=EDGE_CURVE('',#2493,#2494,#280,.T.);
#1811=EDGE_CURVE('',#2494,#2495,#281,.T.);
#1812=EDGE_CURVE('',#2495,#2496,#282,.T.);
#1813=EDGE_CURVE('',#2496,#2497,#2933,.T.);
#1814=EDGE_CURVE('',#2497,#2498,#283,.T.);
#1815=EDGE_CURVE('',#2498,#2499,#284,.T.);
#1816=EDGE_CURVE('',#2499,#2500,#285,.T.);
#1817=EDGE_CURVE('',#2500,#2501,#286,.T.);
#1818=EDGE_CURVE('',#2501,#2502,#151,.F.);
#1819=EDGE_CURVE('',#2502,#2503,#287,.T.);
#1820=EDGE_CURVE('',#2503,#2504,#2934,.T.);
#1821=EDGE_CURVE('',#2504,#2505,#288,.T.);
#1822=EDGE_CURVE('',#2505,#2492,#289,.T.);
#1823=EDGE_CURVE('',#2506,#2507,#2935,.F.);
#1824=EDGE_CURVE('',#2507,#2508,#152,.F.);
#1825=EDGE_CURVE('',#2508,#2509,#2936,.T.);
#1826=EDGE_CURVE('',#2509,#2506,#153,.F.);
#1827=EDGE_CURVE('',#2510,#2511,#2937,.T.);
#1828=EDGE_CURVE('',#2510,#2512,#154,.F.);
#1829=EDGE_CURVE('',#2512,#2513,#2938,.F.);
#1830=EDGE_CURVE('',#2513,#2511,#155,.F.);
#1831=EDGE_CURVE('',#2514,#2515,#2939,.T.);
#1832=EDGE_CURVE('',#2514,#2516,#156,.F.);
#1833=EDGE_CURVE('',#2516,#2517,#2940,.T.);
#1834=EDGE_CURVE('',#2517,#2515,#157,.F.);
#1835=EDGE_CURVE('',#2508,#2518,#2941,.T.);
#1836=EDGE_CURVE('',#2518,#2519,#2942,.T.);
#1837=EDGE_CURVE('',#2519,#2509,#2943,.F.);
#1838=EDGE_CURVE('',#2510,#2520,#2944,.T.);
#1839=EDGE_CURVE('',#2521,#2511,#2945,.F.);
#1840=EDGE_CURVE('',#2520,#2521,#2946,.T.);
#1841=EDGE_CURVE('',#2514,#2522,#2947,.T.);
#1842=EDGE_CURVE('',#2523,#2515,#2948,.F.);
#1843=EDGE_CURVE('',#2522,#2523,#2949,.T.);
#1844=EDGE_CURVE('',#2524,#2525,#2950,.T.);
#1845=EDGE_CURVE('',#2525,#2526,#2951,.F.);
#1846=EDGE_CURVE('',#2527,#2526,#2952,.T.);
#1847=EDGE_CURVE('',#2527,#2524,#2953,.T.);
#1848=EDGE_CURVE('',#2528,#2529,#2954,.T.);
#1849=EDGE_CURVE('',#2528,#2530,#290,.T.);
#1850=EDGE_CURVE('',#2531,#2530,#158,.T.);
#1851=EDGE_CURVE('',#2532,#2531,#2955,.F.);
#1852=EDGE_CURVE('',#2533,#2532,#159,.T.);
#1853=EDGE_CURVE('',#2533,#2529,#291,.T.);
#1854=EDGE_CURVE('',#2530,#2534,#160,.T.);
#1855=EDGE_CURVE('',#2535,#2534,#161,.T.);
#1856=EDGE_CURVE('',#2531,#2535,#162,.T.);
#1857=EDGE_CURVE('',#2536,#2537,#163,.T.);
#1858=EDGE_CURVE('',#2536,#2533,#164,.T.);
#1859=EDGE_CURVE('',#2537,#2532,#165,.F.);
#1860=EDGE_CURVE('',#2516,#2538,#292,.T.);
#1861=EDGE_CURVE('',#2539,#2538,#166,.T.);
#1862=EDGE_CURVE('',#2535,#2539,#2956,.F.);
#1863=EDGE_CURVE('',#2534,#2517,#293,.T.);
#1864=EDGE_CURVE('',#2540,#2541,#167,.T.);
#1865=EDGE_CURVE('',#2540,#2507,#294,.T.);
#1866=EDGE_CURVE('',#2506,#2536,#295,.T.);
#1867=EDGE_CURVE('',#2541,#2537,#2957,.T.);
#1868=EDGE_CURVE('',#2538,#2542,#168,.T.);
#1869=EDGE_CURVE('',#2543,#2542,#169,.F.);
#1870=EDGE_CURVE('',#2543,#2539,#170,.T.);
#1871=EDGE_CURVE('',#2544,#2545,#171,.F.);
#1872=EDGE_CURVE('',#2544,#2540,#172,.T.);
#1873=EDGE_CURVE('',#2541,#2545,#173,.T.);
#1874=EDGE_CURVE('',#2512,#2544,#296,.T.);
#1875=EDGE_CURVE('',#2543,#2545,#2958,.T.);
#1876=EDGE_CURVE('',#2542,#2513,#297,.T.);
#1877=EDGE_CURVE('',#2546,#2546,#174,.F.);
#1878=EDGE_CURVE('',#2547,#2547,#175,.F.);
#1879=EDGE_CURVE('',#2548,#2549,#2959,.F.);
#1880=EDGE_CURVE('',#2549,#2550,#2960,.F.);
#1881=EDGE_CURVE('',#2550,#2551,#2961,.T.);
#1882=EDGE_CURVE('',#2551,#2548,#2962,.T.);
#1883=EDGE_CURVE('',#2552,#2552,#176,.T.);
#1884=EDGE_CURVE('',#2553,#2553,#177,.T.);
#1885=EDGE_CURVE('',#2554,#2554,#178,.T.);
#1886=EDGE_CURVE('',#2555,#2556,#2963,.T.);
#1887=EDGE_CURVE('',#2556,#2557,#2964,.F.);
#1888=EDGE_CURVE('',#2557,#2558,#2965,.F.);
#1889=EDGE_CURVE('',#2558,#2555,#2966,.T.);
#1890=EDGE_CURVE('',#2559,#2560,#2967,.F.);
#1891=EDGE_CURVE('',#2561,#2560,#298,.T.);
#1892=EDGE_CURVE('',#2561,#2562,#2968,.T.);
#1893=EDGE_CURVE('',#2562,#2559,#2969,.F.);
#1894=EDGE_CURVE('',#2563,#2465,#2970,.T.);
#1895=EDGE_CURVE('',#2563,#2564,#179,.F.);
#1896=EDGE_CURVE('',#2564,#2466,#2971,.T.);
#1897=EDGE_CURVE('',#2565,#2565,#180,.T.);
#1898=EDGE_CURVE('',#2566,#2567,#181,.T.);
#1899=EDGE_CURVE('',#2567,#2468,#2972,.T.);
#1900=EDGE_CURVE('',#2566,#2467,#2973,.T.);
#1901=EDGE_CURVE('',#2568,#2568,#182,.T.);
#1902=EDGE_CURVE('',#2569,#2570,#183,.T.);
#1903=EDGE_CURVE('',#2570,#2444,#2974,.T.);
#1904=EDGE_CURVE('',#2569,#2442,#2975,.T.);
#1905=EDGE_CURVE('',#2526,#2528,#184,.F.);
#1906=EDGE_CURVE('',#2529,#2527,#185,.F.);
#1907=EDGE_CURVE('',#2571,#2571,#186,.T.);
#1908=EDGE_CURVE('',#2572,#2572,#187,.T.);
#1909=EDGE_CURVE('',#2573,#2573,#188,.T.);
#1910=EDGE_CURVE('',#2574,#2574,#189,.T.);
#1911=EDGE_CURVE('',#2575,#2575,#190,.T.);
#1912=EDGE_CURVE('',#2576,#2576,#191,.T.);
#1913=EDGE_CURVE('',#2577,#2578,#2976,.T.);
#1914=EDGE_CURVE('',#2577,#2579,#2977,.T.);
#1915=EDGE_CURVE('',#2580,#2579,#2978,.T.);
#1916=EDGE_CURVE('',#2578,#2580,#2979,.T.);
#1917=EDGE_CURVE('',#2581,#2582,#2980,.T.);
#1918=EDGE_CURVE('',#2583,#2581,#2981,.T.);
#1919=EDGE_CURVE('',#2583,#2584,#2982,.T.);
#1920=EDGE_CURVE('',#2584,#2585,#2983,.T.);
#1921=EDGE_CURVE('',#2586,#2585,#2984,.T.);
#1922=EDGE_CURVE('',#2586,#2587,#2985,.T.);
#1923=EDGE_CURVE('',#2587,#2588,#2986,.T.);
#1924=EDGE_CURVE('',#2588,#2589,#2987,.T.);
#1925=EDGE_CURVE('',#2590,#2589,#2988,.T.);
#1926=EDGE_CURVE('',#2591,#2590,#2989,.T.);
#1927=EDGE_CURVE('',#2591,#2592,#2990,.T.);
#1928=EDGE_CURVE('',#2582,#2592,#2991,.T.);
#1929=EDGE_CURVE('',#2578,#2581,#2992,.T.);
#1930=EDGE_CURVE('',#2580,#2583,#2993,.T.);
#1931=EDGE_CURVE('',#2593,#2535,#2994,.F.);
#1932=EDGE_CURVE('',#2539,#2594,#2995,.T.);
#1933=EDGE_CURVE('',#2594,#2595,#2996,.T.);
#1934=EDGE_CURVE('',#2595,#2596,#2997,.T.);
#1935=EDGE_CURVE('',#2596,#2597,#192,.T.);
#1936=EDGE_CURVE('',#2597,#2598,#2998,.T.);
#1937=EDGE_CURVE('',#2598,#2599,#193,.T.);
#1938=EDGE_CURVE('',#2600,#2599,#2999,.T.);
#1939=EDGE_CURVE('',#2600,#2593,#3000,.T.);
#1940=EDGE_CURVE('',#2601,#2602,#3001,.T.);
#1941=EDGE_CURVE('',#2602,#2603,#3002,.T.);
#1942=EDGE_CURVE('',#2603,#2604,#3003,.T.);
#1943=EDGE_CURVE('',#2604,#2601,#3004,.T.);
#1944=EDGE_CURVE('',#2545,#2605,#3005,.T.);
#1945=EDGE_CURVE('',#2606,#2605,#3006,.T.);
#1946=EDGE_CURVE('',#2606,#2543,#3007,.F.);
#1947=EDGE_CURVE('',#2607,#2532,#3008,.F.);
#1948=EDGE_CURVE('',#2531,#2608,#3009,.T.);
#1949=EDGE_CURVE('',#2608,#2607,#3010,.T.);
#1950=EDGE_CURVE('',#2609,#2610,#3011,.T.);
#1951=EDGE_CURVE('',#2609,#2611,#3012,.T.);
#1952=EDGE_CURVE('',#2611,#2612,#3013,.T.);
#1953=EDGE_CURVE('',#2610,#2612,#3014,.T.);
#1954=EDGE_CURVE('',#2588,#2613,#3015,.T.);
#1955=EDGE_CURVE('',#2587,#2614,#3016,.T.);
#1956=EDGE_CURVE('',#2614,#2615,#299,.T.);
#1957=EDGE_CURVE('',#2615,#2616,#3017,.T.);
#1958=EDGE_CURVE('',#2616,#2613,#3018,.T.);
#1959=EDGE_CURVE('',#2589,#2617,#3019,.T.);
#1960=EDGE_CURVE('',#2618,#2617,#3020,.T.);
#1961=EDGE_CURVE('',#2590,#2618,#3021,.T.);
#1962=EDGE_CURVE('',#2617,#2619,#3022,.T.);
#1963=EDGE_CURVE('',#2619,#2620,#3023,.T.);
#1964=EDGE_CURVE('',#2618,#2620,#3024,.T.);
#1965=EDGE_CURVE('',#2579,#2584,#3025,.T.);
#1966=EDGE_CURVE('',#2621,#2622,#3026,.T.);
#1967=EDGE_CURVE('',#2622,#2623,#3027,.T.);
#1968=EDGE_CURVE('',#2624,#2623,#3028,.T.);
#1969=EDGE_CURVE('',#2621,#2624,#3029,.T.);
#1970=EDGE_CURVE('',#2585,#2625,#3030,.T.);
#1971=EDGE_CURVE('',#2626,#2625,#3031,.T.);
#1972=EDGE_CURVE('',#2627,#2626,#3032,.T.);
#1973=EDGE_CURVE('',#2627,#2628,#300,.T.);
#1974=EDGE_CURVE('',#2586,#2628,#3033,.T.);
#1975=EDGE_CURVE('',#2629,#2630,#3034,.T.);
#1976=EDGE_CURVE('',#2630,#2602,#194,.T.);
#1977=EDGE_CURVE('',#2601,#2631,#3035,.T.);
#1978=EDGE_CURVE('',#2631,#2613,#3036,.T.);
#1979=EDGE_CURVE('',#2616,#2626,#3037,.T.);
#1980=EDGE_CURVE('',#2625,#2632,#3038,.T.);
#1981=EDGE_CURVE('',#2633,#2632,#3039,.T.);
#1982=EDGE_CURVE('',#2634,#2633,#3040,.T.);
#1983=EDGE_CURVE('',#2634,#2635,#195,.T.);
#1984=EDGE_CURVE('',#2635,#2636,#3041,.T.);
#1985=EDGE_CURVE('',#2636,#2637,#196,.T.);
#1986=EDGE_CURVE('',#2637,#2638,#3042,.T.);
#1987=EDGE_CURVE('',#2638,#2629,#197,.T.);
#1988=EDGE_CURVE('',#2632,#2639,#3043,.T.);
#1989=EDGE_CURVE('',#2640,#2639,#3044,.T.);
#1990=EDGE_CURVE('',#2633,#2640,#3045,.T.);
#1991=EDGE_CURVE('',#2603,#2641,#198,.T.);
#1992=EDGE_CURVE('',#2641,#2642,#3046,.T.);
#1993=EDGE_CURVE('',#2642,#2643,#199,.T.);
#1994=EDGE_CURVE('',#2640,#2643,#3047,.T.);
#1995=EDGE_CURVE('',#2639,#2644,#3048,.T.);
#1996=EDGE_CURVE('',#2604,#2644,#3049,.T.);
#1997=EDGE_CURVE('',#2644,#2631,#3050,.T.);
#1998=EDGE_CURVE('',#2645,#2541,#3051,.F.);
#1999=EDGE_CURVE('',#2537,#2646,#3052,.T.);
#2000=EDGE_CURVE('',#2645,#2646,#3053,.T.);
#2001=EDGE_CURVE('',#2647,#2648,#200,.T.);
#2002=EDGE_CURVE('',#2649,#2647,#3054,.T.);
#2003=EDGE_CURVE('',#2650,#2649,#201,.T.);
#2004=EDGE_CURVE('',#2651,#2650,#3055,.T.);
#2005=EDGE_CURVE('',#2652,#2651,#202,.T.);
#2006=EDGE_CURVE('',#2653,#2652,#3056,.T.);
#2007=EDGE_CURVE('',#2654,#2653,#203,.T.);
#2008=EDGE_CURVE('',#2648,#2654,#3057,.T.);
#2009=EDGE_CURVE('',#2655,#2655,#204,.T.);
#2010=EDGE_CURVE('',#2656,#2656,#205,.T.);
#2011=EDGE_CURVE('',#2657,#2657,#206,.T.);
#2012=EDGE_CURVE('',#2658,#2658,#207,.T.);
#2013=EDGE_CURVE('',#2605,#2645,#208,.F.);
#2014=EDGE_CURVE('',#2646,#2607,#209,.F.);
#2015=EDGE_CURVE('',#2608,#2593,#210,.F.);
#2016=EDGE_CURVE('',#2659,#2600,#3058,.T.);
#2017=EDGE_CURVE('',#2660,#2659,#3059,.T.);
#2018=EDGE_CURVE('',#2660,#2619,#3060,.T.);
#2019=EDGE_CURVE('',#2661,#2577,#3061,.T.);
#2020=EDGE_CURVE('',#2662,#2661,#3062,.T.);
#2021=EDGE_CURVE('',#2662,#2595,#3063,.T.);
#2022=EDGE_CURVE('',#2594,#2606,#211,.F.);
#2023=EDGE_CURVE('',#2620,#2591,#3064,.T.);
#2024=EDGE_CURVE('',#2643,#2634,#3065,.F.);
#2025=EDGE_CURVE('',#2636,#2647,#3066,.T.);
#2026=EDGE_CURVE('',#2637,#2648,#3067,.T.);
#2027=EDGE_CURVE('',#2638,#2654,#3068,.T.);
#2028=EDGE_CURVE('',#2629,#2653,#3069,.T.);
#2029=EDGE_CURVE('',#2630,#2652,#3070,.T.);
#2030=EDGE_CURVE('',#2641,#2651,#3071,.T.);
#2031=EDGE_CURVE('',#2642,#2650,#3072,.T.);
#2032=EDGE_CURVE('',#2635,#2649,#3073,.T.);
#2033=EDGE_CURVE('',#2663,#2664,#3074,.T.);
#2034=EDGE_CURVE('',#2663,#2665,#3075,.T.);
#2035=EDGE_CURVE('',#2665,#2666,#3076,.T.);
#2036=EDGE_CURVE('',#2664,#2666,#3077,.T.);
#2037=EDGE_CURVE('',#2667,#2668,#3078,.T.);
#2038=EDGE_CURVE('',#2667,#2663,#3079,.F.);
#2039=EDGE_CURVE('',#2664,#2668,#3080,.T.);
#2040=EDGE_CURVE('',#2669,#2670,#3081,.T.);
#2041=EDGE_CURVE('',#2669,#2667,#3082,.F.);
#2042=EDGE_CURVE('',#2668,#2670,#3083,.T.);
#2043=EDGE_CURVE('',#2671,#2672,#3084,.T.);
#2044=EDGE_CURVE('',#2671,#2673,#3085,.T.);
#2045=EDGE_CURVE('',#2673,#2674,#3086,.T.);
#2046=EDGE_CURVE('',#2672,#2674,#3087,.T.);
#2047=EDGE_CURVE('',#2675,#2676,#3088,.T.);
#2048=EDGE_CURVE('',#2675,#2671,#3089,.F.);
#2049=EDGE_CURVE('',#2672,#2676,#3090,.T.);
#2050=EDGE_CURVE('',#2677,#2678,#3091,.T.);
#2051=EDGE_CURVE('',#2677,#2675,#3092,.F.);
#2052=EDGE_CURVE('',#2676,#2678,#3093,.T.);
#2053=EDGE_CURVE('',#2673,#2677,#3094,.T.);
#2054=EDGE_CURVE('',#2674,#2678,#3095,.T.);
#2055=EDGE_CURVE('',#2679,#2679,#212,.F.);
#2056=EDGE_CURVE('',#2680,#2680,#213,.T.);
#2057=EDGE_CURVE('',#2681,#2681,#214,.T.);
#2058=EDGE_CURVE('',#2682,#2682,#215,.T.);
#2059=EDGE_CURVE('',#2683,#2683,#216,.T.);
#2060=EDGE_CURVE('',#2684,#2684,#217,.T.);
#2061=EDGE_CURVE('',#2685,#2685,#218,.T.);
#2062=EDGE_CURVE('',#2686,#2686,#219,.T.);
#2063=EDGE_CURVE('',#2687,#2687,#220,.T.);
#2064=EDGE_CURVE('',#2688,#2688,#221,.T.);
#2065=EDGE_CURVE('',#2689,#2689,#222,.T.);
#2066=EDGE_CURVE('',#2690,#2690,#223,.T.);
#2067=EDGE_CURVE('',#2691,#2691,#224,.T.);
#2068=EDGE_CURVE('',#2665,#2669,#3096,.T.);
#2069=EDGE_CURVE('',#2666,#2670,#3097,.T.);
#2070=EDGE_CURVE('',#2692,#2692,#225,.T.);
#2071=EDGE_CURVE('',#2693,#2693,#226,.T.);
#2072=EDGE_CURVE('',#2694,#2694,#227,.T.);
#2073=EDGE_CURVE('',#2628,#2627,#228,.T.);
#2074=EDGE_CURVE('',#2615,#2614,#229,.T.);
#2075=EDGE_CURVE('',#2548,#2669,#59,.F.);
#2076=EDGE_CURVE('',#2667,#2551,#60,.T.);
#2077=EDGE_CURVE('',#2663,#2550,#61,.T.);
#2078=EDGE_CURVE('',#2549,#2665,#62,.F.);
#2079=EDGE_CURVE('',#2695,#2582,#3098,.T.);
#2080=EDGE_CURVE('',#2661,#2695,#3099,.T.);
#2081=EDGE_CURVE('',#2696,#2592,#3100,.T.);
#2082=EDGE_CURVE('',#2695,#2696,#3101,.T.);
#2083=EDGE_CURVE('',#2660,#2696,#3102,.T.);
#2084=EDGE_CURVE('',#2599,#2697,#3103,.F.);
#2085=EDGE_CURVE('',#2659,#2697,#3104,.T.);
#2086=EDGE_CURVE('',#2597,#2698,#3105,.F.);
#2087=EDGE_CURVE('',#2698,#2699,#3106,.T.);
#2088=EDGE_CURVE('',#2699,#2598,#3107,.T.);
#2089=EDGE_CURVE('',#2662,#2700,#3108,.T.);
#2090=EDGE_CURVE('',#2700,#2596,#3109,.T.);
#2091=EDGE_CURVE('',#2698,#2700,#230,.T.);
#2092=EDGE_CURVE('',#2697,#2699,#231,.T.);
#2093=EDGE_CURVE('',#2701,#2701,#232,.T.);
#2094=EDGE_CURVE('',#2702,#2702,#233,.T.);
#2095=EDGE_CURVE('',#2703,#2703,#234,.T.);
#2096=EDGE_CURVE('',#2704,#2704,#235,.T.);
#2097=EDGE_CURVE('',#2705,#2705,#236,.T.);
#2098=EDGE_CURVE('',#2706,#2706,#237,.T.);
#2099=EDGE_CURVE('',#2707,#2707,#238,.F.);
#2100=EDGE_CURVE('',#2708,#2708,#239,.F.);
#2101=EDGE_CURVE('',#2709,#2709,#240,.F.);
#2102=EDGE_CURVE('',#2710,#2710,#241,.F.);
#2103=EDGE_CURVE('',#2711,#2454,#3110,.T.);
#2104=EDGE_CURVE('',#2712,#2453,#3111,.T.);
#2105=EDGE_CURVE('',#2711,#2712,#3112,.T.);
#2106=EDGE_CURVE('',#2713,#2452,#3113,.T.);
#2107=EDGE_CURVE('',#2712,#2713,#3114,.T.);
#2108=EDGE_CURVE('',#2714,#2451,#3115,.T.);
#2109=EDGE_CURVE('',#2713,#2714,#3116,.T.);
#2110=EDGE_CURVE('',#2715,#2450,#3117,.T.);
#2111=EDGE_CURVE('',#2714,#2715,#3118,.T.);
#2112=EDGE_CURVE('',#2716,#2449,#3119,.T.);
#2113=EDGE_CURVE('',#2716,#2715,#242,.T.);
#2114=EDGE_CURVE('',#2717,#2448,#3120,.T.);
#2115=EDGE_CURVE('',#2717,#2716,#3121,.T.);
#2116=EDGE_CURVE('',#2718,#2447,#3122,.T.);
#2117=EDGE_CURVE('',#2718,#2717,#3123,.T.);
#2118=EDGE_CURVE('',#2719,#2446,#3124,.T.);
#2119=EDGE_CURVE('',#2719,#2718,#3125,.T.);
#2120=EDGE_CURVE('',#2720,#2445,#3126,.T.);
#2121=EDGE_CURVE('',#2719,#2720,#3127,.T.);
#2122=EDGE_CURVE('',#2720,#2570,#3128,.T.);
#2123=EDGE_CURVE('',#2721,#2443,#3129,.T.);
#2124=EDGE_CURVE('',#2569,#2721,#3130,.T.);
#2125=EDGE_CURVE('',#2722,#2472,#3131,.T.);
#2126=EDGE_CURVE('',#2721,#2722,#3132,.T.);
#2127=EDGE_CURVE('',#2723,#2471,#3133,.T.);
#2128=EDGE_CURVE('',#2723,#2722,#3134,.T.);
#2129=EDGE_CURVE('',#2724,#2470,#3135,.T.);
#2130=EDGE_CURVE('',#2724,#2723,#3136,.T.);
#2131=EDGE_CURVE('',#2725,#2469,#3137,.T.);
#2132=EDGE_CURVE('',#2725,#2724,#3138,.T.);
#2133=EDGE_CURVE('',#2567,#2725,#3139,.T.);
#2134=EDGE_CURVE('',#2566,#2564,#3140,.T.);
#2135=EDGE_CURVE('',#2726,#2464,#3141,.T.);
#2136=EDGE_CURVE('',#2563,#2726,#3142,.T.);
#2137=EDGE_CURVE('',#2727,#2463,#3143,.T.);
#2138=EDGE_CURVE('',#2726,#2727,#3144,.T.);
#2139=EDGE_CURVE('',#2728,#2462,#3145,.T.);
#2140=EDGE_CURVE('',#2727,#2728,#3146,.T.);
#2141=EDGE_CURVE('',#2729,#2461,#3147,.T.);
#2142=EDGE_CURVE('',#2729,#2728,#3148,.T.);
#2143=EDGE_CURVE('',#2730,#2460,#3149,.T.);
#2144=EDGE_CURVE('',#2729,#2730,#3150,.T.);
#2145=EDGE_CURVE('',#2731,#2459,#3151,.T.);
#2146=EDGE_CURVE('',#2730,#2731,#3152,.T.);
#2147=EDGE_CURVE('',#2732,#2458,#3153,.T.);
#2148=EDGE_CURVE('',#2731,#2732,#3154,.T.);
#2149=EDGE_CURVE('',#2733,#2457,#3155,.T.);
#2150=EDGE_CURVE('',#2733,#2732,#243,.T.);
#2151=EDGE_CURVE('',#2734,#2456,#3156,.T.);
#2152=EDGE_CURVE('',#2734,#2733,#3157,.T.);
#2153=EDGE_CURVE('',#2735,#2455,#3158,.T.);
#2154=EDGE_CURVE('',#2734,#2735,#3159,.T.);
#2155=EDGE_CURVE('',#2711,#2735,#3160,.T.);
#2156=EDGE_CURVE('',#2563,#2564,#244,.T.);
#2157=EDGE_CURVE('',#2736,#2737,#3161,.F.);
#2158=EDGE_CURVE('',#2737,#2738,#3162,.F.);
#2159=EDGE_CURVE('',#2738,#2739,#3163,.F.);
#2160=EDGE_CURVE('',#2739,#2736,#3164,.F.);
#2161=EDGE_CURVE('',#2518,#2520,#245,.F.);
#2162=EDGE_CURVE('',#2521,#2522,#246,.F.);
#2163=EDGE_CURVE('',#2523,#2525,#247,.F.);
#2164=EDGE_CURVE('',#2524,#2519,#248,.F.);
#2165=EDGE_CURVE('',#2555,#2675,#63,.F.);
#2166=EDGE_CURVE('',#2671,#2558,#64,.T.);
#2167=EDGE_CURVE('',#2673,#2557,#65,.T.);
#2168=EDGE_CURVE('',#2556,#2677,#66,.F.);
#2169=EDGE_CURVE('',#2562,#2736,#67,.T.);
#2170=EDGE_CURVE('',#2740,#2561,#3165,.T.);
#2171=EDGE_CURVE('',#2737,#2740,#68,.F.);
#2172=EDGE_CURVE('',#2741,#2740,#3166,.T.);
#2173=EDGE_CURVE('',#2738,#2741,#69,.F.);
#2174=EDGE_CURVE('',#2559,#2739,#70,.T.);
#2175=EDGE_CURVE('',#2560,#2741,#3167,.F.);
#2176=EDGE_CURVE('',#2479,#2561,#3168,.T.);
#2177=EDGE_CURVE('',#2478,#2740,#3169,.T.);
#2178=EDGE_CURVE('',#2480,#2560,#3170,.T.);
#2179=EDGE_CURVE('',#2481,#2741,#3171,.T.);
#2180=EDGE_CURVE('',#2742,#2483,#3172,.T.);
#2181=EDGE_CURVE('',#2742,#2743,#3173,.T.);
#2182=EDGE_CURVE('',#2743,#2484,#3174,.T.);
#2183=EDGE_CURVE('',#2744,#2482,#3175,.T.);
#2184=EDGE_CURVE('',#2744,#2742,#3176,.T.);
#2185=EDGE_CURVE('',#2745,#2491,#3177,.T.);
#2186=EDGE_CURVE('',#2745,#2744,#3178,.T.);
#2187=EDGE_CURVE('',#2746,#2490,#3179,.T.);
#2188=EDGE_CURVE('',#2746,#2745,#3180,.T.);
#2189=EDGE_CURVE('',#2747,#2489,#3181,.T.);
#2190=EDGE_CURVE('',#2747,#2746,#3182,.T.);
#2191=EDGE_CURVE('',#2748,#2488,#3183,.T.);
#2192=EDGE_CURVE('',#2748,#2747,#3184,.T.);
#2193=EDGE_CURVE('',#2749,#2487,#3185,.T.);
#2194=EDGE_CURVE('',#2749,#2748,#3186,.T.);
#2195=EDGE_CURVE('',#2750,#2486,#3187,.T.);
#2196=EDGE_CURVE('',#2750,#2749,#3188,.T.);
#2197=EDGE_CURVE('',#2751,#2485,#3189,.T.);
#2198=EDGE_CURVE('',#2751,#2750,#3190,.T.);
#2199=EDGE_CURVE('',#2743,#2751,#3191,.T.);
#2200=EDGE_CURVE('',#2752,#2753,#301,.T.);
#2201=EDGE_CURVE('',#2754,#2752,#3192,.T.);
#2202=EDGE_CURVE('',#2754,#2755,#302,.T.);
#2203=EDGE_CURVE('',#2755,#2753,#3193,.T.);
#2204=EDGE_CURVE('',#2756,#2752,#303,.T.);
#2205=EDGE_CURVE('',#2757,#2756,#3194,.T.);
#2206=EDGE_CURVE('',#2757,#2754,#304,.T.);
#2207=EDGE_CURVE('',#2758,#2756,#305,.T.);
#2208=EDGE_CURVE('',#2759,#2758,#3195,.T.);
#2209=EDGE_CURVE('',#2759,#2757,#306,.T.);
#2210=EDGE_CURVE('',#2760,#2758,#249,.T.);
#2211=EDGE_CURVE('',#2761,#2760,#3196,.T.);
#2212=EDGE_CURVE('',#2761,#2759,#250,.T.);
#2213=EDGE_CURVE('',#2762,#2760,#3197,.T.);
#2214=EDGE_CURVE('',#2763,#2762,#3198,.T.);
#2215=EDGE_CURVE('',#2763,#2761,#3199,.T.);
#2216=EDGE_CURVE('',#2764,#2762,#251,.T.);
#2217=EDGE_CURVE('',#2765,#2764,#3200,.T.);
#2218=EDGE_CURVE('',#2765,#2763,#252,.T.);
#2219=EDGE_CURVE('',#2766,#2764,#307,.T.);
#2220=EDGE_CURVE('',#2767,#2766,#3201,.T.);
#2221=EDGE_CURVE('',#2767,#2765,#308,.T.);
#2222=EDGE_CURVE('',#2768,#2766,#309,.T.);
#2223=EDGE_CURVE('',#2769,#2768,#3202,.T.);
#2224=EDGE_CURVE('',#2769,#2767,#310,.T.);
#2225=EDGE_CURVE('',#2770,#2768,#311,.T.);
#2226=EDGE_CURVE('',#2771,#2770,#3203,.T.);
#2227=EDGE_CURVE('',#2771,#2769,#312,.T.);
#2228=EDGE_CURVE('',#2772,#2770,#313,.T.);
#2229=EDGE_CURVE('',#2773,#2772,#3204,.T.);
#2230=EDGE_CURVE('',#2773,#2771,#314,.T.);
#2231=EDGE_CURVE('',#2774,#2772,#253,.T.);
#2232=EDGE_CURVE('',#2775,#2774,#3205,.T.);
#2233=EDGE_CURVE('',#2775,#2773,#254,.T.);
#2234=EDGE_CURVE('',#2776,#2774,#3206,.T.);
#2235=EDGE_CURVE('',#2777,#2776,#3207,.T.);
#2236=EDGE_CURVE('',#2777,#2775,#3208,.T.);
#2237=EDGE_CURVE('',#2778,#2776,#255,.T.);
#2238=EDGE_CURVE('',#2779,#2778,#3209,.T.);
#2239=EDGE_CURVE('',#2779,#2777,#256,.T.);
#2240=EDGE_CURVE('',#2780,#2429,#3210,.T.);
#2241=EDGE_CURVE('',#2780,#2781,#315,.T.);
#2242=EDGE_CURVE('',#2781,#2430,#3211,.T.);
#2243=EDGE_CURVE('',#2782,#2428,#3212,.T.);
#2244=EDGE_CURVE('',#2782,#2780,#316,.T.);
#2245=EDGE_CURVE('',#2783,#2441,#3213,.T.);
#2246=EDGE_CURVE('',#2783,#2782,#317,.T.);
#2247=EDGE_CURVE('',#2784,#2440,#3214,.T.);
#2248=EDGE_CURVE('',#2784,#2783,#318,.T.);
#2249=EDGE_CURVE('',#2785,#2439,#3215,.T.);
#2250=EDGE_CURVE('',#2785,#2784,#3216,.T.);
#2251=EDGE_CURVE('',#2786,#2438,#3217,.T.);
#2252=EDGE_CURVE('',#2786,#2785,#319,.T.);
#2253=EDGE_CURVE('',#2787,#2437,#3218,.T.);
#2254=EDGE_CURVE('',#2787,#2786,#257,.F.);
#2255=EDGE_CURVE('',#2788,#2436,#3219,.T.);
#2256=EDGE_CURVE('',#2788,#2787,#320,.T.);
#2257=EDGE_CURVE('',#2789,#2435,#3220,.T.);
#2258=EDGE_CURVE('',#2789,#2788,#321,.T.);
#2259=EDGE_CURVE('',#2790,#2434,#3221,.T.);
#2260=EDGE_CURVE('',#2790,#2789,#322,.T.);
#2261=EDGE_CURVE('',#2791,#2433,#3222,.T.);
#2262=EDGE_CURVE('',#2791,#2790,#323,.T.);
#2263=EDGE_CURVE('',#2792,#2432,#3223,.T.);
#2264=EDGE_CURVE('',#2792,#2791,#3224,.T.);
#2265=EDGE_CURVE('',#2793,#2431,#3225,.T.);
#2266=EDGE_CURVE('',#2793,#2792,#324,.T.);
#2267=EDGE_CURVE('',#2781,#2793,#325,.T.);
#2268=EDGE_CURVE('',#2753,#2778,#326,.T.);
#2269=EDGE_CURVE('',#2755,#2779,#327,.T.);
#2270=EDGE_CURVE('',#2794,#2425,#3226,.T.);
#2271=EDGE_CURVE('',#2794,#2795,#3227,.T.);
#2272=EDGE_CURVE('',#2795,#2426,#3228,.T.);
#2273=EDGE_CURVE('',#2796,#2424,#3229,.T.);
#2274=EDGE_CURVE('',#2796,#2794,#3230,.T.);
#2275=EDGE_CURVE('',#2797,#2427,#3231,.T.);
#2276=EDGE_CURVE('',#2797,#2796,#3232,.T.);
#2277=EDGE_CURVE('',#2795,#2797,#3233,.T.);
#2278=EDGE_CURVE('',#2798,#2415,#3234,.T.);
#2279=EDGE_CURVE('',#2798,#2799,#3235,.T.);
#2280=EDGE_CURVE('',#2799,#2416,#3236,.T.);
#2281=EDGE_CURVE('',#2800,#2414,#3237,.T.);
#2282=EDGE_CURVE('',#2800,#2798,#3238,.T.);
#2283=EDGE_CURVE('',#2801,#2423,#3239,.T.);
#2284=EDGE_CURVE('',#2801,#2800,#3240,.T.);
#2285=EDGE_CURVE('',#2802,#2422,#3241,.T.);
#2286=EDGE_CURVE('',#2802,#2801,#3242,.T.);
#2287=EDGE_CURVE('',#2803,#2421,#3243,.T.);
#2288=EDGE_CURVE('',#2803,#2802,#3244,.T.);
#2289=EDGE_CURVE('',#2804,#2420,#3245,.T.);
#2290=EDGE_CURVE('',#2804,#2803,#3246,.T.);
#2291=EDGE_CURVE('',#2805,#2419,#3247,.T.);
#2292=EDGE_CURVE('',#2805,#2804,#3248,.T.);
#2293=EDGE_CURVE('',#2806,#2418,#3249,.T.);
#2294=EDGE_CURVE('',#2806,#2805,#3250,.T.);
#2295=EDGE_CURVE('',#2807,#2417,#3251,.T.);
#2296=EDGE_CURVE('',#2807,#2806,#3252,.T.);
#2297=EDGE_CURVE('',#2799,#2807,#3253,.T.);
#2298=EDGE_CURVE('',#2808,#2405,#3254,.T.);
#2299=EDGE_CURVE('',#2808,#2809,#3255,.T.);
#2300=EDGE_CURVE('',#2809,#2406,#3256,.T.);
#2301=EDGE_CURVE('',#2810,#2404,#3257,.T.);
#2302=EDGE_CURVE('',#2810,#2808,#3258,.T.);
#2303=EDGE_CURVE('',#2811,#2413,#3259,.T.);
#2304=EDGE_CURVE('',#2811,#2810,#3260,.T.);
#2305=EDGE_CURVE('',#2812,#2412,#3261,.T.);
#2306=EDGE_CURVE('',#2812,#2811,#3262,.T.);
#2307=EDGE_CURVE('',#2813,#2411,#3263,.T.);
#2308=EDGE_CURVE('',#2813,#2812,#3264,.T.);
#2309=EDGE_CURVE('',#2814,#2410,#3265,.T.);
#2310=EDGE_CURVE('',#2814,#2813,#3266,.T.);
#2311=EDGE_CURVE('',#2815,#2409,#3267,.T.);
#2312=EDGE_CURVE('',#2815,#2814,#3268,.T.);
#2313=EDGE_CURVE('',#2816,#2408,#3269,.T.);
#2314=EDGE_CURVE('',#2816,#2815,#3270,.T.);
#2315=EDGE_CURVE('',#2817,#2407,#3271,.T.);
#2316=EDGE_CURVE('',#2817,#2816,#3272,.T.);
#2317=EDGE_CURVE('',#2809,#2817,#3273,.T.);
#2318=EDGE_CURVE('',#2818,#2819,#328,.T.);
#2319=EDGE_CURVE('',#2820,#2818,#3274,.T.);
#2320=EDGE_CURVE('',#2820,#2821,#329,.T.);
#2321=EDGE_CURVE('',#2821,#2819,#3275,.T.);
#2322=EDGE_CURVE('',#2822,#2818,#330,.T.);
#2323=EDGE_CURVE('',#2823,#2822,#3276,.T.);
#2324=EDGE_CURVE('',#2823,#2820,#331,.T.);
#2325=EDGE_CURVE('',#2824,#2822,#332,.T.);
#2326=EDGE_CURVE('',#2825,#2824,#3277,.T.);
#2327=EDGE_CURVE('',#2825,#2823,#333,.T.);
#2328=EDGE_CURVE('',#2826,#2824,#258,.T.);
#2329=EDGE_CURVE('',#2827,#2826,#3278,.T.);
#2330=EDGE_CURVE('',#2827,#2825,#259,.T.);
#2331=EDGE_CURVE('',#2828,#2826,#3279,.T.);
#2332=EDGE_CURVE('',#2829,#2828,#3280,.T.);
#2333=EDGE_CURVE('',#2829,#2827,#3281,.T.);
#2334=EDGE_CURVE('',#2830,#2828,#260,.T.);
#2335=EDGE_CURVE('',#2831,#2830,#3282,.T.);
#2336=EDGE_CURVE('',#2831,#2829,#261,.T.);
#2337=EDGE_CURVE('',#2832,#2830,#334,.T.);
#2338=EDGE_CURVE('',#2833,#2832,#3283,.T.);
#2339=EDGE_CURVE('',#2833,#2831,#335,.T.);
#2340=EDGE_CURVE('',#2834,#2832,#336,.T.);
#2341=EDGE_CURVE('',#2835,#2834,#3284,.T.);
#2342=EDGE_CURVE('',#2835,#2833,#337,.T.);
#2343=EDGE_CURVE('',#2836,#2834,#338,.T.);
#2344=EDGE_CURVE('',#2837,#2836,#3285,.T.);
#2345=EDGE_CURVE('',#2837,#2835,#339,.T.);
#2346=EDGE_CURVE('',#2838,#2836,#340,.T.);
#2347=EDGE_CURVE('',#2839,#2838,#3286,.T.);
#2348=EDGE_CURVE('',#2839,#2837,#341,.T.);
#2349=EDGE_CURVE('',#2840,#2838,#262,.T.);
#2350=EDGE_CURVE('',#2841,#2840,#3287,.T.);
#2351=EDGE_CURVE('',#2841,#2839,#263,.T.);
#2352=EDGE_CURVE('',#2842,#2840,#3288,.T.);
#2353=EDGE_CURVE('',#2843,#2842,#3289,.T.);
#2354=EDGE_CURVE('',#2843,#2841,#3290,.T.);
#2355=EDGE_CURVE('',#2844,#2842,#264,.T.);
#2356=EDGE_CURVE('',#2845,#2844,#3291,.T.);
#2357=EDGE_CURVE('',#2845,#2843,#265,.T.);
#2358=EDGE_CURVE('',#2846,#2493,#3292,.T.);
#2359=EDGE_CURVE('',#2846,#2847,#342,.T.);
#2360=EDGE_CURVE('',#2847,#2494,#3293,.T.);
#2361=EDGE_CURVE('',#2848,#2492,#3294,.T.);
#2362=EDGE_CURVE('',#2848,#2846,#343,.T.);
#2363=EDGE_CURVE('',#2849,#2505,#3295,.T.);
#2364=EDGE_CURVE('',#2849,#2848,#344,.T.);
#2365=EDGE_CURVE('',#2850,#2504,#3296,.T.);
#2366=EDGE_CURVE('',#2850,#2849,#345,.T.);
#2367=EDGE_CURVE('',#2851,#2503,#3297,.T.);
#2368=EDGE_CURVE('',#2851,#2850,#3298,.T.);
#2369=EDGE_CURVE('',#2852,#2502,#3299,.T.);
#2370=EDGE_CURVE('',#2852,#2851,#346,.T.);
#2371=EDGE_CURVE('',#2853,#2501,#3300,.T.);
#2372=EDGE_CURVE('',#2853,#2852,#266,.F.);
#2373=EDGE_CURVE('',#2854,#2500,#3301,.T.);
#2374=EDGE_CURVE('',#2854,#2853,#347,.T.);
#2375=EDGE_CURVE('',#2855,#2499,#3302,.T.);
#2376=EDGE_CURVE('',#2855,#2854,#348,.T.);
#2377=EDGE_CURVE('',#2856,#2498,#3303,.T.);
#2378=EDGE_CURVE('',#2856,#2855,#349,.T.);
#2379=EDGE_CURVE('',#2857,#2497,#3304,.T.);
#2380=EDGE_CURVE('',#2857,#2856,#350,.T.);
#2381=EDGE_CURVE('',#2858,#2496,#3305,.T.);
#2382=EDGE_CURVE('',#2858,#2857,#3306,.T.);
#2383=EDGE_CURVE('',#2859,#2495,#3307,.T.);
#2384=EDGE_CURVE('',#2859,#2858,#351,.T.);
#2385=EDGE_CURVE('',#2847,#2859,#352,.T.);
#2386=EDGE_CURVE('',#2819,#2844,#353,.T.);
#2387=EDGE_CURVE('',#2821,#2845,#354,.T.);
#2388=EDGE_CURVE('',#2860,#2621,#3308,.T.);
#2389=EDGE_CURVE('',#2861,#2860,#3309,.F.);
#2390=EDGE_CURVE('',#2861,#2622,#3310,.T.);
#2391=EDGE_CURVE('',#2862,#2624,#3311,.T.);
#2392=EDGE_CURVE('',#2863,#2623,#3312,.T.);
#2393=EDGE_CURVE('',#2863,#2862,#3313,.F.);
#2394=EDGE_CURVE('',#2861,#2863,#3314,.F.);
#2395=EDGE_CURVE('',#2860,#2862,#3315,.F.);
#2396=EDGE_CURVE('',#2864,#2610,#3316,.T.);
#2397=EDGE_CURVE('',#2865,#2612,#3317,.T.);
#2398=EDGE_CURVE('',#2864,#2865,#3318,.T.);
#2399=EDGE_CURVE('',#2866,#2865,#3319,.T.);
#2400=EDGE_CURVE('',#2867,#2866,#3320,.T.);
#2401=EDGE_CURVE('',#2867,#2864,#3321,.T.);
#2402=EDGE_CURVE('',#2867,#2609,#3322,.T.);
#2403=EDGE_CURVE('',#2866,#2611,#3323,.T.);
#2404=VERTEX_POINT('',#6745);
#2405=VERTEX_POINT('',#6746);
#2406=VERTEX_POINT('',#6748);
#2407=VERTEX_POINT('',#6750);
#2408=VERTEX_POINT('',#6752);
#2409=VERTEX_POINT('',#6754);
#2410=VERTEX_POINT('',#6756);
#2411=VERTEX_POINT('',#6758);
#2412=VERTEX_POINT('',#6760);
#2413=VERTEX_POINT('',#6762);
#2414=VERTEX_POINT('',#6765);
#2415=VERTEX_POINT('',#6766);
#2416=VERTEX_POINT('',#6768);
#2417=VERTEX_POINT('',#6770);
#2418=VERTEX_POINT('',#6772);
#2419=VERTEX_POINT('',#6774);
#2420=VERTEX_POINT('',#6776);
#2421=VERTEX_POINT('',#6778);
#2422=VERTEX_POINT('',#6780);
#2423=VERTEX_POINT('',#6782);
#2424=VERTEX_POINT('',#6785);
#2425=VERTEX_POINT('',#6786);
#2426=VERTEX_POINT('',#6788);
#2427=VERTEX_POINT('',#6790);
#2428=VERTEX_POINT('',#6795);
#2429=VERTEX_POINT('',#6796);
#2430=VERTEX_POINT('',#6800);
#2431=VERTEX_POINT('',#6804);
#2432=VERTEX_POINT('',#6808);
#2433=VERTEX_POINT('',#6810);
#2434=VERTEX_POINT('',#6814);
#2435=VERTEX_POINT('',#6818);
#2436=VERTEX_POINT('',#6822);
#2437=VERTEX_POINT('',#6826);
#2438=VERTEX_POINT('',#6828);
#2439=VERTEX_POINT('',#6832);
#2440=VERTEX_POINT('',#6834);
#2441=VERTEX_POINT('',#6838);
#2442=VERTEX_POINT('',#6843);
#2443=VERTEX_POINT('',#6844);
#2444=VERTEX_POINT('',#6846);
#2445=VERTEX_POINT('',#6848);
#2446=VERTEX_POINT('',#6850);
#2447=VERTEX_POINT('',#6852);
#2448=VERTEX_POINT('',#6854);
#2449=VERTEX_POINT('',#6856);
#2450=VERTEX_POINT('',#6858);
#2451=VERTEX_POINT('',#6860);
#2452=VERTEX_POINT('',#6862);
#2453=VERTEX_POINT('',#6864);
#2454=VERTEX_POINT('',#6866);
#2455=VERTEX_POINT('',#6868);
#2456=VERTEX_POINT('',#6870);
#2457=VERTEX_POINT('',#6872);
#2458=VERTEX_POINT('',#6874);
#2459=VERTEX_POINT('',#6876);
#2460=VERTEX_POINT('',#6878);
#2461=VERTEX_POINT('',#6880);
#2462=VERTEX_POINT('',#6882);
#2463=VERTEX_POINT('',#6884);
#2464=VERTEX_POINT('',#6886);
#2465=VERTEX_POINT('',#6888);
#2466=VERTEX_POINT('',#6890);
#2467=VERTEX_POINT('',#6892);
#2468=VERTEX_POINT('',#6894);
#2469=VERTEX_POINT('',#6896);
#2470=VERTEX_POINT('',#6898);
#2471=VERTEX_POINT('',#6900);
#2472=VERTEX_POINT('',#6902);
#2473=VERTEX_POINT('',#6905);
#2474=VERTEX_POINT('',#6907);
#2475=VERTEX_POINT('',#6909);
#2476=VERTEX_POINT('',#6911);
#2477=VERTEX_POINT('',#6913);
#2478=VERTEX_POINT('',#6915);
#2479=VERTEX_POINT('',#6916);
#2480=VERTEX_POINT('',#6927);
#2481=VERTEX_POINT('',#6929);
#2482=VERTEX_POINT('',#6932);
#2483=VERTEX_POINT('',#6933);
#2484=VERTEX_POINT('',#6935);
#2485=VERTEX_POINT('',#6937);
#2486=VERTEX_POINT('',#6939);
#2487=VERTEX_POINT('',#6941);
#2488=VERTEX_POINT('',#6943);
#2489=VERTEX_POINT('',#6945);
#2490=VERTEX_POINT('',#6947);
#2491=VERTEX_POINT('',#6949);
#2492=VERTEX_POINT('',#6954);
#2493=VERTEX_POINT('',#6955);
#2494=VERTEX_POINT('',#6959);
#2495=VERTEX_POINT('',#6963);
#2496=VERTEX_POINT('',#6967);
#2497=VERTEX_POINT('',#6969);
#2498=VERTEX_POINT('',#6973);
#2499=VERTEX_POINT('',#6977);
#2500=VERTEX_POINT('',#6981);
#2501=VERTEX_POINT('',#6985);
#2502=VERTEX_POINT('',#6987);
#2503=VERTEX_POINT('',#6991);
#2504=VERTEX_POINT('',#6993);
#2505=VERTEX_POINT('',#6997);
#2506=VERTEX_POINT('',#7003);
#2507=VERTEX_POINT('',#7004);
#2508=VERTEX_POINT('',#7006);
#2509=VERTEX_POINT('',#7008);
#2510=VERTEX_POINT('',#7012);
#2511=VERTEX_POINT('',#7013);
#2512=VERTEX_POINT('',#7015);
#2513=VERTEX_POINT('',#7017);
#2514=VERTEX_POINT('',#7021);
#2515=VERTEX_POINT('',#7022);
#2516=VERTEX_POINT('',#7024);
#2517=VERTEX_POINT('',#7026);
#2518=VERTEX_POINT('',#7030);
#2519=VERTEX_POINT('',#7032);
#2520=VERTEX_POINT('',#7036);
#2521=VERTEX_POINT('',#7038);
#2522=VERTEX_POINT('',#7042);
#2523=VERTEX_POINT('',#7044);
#2524=VERTEX_POINT('',#7048);
#2525=VERTEX_POINT('',#7049);
#2526=VERTEX_POINT('',#7051);
#2527=VERTEX_POINT('',#7053);
#2528=VERTEX_POINT('',#7057);
#2529=VERTEX_POINT('',#7058);
#2530=VERTEX_POINT('',#7064);
#2531=VERTEX_POINT('',#7066);
#2532=VERTEX_POINT('',#7068);
#2533=VERTEX_POINT('',#7070);
#2534=VERTEX_POINT('',#7078);
#2535=VERTEX_POINT('',#7080);
#2536=VERTEX_POINT('',#7084);
#2537=VERTEX_POINT('',#7085);
#2538=VERTEX_POINT('',#7094);
#2539=VERTEX_POINT('',#7096);
#2540=VERTEX_POINT('',#7105);
#2541=VERTEX_POINT('',#7106);
#2542=VERTEX_POINT('',#7120);
#2543=VERTEX_POINT('',#7122);
#2544=VERTEX_POINT('',#7126);
#2545=VERTEX_POINT('',#7127);
#2546=VERTEX_POINT('',#7144);
#2547=VERTEX_POINT('',#7146);
#2548=VERTEX_POINT('',#7148);
#2549=VERTEX_POINT('',#7149);
#2550=VERTEX_POINT('',#7151);
#2551=VERTEX_POINT('',#7153);
#2552=VERTEX_POINT('',#7156);
#2553=VERTEX_POINT('',#7158);
#2554=VERTEX_POINT('',#7160);
#2555=VERTEX_POINT('',#7162);
#2556=VERTEX_POINT('',#7163);
#2557=VERTEX_POINT('',#7165);
#2558=VERTEX_POINT('',#7167);
#2559=VERTEX_POINT('',#7170);
#2560=VERTEX_POINT('',#7171);
#2561=VERTEX_POINT('',#7182);
#2562=VERTEX_POINT('',#7184);
#2563=VERTEX_POINT('',#7188);
#2564=VERTEX_POINT('',#7190);
#2565=VERTEX_POINT('',#7194);
#2566=VERTEX_POINT('',#7196);
#2567=VERTEX_POINT('',#7197);
#2568=VERTEX_POINT('',#7202);
#2569=VERTEX_POINT('',#7204);
#2570=VERTEX_POINT('',#7205);
#2571=VERTEX_POINT('',#7213);
#2572=VERTEX_POINT('',#7215);
#2573=VERTEX_POINT('',#7218);
#2574=VERTEX_POINT('',#7220);
#2575=VERTEX_POINT('',#7223);
#2576=VERTEX_POINT('',#7225);
#2577=VERTEX_POINT('',#7228);
#2578=VERTEX_POINT('',#7229);
#2579=VERTEX_POINT('',#7231);
#2580=VERTEX_POINT('',#7233);
#2581=VERTEX_POINT('',#7237);
#2582=VERTEX_POINT('',#7238);
#2583=VERTEX_POINT('',#7240);
#2584=VERTEX_POINT('',#7242);
#2585=VERTEX_POINT('',#7244);
#2586=VERTEX_POINT('',#7246);
#2587=VERTEX_POINT('',#7248);
#2588=VERTEX_POINT('',#7250);
#2589=VERTEX_POINT('',#7252);
#2590=VERTEX_POINT('',#7254);
#2591=VERTEX_POINT('',#7256);
#2592=VERTEX_POINT('',#7258);
#2593=VERTEX_POINT('',#7265);
#2594=VERTEX_POINT('',#7267);
#2595=VERTEX_POINT('',#7269);
#2596=VERTEX_POINT('',#7271);
#2597=VERTEX_POINT('',#7273);
#2598=VERTEX_POINT('',#7275);
#2599=VERTEX_POINT('',#7277);
#2600=VERTEX_POINT('',#7279);
#2601=VERTEX_POINT('',#7283);
#2602=VERTEX_POINT('',#7284);
#2603=VERTEX_POINT('',#7286);
#2604=VERTEX_POINT('',#7288);
#2605=VERTEX_POINT('',#7292);
#2606=VERTEX_POINT('',#7294);
#2607=VERTEX_POINT('',#7298);
#2608=VERTEX_POINT('',#7300);
#2609=VERTEX_POINT('',#7304);
#2610=VERTEX_POINT('',#7305);
#2611=VERTEX_POINT('',#7307);
#2612=VERTEX_POINT('',#7309);
#2613=VERTEX_POINT('',#7312);
#2614=VERTEX_POINT('',#7314);
#2615=VERTEX_POINT('',#7322);
#2616=VERTEX_POINT('',#7324);
#2617=VERTEX_POINT('',#7328);
#2618=VERTEX_POINT('',#7330);
#2619=VERTEX_POINT('',#7334);
#2620=VERTEX_POINT('',#7336);
#2621=VERTEX_POINT('',#7342);
#2622=VERTEX_POINT('',#7343);
#2623=VERTEX_POINT('',#7345);
#2624=VERTEX_POINT('',#7347);
#2625=VERTEX_POINT('',#7350);
#2626=VERTEX_POINT('',#7352);
#2627=VERTEX_POINT('',#7354);
#2628=VERTEX_POINT('',#7362);
#2629=VERTEX_POINT('',#7366);
#2630=VERTEX_POINT('',#7367);
#2631=VERTEX_POINT('',#7370);
#2632=VERTEX_POINT('',#7374);
#2633=VERTEX_POINT('',#7376);
#2634=VERTEX_POINT('',#7378);
#2635=VERTEX_POINT('',#7380);
#2636=VERTEX_POINT('',#7382);
#2637=VERTEX_POINT('',#7384);
#2638=VERTEX_POINT('',#7386);
#2639=VERTEX_POINT('',#7390);
#2640=VERTEX_POINT('',#7392);
#2641=VERTEX_POINT('',#7396);
#2642=VERTEX_POINT('',#7398);
#2643=VERTEX_POINT('',#7400);
#2644=VERTEX_POINT('',#7403);
#2645=VERTEX_POINT('',#7409);
#2646=VERTEX_POINT('',#7411);
#2647=VERTEX_POINT('',#7414);
#2648=VERTEX_POINT('',#7415);
#2649=VERTEX_POINT('',#7417);
#2650=VERTEX_POINT('',#7419);
#2651=VERTEX_POINT('',#7421);
#2652=VERTEX_POINT('',#7423);
#2653=VERTEX_POINT('',#7425);
#2654=VERTEX_POINT('',#7427);
#2655=VERTEX_POINT('',#7431);
#2656=VERTEX_POINT('',#7433);
#2657=VERTEX_POINT('',#7435);
#2658=VERTEX_POINT('',#7437);
#2659=VERTEX_POINT('',#7442);
#2660=VERTEX_POINT('',#7444);
#2661=VERTEX_POINT('',#7447);
#2662=VERTEX_POINT('',#7449);
#2663=VERTEX_POINT('',#7474);
#2664=VERTEX_POINT('',#7475);
#2665=VERTEX_POINT('',#7477);
#2666=VERTEX_POINT('',#7479);
#2667=VERTEX_POINT('',#7483);
#2668=VERTEX_POINT('',#7484);
#2669=VERTEX_POINT('',#7489);
#2670=VERTEX_POINT('',#7490);
#2671=VERTEX_POINT('',#7495);
#2672=VERTEX_POINT('',#7496);
#2673=VERTEX_POINT('',#7498);
#2674=VERTEX_POINT('',#7500);
#2675=VERTEX_POINT('',#7504);
#2676=VERTEX_POINT('',#7505);
#2677=VERTEX_POINT('',#7510);
#2678=VERTEX_POINT('',#7511);
#2679=VERTEX_POINT('',#7519);
#2680=VERTEX_POINT('',#7522);
#2681=VERTEX_POINT('',#7524);
#2682=VERTEX_POINT('',#7527);
#2683=VERTEX_POINT('',#7529);
#2684=VERTEX_POINT('',#7532);
#2685=VERTEX_POINT('',#7534);
#2686=VERTEX_POINT('',#7537);
#2687=VERTEX_POINT('',#7540);
#2688=VERTEX_POINT('',#7543);
#2689=VERTEX_POINT('',#7546);
#2690=VERTEX_POINT('',#7549);
#2691=VERTEX_POINT('',#7552);
#2692=VERTEX_POINT('',#7558);
#2693=VERTEX_POINT('',#7560);
#2694=VERTEX_POINT('',#7562);
#2695=VERTEX_POINT('',#7575);
#2696=VERTEX_POINT('',#7579);
#2697=VERTEX_POINT('',#7585);
#2698=VERTEX_POINT('',#7589);
#2699=VERTEX_POINT('',#7591);
#2700=VERTEX_POINT('',#7595);
#2701=VERTEX_POINT('',#7604);
#2702=VERTEX_POINT('',#7607);
#2703=VERTEX_POINT('',#7611);
#2704=VERTEX_POINT('',#7614);
#2705=VERTEX_POINT('',#7618);
#2706=VERTEX_POINT('',#7621);
#2707=VERTEX_POINT('',#7625);
#2708=VERTEX_POINT('',#7628);
#2709=VERTEX_POINT('',#7631);
#2710=VERTEX_POINT('',#7635);
#2711=VERTEX_POINT('',#7639);
#2712=VERTEX_POINT('',#7641);
#2713=VERTEX_POINT('',#7645);
#2714=VERTEX_POINT('',#7649);
#2715=VERTEX_POINT('',#7653);
#2716=VERTEX_POINT('',#7657);
#2717=VERTEX_POINT('',#7661);
#2718=VERTEX_POINT('',#7665);
#2719=VERTEX_POINT('',#7669);
#2720=VERTEX_POINT('',#7673);
#2721=VERTEX_POINT('',#7679);
#2722=VERTEX_POINT('',#7683);
#2723=VERTEX_POINT('',#7687);
#2724=VERTEX_POINT('',#7691);
#2725=VERTEX_POINT('',#7695);
#2726=VERTEX_POINT('',#7703);
#2727=VERTEX_POINT('',#7707);
#2728=VERTEX_POINT('',#7711);
#2729=VERTEX_POINT('',#7715);
#2730=VERTEX_POINT('',#7719);
#2731=VERTEX_POINT('',#7723);
#2732=VERTEX_POINT('',#7727);
#2733=VERTEX_POINT('',#7731);
#2734=VERTEX_POINT('',#7735);
#2735=VERTEX_POINT('',#7739);
#2736=VERTEX_POINT('',#7747);
#2737=VERTEX_POINT('',#7748);
#2738=VERTEX_POINT('',#7750);
#2739=VERTEX_POINT('',#7752);
#2740=VERTEX_POINT('',#7769);
#2741=VERTEX_POINT('',#7773);
#2742=VERTEX_POINT('',#7838);
#2743=VERTEX_POINT('',#7840);
#2744=VERTEX_POINT('',#7844);
#2745=VERTEX_POINT('',#7848);
#2746=VERTEX_POINT('',#7852);
#2747=VERTEX_POINT('',#7856);
#2748=VERTEX_POINT('',#7860);
#2749=VERTEX_POINT('',#7864);
#2750=VERTEX_POINT('',#7868);
#2751=VERTEX_POINT('',#7872);
#2752=VERTEX_POINT('',#7888);
#2753=VERTEX_POINT('',#7889);
#2754=VERTEX_POINT('',#7891);
#2755=VERTEX_POINT('',#7895);
#2756=VERTEX_POINT('',#7908);
#2757=VERTEX_POINT('',#7910);
#2758=VERTEX_POINT('',#7925);
#2759=VERTEX_POINT('',#7927);
#2760=VERTEX_POINT('',#7933);
#2761=VERTEX_POINT('',#7935);
#2762=VERTEX_POINT('',#7939);
#2763=VERTEX_POINT('',#7941);
#2764=VERTEX_POINT('',#7945);
#2765=VERTEX_POINT('',#7947);
#2766=VERTEX_POINT('',#7960);
#2767=VERTEX_POINT('',#7962);
#2768=VERTEX_POINT('',#7977);
#2769=VERTEX_POINT('',#7979);
#2770=VERTEX_POINT('',#7994);
#2771=VERTEX_POINT('',#7996);
#2772=VERTEX_POINT('',#8011);
#2773=VERTEX_POINT('',#8013);
#2774=VERTEX_POINT('',#8019);
#2775=VERTEX_POINT('',#8021);
#2776=VERTEX_POINT('',#8025);
#2777=VERTEX_POINT('',#8027);
#2778=VERTEX_POINT('',#8031);
#2779=VERTEX_POINT('',#8033);
#2780=VERTEX_POINT('',#8044);
#2781=VERTEX_POINT('',#8048);
#2782=VERTEX_POINT('',#8059);
#2783=VERTEX_POINT('',#8072);
#2784=VERTEX_POINT('',#8085);
#2785=VERTEX_POINT('',#8091);
#2786=VERTEX_POINT('',#8102);
#2787=VERTEX_POINT('',#8108);
#2788=VERTEX_POINT('',#8119);
#2789=VERTEX_POINT('',#8132);
#2790=VERTEX_POINT('',#8145);
#2791=VERTEX_POINT('',#8158);
#2792=VERTEX_POINT('',#8164);
#2793=VERTEX_POINT('',#8175);
#2794=VERTEX_POINT('',#8207);
#2795=VERTEX_POINT('',#8209);
#2796=VERTEX_POINT('',#8213);
#2797=VERTEX_POINT('',#8217);
#2798=VERTEX_POINT('',#8224);
#2799=VERTEX_POINT('',#8226);
#2800=VERTEX_POINT('',#8230);
#2801=VERTEX_POINT('',#8234);
#2802=VERTEX_POINT('',#8238);
#2803=VERTEX_POINT('',#8242);
#2804=VERTEX_POINT('',#8246);
#2805=VERTEX_POINT('',#8250);
#2806=VERTEX_POINT('',#8254);
#2807=VERTEX_POINT('',#8258);
#2808=VERTEX_POINT('',#8265);
#2809=VERTEX_POINT('',#8267);
#2810=VERTEX_POINT('',#8271);
#2811=VERTEX_POINT('',#8275);
#2812=VERTEX_POINT('',#8279);
#2813=VERTEX_POINT('',#8283);
#2814=VERTEX_POINT('',#8287);
#2815=VERTEX_POINT('',#8291);
#2816=VERTEX_POINT('',#8295);
#2817=VERTEX_POINT('',#8299);
#2818=VERTEX_POINT('',#8315);
#2819=VERTEX_POINT('',#8316);
#2820=VERTEX_POINT('',#8318);
#2821=VERTEX_POINT('',#8322);
#2822=VERTEX_POINT('',#8335);
#2823=VERTEX_POINT('',#8337);
#2824=VERTEX_POINT('',#8352);
#2825=VERTEX_POINT('',#8354);
#2826=VERTEX_POINT('',#8360);
#2827=VERTEX_POINT('',#8362);
#2828=VERTEX_POINT('',#8366);
#2829=VERTEX_POINT('',#8368);
#2830=VERTEX_POINT('',#8372);
#2831=VERTEX_POINT('',#8374);
#2832=VERTEX_POINT('',#8387);
#2833=VERTEX_POINT('',#8389);
#2834=VERTEX_POINT('',#8404);
#2835=VERTEX_POINT('',#8406);
#2836=VERTEX_POINT('',#8421);
#2837=VERTEX_POINT('',#8423);
#2838=VERTEX_POINT('',#8438);
#2839=VERTEX_POINT('',#8440);
#2840=VERTEX_POINT('',#8446);
#2841=VERTEX_POINT('',#8448);
#2842=VERTEX_POINT('',#8452);
#2843=VERTEX_POINT('',#8454);
#2844=VERTEX_POINT('',#8458);
#2845=VERTEX_POINT('',#8460);
#2846=VERTEX_POINT('',#8471);
#2847=VERTEX_POINT('',#8475);
#2848=VERTEX_POINT('',#8486);
#2849=VERTEX_POINT('',#8499);
#2850=VERTEX_POINT('',#8512);
#2851=VERTEX_POINT('',#8518);
#2852=VERTEX_POINT('',#8529);
#2853=VERTEX_POINT('',#8535);
#2854=VERTEX_POINT('',#8546);
#2855=VERTEX_POINT('',#8559);
#2856=VERTEX_POINT('',#8572);
#2857=VERTEX_POINT('',#8585);
#2858=VERTEX_POINT('',#8591);
#2859=VERTEX_POINT('',#8602);
#2860=VERTEX_POINT('',#8636);
#2861=VERTEX_POINT('',#8638);
#2862=VERTEX_POINT('',#8642);
#2863=VERTEX_POINT('',#8644);
#2864=VERTEX_POINT('',#8653);
#2865=VERTEX_POINT('',#8655);
#2866=VERTEX_POINT('',#8659);
#2867=VERTEX_POINT('',#8661);
#2868=LINE('',#6744,#3324);
#2869=LINE('',#6747,#3325);
#2870=LINE('',#6749,#3326);
#2871=LINE('',#6751,#3327);
#2872=LINE('',#6753,#3328);
#2873=LINE('',#6755,#3329);
#2874=LINE('',#6757,#3330);
#2875=LINE('',#6759,#3331);
#2876=LINE('',#6761,#3332);
#2877=LINE('',#6763,#3333);
#2878=LINE('',#6764,#3334);
#2879=LINE('',#6767,#3335);
#2880=LINE('',#6769,#3336);
#2881=LINE('',#6771,#3337);
#2882=LINE('',#6773,#3338);
#2883=LINE('',#6775,#3339);
#2884=LINE('',#6777,#3340);
#2885=LINE('',#6779,#3341);
#2886=LINE('',#6781,#3342);
#2887=LINE('',#6783,#3343);
#2888=LINE('',#6784,#3344);
#2889=LINE('',#6787,#3345);
#2890=LINE('',#6789,#3346);
#2891=LINE('',#6791,#3347);
#2892=LINE('',#6809,#3348);
#2893=LINE('',#6833,#3349);
#2894=LINE('',#6842,#3350);
#2895=LINE('',#6847,#3351);
#2896=LINE('',#6849,#3352);
#2897=LINE('',#6851,#3353);
#2898=LINE('',#6853,#3354);
#2899=LINE('',#6855,#3355);
#2900=LINE('',#6859,#3356);
#2901=LINE('',#6861,#3357);
#2902=LINE('',#6863,#3358);
#2903=LINE('',#6865,#3359);
#2904=LINE('',#6867,#3360);
#2905=LINE('',#6869,#3361);
#2906=LINE('',#6871,#3362);
#2907=LINE('',#6875,#3363);
#2908=LINE('',#6877,#3364);
#2909=LINE('',#6879,#3365);
#2910=LINE('',#6881,#3366);
#2911=LINE('',#6883,#3367);
#2912=LINE('',#6885,#3368);
#2913=LINE('',#6887,#3369);
#2914=LINE('',#6891,#3370);
#2915=LINE('',#6895,#3371);
#2916=LINE('',#6897,#3372);
#2917=LINE('',#6899,#3373);
#2918=LINE('',#6901,#3374);
#2919=LINE('',#6903,#3375);
#2920=LINE('',#6914,#3376);
#2921=LINE('',#6928,#3377);
#2922=LINE('',#6930,#3378);
#2923=LINE('',#6931,#3379);
#2924=LINE('',#6934,#3380);
#2925=LINE('',#6936,#3381);
#2926=LINE('',#6938,#3382);
#2927=LINE('',#6940,#3383);
#2928=LINE('',#6942,#3384);
#2929=LINE('',#6944,#3385);
#2930=LINE('',#6946,#3386);
#2931=LINE('',#6948,#3387);
#2932=LINE('',#6950,#3388);
#2933=LINE('',#6968,#3389);
#2934=LINE('',#6992,#3390);
#2935=LINE('',#7002,#3391);
#2936=LINE('',#7007,#3392);
#2937=LINE('',#7011,#3393);
#2938=LINE('',#7016,#3394);
#2939=LINE('',#7020,#3395);
#2940=LINE('',#7025,#3396);
#2941=LINE('',#7029,#3397);
#2942=LINE('',#7031,#3398);
#2943=LINE('',#7033,#3399);
#2944=LINE('',#7035,#3400);
#2945=LINE('',#7037,#3401);
#2946=LINE('',#7039,#3402);
#2947=LINE('',#7041,#3403);
#2948=LINE('',#7043,#3404);
#2949=LINE('',#7045,#3405);
#2950=LINE('',#7047,#3406);
#2951=LINE('',#7050,#3407);
#2952=LINE('',#7052,#3408);
#2953=LINE('',#7054,#3409);
#2954=LINE('',#7056,#3410);
#2955=LINE('',#7067,#3411);
#2956=LINE('',#7097,#3412);
#2957=LINE('',#7117,#3413);
#2958=LINE('',#7136,#3414);
#2959=LINE('',#7147,#3415);
#2960=LINE('',#7150,#3416);
#2961=LINE('',#7152,#3417);
#2962=LINE('',#7154,#3418);
#2963=LINE('',#7161,#3419);
#2964=LINE('',#7164,#3420);
#2965=LINE('',#7166,#3421);
#2966=LINE('',#7168,#3422);
#2967=LINE('',#7169,#3423);
#2968=LINE('',#7183,#3424);
#2969=LINE('',#7185,#3425);
#2970=LINE('',#7187,#3426);
#2971=LINE('',#7191,#3427);
#2972=LINE('',#7198,#3428);
#2973=LINE('',#7199,#3429);
#2974=LINE('',#7206,#3430);
#2975=LINE('',#7207,#3431);
#2976=LINE('',#7227,#3432);
#2977=LINE('',#7230,#3433);
#2978=LINE('',#7232,#3434);
#2979=LINE('',#7234,#3435);
#2980=LINE('',#7236,#3436);
#2981=LINE('',#7239,#3437);
#2982=LINE('',#7241,#3438);
#2983=LINE('',#7243,#3439);
#2984=LINE('',#7245,#3440);
#2985=LINE('',#7247,#3441);
#2986=LINE('',#7249,#3442);
#2987=LINE('',#7251,#3443);
#2988=LINE('',#7253,#3444);
#2989=LINE('',#7255,#3445);
#2990=LINE('',#7257,#3446);
#2991=LINE('',#7259,#3447);
#2992=LINE('',#7261,#3448);
#2993=LINE('',#7262,#3449);
#2994=LINE('',#7264,#3450);
#2995=LINE('',#7266,#3451);
#2996=LINE('',#7268,#3452);
#2997=LINE('',#7270,#3453);
#2998=LINE('',#7274,#3454);
#2999=LINE('',#7278,#3455);
#3000=LINE('',#7280,#3456);
#3001=LINE('',#7282,#3457);
#3002=LINE('',#7285,#3458);
#3003=LINE('',#7287,#3459);
#3004=LINE('',#7289,#3460);
#3005=LINE('',#7291,#3461);
#3006=LINE('',#7293,#3462);
#3007=LINE('',#7295,#3463);
#3008=LINE('',#7297,#3464);
#3009=LINE('',#7299,#3465);
#3010=LINE('',#7301,#3466);
#3011=LINE('',#7303,#3467);
#3012=LINE('',#7306,#3468);
#3013=LINE('',#7308,#3469);
#3014=LINE('',#7310,#3470);
#3015=LINE('',#7311,#3471);
#3016=LINE('',#7313,#3472);
#3017=LINE('',#7323,#3473);
#3018=LINE('',#7325,#3474);
#3019=LINE('',#7327,#3475);
#3020=LINE('',#7329,#3476);
#3021=LINE('',#7331,#3477);
#3022=LINE('',#7333,#3478);
#3023=LINE('',#7335,#3479);
#3024=LINE('',#7337,#3480);
#3025=LINE('',#7339,#3481);
#3026=LINE('',#7341,#3482);
#3027=LINE('',#7344,#3483);
#3028=LINE('',#7346,#3484);
#3029=LINE('',#7348,#3485);
#3030=LINE('',#7349,#3486);
#3031=LINE('',#7351,#3487);
#3032=LINE('',#7353,#3488);
#3033=LINE('',#7363,#3489);
#3034=LINE('',#7365,#3490);
#3035=LINE('',#7369,#3491);
#3036=LINE('',#7371,#3492);
#3037=LINE('',#7372,#3493);
#3038=LINE('',#7373,#3494);
#3039=LINE('',#7375,#3495);
#3040=LINE('',#7377,#3496);
#3041=LINE('',#7381,#3497);
#3042=LINE('',#7385,#3498);
#3043=LINE('',#7389,#3499);
#3044=LINE('',#7391,#3500);
#3045=LINE('',#7393,#3501);
#3046=LINE('',#7397,#3502);
#3047=LINE('',#7401,#3503);
#3048=LINE('',#7402,#3504);
#3049=LINE('',#7404,#3505);
#3050=LINE('',#7406,#3506);
#3051=LINE('',#7408,#3507);
#3052=LINE('',#7410,#3508);
#3053=LINE('',#7412,#3509);
#3054=LINE('',#7416,#3510);
#3055=LINE('',#7420,#3511);
#3056=LINE('',#7424,#3512);
#3057=LINE('',#7428,#3513);
#3058=LINE('',#7441,#3514);
#3059=LINE('',#7443,#3515);
#3060=LINE('',#7445,#3516);
#3061=LINE('',#7446,#3517);
#3062=LINE('',#7448,#3518);
#3063=LINE('',#7450,#3519);
#3064=LINE('',#7453,#3520);
#3065=LINE('',#7455,#3521);
#3066=LINE('',#7457,#3522);
#3067=LINE('',#7458,#3523);
#3068=LINE('',#7460,#3524);
#3069=LINE('',#7462,#3525);
#3070=LINE('',#7464,#3526);
#3071=LINE('',#7466,#3527);
#3072=LINE('',#7467,#3528);
#3073=LINE('',#7469,#3529);
#3074=LINE('',#7473,#3530);
#3075=LINE('',#7476,#3531);
#3076=LINE('',#7478,#3532);
#3077=LINE('',#7480,#3533);
#3078=LINE('',#7482,#3534);
#3079=LINE('',#7485,#3535);
#3080=LINE('',#7486,#3536);
#3081=LINE('',#7488,#3537);
#3082=LINE('',#7491,#3538);
#3083=LINE('',#7492,#3539);
#3084=LINE('',#7494,#3540);
#3085=LINE('',#7497,#3541);
#3086=LINE('',#7499,#3542);
#3087=LINE('',#7501,#3543);
#3088=LINE('',#7503,#3544);
#3089=LINE('',#7506,#3545);
#3090=LINE('',#7507,#3546);
#3091=LINE('',#7509,#3547);
#3092=LINE('',#7512,#3548);
#3093=LINE('',#7513,#3549);
#3094=LINE('',#7515,#3550);
#3095=LINE('',#7516,#3551);
#3096=LINE('',#7554,#3552);
#3097=LINE('',#7555,#3553);
#3098=LINE('',#7574,#3554);
#3099=LINE('',#7576,#3555);
#3100=LINE('',#7578,#3556);
#3101=LINE('',#7580,#3557);
#3102=LINE('',#7582,#3558);
#3103=LINE('',#7584,#3559);
#3104=LINE('',#7586,#3560);
#3105=LINE('',#7588,#3561);
#3106=LINE('',#7590,#3562);
#3107=LINE('',#7592,#3563);
#3108=LINE('',#7594,#3564);
#3109=LINE('',#7596,#3565);
#3110=LINE('',#7638,#3566);
#3111=LINE('',#7640,#3567);
#3112=LINE('',#7642,#3568);
#3113=LINE('',#7644,#3569);
#3114=LINE('',#7646,#3570);
#3115=LINE('',#7648,#3571);
#3116=LINE('',#7650,#3572);
#3117=LINE('',#7652,#3573);
#3118=LINE('',#7654,#3574);
#3119=LINE('',#7656,#3575);
#3120=LINE('',#7660,#3576);
#3121=LINE('',#7662,#3577);
#3122=LINE('',#7664,#3578);
#3123=LINE('',#7666,#3579);
#3124=LINE('',#7668,#3580);
#3125=LINE('',#7670,#3581);
#3126=LINE('',#7672,#3582);
#3127=LINE('',#7674,#3583);
#3128=LINE('',#7676,#3584);
#3129=LINE('',#7678,#3585);
#3130=LINE('',#7680,#3586);
#3131=LINE('',#7682,#3587);
#3132=LINE('',#7684,#3588);
#3133=LINE('',#7686,#3589);
#3134=LINE('',#7688,#3590);
#3135=LINE('',#7690,#3591);
#3136=LINE('',#7692,#3592);
#3137=LINE('',#7694,#3593);
#3138=LINE('',#7696,#3594);
#3139=LINE('',#7698,#3595);
#3140=LINE('',#7700,#3596);
#3141=LINE('',#7702,#3597);
#3142=LINE('',#7704,#3598);
#3143=LINE('',#7706,#3599);
#3144=LINE('',#7708,#3600);
#3145=LINE('',#7710,#3601);
#3146=LINE('',#7712,#3602);
#3147=LINE('',#7714,#3603);
#3148=LINE('',#7716,#3604);
#3149=LINE('',#7718,#3605);
#3150=LINE('',#7720,#3606);
#3151=LINE('',#7722,#3607);
#3152=LINE('',#7724,#3608);
#3153=LINE('',#7726,#3609);
#3154=LINE('',#7728,#3610);
#3155=LINE('',#7730,#3611);
#3156=LINE('',#7734,#3612);
#3157=LINE('',#7736,#3613);
#3158=LINE('',#7738,#3614);
#3159=LINE('',#7740,#3615);
#3160=LINE('',#7742,#3616);
#3161=LINE('',#7746,#3617);
#3162=LINE('',#7749,#3618);
#3163=LINE('',#7751,#3619);
#3164=LINE('',#7753,#3620);
#3165=LINE('',#7768,#3621);
#3166=LINE('',#7772,#3622);
#3167=LINE('',#7778,#3623);
#3168=LINE('',#7780,#3624);
#3169=LINE('',#7781,#3625);
#3170=LINE('',#7818,#3626);
#3171=LINE('',#7820,#3627);
#3172=LINE('',#7837,#3628);
#3173=LINE('',#7839,#3629);
#3174=LINE('',#7841,#3630);
#3175=LINE('',#7843,#3631);
#3176=LINE('',#7845,#3632);
#3177=LINE('',#7847,#3633);
#3178=LINE('',#7849,#3634);
#3179=LINE('',#7851,#3635);
#3180=LINE('',#7853,#3636);
#3181=LINE('',#7855,#3637);
#3182=LINE('',#7857,#3638);
#3183=LINE('',#7859,#3639);
#3184=LINE('',#7861,#3640);
#3185=LINE('',#7863,#3641);
#3186=LINE('',#7865,#3642);
#3187=LINE('',#7867,#3643);
#3188=LINE('',#7869,#3644);
#3189=LINE('',#7871,#3645);
#3190=LINE('',#7873,#3646);
#3191=LINE('',#7875,#3647);
#3192=LINE('',#7890,#3648);
#3193=LINE('',#7896,#3649);
#3194=LINE('',#7909,#3650);
#3195=LINE('',#7926,#3651);
#3196=LINE('',#7934,#3652);
#3197=LINE('',#7938,#3653);
#3198=LINE('',#7940,#3654);
#3199=LINE('',#7942,#3655);
#3200=LINE('',#7946,#3656);
#3201=LINE('',#7961,#3657);
#3202=LINE('',#7978,#3658);
#3203=LINE('',#7995,#3659);
#3204=LINE('',#8012,#3660);
#3205=LINE('',#8020,#3661);
#3206=LINE('',#8024,#3662);
#3207=LINE('',#8026,#3663);
#3208=LINE('',#8028,#3664);
#3209=LINE('',#8032,#3665);
#3210=LINE('',#8043,#3666);
#3211=LINE('',#8049,#3667);
#3212=LINE('',#8058,#3668);
#3213=LINE('',#8071,#3669);
#3214=LINE('',#8084,#3670);
#3215=LINE('',#8090,#3671);
#3216=LINE('',#8092,#3672);
#3217=LINE('',#8101,#3673);
#3218=LINE('',#8107,#3674);
#3219=LINE('',#8118,#3675);
#3220=LINE('',#8131,#3676);
#3221=LINE('',#8144,#3677);
#3222=LINE('',#8157,#3678);
#3223=LINE('',#8163,#3679);
#3224=LINE('',#8165,#3680);
#3225=LINE('',#8174,#3681);
#3226=LINE('',#8206,#3682);
#3227=LINE('',#8208,#3683);
#3228=LINE('',#8210,#3684);
#3229=LINE('',#8212,#3685);
#3230=LINE('',#8214,#3686);
#3231=LINE('',#8216,#3687);
#3232=LINE('',#8218,#3688);
#3233=LINE('',#8220,#3689);
#3234=LINE('',#8223,#3690);
#3235=LINE('',#8225,#3691);
#3236=LINE('',#8227,#3692);
#3237=LINE('',#8229,#3693);
#3238=LINE('',#8231,#3694);
#3239=LINE('',#8233,#3695);
#3240=LINE('',#8235,#3696);
#3241=LINE('',#8237,#3697);
#3242=LINE('',#8239,#3698);
#3243=LINE('',#8241,#3699);
#3244=LINE('',#8243,#3700);
#3245=LINE('',#8245,#3701);
#3246=LINE('',#8247,#3702);
#3247=LINE('',#8249,#3703);
#3248=LINE('',#8251,#3704);
#3249=LINE('',#8253,#3705);
#3250=LINE('',#8255,#3706);
#3251=LINE('',#8257,#3707);
#3252=LINE('',#8259,#3708);
#3253=LINE('',#8261,#3709);
#3254=LINE('',#8264,#3710);
#3255=LINE('',#8266,#3711);
#3256=LINE('',#8268,#3712);
#3257=LINE('',#8270,#3713);
#3258=LINE('',#8272,#3714);
#3259=LINE('',#8274,#3715);
#3260=LINE('',#8276,#3716);
#3261=LINE('',#8278,#3717);
#3262=LINE('',#8280,#3718);
#3263=LINE('',#8282,#3719);
#3264=LINE('',#8284,#3720);
#3265=LINE('',#8286,#3721);
#3266=LINE('',#8288,#3722);
#3267=LINE('',#8290,#3723);
#3268=LINE('',#8292,#3724);
#3269=LINE('',#8294,#3725);
#3270=LINE('',#8296,#3726);
#3271=LINE('',#8298,#3727);
#3272=LINE('',#8300,#3728);
#3273=LINE('',#8302,#3729);
#3274=LINE('',#8317,#3730);
#3275=LINE('',#8323,#3731);
#3276=LINE('',#8336,#3732);
#3277=LINE('',#8353,#3733);
#3278=LINE('',#8361,#3734);
#3279=LINE('',#8365,#3735);
#3280=LINE('',#8367,#3736);
#3281=LINE('',#8369,#3737);
#3282=LINE('',#8373,#3738);
#3283=LINE('',#8388,#3739);
#3284=LINE('',#8405,#3740);
#3285=LINE('',#8422,#3741);
#3286=LINE('',#8439,#3742);
#3287=LINE('',#8447,#3743);
#3288=LINE('',#8451,#3744);
#3289=LINE('',#8453,#3745);
#3290=LINE('',#8455,#3746);
#3291=LINE('',#8459,#3747);
#3292=LINE('',#8470,#3748);
#3293=LINE('',#8476,#3749);
#3294=LINE('',#8485,#3750);
#3295=LINE('',#8498,#3751);
#3296=LINE('',#8511,#3752);
#3297=LINE('',#8517,#3753);
#3298=LINE('',#8519,#3754);
#3299=LINE('',#8528,#3755);
#3300=LINE('',#8534,#3756);
#3301=LINE('',#8545,#3757);
#3302=LINE('',#8558,#3758);
#3303=LINE('',#8571,#3759);
#3304=LINE('',#8584,#3760);
#3305=LINE('',#8590,#3761);
#3306=LINE('',#8592,#3762);
#3307=LINE('',#8601,#3763);
#3308=LINE('',#8635,#3764);
#3309=LINE('',#8637,#3765);
#3310=LINE('',#8639,#3766);
#3311=LINE('',#8641,#3767);
#3312=LINE('',#8643,#3768);
#3313=LINE('',#8645,#3769);
#3314=LINE('',#8647,#3770);
#3315=LINE('',#8649,#3771);
#3316=LINE('',#8652,#3772);
#3317=LINE('',#8654,#3773);
#3318=LINE('',#8656,#3774);
#3319=LINE('',#8658,#3775);
#3320=LINE('',#8660,#3776);
#3321=LINE('',#8662,#3777);
#3322=LINE('',#8664,#3778);
#3323=LINE('',#8665,#3779);
#3324=VECTOR('',#5562,1.);
#3325=VECTOR('',#5563,1.);
#3326=VECTOR('',#5564,1.);
#3327=VECTOR('',#5565,1.);
#3328=VECTOR('',#5566,1.);
#3329=VECTOR('',#5567,1.);
#3330=VECTOR('',#5568,1.);
#3331=VECTOR('',#5569,1.);
#3332=VECTOR('',#5570,1.);
#3333=VECTOR('',#5571,1.);
#3334=VECTOR('',#5572,1.);
#3335=VECTOR('',#5573,1.);
#3336=VECTOR('',#5574,1.);
#3337=VECTOR('',#5575,1.);
#3338=VECTOR('',#5576,1.);
#3339=VECTOR('',#5577,1.);
#3340=VECTOR('',#5578,1.);
#3341=VECTOR('',#5579,1.);
#3342=VECTOR('',#5580,1.);
#3343=VECTOR('',#5581,1.);
#3344=VECTOR('',#5582,1.);
#3345=VECTOR('',#5583,1.);
#3346=VECTOR('',#5584,1.);
#3347=VECTOR('',#5585,1.);
#3348=VECTOR('',#5586,1.);
#3349=VECTOR('',#5589,1.);
#3350=VECTOR('',#5590,1.);
#3351=VECTOR('',#5593,1.);
#3352=VECTOR('',#5594,1.);
#3353=VECTOR('',#5595,1.);
#3354=VECTOR('',#5596,1.);
#3355=VECTOR('',#5597,1.);
#3356=VECTOR('',#5600,1.);
#3357=VECTOR('',#5601,1.);
#3358=VECTOR('',#5602,1.);
#3359=VECTOR('',#5603,1.);
#3360=VECTOR('',#5604,1.);
#3361=VECTOR('',#5605,1.);
#3362=VECTOR('',#5606,1.);
#3363=VECTOR('',#5609,1.);
#3364=VECTOR('',#5610,1.);
#3365=VECTOR('',#5611,1.);
#3366=VECTOR('',#5612,1.);
#3367=VECTOR('',#5613,1.);
#3368=VECTOR('',#5614,1.);
#3369=VECTOR('',#5615,1.);
#3370=VECTOR('',#5618,1.);
#3371=VECTOR('',#5621,1.);
#3372=VECTOR('',#5622,1.);
#3373=VECTOR('',#5623,1.);
#3374=VECTOR('',#5624,1.);
#3375=VECTOR('',#5625,1.);
#3376=VECTOR('',#5636,1.);
#3377=VECTOR('',#5637,1.);
#3378=VECTOR('',#5638,1.);
#3379=VECTOR('',#5639,1.);
#3380=VECTOR('',#5640,1.);
#3381=VECTOR('',#5641,1.);
#3382=VECTOR('',#5642,1.);
#3383=VECTOR('',#5643,1.);
#3384=VECTOR('',#5644,1.);
#3385=VECTOR('',#5645,1.);
#3386=VECTOR('',#5646,1.);
#3387=VECTOR('',#5647,1.);
#3388=VECTOR('',#5648,1.);
#3389=VECTOR('',#5649,1.);
#3390=VECTOR('',#5652,1.);
#3391=VECTOR('',#5655,1.);
#3392=VECTOR('',#5658,1.);
#3393=VECTOR('',#5663,1.);
#3394=VECTOR('',#5666,1.);
#3395=VECTOR('',#5671,1.);
#3396=VECTOR('',#5674,1.);
#3397=VECTOR('',#5679,1.);
#3398=VECTOR('',#5680,1.);
#3399=VECTOR('',#5681,1.);
#3400=VECTOR('',#5684,1.);
#3401=VECTOR('',#5685,1.);
#3402=VECTOR('',#5686,1.);
#3403=VECTOR('',#5689,1.);
#3404=VECTOR('',#5690,1.);
#3405=VECTOR('',#5691,1.);
#3406=VECTOR('',#5694,1.);
#3407=VECTOR('',#5695,1.);
#3408=VECTOR('',#5696,1.);
#3409=VECTOR('',#5697,1.);
#3410=VECTOR('',#5700,1.);
#3411=VECTOR('',#5703,1.);
#3412=VECTOR('',#5726,1.);
#3413=VECTOR('',#5731,1.);
#3414=VECTOR('',#5750,1.);
#3415=VECTOR('',#5757,1.);
#3416=VECTOR('',#5758,1.);
#3417=VECTOR('',#5759,1.);
#3418=VECTOR('',#5760,1.);
#3419=VECTOR('',#5767,1.);
#3420=VECTOR('',#5768,1.);
#3421=VECTOR('',#5769,1.);
#3422=VECTOR('',#5770,1.);
#3423=VECTOR('',#5771,1.);
#3424=VECTOR('',#5772,1.);
#3425=VECTOR('',#5773,1.);
#3426=VECTOR('',#5776,1.);
#3427=VECTOR('',#5779,1.);
#3428=VECTOR('',#5786,1.);
#3429=VECTOR('',#5787,1.);
#3430=VECTOR('',#5794,1.);
#3431=VECTOR('',#5795,1.);
#3432=VECTOR('',#5822,1.);
#3433=VECTOR('',#5823,1.);
#3434=VECTOR('',#5824,1.);
#3435=VECTOR('',#5825,1.);
#3436=VECTOR('',#5828,1.);
#3437=VECTOR('',#5829,1.);
#3438=VECTOR('',#5830,1.);
#3439=VECTOR('',#5831,1.);
#3440=VECTOR('',#5832,1.);
#3441=VECTOR('',#5833,1.);
#3442=VECTOR('',#5834,1.);
#3443=VECTOR('',#5835,1.);
#3444=VECTOR('',#5836,1.);
#3445=VECTOR('',#5837,1.);
#3446=VECTOR('',#5838,1.);
#3447=VECTOR('',#5839,1.);
#3448=VECTOR('',#5842,1.);
#3449=VECTOR('',#5843,1.);
#3450=VECTOR('',#5846,1.);
#3451=VECTOR('',#5847,1.);
#3452=VECTOR('',#5848,1.);
#3453=VECTOR('',#5849,1.);
#3454=VECTOR('',#5852,1.);
#3455=VECTOR('',#5855,1.);
#3456=VECTOR('',#5856,1.);
#3457=VECTOR('',#5859,1.);
#3458=VECTOR('',#5860,1.);
#3459=VECTOR('',#5861,1.);
#3460=VECTOR('',#5862,1.);
#3461=VECTOR('',#5865,1.);
#3462=VECTOR('',#5866,1.);
#3463=VECTOR('',#5867,1.);
#3464=VECTOR('',#5870,1.);
#3465=VECTOR('',#5871,1.);
#3466=VECTOR('',#5872,1.);
#3467=VECTOR('',#5875,1.);
#3468=VECTOR('',#5876,1.);
#3469=VECTOR('',#5877,1.);
#3470=VECTOR('',#5878,1.);
#3471=VECTOR('',#5879,1.);
#3472=VECTOR('',#5880,1.);
#3473=VECTOR('',#5881,1.);
#3474=VECTOR('',#5882,1.);
#3475=VECTOR('',#5885,1.);
#3476=VECTOR('',#5886,1.);
#3477=VECTOR('',#5887,1.);
#3478=VECTOR('',#5890,1.);
#3479=VECTOR('',#5891,1.);
#3480=VECTOR('',#5892,1.);
#3481=VECTOR('',#5895,1.);
#3482=VECTOR('',#5898,1.);
#3483=VECTOR('',#5899,1.);
#3484=VECTOR('',#5900,1.);
#3485=VECTOR('',#5901,1.);
#3486=VECTOR('',#5902,1.);
#3487=VECTOR('',#5903,1.);
#3488=VECTOR('',#5904,1.);
#3489=VECTOR('',#5905,1.);
#3490=VECTOR('',#5908,1.);
#3491=VECTOR('',#5911,1.);
#3492=VECTOR('',#5912,1.);
#3493=VECTOR('',#5913,1.);
#3494=VECTOR('',#5914,1.);
#3495=VECTOR('',#5915,1.);
#3496=VECTOR('',#5916,1.);
#3497=VECTOR('',#5919,1.);
#3498=VECTOR('',#5922,1.);
#3499=VECTOR('',#5927,1.);
#3500=VECTOR('',#5928,1.);
#3501=VECTOR('',#5929,1.);
#3502=VECTOR('',#5934,1.);
#3503=VECTOR('',#5937,1.);
#3504=VECTOR('',#5938,1.);
#3505=VECTOR('',#5939,1.);
#3506=VECTOR('',#5942,1.);
#3507=VECTOR('',#5945,1.);
#3508=VECTOR('',#5946,1.);
#3509=VECTOR('',#5947,1.);
#3510=VECTOR('',#5950,1.);
#3511=VECTOR('',#5953,1.);
#3512=VECTOR('',#5956,1.);
#3513=VECTOR('',#5959,1.);
#3514=VECTOR('',#5976,1.);
#3515=VECTOR('',#5977,1.);
#3516=VECTOR('',#5978,1.);
#3517=VECTOR('',#5979,1.);
#3518=VECTOR('',#5980,1.);
#3519=VECTOR('',#5981,1.);
#3520=VECTOR('',#5986,1.);
#3521=VECTOR('',#5989,1.);
#3522=VECTOR('',#5992,1.);
#3523=VECTOR('',#5993,1.);
#3524=VECTOR('',#5996,1.);
#3525=VECTOR('',#5999,1.);
#3526=VECTOR('',#6002,1.);
#3527=VECTOR('',#6005,1.);
#3528=VECTOR('',#6006,1.);
#3529=VECTOR('',#6009,1.);
#3530=VECTOR('',#6016,1.);
#3531=VECTOR('',#6017,1.);
#3532=VECTOR('',#6018,1.);
#3533=VECTOR('',#6019,1.);
#3534=VECTOR('',#6022,1.);
#3535=VECTOR('',#6023,1.);
#3536=VECTOR('',#6024,1.);
#3537=VECTOR('',#6027,1.);
#3538=VECTOR('',#6028,1.);
#3539=VECTOR('',#6029,1.);
#3540=VECTOR('',#6032,1.);
#3541=VECTOR('',#6033,1.);
#3542=VECTOR('',#6034,1.);
#3543=VECTOR('',#6035,1.);
#3544=VECTOR('',#6038,1.);
#3545=VECTOR('',#6039,1.);
#3546=VECTOR('',#6040,1.);
#3547=VECTOR('',#6043,1.);
#3548=VECTOR('',#6044,1.);
#3549=VECTOR('',#6045,1.);
#3550=VECTOR('',#6048,1.);
#3551=VECTOR('',#6049,1.);
#3552=VECTOR('',#6098,1.);
#3553=VECTOR('',#6099,1.);
#3554=VECTOR('',#6130,1.);
#3555=VECTOR('',#6131,1.);
#3556=VECTOR('',#6134,1.);
#3557=VECTOR('',#6135,1.);
#3558=VECTOR('',#6138,1.);
#3559=VECTOR('',#6141,1.);
#3560=VECTOR('',#6142,1.);
#3561=VECTOR('',#6145,1.);
#3562=VECTOR('',#6146,1.);
#3563=VECTOR('',#6147,1.);
#3564=VECTOR('',#6150,1.);
#3565=VECTOR('',#6151,1.);
#3566=VECTOR('',#6214,1.);
#3567=VECTOR('',#6215,1.);
#3568=VECTOR('',#6216,1.);
#3569=VECTOR('',#6219,1.);
#3570=VECTOR('',#6220,1.);
#3571=VECTOR('',#6223,1.);
#3572=VECTOR('',#6224,1.);
#3573=VECTOR('',#6227,1.);
#3574=VECTOR('',#6228,1.);
#3575=VECTOR('',#6231,1.);
#3576=VECTOR('',#6236,1.);
#3577=VECTOR('',#6237,1.);
#3578=VECTOR('',#6240,1.);
#3579=VECTOR('',#6241,1.);
#3580=VECTOR('',#6244,1.);
#3581=VECTOR('',#6245,1.);
#3582=VECTOR('',#6248,1.);
#3583=VECTOR('',#6249,1.);
#3584=VECTOR('',#6252,1.);
#3585=VECTOR('',#6255,1.);
#3586=VECTOR('',#6256,1.);
#3587=VECTOR('',#6259,1.);
#3588=VECTOR('',#6260,1.);
#3589=VECTOR('',#6263,1.);
#3590=VECTOR('',#6264,1.);
#3591=VECTOR('',#6267,1.);
#3592=VECTOR('',#6268,1.);
#3593=VECTOR('',#6271,1.);
#3594=VECTOR('',#6272,1.);
#3595=VECTOR('',#6275,1.);
#3596=VECTOR('',#6278,1.);
#3597=VECTOR('',#6281,1.);
#3598=VECTOR('',#6282,1.);
#3599=VECTOR('',#6285,1.);
#3600=VECTOR('',#6286,1.);
#3601=VECTOR('',#6289,1.);
#3602=VECTOR('',#6290,1.);
#3603=VECTOR('',#6293,1.);
#3604=VECTOR('',#6294,1.);
#3605=VECTOR('',#6297,1.);
#3606=VECTOR('',#6298,1.);
#3607=VECTOR('',#6301,1.);
#3608=VECTOR('',#6302,1.);
#3609=VECTOR('',#6305,1.);
#3610=VECTOR('',#6306,1.);
#3611=VECTOR('',#6309,1.);
#3612=VECTOR('',#6314,1.);
#3613=VECTOR('',#6315,1.);
#3614=VECTOR('',#6318,1.);
#3615=VECTOR('',#6319,1.);
#3616=VECTOR('',#6322,1.);
#3617=VECTOR('',#6329,1.);
#3618=VECTOR('',#6330,1.);
#3619=VECTOR('',#6331,1.);
#3620=VECTOR('',#6332,1.);
#3621=VECTOR('',#6361,1.);
#3622=VECTOR('',#6366,1.);
#3623=VECTOR('',#6375,1.);
#3624=VECTOR('',#6378,1.);
#3625=VECTOR('',#6379,1.);
#3626=VECTOR('',#6380,1.);
#3627=VECTOR('',#6383,1.);
#3628=VECTOR('',#6416,1.);
#3629=VECTOR('',#6417,1.);
#3630=VECTOR('',#6418,1.);
#3631=VECTOR('',#6421,1.);
#3632=VECTOR('',#6422,1.);
#3633=VECTOR('',#6425,1.);
#3634=VECTOR('',#6426,1.);
#3635=VECTOR('',#6429,1.);
#3636=VECTOR('',#6430,1.);
#3637=VECTOR('',#6433,1.);
#3638=VECTOR('',#6434,1.);
#3639=VECTOR('',#6437,1.);
#3640=VECTOR('',#6438,1.);
#3641=VECTOR('',#6441,1.);
#3642=VECTOR('',#6442,1.);
#3643=VECTOR('',#6445,1.);
#3644=VECTOR('',#6446,1.);
#3645=VECTOR('',#6449,1.);
#3646=VECTOR('',#6450,1.);
#3647=VECTOR('',#6453,1.);
#3648=VECTOR('',#6456,1.);
#3649=VECTOR('',#6457,1.);
#3650=VECTOR('',#6458,1.);
#3651=VECTOR('',#6459,1.);
#3652=VECTOR('',#6464,1.);
#3653=VECTOR('',#6469,1.);
#3654=VECTOR('',#6470,1.);
#3655=VECTOR('',#6471,1.);
#3656=VECTOR('',#6476,1.);
#3657=VECTOR('',#6479,1.);
#3658=VECTOR('',#6480,1.);
#3659=VECTOR('',#6481,1.);
#3660=VECTOR('',#6482,1.);
#3661=VECTOR('',#6487,1.);
#3662=VECTOR('',#6492,1.);
#3663=VECTOR('',#6493,1.);
#3664=VECTOR('',#6494,1.);
#3665=VECTOR('',#6499,1.);
#3666=VECTOR('',#6502,1.);
#3667=VECTOR('',#6503,1.);
#3668=VECTOR('',#6504,1.);
#3669=VECTOR('',#6505,1.);
#3670=VECTOR('',#6506,1.);
#3671=VECTOR('',#6509,1.);
#3672=VECTOR('',#6510,1.);
#3673=VECTOR('',#6511,1.);
#3674=VECTOR('',#6514,1.);
#3675=VECTOR('',#6517,1.);
#3676=VECTOR('',#6518,1.);
#3677=VECTOR('',#6519,1.);
#3678=VECTOR('',#6520,1.);
#3679=VECTOR('',#6523,1.);
#3680=VECTOR('',#6524,1.);
#3681=VECTOR('',#6525,1.);
#3682=VECTOR('',#6530,1.);
#3683=VECTOR('',#6531,1.);
#3684=VECTOR('',#6532,1.);
#3685=VECTOR('',#6535,1.);
#3686=VECTOR('',#6536,1.);
#3687=VECTOR('',#6539,1.);
#3688=VECTOR('',#6540,1.);
#3689=VECTOR('',#6543,1.);
#3690=VECTOR('',#6548,1.);
#3691=VECTOR('',#6549,1.);
#3692=VECTOR('',#6550,1.);
#3693=VECTOR('',#6553,1.);
#3694=VECTOR('',#6554,1.);
#3695=VECTOR('',#6557,1.);
#3696=VECTOR('',#6558,1.);
#3697=VECTOR('',#6561,1.);
#3698=VECTOR('',#6562,1.);
#3699=VECTOR('',#6565,1.);
#3700=VECTOR('',#6566,1.);
#3701=VECTOR('',#6569,1.);
#3702=VECTOR('',#6570,1.);
#3703=VECTOR('',#6573,1.);
#3704=VECTOR('',#6574,1.);
#3705=VECTOR('',#6577,1.);
#3706=VECTOR('',#6578,1.);
#3707=VECTOR('',#6581,1.);
#3708=VECTOR('',#6582,1.);
#3709=VECTOR('',#6585,1.);
#3710=VECTOR('',#6590,1.);
#3711=VECTOR('',#6591,1.);
#3712=VECTOR('',#6592,1.);
#3713=VECTOR('',#6595,1.);
#3714=VECTOR('',#6596,1.);
#3715=VECTOR('',#6599,1.);
#3716=VECTOR('',#6600,1.);
#3717=VECTOR('',#6603,1.);
#3718=VECTOR('',#6604,1.);
#3719=VECTOR('',#6607,1.);
#3720=VECTOR('',#6608,1.);
#3721=VECTOR('',#6611,1.);
#3722=VECTOR('',#6612,1.);
#3723=VECTOR('',#6615,1.);
#3724=VECTOR('',#6616,1.);
#3725=VECTOR('',#6619,1.);
#3726=VECTOR('',#6620,1.);
#3727=VECTOR('',#6623,1.);
#3728=VECTOR('',#6624,1.);
#3729=VECTOR('',#6627,1.);
#3730=VECTOR('',#6630,1.);
#3731=VECTOR('',#6631,1.);
#3732=VECTOR('',#6632,1.);
#3733=VECTOR('',#6633,1.);
#3734=VECTOR('',#6638,1.);
#3735=VECTOR('',#6643,1.);
#3736=VECTOR('',#6644,1.);
#3737=VECTOR('',#6645,1.);
#3738=VECTOR('',#6650,1.);
#3739=VECTOR('',#6653,1.);
#3740=VECTOR('',#6654,1.);
#3741=VECTOR('',#6655,1.);
#3742=VECTOR('',#6656,1.);
#3743=VECTOR('',#6661,1.);
#3744=VECTOR('',#6666,1.);
#3745=VECTOR('',#6667,1.);
#3746=VECTOR('',#6668,1.);
#3747=VECTOR('',#6673,1.);
#3748=VECTOR('',#6676,1.);
#3749=VECTOR('',#6677,1.);
#3750=VECTOR('',#6678,1.);
#3751=VECTOR('',#6679,1.);
#3752=VECTOR('',#6680,1.);
#3753=VECTOR('',#6683,1.);
#3754=VECTOR('',#6684,1.);
#3755=VECTOR('',#6685,1.);
#3756=VECTOR('',#6688,1.);
#3757=VECTOR('',#6691,1.);
#3758=VECTOR('',#6692,1.);
#3759=VECTOR('',#6693,1.);
#3760=VECTOR('',#6694,1.);
#3761=VECTOR('',#6697,1.);
#3762=VECTOR('',#6698,1.);
#3763=VECTOR('',#6699,1.);
#3764=VECTOR('',#6708,1.);
#3765=VECTOR('',#6709,1.);
#3766=VECTOR('',#6710,1.);
#3767=VECTOR('',#6713,1.);
#3768=VECTOR('',#6714,1.);
#3769=VECTOR('',#6715,1.);
#3770=VECTOR('',#6718,1.);
#3771=VECTOR('',#6721,1.);
#3772=VECTOR('',#6726,1.);
#3773=VECTOR('',#6727,1.);
#3774=VECTOR('',#6728,1.);
#3775=VECTOR('',#6731,1.);
#3776=VECTOR('',#6732,1.);
#3777=VECTOR('',#6733,1.);
#3778=VECTOR('',#6736,1.);
#3779=VECTOR('',#6737,1.);
#3780=EDGE_LOOP('',(#355,#356,#357,#358,#359,#360,#361,#362,#363,#364));
#3781=EDGE_LOOP('',(#365,#366,#367,#368,#369,#370,#371,#372,#373,#374));
#3782=EDGE_LOOP('',(#375,#376,#377,#378));
#3783=EDGE_LOOP('',(#379,#380,#381,#382,#383,#384,#385,#386,#387,#388,#389,
#390,#391,#392));
#3784=EDGE_LOOP('',(#393,#394,#395,#396,#397,#398,#399,#400,#401,#402,#403,
#404,#405,#406,#407,#408,#409,#410,#411,#412,#413,#414,#415,#416,#417,#418,
#419,#420,#421,#422,#423));
#3785=EDGE_LOOP('',(#424));
#3786=EDGE_LOOP('',(#425));
#3787=EDGE_LOOP('',(#426));
#3788=EDGE_LOOP('',(#427));
#3789=EDGE_LOOP('',(#428));
#3790=EDGE_LOOP('',(#429,#430,#431,#432));
#3791=EDGE_LOOP('',(#433,#434,#435,#436,#437,#438,#439,#440,#441,#442));
#3792=EDGE_LOOP('',(#443,#444,#445,#446,#447,#448,#449,#450,#451,#452,#453,
#454,#455,#456));
#3793=EDGE_LOOP('',(#457,#458,#459,#460));
#3794=EDGE_LOOP('',(#461,#462,#463,#464));
#3795=EDGE_LOOP('',(#465,#466,#467,#468));
#3796=EDGE_LOOP('',(#469,#470,#471,#472));
#3797=EDGE_LOOP('',(#473,#474,#475,#476));
#3798=EDGE_LOOP('',(#477,#478,#479,#480));
#3799=EDGE_LOOP('',(#481,#482,#483,#484));
#3800=EDGE_LOOP('',(#485,#486,#487,#488,#489,#490));
#3801=EDGE_LOOP('',(#491,#492,#493,#494));
#3802=EDGE_LOOP('',(#495,#496,#497,#498));
#3803=EDGE_LOOP('',(#499,#500,#501,#502,#503,#504));
#3804=EDGE_LOOP('',(#505,#506,#507,#508,#509,#510));
#3805=EDGE_LOOP('',(#511,#512,#513,#514));
#3806=EDGE_LOOP('',(#515,#516,#517,#518));
#3807=EDGE_LOOP('',(#519,#520,#521,#522,#523,#524));
#3808=EDGE_LOOP('',(#525));
#3809=EDGE_LOOP('',(#526));
#3810=EDGE_LOOP('',(#527,#528,#529,#530));
#3811=EDGE_LOOP('',(#531));
#3812=EDGE_LOOP('',(#532));
#3813=EDGE_LOOP('',(#533));
#3814=EDGE_LOOP('',(#534,#535,#536,#537));
#3815=EDGE_LOOP('',(#538,#539,#540,#541));
#3816=EDGE_LOOP('',(#542,#543,#544,#545));
#3817=EDGE_LOOP('',(#546));
#3818=EDGE_LOOP('',(#547,#548,#549,#550));
#3819=EDGE_LOOP('',(#551));
#3820=EDGE_LOOP('',(#552,#553,#554,#555));
#3821=EDGE_LOOP('',(#556,#557,#558,#559));
#3822=EDGE_LOOP('',(#560));
#3823=EDGE_LOOP('',(#561));
#3824=EDGE_LOOP('',(#562));
#3825=EDGE_LOOP('',(#563));
#3826=EDGE_LOOP('',(#564));
#3827=EDGE_LOOP('',(#565));
#3828=EDGE_LOOP('',(#566,#567,#568,#569));
#3829=EDGE_LOOP('',(#570,#571,#572,#573,#574,#575,#576,#577,#578,#579,#580,
#581));
#3830=EDGE_LOOP('',(#582,#583,#584,#585));
#3831=EDGE_LOOP('',(#586,#587,#588,#589,#590,#591,#592,#593,#594,#595));
#3832=EDGE_LOOP('',(#596,#597,#598,#599));
#3833=EDGE_LOOP('',(#600,#601,#602,#603));
#3834=EDGE_LOOP('',(#604,#605,#606,#607));
#3835=EDGE_LOOP('',(#608,#609,#610,#611));
#3836=EDGE_LOOP('',(#612,#613,#614,#615,#616,#617));
#3837=EDGE_LOOP('',(#618,#619,#620,#621));
#3838=EDGE_LOOP('',(#622,#623,#624,#625));
#3839=EDGE_LOOP('',(#626,#627,#628,#629));
#3840=EDGE_LOOP('',(#630,#631,#632,#633));
#3841=EDGE_LOOP('',(#634,#635,#636,#637,#638,#639));
#3842=EDGE_LOOP('',(#640,#641,#642,#643,#644,#645,#646,#647,#648,#649,#650,
#651,#652,#653,#654,#655));
#3843=EDGE_LOOP('',(#656,#657,#658,#659));
#3844=EDGE_LOOP('',(#660,#661,#662,#663,#664,#665,#666,#667));
#3845=EDGE_LOOP('',(#668,#669,#670,#671));
#3846=EDGE_LOOP('',(#672,#673,#674,#675));
#3847=EDGE_LOOP('',(#676,#677,#678,#679,#680,#681,#682,#683));
#3848=EDGE_LOOP('',(#684));
#3849=EDGE_LOOP('',(#685));
#3850=EDGE_LOOP('',(#686));
#3851=EDGE_LOOP('',(#687));
#3852=EDGE_LOOP('',(#688,#689,#690,#691,#692,#693,#694,#695,#696,#697,#698,
#699,#700,#701,#702,#703,#704,#705,#706,#707,#708,#709,#710,#711,#712,#713,
#714,#715));
#3853=EDGE_LOOP('',(#716,#717,#718,#719));
#3854=EDGE_LOOP('',(#720,#721,#722,#723));
#3855=EDGE_LOOP('',(#724,#725,#726,#727));
#3856=EDGE_LOOP('',(#728,#729,#730,#731));
#3857=EDGE_LOOP('',(#732,#733,#734,#735));
#3858=EDGE_LOOP('',(#736,#737,#738,#739));
#3859=EDGE_LOOP('',(#740,#741,#742,#743));
#3860=EDGE_LOOP('',(#744,#745,#746,#747));
#3861=EDGE_LOOP('',(#748,#749,#750,#751,#752,#753));
#3862=EDGE_LOOP('',(#754,#755,#756,#757,#758,#759));
#3863=EDGE_LOOP('',(#760,#761,#762,#763));
#3864=EDGE_LOOP('',(#764,#765,#766,#767));
#3865=EDGE_LOOP('',(#768,#769,#770,#771));
#3866=EDGE_LOOP('',(#772,#773,#774,#775));
#3867=EDGE_LOOP('',(#776,#777,#778,#779));
#3868=EDGE_LOOP('',(#780,#781,#782,#783));
#3869=EDGE_LOOP('',(#784,#785,#786,#787));
#3870=EDGE_LOOP('',(#788));
#3871=EDGE_LOOP('',(#789));
#3872=EDGE_LOOP('',(#790));
#3873=EDGE_LOOP('',(#791));
#3874=EDGE_LOOP('',(#792));
#3875=EDGE_LOOP('',(#793));
#3876=EDGE_LOOP('',(#794));
#3877=EDGE_LOOP('',(#795));
#3878=EDGE_LOOP('',(#796));
#3879=EDGE_LOOP('',(#797));
#3880=EDGE_LOOP('',(#798));
#3881=EDGE_LOOP('',(#799));
#3882=EDGE_LOOP('',(#800));
#3883=EDGE_LOOP('',(#801));
#3884=EDGE_LOOP('',(#802));
#3885=EDGE_LOOP('',(#803));
#3886=EDGE_LOOP('',(#804));
#3887=EDGE_LOOP('',(#805));
#3888=EDGE_LOOP('',(#806));
#3889=EDGE_LOOP('',(#807));
#3890=EDGE_LOOP('',(#808,#809,#810,#811));
#3891=EDGE_LOOP('',(#812));
#3892=EDGE_LOOP('',(#813));
#3893=EDGE_LOOP('',(#814));
#3894=EDGE_LOOP('',(#815,#816,#817,#818,#819,#820,#821,#822));
#3895=EDGE_LOOP('',(#823));
#3896=EDGE_LOOP('',(#824));
#3897=EDGE_LOOP('',(#825));
#3898=EDGE_LOOP('',(#826));
#3899=EDGE_LOOP('',(#827));
#3900=EDGE_LOOP('',(#828));
#3901=EDGE_LOOP('',(#829));
#3902=EDGE_LOOP('',(#830));
#3903=EDGE_LOOP('',(#831,#832,#833,#834));
#3904=EDGE_LOOP('',(#835,#836,#837,#838));
#3905=EDGE_LOOP('',(#839,#840,#841,#842));
#3906=EDGE_LOOP('',(#843,#844,#845,#846));
#3907=EDGE_LOOP('',(#847,#848,#849,#850));
#3908=EDGE_LOOP('',(#851,#852,#853,#854));
#3909=EDGE_LOOP('',(#855,#856,#857,#858,#859,#860));
#3910=EDGE_LOOP('',(#861,#862,#863,#864));
#3911=EDGE_LOOP('',(#865,#866,#867,#868,#869,#870));
#3912=EDGE_LOOP('',(#871,#872,#873,#874));
#3913=EDGE_LOOP('',(#875,#876,#877,#878));
#3914=EDGE_LOOP('',(#879,#880,#881,#882));
#3915=EDGE_LOOP('',(#883,#884,#885,#886,#887,#888,#889,#890,#891,#892));
#3916=EDGE_LOOP('',(#893,#894,#895,#896));
#3917=EDGE_LOOP('',(#897,#898,#899,#900));
#3918=EDGE_LOOP('',(#901));
#3919=EDGE_LOOP('',(#902));
#3920=EDGE_LOOP('',(#903));
#3921=EDGE_LOOP('',(#904));
#3922=EDGE_LOOP('',(#905));
#3923=EDGE_LOOP('',(#906));
#3924=EDGE_LOOP('',(#907));
#3925=EDGE_LOOP('',(#908));
#3926=EDGE_LOOP('',(#909));
#3927=EDGE_LOOP('',(#910));
#3928=EDGE_LOOP('',(#911));
#3929=EDGE_LOOP('',(#912));
#3930=EDGE_LOOP('',(#913));
#3931=EDGE_LOOP('',(#914));
#3932=EDGE_LOOP('',(#915));
#3933=EDGE_LOOP('',(#916));
#3934=EDGE_LOOP('',(#917));
#3935=EDGE_LOOP('',(#918));
#3936=EDGE_LOOP('',(#919));
#3937=EDGE_LOOP('',(#920));
#3938=EDGE_LOOP('',(#921));
#3939=EDGE_LOOP('',(#922));
#3940=EDGE_LOOP('',(#923));
#3941=EDGE_LOOP('',(#924));
#3942=EDGE_LOOP('',(#925));
#3943=EDGE_LOOP('',(#926));
#3944=EDGE_LOOP('',(#927));
#3945=EDGE_LOOP('',(#928));
#3946=EDGE_LOOP('',(#929));
#3947=EDGE_LOOP('',(#930));
#3948=EDGE_LOOP('',(#931,#932,#933,#934));
#3949=EDGE_LOOP('',(#935,#936,#937,#938));
#3950=EDGE_LOOP('',(#939,#940,#941,#942));
#3951=EDGE_LOOP('',(#943,#944,#945,#946));
#3952=EDGE_LOOP('',(#947,#948,#949,#950));
#3953=EDGE_LOOP('',(#951,#952,#953,#954));
#3954=EDGE_LOOP('',(#955,#956,#957,#958));
#3955=EDGE_LOOP('',(#959,#960,#961,#962));
#3956=EDGE_LOOP('',(#963,#964,#965,#966));
#3957=EDGE_LOOP('',(#967,#968,#969,#970));
#3958=EDGE_LOOP('',(#971,#972,#973,#974));
#3959=EDGE_LOOP('',(#975,#976,#977,#978));
#3960=EDGE_LOOP('',(#979,#980,#981,#982));
#3961=EDGE_LOOP('',(#983,#984,#985,#986));
#3962=EDGE_LOOP('',(#987,#988,#989,#990));
#3963=EDGE_LOOP('',(#991,#992,#993,#994));
#3964=EDGE_LOOP('',(#995,#996,#997,#998));
#3965=EDGE_LOOP('',(#999,#1000,#1001,#1002));
#3966=EDGE_LOOP('',(#1003,#1004,#1005,#1006));
#3967=EDGE_LOOP('',(#1007,#1008,#1009,#1010));
#3968=EDGE_LOOP('',(#1011,#1012,#1013,#1014));
#3969=EDGE_LOOP('',(#1015,#1016,#1017,#1018));
#3970=EDGE_LOOP('',(#1019,#1020,#1021,#1022));
#3971=EDGE_LOOP('',(#1023,#1024,#1025,#1026));
#3972=EDGE_LOOP('',(#1027,#1028,#1029,#1030));
#3973=EDGE_LOOP('',(#1031,#1032,#1033,#1034));
#3974=EDGE_LOOP('',(#1035,#1036,#1037,#1038));
#3975=EDGE_LOOP('',(#1039,#1040,#1041,#1042));
#3976=EDGE_LOOP('',(#1043,#1044,#1045,#1046,#1047,#1048,#1049,#1050,#1051,
#1052,#1053,#1054,#1055,#1056,#1057,#1058,#1059,#1060,#1061,#1062,#1063,
#1064,#1065,#1066,#1067,#1068,#1069,#1070,#1071,#1072,#1073));
#3977=EDGE_LOOP('',(#1074,#1075,#1076,#1077));
#3978=EDGE_LOOP('',(#1078,#1079,#1080,#1081,#1082,#1083,#1084,#1085));
#3979=EDGE_LOOP('',(#1086,#1087,#1088,#1089));
#3980=EDGE_LOOP('',(#1090,#1091,#1092,#1093));
#3981=EDGE_LOOP('',(#1094,#1095,#1096,#1097));
#3982=EDGE_LOOP('',(#1098,#1099,#1100,#1101));
#3983=EDGE_LOOP('',(#1102,#1103,#1104,#1105,#1106));
#3984=EDGE_LOOP('',(#1107,#1108,#1109,#1110));
#3985=EDGE_LOOP('',(#1111,#1112,#1113,#1114));
#3986=EDGE_LOOP('',(#1115,#1116,#1117,#1118,#1119));
#3987=EDGE_LOOP('',(#1120,#1121,#1122,#1123));
#3988=EDGE_LOOP('',(#1124,#1125,#1126,#1127));
#3989=EDGE_LOOP('',(#1128,#1129,#1130,#1131));
#3990=EDGE_LOOP('',(#1132));
#3991=EDGE_LOOP('',(#1133));
#3992=EDGE_LOOP('',(#1134));
#3993=EDGE_LOOP('',(#1135));
#3994=EDGE_LOOP('',(#1136));
#3995=EDGE_LOOP('',(#1137));
#3996=EDGE_LOOP('',(#1138));
#3997=EDGE_LOOP('',(#1139));
#3998=EDGE_LOOP('',(#1140,#1141,#1142,#1143));
#3999=EDGE_LOOP('',(#1144,#1145,#1146,#1147));
#4000=EDGE_LOOP('',(#1148,#1149,#1150,#1151));
#4001=EDGE_LOOP('',(#1152,#1153,#1154,#1155));
#4002=EDGE_LOOP('',(#1156,#1157,#1158,#1159));
#4003=EDGE_LOOP('',(#1160,#1161));
#4004=EDGE_LOOP('',(#1162,#1163));
#4005=EDGE_LOOP('',(#1164));
#4006=EDGE_LOOP('',(#1165,#1166));
#4007=EDGE_LOOP('',(#1167,#1168,#1169,#1170,#1171,#1172,#1173,#1174));
#4008=EDGE_LOOP('',(#1175));
#4009=EDGE_LOOP('',(#1176,#1177,#1178,#1179,#1180,#1181,#1182,#1183));
#4010=EDGE_LOOP('',(#1184));
#4011=EDGE_LOOP('',(#1185,#1186,#1187,#1188,#1189,#1190,#1191,#1192));
#4012=EDGE_LOOP('',(#1193));
#4013=EDGE_LOOP('',(#1194,#1195,#1196,#1197,#1198,#1199,#1200,#1201));
#4014=EDGE_LOOP('',(#1202));
#4015=EDGE_LOOP('',(#1203,#1204,#1205,#1206));
#4016=EDGE_LOOP('',(#1207,#1208,#1209,#1210));
#4017=EDGE_LOOP('',(#1211,#1212,#1213,#1214));
#4018=EDGE_LOOP('',(#1215,#1216,#1217,#1218));
#4019=EDGE_LOOP('',(#1219,#1220,#1221,#1222));
#4020=EDGE_LOOP('',(#1223,#1224,#1225,#1226));
#4021=EDGE_LOOP('',(#1227,#1228,#1229,#1230));
#4022=EDGE_LOOP('',(#1231,#1232,#1233,#1234));
#4023=EDGE_LOOP('',(#1235,#1236,#1237,#1238));
#4024=EDGE_LOOP('',(#1239,#1240,#1241,#1242));
#4025=EDGE_LOOP('',(#1243,#1244,#1245,#1246,#1247,#1248,#1249,#1250,#1251,
#1252));
#4026=EDGE_LOOP('',(#1253,#1254,#1255,#1256));
#4027=EDGE_LOOP('',(#1257,#1258,#1259,#1260));
#4028=EDGE_LOOP('',(#1261,#1262,#1263,#1264));
#4029=EDGE_LOOP('',(#1265,#1266,#1267,#1268));
#4030=EDGE_LOOP('',(#1269,#1270,#1271,#1272));
#4031=EDGE_LOOP('',(#1273,#1274,#1275,#1276));
#4032=EDGE_LOOP('',(#1277,#1278,#1279,#1280));
#4033=EDGE_LOOP('',(#1281,#1282,#1283,#1284));
#4034=EDGE_LOOP('',(#1285,#1286,#1287,#1288));
#4035=EDGE_LOOP('',(#1289,#1290,#1291,#1292));
#4036=EDGE_LOOP('',(#1293,#1294,#1295,#1296));
#4037=EDGE_LOOP('',(#1297,#1298,#1299,#1300));
#4038=EDGE_LOOP('',(#1301,#1302,#1303,#1304));
#4039=EDGE_LOOP('',(#1305,#1306,#1307,#1308));
#4040=EDGE_LOOP('',(#1309,#1310,#1311,#1312));
#4041=EDGE_LOOP('',(#1313,#1314,#1315,#1316));
#4042=EDGE_LOOP('',(#1317,#1318,#1319,#1320));
#4043=EDGE_LOOP('',(#1321,#1322,#1323,#1324));
#4044=EDGE_LOOP('',(#1325,#1326,#1327,#1328));
#4045=EDGE_LOOP('',(#1329,#1330,#1331,#1332));
#4046=EDGE_LOOP('',(#1333,#1334,#1335,#1336));
#4047=EDGE_LOOP('',(#1337,#1338,#1339,#1340));
#4048=EDGE_LOOP('',(#1341,#1342,#1343,#1344));
#4049=EDGE_LOOP('',(#1345,#1346,#1347,#1348));
#4050=EDGE_LOOP('',(#1349,#1350,#1351,#1352));
#4051=EDGE_LOOP('',(#1353,#1354,#1355,#1356));
#4052=EDGE_LOOP('',(#1357,#1358,#1359,#1360));
#4053=EDGE_LOOP('',(#1361,#1362,#1363,#1364));
#4054=EDGE_LOOP('',(#1365,#1366,#1367,#1368,#1369,#1370,#1371,#1372,#1373,
#1374,#1375,#1376,#1377,#1378));
#4055=EDGE_LOOP('',(#1379,#1380,#1381,#1382,#1383,#1384,#1385,#1386,#1387,
#1388,#1389,#1390,#1391,#1392));
#4056=EDGE_LOOP('',(#1393,#1394,#1395,#1396));
#4057=EDGE_LOOP('',(#1397,#1398,#1399,#1400));
#4058=EDGE_LOOP('',(#1401,#1402,#1403,#1404));
#4059=EDGE_LOOP('',(#1405,#1406,#1407,#1408));
#4060=EDGE_LOOP('',(#1409,#1410,#1411,#1412));
#4061=EDGE_LOOP('',(#1413,#1414,#1415,#1416));
#4062=EDGE_LOOP('',(#1417,#1418,#1419,#1420));
#4063=EDGE_LOOP('',(#1421,#1422,#1423,#1424));
#4064=EDGE_LOOP('',(#1425,#1426,#1427,#1428));
#4065=EDGE_LOOP('',(#1429,#1430,#1431,#1432));
#4066=EDGE_LOOP('',(#1433,#1434,#1435,#1436));
#4067=EDGE_LOOP('',(#1437,#1438,#1439,#1440));
#4068=EDGE_LOOP('',(#1441,#1442,#1443,#1444));
#4069=EDGE_LOOP('',(#1445,#1446,#1447,#1448));
#4070=EDGE_LOOP('',(#1449,#1450,#1451,#1452));
#4071=EDGE_LOOP('',(#1453,#1454,#1455,#1456,#1457,#1458,#1459,#1460,#1461,
#1462));
#4072=EDGE_LOOP('',(#1463,#1464,#1465,#1466));
#4073=EDGE_LOOP('',(#1467,#1468,#1469,#1470));
#4074=EDGE_LOOP('',(#1471,#1472,#1473,#1474));
#4075=EDGE_LOOP('',(#1475,#1476,#1477,#1478));
#4076=EDGE_LOOP('',(#1479,#1480,#1481,#1482));
#4077=EDGE_LOOP('',(#1483,#1484,#1485,#1486));
#4078=EDGE_LOOP('',(#1487,#1488,#1489,#1490));
#4079=EDGE_LOOP('',(#1491,#1492,#1493,#1494));
#4080=EDGE_LOOP('',(#1495,#1496,#1497,#1498));
#4081=EDGE_LOOP('',(#1499,#1500,#1501,#1502));
#4082=EDGE_LOOP('',(#1503,#1504,#1505,#1506,#1507,#1508,#1509,#1510,#1511,
#1512));
#4083=EDGE_LOOP('',(#1513,#1514,#1515,#1516));
#4084=EDGE_LOOP('',(#1517,#1518,#1519,#1520));
#4085=EDGE_LOOP('',(#1521,#1522,#1523,#1524));
#4086=EDGE_LOOP('',(#1525,#1526,#1527,#1528));
#4087=EDGE_LOOP('',(#1529,#1530,#1531,#1532));
#4088=EDGE_LOOP('',(#1533,#1534,#1535,#1536));
#4089=EDGE_LOOP('',(#1537,#1538,#1539,#1540));
#4090=EDGE_LOOP('',(#1541,#1542,#1543,#1544));
#4091=EDGE_LOOP('',(#1545,#1546,#1547,#1548));
#4092=EDGE_LOOP('',(#1549,#1550,#1551,#1552));
#4093=EDGE_LOOP('',(#1553,#1554,#1555,#1556));
#4094=EDGE_LOOP('',(#1557,#1558,#1559,#1560));
#4095=EDGE_LOOP('',(#1561,#1562,#1563,#1564));
#4096=EDGE_LOOP('',(#1565,#1566,#1567,#1568));
#4097=EDGE_LOOP('',(#1569,#1570,#1571,#1572));
#4098=EDGE_LOOP('',(#1573,#1574,#1575,#1576));
#4099=EDGE_LOOP('',(#1577,#1578,#1579,#1580));
#4100=EDGE_LOOP('',(#1581,#1582,#1583,#1584));
#4101=EDGE_LOOP('',(#1585,#1586,#1587,#1588));
#4102=EDGE_LOOP('',(#1589,#1590,#1591,#1592));
#4103=EDGE_LOOP('',(#1593,#1594,#1595,#1596));
#4104=EDGE_LOOP('',(#1597,#1598,#1599,#1600));
#4105=EDGE_LOOP('',(#1601,#1602,#1603,#1604));
#4106=EDGE_LOOP('',(#1605,#1606,#1607,#1608));
#4107=EDGE_LOOP('',(#1609,#1610,#1611,#1612));
#4108=EDGE_LOOP('',(#1613,#1614,#1615,#1616));
#4109=EDGE_LOOP('',(#1617,#1618,#1619,#1620));
#4110=EDGE_LOOP('',(#1621,#1622,#1623,#1624));
#4111=EDGE_LOOP('',(#1625,#1626,#1627,#1628,#1629,#1630,#1631,#1632,#1633,
#1634,#1635,#1636,#1637,#1638));
#4112=EDGE_LOOP('',(#1639,#1640,#1641,#1642,#1643,#1644,#1645,#1646,#1647,
#1648,#1649,#1650,#1651,#1652));
#4113=EDGE_LOOP('',(#1653,#1654,#1655,#1656,#1657,#1658,#1659,#1660,#1661,
#1662,#1663,#1664,#1665,#1666));
#4114=EDGE_LOOP('',(#1667,#1668,#1669,#1670,#1671,#1672,#1673,#1674,#1675,
#1676,#1677,#1678,#1679,#1680));
#4115=EDGE_LOOP('',(#1681,#1682,#1683,#1684));
#4116=EDGE_LOOP('',(#1685,#1686,#1687,#1688));
#4117=EDGE_LOOP('',(#1689,#1690,#1691,#1692));
#4118=EDGE_LOOP('',(#1693,#1694,#1695,#1696));
#4119=EDGE_LOOP('',(#1697,#1698,#1699,#1700));
#4120=EDGE_LOOP('',(#1701,#1702,#1703,#1704));
#4121=EDGE_LOOP('',(#1705,#1706,#1707,#1708));
#4122=EDGE_LOOP('',(#1709,#1710,#1711,#1712));
#4123=EDGE_LOOP('',(#1713,#1714,#1715,#1716));
#4124=EDGE_LOOP('',(#1717,#1718,#1719,#1720));
#4125=FACE_BOUND('',#3780,.T.);
#4126=FACE_BOUND('',#3781,.T.);
#4127=FACE_BOUND('',#3782,.T.);
#4128=FACE_BOUND('',#3783,.T.);
#4129=FACE_BOUND('',#3784,.T.);
#4130=FACE_BOUND('',#3785,.T.);
#4131=FACE_BOUND('',#3786,.T.);
#4132=FACE_BOUND('',#3787,.T.);
#4133=FACE_BOUND('',#3788,.T.);
#4134=FACE_BOUND('',#3789,.T.);
#4135=FACE_BOUND('',#3790,.T.);
#4136=FACE_BOUND('',#3791,.T.);
#4137=FACE_BOUND('',#3792,.T.);
#4138=FACE_BOUND('',#3793,.T.);
#4139=FACE_BOUND('',#3794,.T.);
#4140=FACE_BOUND('',#3795,.T.);
#4141=FACE_BOUND('',#3796,.T.);
#4142=FACE_BOUND('',#3797,.T.);
#4143=FACE_BOUND('',#3798,.T.);
#4144=FACE_BOUND('',#3799,.T.);
#4145=FACE_BOUND('',#3800,.T.);
#4146=FACE_BOUND('',#3801,.T.);
#4147=FACE_BOUND('',#3802,.T.);
#4148=FACE_BOUND('',#3803,.T.);
#4149=FACE_BOUND('',#3804,.T.);
#4150=FACE_BOUND('',#3805,.T.);
#4151=FACE_BOUND('',#3806,.T.);
#4152=FACE_BOUND('',#3807,.T.);
#4153=FACE_BOUND('',#3808,.T.);
#4154=FACE_BOUND('',#3809,.T.);
#4155=FACE_BOUND('',#3810,.T.);
#4156=FACE_BOUND('',#3811,.T.);
#4157=FACE_BOUND('',#3812,.T.);
#4158=FACE_BOUND('',#3813,.T.);
#4159=FACE_BOUND('',#3814,.T.);
#4160=FACE_BOUND('',#3815,.T.);
#4161=FACE_BOUND('',#3816,.T.);
#4162=FACE_BOUND('',#3817,.T.);
#4163=FACE_BOUND('',#3818,.T.);
#4164=FACE_BOUND('',#3819,.T.);
#4165=FACE_BOUND('',#3820,.T.);
#4166=FACE_BOUND('',#3821,.T.);
#4167=FACE_BOUND('',#3822,.T.);
#4168=FACE_BOUND('',#3823,.T.);
#4169=FACE_BOUND('',#3824,.T.);
#4170=FACE_BOUND('',#3825,.T.);
#4171=FACE_BOUND('',#3826,.T.);
#4172=FACE_BOUND('',#3827,.T.);
#4173=FACE_BOUND('',#3828,.T.);
#4174=FACE_BOUND('',#3829,.T.);
#4175=FACE_BOUND('',#3830,.T.);
#4176=FACE_BOUND('',#3831,.T.);
#4177=FACE_BOUND('',#3832,.T.);
#4178=FACE_BOUND('',#3833,.T.);
#4179=FACE_BOUND('',#3834,.T.);
#4180=FACE_BOUND('',#3835,.T.);
#4181=FACE_BOUND('',#3836,.T.);
#4182=FACE_BOUND('',#3837,.T.);
#4183=FACE_BOUND('',#3838,.T.);
#4184=FACE_BOUND('',#3839,.T.);
#4185=FACE_BOUND('',#3840,.T.);
#4186=FACE_BOUND('',#3841,.T.);
#4187=FACE_BOUND('',#3842,.T.);
#4188=FACE_BOUND('',#3843,.T.);
#4189=FACE_BOUND('',#3844,.T.);
#4190=FACE_BOUND('',#3845,.T.);
#4191=FACE_BOUND('',#3846,.T.);
#4192=FACE_BOUND('',#3847,.T.);
#4193=FACE_BOUND('',#3848,.T.);
#4194=FACE_BOUND('',#3849,.T.);
#4195=FACE_BOUND('',#3850,.T.);
#4196=FACE_BOUND('',#3851,.T.);
#4197=FACE_BOUND('',#3852,.T.);
#4198=FACE_BOUND('',#3853,.T.);
#4199=FACE_BOUND('',#3854,.T.);
#4200=FACE_BOUND('',#3855,.T.);
#4201=FACE_BOUND('',#3856,.T.);
#4202=FACE_BOUND('',#3857,.T.);
#4203=FACE_BOUND('',#3858,.T.);
#4204=FACE_BOUND('',#3859,.T.);
#4205=FACE_BOUND('',#3860,.T.);
#4206=FACE_BOUND('',#3861,.T.);
#4207=FACE_BOUND('',#3862,.T.);
#4208=FACE_BOUND('',#3863,.T.);
#4209=FACE_BOUND('',#3864,.T.);
#4210=FACE_BOUND('',#3865,.T.);
#4211=FACE_BOUND('',#3866,.T.);
#4212=FACE_BOUND('',#3867,.T.);
#4213=FACE_BOUND('',#3868,.T.);
#4214=FACE_BOUND('',#3869,.T.);
#4215=FACE_BOUND('',#3870,.T.);
#4216=FACE_BOUND('',#3871,.T.);
#4217=FACE_BOUND('',#3872,.T.);
#4218=FACE_BOUND('',#3873,.T.);
#4219=FACE_BOUND('',#3874,.T.);
#4220=FACE_BOUND('',#3875,.T.);
#4221=FACE_BOUND('',#3876,.T.);
#4222=FACE_BOUND('',#3877,.T.);
#4223=FACE_BOUND('',#3878,.T.);
#4224=FACE_BOUND('',#3879,.T.);
#4225=FACE_BOUND('',#3880,.T.);
#4226=FACE_BOUND('',#3881,.T.);
#4227=FACE_BOUND('',#3882,.T.);
#4228=FACE_BOUND('',#3883,.T.);
#4229=FACE_BOUND('',#3884,.T.);
#4230=FACE_BOUND('',#3885,.T.);
#4231=FACE_BOUND('',#3886,.T.);
#4232=FACE_BOUND('',#3887,.T.);
#4233=FACE_BOUND('',#3888,.T.);
#4234=FACE_BOUND('',#3889,.T.);
#4235=FACE_BOUND('',#3890,.T.);
#4236=FACE_BOUND('',#3891,.T.);
#4237=FACE_BOUND('',#3892,.T.);
#4238=FACE_BOUND('',#3893,.T.);
#4239=FACE_BOUND('',#3894,.T.);
#4240=FACE_BOUND('',#3895,.T.);
#4241=FACE_BOUND('',#3896,.T.);
#4242=FACE_BOUND('',#3897,.T.);
#4243=FACE_BOUND('',#3898,.T.);
#4244=FACE_BOUND('',#3899,.T.);
#4245=FACE_BOUND('',#3900,.T.);
#4246=FACE_BOUND('',#3901,.T.);
#4247=FACE_BOUND('',#3902,.T.);
#4248=FACE_BOUND('',#3903,.T.);
#4249=FACE_BOUND('',#3904,.T.);
#4250=FACE_BOUND('',#3905,.T.);
#4251=FACE_BOUND('',#3906,.T.);
#4252=FACE_BOUND('',#3907,.T.);
#4253=FACE_BOUND('',#3908,.T.);
#4254=FACE_BOUND('',#3909,.T.);
#4255=FACE_BOUND('',#3910,.T.);
#4256=FACE_BOUND('',#3911,.T.);
#4257=FACE_BOUND('',#3912,.T.);
#4258=FACE_BOUND('',#3913,.T.);
#4259=FACE_BOUND('',#3914,.T.);
#4260=FACE_BOUND('',#3915,.T.);
#4261=FACE_BOUND('',#3916,.T.);
#4262=FACE_BOUND('',#3917,.T.);
#4263=FACE_BOUND('',#3918,.T.);
#4264=FACE_BOUND('',#3919,.T.);
#4265=FACE_BOUND('',#3920,.T.);
#4266=FACE_BOUND('',#3921,.T.);
#4267=FACE_BOUND('',#3922,.T.);
#4268=FACE_BOUND('',#3923,.T.);
#4269=FACE_BOUND('',#3924,.T.);
#4270=FACE_BOUND('',#3925,.T.);
#4271=FACE_BOUND('',#3926,.T.);
#4272=FACE_BOUND('',#3927,.T.);
#4273=FACE_BOUND('',#3928,.T.);
#4274=FACE_BOUND('',#3929,.T.);
#4275=FACE_BOUND('',#3930,.T.);
#4276=FACE_BOUND('',#3931,.T.);
#4277=FACE_BOUND('',#3932,.T.);
#4278=FACE_BOUND('',#3933,.T.);
#4279=FACE_BOUND('',#3934,.T.);
#4280=FACE_BOUND('',#3935,.T.);
#4281=FACE_BOUND('',#3936,.T.);
#4282=FACE_BOUND('',#3937,.T.);
#4283=FACE_BOUND('',#3938,.T.);
#4284=FACE_BOUND('',#3939,.T.);
#4285=FACE_BOUND('',#3940,.T.);
#4286=FACE_BOUND('',#3941,.T.);
#4287=FACE_BOUND('',#3942,.T.);
#4288=FACE_BOUND('',#3943,.T.);
#4289=FACE_BOUND('',#3944,.T.);
#4290=FACE_BOUND('',#3945,.T.);
#4291=FACE_BOUND('',#3946,.T.);
#4292=FACE_BOUND('',#3947,.T.);
#4293=FACE_BOUND('',#3948,.T.);
#4294=FACE_BOUND('',#3949,.T.);
#4295=FACE_BOUND('',#3950,.T.);
#4296=FACE_BOUND('',#3951,.T.);
#4297=FACE_BOUND('',#3952,.T.);
#4298=FACE_BOUND('',#3953,.T.);
#4299=FACE_BOUND('',#3954,.T.);
#4300=FACE_BOUND('',#3955,.T.);
#4301=FACE_BOUND('',#3956,.T.);
#4302=FACE_BOUND('',#3957,.T.);
#4303=FACE_BOUND('',#3958,.T.);
#4304=FACE_BOUND('',#3959,.T.);
#4305=FACE_BOUND('',#3960,.T.);
#4306=FACE_BOUND('',#3961,.T.);
#4307=FACE_BOUND('',#3962,.T.);
#4308=FACE_BOUND('',#3963,.T.);
#4309=FACE_BOUND('',#3964,.T.);
#4310=FACE_BOUND('',#3965,.T.);
#4311=FACE_BOUND('',#3966,.T.);
#4312=FACE_BOUND('',#3967,.T.);
#4313=FACE_BOUND('',#3968,.T.);
#4314=FACE_BOUND('',#3969,.T.);
#4315=FACE_BOUND('',#3970,.T.);
#4316=FACE_BOUND('',#3971,.T.);
#4317=FACE_BOUND('',#3972,.T.);
#4318=FACE_BOUND('',#3973,.T.);
#4319=FACE_BOUND('',#3974,.T.);
#4320=FACE_BOUND('',#3975,.T.);
#4321=FACE_BOUND('',#3976,.T.);
#4322=FACE_BOUND('',#3977,.T.);
#4323=FACE_BOUND('',#3978,.T.);
#4324=FACE_BOUND('',#3979,.T.);
#4325=FACE_BOUND('',#3980,.T.);
#4326=FACE_BOUND('',#3981,.T.);
#4327=FACE_BOUND('',#3982,.T.);
#4328=FACE_BOUND('',#3983,.T.);
#4329=FACE_BOUND('',#3984,.T.);
#4330=FACE_BOUND('',#3985,.T.);
#4331=FACE_BOUND('',#3986,.T.);
#4332=FACE_BOUND('',#3987,.T.);
#4333=FACE_BOUND('',#3988,.T.);
#4334=FACE_BOUND('',#3989,.T.);
#4335=FACE_BOUND('',#3990,.T.);
#4336=FACE_BOUND('',#3991,.T.);
#4337=FACE_BOUND('',#3992,.T.);
#4338=FACE_BOUND('',#3993,.T.);
#4339=FACE_BOUND('',#3994,.T.);
#4340=FACE_BOUND('',#3995,.T.);
#4341=FACE_BOUND('',#3996,.T.);
#4342=FACE_BOUND('',#3997,.T.);
#4343=FACE_BOUND('',#3998,.T.);
#4344=FACE_BOUND('',#3999,.T.);
#4345=FACE_BOUND('',#4000,.T.);
#4346=FACE_BOUND('',#4001,.T.);
#4347=FACE_BOUND('',#4002,.T.);
#4348=FACE_BOUND('',#4003,.T.);
#4349=FACE_BOUND('',#4004,.T.);
#4350=FACE_BOUND('',#4005,.T.);
#4351=FACE_BOUND('',#4006,.T.);
#4352=FACE_BOUND('',#4007,.T.);
#4353=FACE_BOUND('',#4008,.T.);
#4354=FACE_BOUND('',#4009,.T.);
#4355=FACE_BOUND('',#4010,.T.);
#4356=FACE_BOUND('',#4011,.T.);
#4357=FACE_BOUND('',#4012,.T.);
#4358=FACE_BOUND('',#4013,.T.);
#4359=FACE_BOUND('',#4014,.T.);
#4360=FACE_BOUND('',#4015,.T.);
#4361=FACE_BOUND('',#4016,.T.);
#4362=FACE_BOUND('',#4017,.T.);
#4363=FACE_BOUND('',#4018,.T.);
#4364=FACE_BOUND('',#4019,.T.);
#4365=FACE_BOUND('',#4020,.T.);
#4366=FACE_BOUND('',#4021,.T.);
#4367=FACE_BOUND('',#4022,.T.);
#4368=FACE_BOUND('',#4023,.T.);
#4369=FACE_BOUND('',#4024,.T.);
#4370=FACE_BOUND('',#4025,.T.);
#4371=FACE_BOUND('',#4026,.T.);
#4372=FACE_BOUND('',#4027,.T.);
#4373=FACE_BOUND('',#4028,.T.);
#4374=FACE_BOUND('',#4029,.T.);
#4375=FACE_BOUND('',#4030,.T.);
#4376=FACE_BOUND('',#4031,.T.);
#4377=FACE_BOUND('',#4032,.T.);
#4378=FACE_BOUND('',#4033,.T.);
#4379=FACE_BOUND('',#4034,.T.);
#4380=FACE_BOUND('',#4035,.T.);
#4381=FACE_BOUND('',#4036,.T.);
#4382=FACE_BOUND('',#4037,.T.);
#4383=FACE_BOUND('',#4038,.T.);
#4384=FACE_BOUND('',#4039,.T.);
#4385=FACE_BOUND('',#4040,.T.);
#4386=FACE_BOUND('',#4041,.T.);
#4387=FACE_BOUND('',#4042,.T.);
#4388=FACE_BOUND('',#4043,.T.);
#4389=FACE_BOUND('',#4044,.T.);
#4390=FACE_BOUND('',#4045,.T.);
#4391=FACE_BOUND('',#4046,.T.);
#4392=FACE_BOUND('',#4047,.T.);
#4393=FACE_BOUND('',#4048,.T.);
#4394=FACE_BOUND('',#4049,.T.);
#4395=FACE_BOUND('',#4050,.T.);
#4396=FACE_BOUND('',#4051,.T.);
#4397=FACE_BOUND('',#4052,.T.);
#4398=FACE_BOUND('',#4053,.T.);
#4399=FACE_BOUND('',#4054,.T.);
#4400=FACE_BOUND('',#4055,.T.);
#4401=FACE_BOUND('',#4056,.T.);
#4402=FACE_BOUND('',#4057,.T.);
#4403=FACE_BOUND('',#4058,.T.);
#4404=FACE_BOUND('',#4059,.T.);
#4405=FACE_BOUND('',#4060,.T.);
#4406=FACE_BOUND('',#4061,.T.);
#4407=FACE_BOUND('',#4062,.T.);
#4408=FACE_BOUND('',#4063,.T.);
#4409=FACE_BOUND('',#4064,.T.);
#4410=FACE_BOUND('',#4065,.T.);
#4411=FACE_BOUND('',#4066,.T.);
#4412=FACE_BOUND('',#4067,.T.);
#4413=FACE_BOUND('',#4068,.T.);
#4414=FACE_BOUND('',#4069,.T.);
#4415=FACE_BOUND('',#4070,.T.);
#4416=FACE_BOUND('',#4071,.T.);
#4417=FACE_BOUND('',#4072,.T.);
#4418=FACE_BOUND('',#4073,.T.);
#4419=FACE_BOUND('',#4074,.T.);
#4420=FACE_BOUND('',#4075,.T.);
#4421=FACE_BOUND('',#4076,.T.);
#4422=FACE_BOUND('',#4077,.T.);
#4423=FACE_BOUND('',#4078,.T.);
#4424=FACE_BOUND('',#4079,.T.);
#4425=FACE_BOUND('',#4080,.T.);
#4426=FACE_BOUND('',#4081,.T.);
#4427=FACE_BOUND('',#4082,.T.);
#4428=FACE_BOUND('',#4083,.T.);
#4429=FACE_BOUND('',#4084,.T.);
#4430=FACE_BOUND('',#4085,.T.);
#4431=FACE_BOUND('',#4086,.T.);
#4432=FACE_BOUND('',#4087,.T.);
#4433=FACE_BOUND('',#4088,.T.);
#4434=FACE_BOUND('',#4089,.T.);
#4435=FACE_BOUND('',#4090,.T.);
#4436=FACE_BOUND('',#4091,.T.);
#4437=FACE_BOUND('',#4092,.T.);
#4438=FACE_BOUND('',#4093,.T.);
#4439=FACE_BOUND('',#4094,.T.);
#4440=FACE_BOUND('',#4095,.T.);
#4441=FACE_BOUND('',#4096,.T.);
#4442=FACE_BOUND('',#4097,.T.);
#4443=FACE_BOUND('',#4098,.T.);
#4444=FACE_BOUND('',#4099,.T.);
#4445=FACE_BOUND('',#4100,.T.);
#4446=FACE_BOUND('',#4101,.T.);
#4447=FACE_BOUND('',#4102,.T.);
#4448=FACE_BOUND('',#4103,.T.);
#4449=FACE_BOUND('',#4104,.T.);
#4450=FACE_BOUND('',#4105,.T.);
#4451=FACE_BOUND('',#4106,.T.);
#4452=FACE_BOUND('',#4107,.T.);
#4453=FACE_BOUND('',#4108,.T.);
#4454=FACE_BOUND('',#4109,.T.);
#4455=FACE_BOUND('',#4110,.T.);
#4456=FACE_BOUND('',#4111,.T.);
#4457=FACE_BOUND('',#4112,.T.);
#4458=FACE_BOUND('',#4113,.T.);
#4459=FACE_BOUND('',#4114,.T.);
#4460=FACE_BOUND('',#4115,.T.);
#4461=FACE_BOUND('',#4116,.T.);
#4462=FACE_BOUND('',#4117,.T.);
#4463=FACE_BOUND('',#4118,.T.);
#4464=FACE_BOUND('',#4119,.T.);
#4465=FACE_BOUND('',#4120,.T.);
#4466=FACE_BOUND('',#4121,.T.);
#4467=FACE_BOUND('',#4122,.T.);
#4468=FACE_BOUND('',#4123,.T.);
#4469=FACE_BOUND('',#4124,.T.);
#4470=PLANE('',#5195);
#4471=PLANE('',#5208);
#4472=PLANE('',#5211);
#4473=PLANE('',#5214);
#4474=PLANE('',#5217);
#4475=PLANE('',#5218);
#4476=PLANE('',#5219);
#4477=PLANE('',#5220);
#4478=PLANE('',#5245);
#4479=PLANE('',#5259);
#4480=PLANE('',#5262);
#4481=PLANE('',#5265);
#4482=PLANE('',#5268);
#4483=PLANE('',#5271);
#4484=PLANE('',#5272);
#4485=PLANE('',#5273);
#4486=PLANE('',#5274);
#4487=PLANE('',#5277);
#4488=PLANE('',#5278);
#4489=PLANE('',#5279);
#4490=PLANE('',#5280);
#4491=PLANE('',#5281);
#4492=PLANE('',#5282);
#4493=PLANE('',#5283);
#4494=PLANE('',#5284);
#4495=PLANE('',#5285);
#4496=PLANE('',#5290);
#4497=PLANE('',#5291);
#4498=PLANE('',#5294);
#4499=PLANE('',#5295);
#4500=PLANE('',#5300);
#4501=PLANE('',#5309);
#4502=PLANE('',#5310);
#4503=PLANE('',#5312);
#4504=PLANE('',#5314);
#4505=PLANE('',#5315);
#4506=PLANE('',#5316);
#4507=PLANE('',#5319);
#4508=PLANE('',#5320);
#4509=PLANE('',#5321);
#4510=PLANE('',#5322);
#4511=PLANE('',#5323);
#4512=PLANE('',#5324);
#4513=PLANE('',#5325);
#4514=PLANE('',#5349);
#4515=PLANE('',#5350);
#4516=PLANE('',#5364);
#4517=PLANE('',#5365);
#4518=PLANE('',#5366);
#4519=PLANE('',#5367);
#4520=PLANE('',#5368);
#4521=PLANE('',#5369);
#4522=PLANE('',#5370);
#4523=PLANE('',#5379);
#4524=PLANE('',#5384);
#4525=PLANE('',#5389);
#4526=PLANE('',#5400);
#4527=PLANE('',#5401);
#4528=PLANE('',#5402);
#4529=PLANE('',#5403);
#4530=PLANE('',#5406);
#4531=PLANE('',#5407);
#4532=PLANE('',#5408);
#4533=PLANE('',#5409);
#4534=PLANE('',#5410);
#4535=PLANE('',#5411);
#4536=PLANE('',#5412);
#4537=PLANE('',#5413);
#4538=PLANE('',#5414);
#4539=PLANE('',#5415);
#4540=PLANE('',#5416);
#4541=PLANE('',#5417);
#4542=PLANE('',#5418);
#4543=PLANE('',#5419);
#4544=PLANE('',#5420);
#4545=PLANE('',#5421);
#4546=PLANE('',#5422);
#4547=PLANE('',#5423);
#4548=PLANE('',#5424);
#4549=PLANE('',#5427);
#4550=PLANE('',#5428);
#4551=PLANE('',#5429);
#4552=PLANE('',#5430);
#4553=PLANE('',#5432);
#4554=PLANE('',#5453);
#4555=PLANE('',#5454);
#4556=PLANE('',#5459);
#4557=PLANE('',#5470);
#4558=PLANE('',#5471);
#4559=PLANE('',#5472);
#4560=PLANE('',#5473);
#4561=PLANE('',#5474);
#4562=PLANE('',#5475);
#4563=PLANE('',#5476);
#4564=PLANE('',#5477);
#4565=PLANE('',#5478);
#4566=PLANE('',#5479);
#4567=PLANE('',#5480);
#4568=PLANE('',#5484);
#4569=PLANE('',#5491);
#4570=PLANE('',#5495);
#4571=PLANE('',#5498);
#4572=PLANE('',#5499);
#4573=PLANE('',#5500);
#4574=PLANE('',#5501);
#4575=PLANE('',#5502);
#4576=PLANE('',#5503);
#4577=PLANE('',#5504);
#4578=PLANE('',#5505);
#4579=PLANE('',#5506);
#4580=PLANE('',#5507);
#4581=PLANE('',#5508);
#4582=PLANE('',#5509);
#4583=PLANE('',#5510);
#4584=PLANE('',#5511);
#4585=PLANE('',#5512);
#4586=PLANE('',#5513);
#4587=PLANE('',#5514);
#4588=PLANE('',#5515);
#4589=PLANE('',#5516);
#4590=PLANE('',#5517);
#4591=PLANE('',#5518);
#4592=PLANE('',#5519);
#4593=PLANE('',#5520);
#4594=PLANE('',#5521);
#4595=PLANE('',#5522);
#4596=PLANE('',#5523);
#4597=PLANE('',#5524);
#4598=PLANE('',#5525);
#4599=PLANE('',#5526);
#4600=PLANE('',#5530);
#4601=PLANE('',#5537);
#4602=PLANE('',#5541);
#4603=PLANE('',#5544);
#4604=PLANE('',#5545);
#4605=PLANE('',#5546);
#4606=PLANE('',#5547);
#4607=PLANE('',#5548);
#4608=PLANE('',#5549);
#4609=PLANE('',#5550);
#4610=PLANE('',#5551);
#4611=PLANE('',#5552);
#4612=PLANE('',#5553);
#4613=PLANE('',#5554);
#4614=PLANE('',#5555);
#4615=PLANE('',#5556);
#4616=PLANE('',#5557);
#4617=OVER_RIDING_STYLED_ITEM('',(#4926),#4660,#4924);
#4618=OVER_RIDING_STYLED_ITEM('',(#4927),#4677,#4924);
#4619=OVER_RIDING_STYLED_ITEM('',(#4928),#4678,#4924);
#4620=OVER_RIDING_STYLED_ITEM('',(#4929),#4679,#4924);
#4621=OVER_RIDING_STYLED_ITEM('',(#4930),#4723,#4924);
#4622=OVER_RIDING_STYLED_ITEM('',(#4931),#4759,#4924);
#4623=OVER_RIDING_STYLED_ITEM('',(#4932),#4760,#4924);
#4624=OVER_RIDING_STYLED_ITEM('',(#4933),#4761,#4924);
#4625=OVER_RIDING_STYLED_ITEM('',(#4934),#4762,#4924);
#4626=OVER_RIDING_STYLED_ITEM('',(#4935),#4763,#4924);
#4627=OVER_RIDING_STYLED_ITEM('',(#4936),#4764,#4924);
#4628=OVER_RIDING_STYLED_ITEM('',(#4937),#4765,#4924);
#4629=OVER_RIDING_STYLED_ITEM('',(#4938),#4766,#4924);
#4630=OVER_RIDING_STYLED_ITEM('',(#4939),#4767,#4924);
#4631=OVER_RIDING_STYLED_ITEM('',(#4940),#4768,#4924);
#4632=OVER_RIDING_STYLED_ITEM('',(#4941),#4769,#4924);
#4633=OVER_RIDING_STYLED_ITEM('',(#4942),#4770,#4924);
#4634=OVER_RIDING_STYLED_ITEM('',(#4943),#4771,#4924);
#4635=OVER_RIDING_STYLED_ITEM('',(#4944),#4772,#4924);
#4636=OVER_RIDING_STYLED_ITEM('',(#4945),#4773,#4924);
#4637=OVER_RIDING_STYLED_ITEM('',(#4946),#4774,#4924);
#4638=OVER_RIDING_STYLED_ITEM('',(#4947),#4775,#4924);
#4639=OVER_RIDING_STYLED_ITEM('',(#4948),#4776,#4924);
#4640=OVER_RIDING_STYLED_ITEM('',(#4949),#4777,#4924);
#4641=OVER_RIDING_STYLED_ITEM('',(#4950),#4778,#4924);
#4642=OVER_RIDING_STYLED_ITEM('',(#4951),#4779,#4924);
#4643=OVER_RIDING_STYLED_ITEM('',(#4952),#4780,#4924);
#4644=OVER_RIDING_STYLED_ITEM('',(#4953),#4781,#4924);
#4645=OVER_RIDING_STYLED_ITEM('',(#4954),#4782,#4924);
#4646=OVER_RIDING_STYLED_ITEM('',(#4955),#4783,#4924);
#4647=OVER_RIDING_STYLED_ITEM('',(#4956),#4784,#4924);
#4648=OVER_RIDING_STYLED_ITEM('',(#4957),#4785,#4924);
#4649=OVER_RIDING_STYLED_ITEM('',(#4958),#4786,#4924);
#4650=OVER_RIDING_STYLED_ITEM('',(#4959),#4797,#4924);
#4651=OVER_RIDING_STYLED_ITEM('',(#4960),#4798,#4924);
#4652=OVER_RIDING_STYLED_ITEM('',(#4961),#4799,#4924);
#4653=OVER_RIDING_STYLED_ITEM('',(#4962),#4800,#4924);
#4654=OVER_RIDING_STYLED_ITEM('',(#4963),#4801,#4924);
#4655=OVER_RIDING_STYLED_ITEM('',(#4964),#4802,#4924);
#4656=OVER_RIDING_STYLED_ITEM('',(#4965),#4803,#4924);
#4657=OVER_RIDING_STYLED_ITEM('',(#4966),#4804,#4924);
#4658=OVER_RIDING_STYLED_ITEM('',(#4967),#4911,#4924);
#4659=OVER_RIDING_STYLED_ITEM('',(#4968),#4912,#4924);
#4660=ADVANCED_FACE('Face appearance 15',(#4125,#4126,#4127,#4128,#4129,
#4130,#4131,#4132,#4133,#4134,#4135,#4136,#4137),#4470,.T.);
#4661=ADVANCED_FACE('',(#4138),#4471,.T.);
#4662=ADVANCED_FACE('',(#4139),#4472,.T.);
#4663=ADVANCED_FACE('',(#4140),#4473,.T.);
#4664=ADVANCED_FACE('',(#4141),#4474,.T.);
#4665=ADVANCED_FACE('',(#4142),#4475,.F.);
#4666=ADVANCED_FACE('',(#4143),#4476,.F.);
#4667=ADVANCED_FACE('',(#4144),#4477,.T.);
#4668=ADVANCED_FACE('',(#4145),#75,.T.);
#4669=ADVANCED_FACE('',(#4146),#71,.T.);
#4670=ADVANCED_FACE('',(#4147),#72,.T.);
#4671=ADVANCED_FACE('',(#4148),#76,.T.);
#4672=ADVANCED_FACE('',(#4149),#77,.T.);
#4673=ADVANCED_FACE('',(#4150),#73,.T.);
#4674=ADVANCED_FACE('',(#4151),#74,.T.);
#4675=ADVANCED_FACE('',(#4152),#78,.T.);
#4676=ADVANCED_FACE('',(#4153,#4154,#4155,#4156,#4157,#4158,#4159,#4160),
#4478,.T.);
#4677=ADVANCED_FACE('Face appearance 15',(#4161),#79,.F.);
#4678=ADVANCED_FACE('Face appearance 15',(#4162,#4163),#80,.F.);
#4679=ADVANCED_FACE('Face appearance 15',(#4164,#4165),#81,.F.);
#4680=ADVANCED_FACE('',(#4166),#4479,.T.);
#4681=ADVANCED_FACE('',(#4167,#4168),#4480,.F.);
#4682=ADVANCED_FACE('',(#4169,#4170),#4481,.F.);
#4683=ADVANCED_FACE('',(#4171,#4172),#4482,.F.);
#4684=ADVANCED_FACE('',(#4173),#4483,.F.);
#4685=ADVANCED_FACE('',(#4174),#4484,.F.);
#4686=ADVANCED_FACE('',(#4175),#4485,.F.);
#4687=ADVANCED_FACE('Face appearance 8',(#4176),#4486,.F.);
#4688=ADVANCED_FACE('',(#4177),#4487,.F.);
#4689=ADVANCED_FACE('Face appearance 21',(#4178),#4488,.T.);
#4690=ADVANCED_FACE('Face appearance 8',(#4179),#4489,.F.);
#4691=ADVANCED_FACE('',(#4180,#4181),#4490,.T.);
#4692=ADVANCED_FACE('',(#4182),#4491,.F.);
#4693=ADVANCED_FACE('',(#4183),#4492,.F.);
#4694=ADVANCED_FACE('',(#4184),#4493,.F.);
#4695=ADVANCED_FACE('',(#4185,#4186),#4494,.F.);
#4696=ADVANCED_FACE('',(#4187),#4495,.F.);
#4697=ADVANCED_FACE('',(#4188),#4496,.F.);
#4698=ADVANCED_FACE('',(#4189),#4497,.F.);
#4699=ADVANCED_FACE('',(#4190),#4498,.F.);
#4700=ADVANCED_FACE('',(#4191,#4192),#4499,.T.);
#4701=ADVANCED_FACE('',(#4193,#4194,#4195,#4196,#4197),#4500,.F.);
#4702=ADVANCED_FACE('',(#4198),#4501,.F.);
#4703=ADVANCED_FACE('',(#4199),#4502,.F.);
#4704=ADVANCED_FACE('Face appearance 10',(#4200),#82,.F.);
#4705=ADVANCED_FACE('Face appearance 10',(#4201),#4503,.F.);
#4706=ADVANCED_FACE('Face appearance 10',(#4202),#83,.F.);
#4707=ADVANCED_FACE('Face appearance 10',(#4203),#4504,.F.);
#4708=ADVANCED_FACE('Face appearance 10',(#4204),#4505,.F.);
#4709=ADVANCED_FACE('Face appearance 10',(#4205),#4506,.F.);
#4710=ADVANCED_FACE('Face appearance 10',(#4206),#84,.F.);
#4711=ADVANCED_FACE('Face appearance 10',(#4207),#85,.F.);
#4712=ADVANCED_FACE('',(#4208),#4507,.T.);
#4713=ADVANCED_FACE('',(#4209),#4508,.F.);
#4714=ADVANCED_FACE('',(#4210),#4509,.F.);
#4715=ADVANCED_FACE('',(#4211),#4510,.T.);
#4716=ADVANCED_FACE('',(#4212),#4511,.F.);
#4717=ADVANCED_FACE('',(#4213),#4512,.F.);
#4718=ADVANCED_FACE('',(#4214),#4513,.T.);
#4719=ADVANCED_FACE('',(#4215,#4216),#86,.F.);
#4720=ADVANCED_FACE('',(#4217,#4218),#87,.F.);
#4721=ADVANCED_FACE('',(#4219,#4220),#88,.F.);
#4722=ADVANCED_FACE('',(#4221,#4222),#89,.F.);
#4723=ADVANCED_FACE('Face appearance 15',(#4223,#4224),#90,.F.);
#4724=ADVANCED_FACE('',(#4225,#4226),#91,.F.);
#4725=ADVANCED_FACE('',(#4227,#4228),#92,.F.);
#4726=ADVANCED_FACE('',(#4229,#4230),#93,.F.);
#4727=ADVANCED_FACE('',(#4231,#4232),#94,.F.);
#4728=ADVANCED_FACE('',(#4233,#4234),#95,.F.);
#4729=ADVANCED_FACE('',(#4235),#4514,.T.);
#4730=ADVANCED_FACE('',(#4236,#4237,#4238,#4239,#4240,#4241,#4242,#4243,
#4244,#4245,#4246,#4247,#4248,#4249),#4515,.F.);
#4731=ADVANCED_FACE('',(#4250),#96,.T.);
#4732=ADVANCED_FACE('',(#4251),#97,.T.);
#4733=ADVANCED_FACE('',(#4252),#98,.T.);
#4734=ADVANCED_FACE('',(#4253),#99,.T.);
#4735=ADVANCED_FACE('',(#4254),#4516,.F.);
#4736=ADVANCED_FACE('',(#4255),#4517,.F.);
#4737=ADVANCED_FACE('',(#4256),#4518,.T.);
#4738=ADVANCED_FACE('',(#4257),#4519,.F.);
#4739=ADVANCED_FACE('',(#4258),#4520,.T.);
#4740=ADVANCED_FACE('',(#4259),#4521,.T.);
#4741=ADVANCED_FACE('',(#4260),#4522,.T.);
#4742=ADVANCED_FACE('',(#4261),#100,.T.);
#4743=ADVANCED_FACE('',(#4262),#101,.T.);
#4744=ADVANCED_FACE('',(#4263,#4264),#102,.F.);
#4745=ADVANCED_FACE('',(#4265,#4266),#103,.T.);
#4746=ADVANCED_FACE('',(#4267,#4268),#4523,.F.);
#4747=ADVANCED_FACE('',(#4269,#4270),#104,.F.);
#4748=ADVANCED_FACE('',(#4271,#4272),#105,.T.);
#4749=ADVANCED_FACE('',(#4273,#4274),#4524,.F.);
#4750=ADVANCED_FACE('',(#4275,#4276),#106,.F.);
#4751=ADVANCED_FACE('',(#4277,#4278),#107,.T.);
#4752=ADVANCED_FACE('',(#4279,#4280),#4525,.F.);
#4753=ADVANCED_FACE('',(#4281,#4282),#51,.T.);
#4754=ADVANCED_FACE('',(#4283,#4284),#52,.T.);
#4755=ADVANCED_FACE('',(#4285,#4286),#53,.T.);
#4756=ADVANCED_FACE('',(#4287,#4288),#54,.T.);
#4757=ADVANCED_FACE('',(#4289,#4290),#55,.T.);
#4758=ADVANCED_FACE('',(#4291,#4292),#56,.T.);
#4759=ADVANCED_FACE('Face appearance 15',(#4293),#4526,.F.);
#4760=ADVANCED_FACE('Face appearance 15',(#4294),#4527,.F.);
#4761=ADVANCED_FACE('Face appearance 15',(#4295),#4528,.F.);
#4762=ADVANCED_FACE('Face appearance 15',(#4296),#4529,.F.);
#4763=ADVANCED_FACE('Face appearance 15',(#4297),#108,.T.);
#4764=ADVANCED_FACE('Face appearance 15',(#4298),#4530,.T.);
#4765=ADVANCED_FACE('Face appearance 15',(#4299),#4531,.T.);
#4766=ADVANCED_FACE('Face appearance 15',(#4300),#4532,.T.);
#4767=ADVANCED_FACE('Face appearance 15',(#4301),#4533,.F.);
#4768=ADVANCED_FACE('Face appearance 15',(#4302),#4534,.F.);
#4769=ADVANCED_FACE('Face appearance 15',(#4303),#4535,.F.);
#4770=ADVANCED_FACE('Face appearance 15',(#4304),#4536,.F.);
#4771=ADVANCED_FACE('Face appearance 15',(#4305),#4537,.T.);
#4772=ADVANCED_FACE('Face appearance 15',(#4306),#4538,.T.);
#4773=ADVANCED_FACE('Face appearance 15',(#4307),#4539,.T.);
#4774=ADVANCED_FACE('Face appearance 15',(#4308),#4540,.T.);
#4775=ADVANCED_FACE('Face appearance 15',(#4309),#4541,.F.);
#4776=ADVANCED_FACE('Face appearance 15',(#4310),#4542,.F.);
#4777=ADVANCED_FACE('Face appearance 15',(#4311),#4543,.F.);
#4778=ADVANCED_FACE('Face appearance 15',(#4312),#4544,.F.);
#4779=ADVANCED_FACE('Face appearance 15',(#4313),#4545,.T.);
#4780=ADVANCED_FACE('Face appearance 15',(#4314),#4546,.F.);
#4781=ADVANCED_FACE('Face appearance 15',(#4315),#4547,.F.);
#4782=ADVANCED_FACE('Face appearance 15',(#4316),#4548,.F.);
#4783=ADVANCED_FACE('Face appearance 15',(#4317),#109,.T.);
#4784=ADVANCED_FACE('Face appearance 15',(#4318),#4549,.T.);
#4785=ADVANCED_FACE('Face appearance 15',(#4319),#4550,.F.);
#4786=ADVANCED_FACE('Face appearance 15',(#4320),#4551,.T.);
#4787=ADVANCED_FACE('',(#4321),#4552,.T.);
#4788=ADVANCED_FACE('',(#4322,#4323),#4553,.T.);
#4789=ADVANCED_FACE('Face appearance 30',(#4324),#110,.T.);
#4790=ADVANCED_FACE('Face appearance 30',(#4325),#111,.T.);
#4791=ADVANCED_FACE('Face appearance 30',(#4326),#112,.T.);
#4792=ADVANCED_FACE('Face appearance 30',(#4327),#113,.T.);
#4793=ADVANCED_FACE('',(#4328),#114,.T.);
#4794=ADVANCED_FACE('',(#4329),#115,.T.);
#4795=ADVANCED_FACE('',(#4330),#116,.T.);
#4796=ADVANCED_FACE('',(#4331),#117,.T.);
#4797=ADVANCED_FACE('Face appearance 15',(#4332),#4554,.F.);
#4798=ADVANCED_FACE('Face appearance 15',(#4333),#12,.F.);
#4799=ADVANCED_FACE('Face appearance 15',(#4334),#4555,.F.);
#4800=ADVANCED_FACE('Face appearance 15',(#4335,#4336),#118,.F.);
#4801=ADVANCED_FACE('Face appearance 15',(#4337,#4338),#119,.F.);
#4802=ADVANCED_FACE('Face appearance 15',(#4339,#4340),#120,.F.);
#4803=ADVANCED_FACE('Face appearance 15',(#4341,#4342),#121,.F.);
#4804=ADVANCED_FACE('Face appearance 15',(#4343),#4556,.F.);
#4805=ADVANCED_FACE('',(#4344),#122,.T.);
#4806=ADVANCED_FACE('',(#4345),#123,.T.);
#4807=ADVANCED_FACE('',(#4346),#124,.T.);
#4808=ADVANCED_FACE('',(#4347),#125,.T.);
#4809=ADVANCED_FACE('',(#4348,#4349),#57,.T.);
#4810=ADVANCED_FACE('',(#4350,#4351),#58,.T.);
#4811=ADVANCED_FACE('',(#4352,#4353),#126,.F.);
#4812=ADVANCED_FACE('',(#4354,#4355),#127,.F.);
#4813=ADVANCED_FACE('',(#4356,#4357),#128,.F.);
#4814=ADVANCED_FACE('',(#4358,#4359),#129,.F.);
#4815=ADVANCED_FACE('',(#4360),#4557,.T.);
#4816=ADVANCED_FACE('',(#4361),#4558,.T.);
#4817=ADVANCED_FACE('',(#4362),#4559,.T.);
#4818=ADVANCED_FACE('',(#4363),#4560,.T.);
#4819=ADVANCED_FACE('',(#4364),#4561,.T.);
#4820=ADVANCED_FACE('',(#4365),#4562,.T.);
#4821=ADVANCED_FACE('',(#4366),#4563,.T.);
#4822=ADVANCED_FACE('',(#4367),#4564,.T.);
#4823=ADVANCED_FACE('',(#4368),#4565,.T.);
#4824=ADVANCED_FACE('',(#4369),#4566,.T.);
#4825=ADVANCED_FACE('',(#4370),#4567,.T.);
#4826=ADVANCED_FACE('',(#4371),#13,.T.);
#4827=ADVANCED_FACE('',(#4372),#14,.T.);
#4828=ADVANCED_FACE('',(#4373),#15,.T.);
#4829=ADVANCED_FACE('',(#4374),#130,.T.);
#4830=ADVANCED_FACE('',(#4375),#4568,.T.);
#4831=ADVANCED_FACE('',(#4376),#131,.T.);
#4832=ADVANCED_FACE('',(#4377),#16,.T.);
#4833=ADVANCED_FACE('',(#4378),#17,.T.);
#4834=ADVANCED_FACE('',(#4379),#18,.T.);
#4835=ADVANCED_FACE('',(#4380),#19,.T.);
#4836=ADVANCED_FACE('',(#4381),#132,.T.);
#4837=ADVANCED_FACE('',(#4382),#4569,.T.);
#4838=ADVANCED_FACE('',(#4383),#133,.T.);
#4839=ADVANCED_FACE('',(#4384),#20,.T.);
#4840=ADVANCED_FACE('',(#4385),#21,.T.);
#4841=ADVANCED_FACE('',(#4386),#22,.T.);
#4842=ADVANCED_FACE('',(#4387),#23,.T.);
#4843=ADVANCED_FACE('',(#4388),#4570,.T.);
#4844=ADVANCED_FACE('',(#4389),#24,.T.);
#4845=ADVANCED_FACE('',(#4390),#134,.F.);
#4846=ADVANCED_FACE('',(#4391),#25,.T.);
#4847=ADVANCED_FACE('',(#4392),#26,.T.);
#4848=ADVANCED_FACE('',(#4393),#27,.T.);
#4849=ADVANCED_FACE('',(#4394),#28,.T.);
#4850=ADVANCED_FACE('',(#4395),#4571,.T.);
#4851=ADVANCED_FACE('',(#4396),#29,.T.);
#4852=ADVANCED_FACE('',(#4397),#30,.T.);
#4853=ADVANCED_FACE('',(#4398),#31,.T.);
#4854=ADVANCED_FACE('',(#4399,#4400),#4572,.T.);
#4855=ADVANCED_FACE('',(#4401),#4573,.T.);
#4856=ADVANCED_FACE('',(#4402),#4574,.T.);
#4857=ADVANCED_FACE('',(#4403),#4575,.T.);
#4858=ADVANCED_FACE('',(#4404),#4576,.T.);
#4859=ADVANCED_FACE('',(#4405),#4577,.T.);
#4860=ADVANCED_FACE('',(#4406),#4578,.T.);
#4861=ADVANCED_FACE('',(#4407),#4579,.T.);
#4862=ADVANCED_FACE('',(#4408),#4580,.T.);
#4863=ADVANCED_FACE('',(#4409),#4581,.T.);
#4864=ADVANCED_FACE('',(#4410),#4582,.T.);
#4865=ADVANCED_FACE('',(#4411),#4583,.T.);
#4866=ADVANCED_FACE('',(#4412),#4584,.T.);
#4867=ADVANCED_FACE('',(#4413),#4585,.T.);
#4868=ADVANCED_FACE('',(#4414),#4586,.T.);
#4869=ADVANCED_FACE('',(#4415),#4587,.T.);
#4870=ADVANCED_FACE('',(#4416),#4588,.T.);
#4871=ADVANCED_FACE('',(#4417),#4589,.T.);
#4872=ADVANCED_FACE('',(#4418),#4590,.T.);
#4873=ADVANCED_FACE('',(#4419),#4591,.T.);
#4874=ADVANCED_FACE('',(#4420),#4592,.T.);
#4875=ADVANCED_FACE('',(#4421),#4593,.T.);
#4876=ADVANCED_FACE('',(#4422),#4594,.T.);
#4877=ADVANCED_FACE('',(#4423),#4595,.T.);
#4878=ADVANCED_FACE('',(#4424),#4596,.T.);
#4879=ADVANCED_FACE('',(#4425),#4597,.T.);
#4880=ADVANCED_FACE('',(#4426),#4598,.T.);
#4881=ADVANCED_FACE('',(#4427),#4599,.T.);
#4882=ADVANCED_FACE('',(#4428),#32,.T.);
#4883=ADVANCED_FACE('',(#4429),#33,.T.);
#4884=ADVANCED_FACE('',(#4430),#34,.T.);
#4885=ADVANCED_FACE('',(#4431),#135,.T.);
#4886=ADVANCED_FACE('',(#4432),#4600,.T.);
#4887=ADVANCED_FACE('',(#4433),#136,.T.);
#4888=ADVANCED_FACE('',(#4434),#35,.T.);
#4889=ADVANCED_FACE('',(#4435),#36,.T.);
#4890=ADVANCED_FACE('',(#4436),#37,.T.);
#4891=ADVANCED_FACE('',(#4437),#38,.T.);
#4892=ADVANCED_FACE('',(#4438),#137,.T.);
#4893=ADVANCED_FACE('',(#4439),#4601,.T.);
#4894=ADVANCED_FACE('',(#4440),#138,.T.);
#4895=ADVANCED_FACE('',(#4441),#39,.T.);
#4896=ADVANCED_FACE('',(#4442),#40,.T.);
#4897=ADVANCED_FACE('',(#4443),#41,.T.);
#4898=ADVANCED_FACE('',(#4444),#42,.T.);
#4899=ADVANCED_FACE('',(#4445),#4602,.T.);
#4900=ADVANCED_FACE('',(#4446),#43,.T.);
#4901=ADVANCED_FACE('',(#4447),#139,.F.);
#4902=ADVANCED_FACE('',(#4448),#44,.T.);
#4903=ADVANCED_FACE('',(#4449),#45,.T.);
#4904=ADVANCED_FACE('',(#4450),#46,.T.);
#4905=ADVANCED_FACE('',(#4451),#47,.T.);
#4906=ADVANCED_FACE('',(#4452),#4603,.T.);
#4907=ADVANCED_FACE('',(#4453),#48,.T.);
#4908=ADVANCED_FACE('',(#4454),#49,.T.);
#4909=ADVANCED_FACE('',(#4455),#50,.T.);
#4910=ADVANCED_FACE('',(#4456,#4457),#4604,.T.);
#4911=ADVANCED_FACE('Face appearance 15',(#4458),#4605,.T.);
#4912=ADVANCED_FACE('Face appearance 15',(#4459),#4606,.T.);
#4913=ADVANCED_FACE('',(#4460),#4607,.T.);
#4914=ADVANCED_FACE('',(#4461),#4608,.F.);
#4915=ADVANCED_FACE('',(#4462),#4609,.T.);
#4916=ADVANCED_FACE('',(#4463),#4610,.F.);
#4917=ADVANCED_FACE('',(#4464),#4611,.T.);
#4918=ADVANCED_FACE('',(#4465),#4612,.T.);
#4919=ADVANCED_FACE('',(#4466),#4613,.T.);
#4920=ADVANCED_FACE('',(#4467),#4614,.F.);
#4921=ADVANCED_FACE('',(#4468),#4615,.T.);
#4922=ADVANCED_FACE('',(#4469),#4616,.F.);
#4923=CLOSED_SHELL('',(#4660,#4661,#4662,#4663,#4664,#4665,#4666,#4667,
#4668,#4669,#4670,#4671,#4672,#4673,#4674,#4675,#4676,#4677,#4678,#4679,
#4680,#4681,#4682,#4683,#4684,#4685,#4686,#4687,#4688,#4689,#4690,#4691,
#4692,#4693,#4694,#4695,#4696,#4697,#4698,#4699,#4700,#4701,#4702,#4703,
#4704,#4705,#4706,#4707,#4708,#4709,#4710,#4711,#4712,#4713,#4714,#4715,
#4716,#4717,#4718,#4719,#4720,#4721,#4722,#4723,#4724,#4725,#4726,#4727,
#4728,#4729,#4730,#4731,#4732,#4733,#4734,#4735,#4736,#4737,#4738,#4739,
#4740,#4741,#4742,#4743,#4744,#4745,#4746,#4747,#4748,#4749,#4750,#4751,
#4752,#4753,#4754,#4755,#4756,#4757,#4758,#4759,#4760,#4761,#4762,#4763,
#4764,#4765,#4766,#4767,#4768,#4769,#4770,#4771,#4772,#4773,#4774,#4775,
#4776,#4777,#4778,#4779,#4780,#4781,#4782,#4783,#4784,#4785,#4786,#4787,
#4788,#4789,#4790,#4791,#4792,#4793,#4794,#4795,#4796,#4797,#4798,#4799,
#4800,#4801,#4802,#4803,#4804,#4805,#4806,#4807,#4808,#4809,#4810,#4811,
#4812,#4813,#4814,#4815,#4816,#4817,#4818,#4819,#4820,#4821,#4822,#4823,
#4824,#4825,#4826,#4827,#4828,#4829,#4830,#4831,#4832,#4833,#4834,#4835,
#4836,#4837,#4838,#4839,#4840,#4841,#4842,#4843,#4844,#4845,#4846,#4847,
#4848,#4849,#4850,#4851,#4852,#4853,#4854,#4855,#4856,#4857,#4858,#4859,
#4860,#4861,#4862,#4863,#4864,#4865,#4866,#4867,#4868,#4869,#4870,#4871,
#4872,#4873,#4874,#4875,#4876,#4877,#4878,#4879,#4880,#4881,#4882,#4883,
#4884,#4885,#4886,#4887,#4888,#4889,#4890,#4891,#4892,#4893,#4894,#4895,
#4896,#4897,#4898,#4899,#4900,#4901,#4902,#4903,#4904,#4905,#4906,#4907,
#4908,#4909,#4910,#4911,#4912,#4913,#4914,#4915,#4916,#4917,#4918,#4919,
#4920,#4921,#4922));
#4924=STYLED_ITEM('',(#4925),#5191);
#4925=PRESENTATION_STYLE_ASSIGNMENT((#4969));
#4926=PRESENTATION_STYLE_ASSIGNMENT((#4970));
#4927=PRESENTATION_STYLE_ASSIGNMENT((#4971));
#4928=PRESENTATION_STYLE_ASSIGNMENT((#4972));
#4929=PRESENTATION_STYLE_ASSIGNMENT((#4973));
#4930=PRESENTATION_STYLE_ASSIGNMENT((#4974));
#4931=PRESENTATION_STYLE_ASSIGNMENT((#4975));
#4932=PRESENTATION_STYLE_ASSIGNMENT((#4976));
#4933=PRESENTATION_STYLE_ASSIGNMENT((#4977));
#4934=PRESENTATION_STYLE_ASSIGNMENT((#4978));
#4935=PRESENTATION_STYLE_ASSIGNMENT((#4979));
#4936=PRESENTATION_STYLE_ASSIGNMENT((#4980));
#4937=PRESENTATION_STYLE_ASSIGNMENT((#4981));
#4938=PRESENTATION_STYLE_ASSIGNMENT((#4982));
#4939=PRESENTATION_STYLE_ASSIGNMENT((#4983));
#4940=PRESENTATION_STYLE_ASSIGNMENT((#4984));
#4941=PRESENTATION_STYLE_ASSIGNMENT((#4985));
#4942=PRESENTATION_STYLE_ASSIGNMENT((#4986));
#4943=PRESENTATION_STYLE_ASSIGNMENT((#4987));
#4944=PRESENTATION_STYLE_ASSIGNMENT((#4988));
#4945=PRESENTATION_STYLE_ASSIGNMENT((#4989));
#4946=PRESENTATION_STYLE_ASSIGNMENT((#4990));
#4947=PRESENTATION_STYLE_ASSIGNMENT((#4991));
#4948=PRESENTATION_STYLE_ASSIGNMENT((#4992));
#4949=PRESENTATION_STYLE_ASSIGNMENT((#4993));
#4950=PRESENTATION_STYLE_ASSIGNMENT((#4994));
#4951=PRESENTATION_STYLE_ASSIGNMENT((#4995));
#4952=PRESENTATION_STYLE_ASSIGNMENT((#4996));
#4953=PRESENTATION_STYLE_ASSIGNMENT((#4997));
#4954=PRESENTATION_STYLE_ASSIGNMENT((#4998));
#4955=PRESENTATION_STYLE_ASSIGNMENT((#4999));
#4956=PRESENTATION_STYLE_ASSIGNMENT((#5000));
#4957=PRESENTATION_STYLE_ASSIGNMENT((#5001));
#4958=PRESENTATION_STYLE_ASSIGNMENT((#5002));
#4959=PRESENTATION_STYLE_ASSIGNMENT((#5003));
#4960=PRESENTATION_STYLE_ASSIGNMENT((#5004));
#4961=PRESENTATION_STYLE_ASSIGNMENT((#5005));
#4962=PRESENTATION_STYLE_ASSIGNMENT((#5006));
#4963=PRESENTATION_STYLE_ASSIGNMENT((#5007));
#4964=PRESENTATION_STYLE_ASSIGNMENT((#5008));
#4965=PRESENTATION_STYLE_ASSIGNMENT((#5009));
#4966=PRESENTATION_STYLE_ASSIGNMENT((#5010));
#4967=PRESENTATION_STYLE_ASSIGNMENT((#5011));
#4968=PRESENTATION_STYLE_ASSIGNMENT((#5012));
#4969=SURFACE_STYLE_USAGE(.BOTH.,#5013);
#4970=SURFACE_STYLE_USAGE(.BOTH.,#5014);
#4971=SURFACE_STYLE_USAGE(.BOTH.,#5015);
#4972=SURFACE_STYLE_USAGE(.BOTH.,#5016);
#4973=SURFACE_STYLE_USAGE(.BOTH.,#5017);
#4974=SURFACE_STYLE_USAGE(.BOTH.,#5018);
#4975=SURFACE_STYLE_USAGE(.BOTH.,#5019);
#4976=SURFACE_STYLE_USAGE(.BOTH.,#5020);
#4977=SURFACE_STYLE_USAGE(.BOTH.,#5021);
#4978=SURFACE_STYLE_USAGE(.BOTH.,#5022);
#4979=SURFACE_STYLE_USAGE(.BOTH.,#5023);
#4980=SURFACE_STYLE_USAGE(.BOTH.,#5024);
#4981=SURFACE_STYLE_USAGE(.BOTH.,#5025);
#4982=SURFACE_STYLE_USAGE(.BOTH.,#5026);
#4983=SURFACE_STYLE_USAGE(.BOTH.,#5027);
#4984=SURFACE_STYLE_USAGE(.BOTH.,#5028);
#4985=SURFACE_STYLE_USAGE(.BOTH.,#5029);
#4986=SURFACE_STYLE_USAGE(.BOTH.,#5030);
#4987=SURFACE_STYLE_USAGE(.BOTH.,#5031);
#4988=SURFACE_STYLE_USAGE(.BOTH.,#5032);
#4989=SURFACE_STYLE_USAGE(.BOTH.,#5033);
#4990=SURFACE_STYLE_USAGE(.BOTH.,#5034);
#4991=SURFACE_STYLE_USAGE(.BOTH.,#5035);
#4992=SURFACE_STYLE_USAGE(.BOTH.,#5036);
#4993=SURFACE_STYLE_USAGE(.BOTH.,#5037);
#4994=SURFACE_STYLE_USAGE(.BOTH.,#5038);
#4995=SURFACE_STYLE_USAGE(.BOTH.,#5039);
#4996=SURFACE_STYLE_USAGE(.BOTH.,#5040);
#4997=SURFACE_STYLE_USAGE(.BOTH.,#5041);
#4998=SURFACE_STYLE_USAGE(.BOTH.,#5042);
#4999=SURFACE_STYLE_USAGE(.BOTH.,#5043);
#5000=SURFACE_STYLE_USAGE(.BOTH.,#5044);
#5001=SURFACE_STYLE_USAGE(.BOTH.,#5045);
#5002=SURFACE_STYLE_USAGE(.BOTH.,#5046);
#5003=SURFACE_STYLE_USAGE(.BOTH.,#5047);
#5004=SURFACE_STYLE_USAGE(.BOTH.,#5048);
#5005=SURFACE_STYLE_USAGE(.BOTH.,#5049);
#5006=SURFACE_STYLE_USAGE(.BOTH.,#5050);
#5007=SURFACE_STYLE_USAGE(.BOTH.,#5051);
#5008=SURFACE_STYLE_USAGE(.BOTH.,#5052);
#5009=SURFACE_STYLE_USAGE(.BOTH.,#5053);
#5010=SURFACE_STYLE_USAGE(.BOTH.,#5054);
#5011=SURFACE_STYLE_USAGE(.BOTH.,#5055);
#5012=SURFACE_STYLE_USAGE(.BOTH.,#5056);
#5013=SURFACE_SIDE_STYLE('',(#5057));
#5014=SURFACE_SIDE_STYLE('',(#5058));
#5015=SURFACE_SIDE_STYLE('',(#5059));
#5016=SURFACE_SIDE_STYLE('',(#5060));
#5017=SURFACE_SIDE_STYLE('',(#5061));
#5018=SURFACE_SIDE_STYLE('',(#5062));
#5019=SURFACE_SIDE_STYLE('',(#5063));
#5020=SURFACE_SIDE_STYLE('',(#5064));
#5021=SURFACE_SIDE_STYLE('',(#5065));
#5022=SURFACE_SIDE_STYLE('',(#5066));
#5023=SURFACE_SIDE_STYLE('',(#5067));
#5024=SURFACE_SIDE_STYLE('',(#5068));
#5025=SURFACE_SIDE_STYLE('',(#5069));
#5026=SURFACE_SIDE_STYLE('',(#5070));
#5027=SURFACE_SIDE_STYLE('',(#5071));
#5028=SURFACE_SIDE_STYLE('',(#5072));
#5029=SURFACE_SIDE_STYLE('',(#5073));
#5030=SURFACE_SIDE_STYLE('',(#5074));
#5031=SURFACE_SIDE_STYLE('',(#5075));
#5032=SURFACE_SIDE_STYLE('',(#5076));
#5033=SURFACE_SIDE_STYLE('',(#5077));
#5034=SURFACE_SIDE_STYLE('',(#5078));
#5035=SURFACE_SIDE_STYLE('',(#5079));
#5036=SURFACE_SIDE_STYLE('',(#5080));
#5037=SURFACE_SIDE_STYLE('',(#5081));
#5038=SURFACE_SIDE_STYLE('',(#5082));
#5039=SURFACE_SIDE_STYLE('',(#5083));
#5040=SURFACE_SIDE_STYLE('',(#5084));
#5041=SURFACE_SIDE_STYLE('',(#5085));
#5042=SURFACE_SIDE_STYLE('',(#5086));
#5043=SURFACE_SIDE_STYLE('',(#5087));
#5044=SURFACE_SIDE_STYLE('',(#5088));
#5045=SURFACE_SIDE_STYLE('',(#5089));
#5046=SURFACE_SIDE_STYLE('',(#5090));
#5047=SURFACE_SIDE_STYLE('',(#5091));
#5048=SURFACE_SIDE_STYLE('',(#5092));
#5049=SURFACE_SIDE_STYLE('',(#5093));
#5050=SURFACE_SIDE_STYLE('',(#5094));
#5051=SURFACE_SIDE_STYLE('',(#5095));
#5052=SURFACE_SIDE_STYLE('',(#5096));
#5053=SURFACE_SIDE_STYLE('',(#5097));
#5054=SURFACE_SIDE_STYLE('',(#5098));
#5055=SURFACE_SIDE_STYLE('',(#5099));
#5056=SURFACE_SIDE_STYLE('',(#5100));
#5057=SURFACE_STYLE_FILL_AREA(#5101);
#5058=SURFACE_STYLE_FILL_AREA(#5102);
#5059=SURFACE_STYLE_FILL_AREA(#5103);
#5060=SURFACE_STYLE_FILL_AREA(#5104);
#5061=SURFACE_STYLE_FILL_AREA(#5105);
#5062=SURFACE_STYLE_FILL_AREA(#5106);
#5063=SURFACE_STYLE_FILL_AREA(#5107);
#5064=SURFACE_STYLE_FILL_AREA(#5108);
#5065=SURFACE_STYLE_FILL_AREA(#5109);
#5066=SURFACE_STYLE_FILL_AREA(#5110);
#5067=SURFACE_STYLE_FILL_AREA(#5111);
#5068=SURFACE_STYLE_FILL_AREA(#5112);
#5069=SURFACE_STYLE_FILL_AREA(#5113);
#5070=SURFACE_STYLE_FILL_AREA(#5114);
#5071=SURFACE_STYLE_FILL_AREA(#5115);
#5072=SURFACE_STYLE_FILL_AREA(#5116);
#5073=SURFACE_STYLE_FILL_AREA(#5117);
#5074=SURFACE_STYLE_FILL_AREA(#5118);
#5075=SURFACE_STYLE_FILL_AREA(#5119);
#5076=SURFACE_STYLE_FILL_AREA(#5120);
#5077=SURFACE_STYLE_FILL_AREA(#5121);
#5078=SURFACE_STYLE_FILL_AREA(#5122);
#5079=SURFACE_STYLE_FILL_AREA(#5123);
#5080=SURFACE_STYLE_FILL_AREA(#5124);
#5081=SURFACE_STYLE_FILL_AREA(#5125);
#5082=SURFACE_STYLE_FILL_AREA(#5126);
#5083=SURFACE_STYLE_FILL_AREA(#5127);
#5084=SURFACE_STYLE_FILL_AREA(#5128);
#5085=SURFACE_STYLE_FILL_AREA(#5129);
#5086=SURFACE_STYLE_FILL_AREA(#5130);
#5087=SURFACE_STYLE_FILL_AREA(#5131);
#5088=SURFACE_STYLE_FILL_AREA(#5132);
#5089=SURFACE_STYLE_FILL_AREA(#5133);
#5090=SURFACE_STYLE_FILL_AREA(#5134);
#5091=SURFACE_STYLE_FILL_AREA(#5135);
#5092=SURFACE_STYLE_FILL_AREA(#5136);
#5093=SURFACE_STYLE_FILL_AREA(#5137);
#5094=SURFACE_STYLE_FILL_AREA(#5138);
#5095=SURFACE_STYLE_FILL_AREA(#5139);
#5096=SURFACE_STYLE_FILL_AREA(#5140);
#5097=SURFACE_STYLE_FILL_AREA(#5141);
#5098=SURFACE_STYLE_FILL_AREA(#5142);
#5099=SURFACE_STYLE_FILL_AREA(#5143);
#5100=SURFACE_STYLE_FILL_AREA(#5144);
#5101=FILL_AREA_STYLE('',(#5145));
#5102=FILL_AREA_STYLE('',(#5146));
#5103=FILL_AREA_STYLE('',(#5147));
#5104=FILL_AREA_STYLE('',(#5148));
#5105=FILL_AREA_STYLE('',(#5149));
#5106=FILL_AREA_STYLE('',(#5150));
#5107=FILL_AREA_STYLE('',(#5151));
#5108=FILL_AREA_STYLE('',(#5152));
#5109=FILL_AREA_STYLE('',(#5153));
#5110=FILL_AREA_STYLE('',(#5154));
#5111=FILL_AREA_STYLE('',(#5155));
#5112=FILL_AREA_STYLE('',(#5156));
#5113=FILL_AREA_STYLE('',(#5157));
#5114=FILL_AREA_STYLE('',(#5158));
#5115=FILL_AREA_STYLE('',(#5159));
#5116=FILL_AREA_STYLE('',(#5160));
#5117=FILL_AREA_STYLE('',(#5161));
#5118=FILL_AREA_STYLE('',(#5162));
#5119=FILL_AREA_STYLE('',(#5163));
#5120=FILL_AREA_STYLE('',(#5164));
#5121=FILL_AREA_STYLE('',(#5165));
#5122=FILL_AREA_STYLE('',(#5166));
#5123=FILL_AREA_STYLE('',(#5167));
#5124=FILL_AREA_STYLE('',(#5168));
#5125=FILL_AREA_STYLE('',(#5169));
#5126=FILL_AREA_STYLE('',(#5170));
#5127=FILL_AREA_STYLE('',(#5171));
#5128=FILL_AREA_STYLE('',(#5172));
#5129=FILL_AREA_STYLE('',(#5173));
#5130=FILL_AREA_STYLE('',(#5174));
#5131=FILL_AREA_STYLE('',(#5175));
#5132=FILL_AREA_STYLE('',(#5176));
#5133=FILL_AREA_STYLE('',(#5177));
#5134=FILL_AREA_STYLE('',(#5178));
#5135=FILL_AREA_STYLE('',(#5179));
#5136=FILL_AREA_STYLE('',(#5180));
#5137=FILL_AREA_STYLE('',(#5181));
#5138=FILL_AREA_STYLE('',(#5182));
#5139=FILL_AREA_STYLE('',(#5183));
#5140=FILL_AREA_STYLE('',(#5184));
#5141=FILL_AREA_STYLE('',(#5185));
#5142=FILL_AREA_STYLE('',(#5186));
#5143=FILL_AREA_STYLE('',(#5187));
#5144=FILL_AREA_STYLE('',(#5188));
#5145=FILL_AREA_STYLE_COLOUR('',#5189);
#5146=FILL_AREA_STYLE_COLOUR('',#5190);
#5147=FILL_AREA_STYLE_COLOUR('',#5190);
#5148=FILL_AREA_STYLE_COLOUR('',#5190);
#5149=FILL_AREA_STYLE_COLOUR('',#5190);
#5150=FILL_AREA_STYLE_COLOUR('',#5190);
#5151=FILL_AREA_STYLE_COLOUR('',#5190);
#5152=FILL_AREA_STYLE_COLOUR('',#5190);
#5153=FILL_AREA_STYLE_COLOUR('',#5190);
#5154=FILL_AREA_STYLE_COLOUR('',#5190);
#5155=FILL_AREA_STYLE_COLOUR('',#5190);
#5156=FILL_AREA_STYLE_COLOUR('',#5190);
#5157=FILL_AREA_STYLE_COLOUR('',#5190);
#5158=FILL_AREA_STYLE_COLOUR('',#5190);
#5159=FILL_AREA_STYLE_COLOUR('',#5190);
#5160=FILL_AREA_STYLE_COLOUR('',#5190);
#5161=FILL_AREA_STYLE_COLOUR('',#5190);
#5162=FILL_AREA_STYLE_COLOUR('',#5190);
#5163=FILL_AREA_STYLE_COLOUR('',#5190);
#5164=FILL_AREA_STYLE_COLOUR('',#5190);
#5165=FILL_AREA_STYLE_COLOUR('',#5190);
#5166=FILL_AREA_STYLE_COLOUR('',#5190);
#5167=FILL_AREA_STYLE_COLOUR('',#5190);
#5168=FILL_AREA_STYLE_COLOUR('',#5190);
#5169=FILL_AREA_STYLE_COLOUR('',#5190);
#5170=FILL_AREA_STYLE_COLOUR('',#5190);
#5171=FILL_AREA_STYLE_COLOUR('',#5190);
#5172=FILL_AREA_STYLE_COLOUR('',#5190);
#5173=FILL_AREA_STYLE_COLOUR('',#5190);
#5174=FILL_AREA_STYLE_COLOUR('',#5190);
#5175=FILL_AREA_STYLE_COLOUR('',#5190);
#5176=FILL_AREA_STYLE_COLOUR('',#5190);
#5177=FILL_AREA_STYLE_COLOUR('',#5190);
#5178=FILL_AREA_STYLE_COLOUR('',#5190);
#5179=FILL_AREA_STYLE_COLOUR('',#5190);
#5180=FILL_AREA_STYLE_COLOUR('',#5190);
#5181=FILL_AREA_STYLE_COLOUR('',#5190);
#5182=FILL_AREA_STYLE_COLOUR('',#5190);
#5183=FILL_AREA_STYLE_COLOUR('',#5190);
#5184=FILL_AREA_STYLE_COLOUR('',#5190);
#5185=FILL_AREA_STYLE_COLOUR('',#5190);
#5186=FILL_AREA_STYLE_COLOUR('',#5190);
#5187=FILL_AREA_STYLE_COLOUR('',#5190);
#5188=FILL_AREA_STYLE_COLOUR('',#5190);
#5189=COLOUR_RGB('',0.901960784313726,0.901960784313726,0.901960784313726);
#5190=COLOUR_RGB('',0.262745098039216,0.282352941176471,0.301960784313725);
#5191=MANIFOLD_SOLID_BREP('Drone Controller - Top',#4923);
#5192=SHAPE_DEFINITION_REPRESENTATION(#8674,#5193);
#5193=SHAPE_REPRESENTATION('Drone Controller - Top',(#5194),#8669);
#5194=AXIS2_PLACEMENT_3D('',#6742,#5558,#5559);
#5195=AXIS2_PLACEMENT_3D('',#6743,#5560,#5561);
#5196=AXIS2_PLACEMENT_3D('',#6827,#5587,#5588);
#5197=AXIS2_PLACEMENT_3D('',#6845,#5591,#5592);
#5198=AXIS2_PLACEMENT_3D('',#6857,#5598,#5599);
#5199=AXIS2_PLACEMENT_3D('',#6873,#5607,#5608);
#5200=AXIS2_PLACEMENT_3D('',#6889,#5616,#5617);
#5201=AXIS2_PLACEMENT_3D('',#6893,#5619,#5620);
#5202=AXIS2_PLACEMENT_3D('',#6904,#5626,#5627);
#5203=AXIS2_PLACEMENT_3D('',#6906,#5628,#5629);
#5204=AXIS2_PLACEMENT_3D('',#6908,#5630,#5631);
#5205=AXIS2_PLACEMENT_3D('',#6910,#5632,#5633);
#5206=AXIS2_PLACEMENT_3D('',#6912,#5634,#5635);
#5207=AXIS2_PLACEMENT_3D('',#6986,#5650,#5651);
#5208=AXIS2_PLACEMENT_3D('',#7001,#5653,#5654);
#5209=AXIS2_PLACEMENT_3D('',#7005,#5656,#5657);
#5210=AXIS2_PLACEMENT_3D('',#7009,#5659,#5660);
#5211=AXIS2_PLACEMENT_3D('',#7010,#5661,#5662);
#5212=AXIS2_PLACEMENT_3D('',#7014,#5664,#5665);
#5213=AXIS2_PLACEMENT_3D('',#7018,#5667,#5668);
#5214=AXIS2_PLACEMENT_3D('',#7019,#5669,#5670);
#5215=AXIS2_PLACEMENT_3D('',#7023,#5672,#5673);
#5216=AXIS2_PLACEMENT_3D('',#7027,#5675,#5676);
#5217=AXIS2_PLACEMENT_3D('',#7028,#5677,#5678);
#5218=AXIS2_PLACEMENT_3D('',#7034,#5682,#5683);
#5219=AXIS2_PLACEMENT_3D('',#7040,#5687,#5688);
#5220=AXIS2_PLACEMENT_3D('',#7046,#5692,#5693);
#5221=AXIS2_PLACEMENT_3D('',#7055,#5698,#5699);
#5222=AXIS2_PLACEMENT_3D('',#7065,#5701,#5702);
#5223=AXIS2_PLACEMENT_3D('',#7069,#5704,#5705);
#5224=AXIS2_PLACEMENT_3D('',#7076,#5706,#5707);
#5225=AXIS2_PLACEMENT_3D('',#7077,#5708,#5709);
#5226=AXIS2_PLACEMENT_3D('',#7079,#5710,#5711);
#5227=AXIS2_PLACEMENT_3D('',#7081,#5712,#5713);
#5228=AXIS2_PLACEMENT_3D('',#7082,#5714,#5715);
#5229=AXIS2_PLACEMENT_3D('',#7083,#5716,#5717);
#5230=AXIS2_PLACEMENT_3D('',#7086,#5718,#5719);
#5231=AXIS2_PLACEMENT_3D('',#7087,#5720,#5721);
#5232=AXIS2_PLACEMENT_3D('',#7088,#5722,#5723);
#5233=AXIS2_PLACEMENT_3D('',#7095,#5724,#5725);
#5234=AXIS2_PLACEMENT_3D('',#7103,#5727,#5728);
#5235=AXIS2_PLACEMENT_3D('',#7104,#5729,#5730);
#5236=AXIS2_PLACEMENT_3D('',#7118,#5732,#5733);
#5237=AXIS2_PLACEMENT_3D('',#7119,#5734,#5735);
#5238=AXIS2_PLACEMENT_3D('',#7121,#5736,#5737);
#5239=AXIS2_PLACEMENT_3D('',#7123,#5738,#5739);
#5240=AXIS2_PLACEMENT_3D('',#7124,#5740,#5741);
#5241=AXIS2_PLACEMENT_3D('',#7125,#5742,#5743);
#5242=AXIS2_PLACEMENT_3D('',#7128,#5744,#5745);
#5243=AXIS2_PLACEMENT_3D('',#7129,#5746,#5747);
#5244=AXIS2_PLACEMENT_3D('',#7130,#5748,#5749);
#5245=AXIS2_PLACEMENT_3D('',#7142,#5751,#5752);
#5246=AXIS2_PLACEMENT_3D('',#7143,#5753,#5754);
#5247=AXIS2_PLACEMENT_3D('',#7145,#5755,#5756);
#5248=AXIS2_PLACEMENT_3D('',#7155,#5761,#5762);
#5249=AXIS2_PLACEMENT_3D('',#7157,#5763,#5764);
#5250=AXIS2_PLACEMENT_3D('',#7159,#5765,#5766);
#5251=AXIS2_PLACEMENT_3D('',#7186,#5774,#5775);
#5252=AXIS2_PLACEMENT_3D('',#7189,#5777,#5778);
#5253=AXIS2_PLACEMENT_3D('',#7192,#5780,#5781);
#5254=AXIS2_PLACEMENT_3D('',#7193,#5782,#5783);
#5255=AXIS2_PLACEMENT_3D('',#7195,#5784,#5785);
#5256=AXIS2_PLACEMENT_3D('',#7200,#5788,#5789);
#5257=AXIS2_PLACEMENT_3D('',#7201,#5790,#5791);
#5258=AXIS2_PLACEMENT_3D('',#7203,#5792,#5793);
#5259=AXIS2_PLACEMENT_3D('',#7208,#5796,#5797);
#5260=AXIS2_PLACEMENT_3D('',#7209,#5798,#5799);
#5261=AXIS2_PLACEMENT_3D('',#7210,#5800,#5801);
#5262=AXIS2_PLACEMENT_3D('',#7211,#5802,#5803);
#5263=AXIS2_PLACEMENT_3D('',#7212,#5804,#5805);
#5264=AXIS2_PLACEMENT_3D('',#7214,#5806,#5807);
#5265=AXIS2_PLACEMENT_3D('',#7216,#5808,#5809);
#5266=AXIS2_PLACEMENT_3D('',#7217,#5810,#5811);
#5267=AXIS2_PLACEMENT_3D('',#7219,#5812,#5813);
#5268=AXIS2_PLACEMENT_3D('',#7221,#5814,#5815);
#5269=AXIS2_PLACEMENT_3D('',#7222,#5816,#5817);
#5270=AXIS2_PLACEMENT_3D('',#7224,#5818,#5819);
#5271=AXIS2_PLACEMENT_3D('',#7226,#5820,#5821);
#5272=AXIS2_PLACEMENT_3D('',#7235,#5826,#5827);
#5273=AXIS2_PLACEMENT_3D('',#7260,#5840,#5841);
#5274=AXIS2_PLACEMENT_3D('',#7263,#5844,#5845);
#5275=AXIS2_PLACEMENT_3D('',#7272,#5850,#5851);
#5276=AXIS2_PLACEMENT_3D('',#7276,#5853,#5854);
#5277=AXIS2_PLACEMENT_3D('',#7281,#5857,#5858);
#5278=AXIS2_PLACEMENT_3D('',#7290,#5863,#5864);
#5279=AXIS2_PLACEMENT_3D('',#7296,#5868,#5869);
#5280=AXIS2_PLACEMENT_3D('',#7302,#5873,#5874);
#5281=AXIS2_PLACEMENT_3D('',#7326,#5883,#5884);
#5282=AXIS2_PLACEMENT_3D('',#7332,#5888,#5889);
#5283=AXIS2_PLACEMENT_3D('',#7338,#5893,#5894);
#5284=AXIS2_PLACEMENT_3D('',#7340,#5896,#5897);
#5285=AXIS2_PLACEMENT_3D('',#7364,#5906,#5907);
#5286=AXIS2_PLACEMENT_3D('',#7368,#5909,#5910);
#5287=AXIS2_PLACEMENT_3D('',#7379,#5917,#5918);
#5288=AXIS2_PLACEMENT_3D('',#7383,#5920,#5921);
#5289=AXIS2_PLACEMENT_3D('',#7387,#5923,#5924);
#5290=AXIS2_PLACEMENT_3D('',#7388,#5925,#5926);
#5291=AXIS2_PLACEMENT_3D('',#7394,#5930,#5931);
#5292=AXIS2_PLACEMENT_3D('',#7395,#5932,#5933);
#5293=AXIS2_PLACEMENT_3D('',#7399,#5935,#5936);
#5294=AXIS2_PLACEMENT_3D('',#7405,#5940,#5941);
#5295=AXIS2_PLACEMENT_3D('',#7407,#5943,#5944);
#5296=AXIS2_PLACEMENT_3D('',#7413,#5948,#5949);
#5297=AXIS2_PLACEMENT_3D('',#7418,#5951,#5952);
#5298=AXIS2_PLACEMENT_3D('',#7422,#5954,#5955);
#5299=AXIS2_PLACEMENT_3D('',#7426,#5957,#5958);
#5300=AXIS2_PLACEMENT_3D('',#7429,#5960,#5961);
#5301=AXIS2_PLACEMENT_3D('',#7430,#5962,#5963);
#5302=AXIS2_PLACEMENT_3D('',#7432,#5964,#5965);
#5303=AXIS2_PLACEMENT_3D('',#7434,#5966,#5967);
#5304=AXIS2_PLACEMENT_3D('',#7436,#5968,#5969);
#5305=AXIS2_PLACEMENT_3D('',#7438,#5970,#5971);
#5306=AXIS2_PLACEMENT_3D('',#7439,#5972,#5973);
#5307=AXIS2_PLACEMENT_3D('',#7440,#5974,#5975);
#5308=AXIS2_PLACEMENT_3D('',#7451,#5982,#5983);
#5309=AXIS2_PLACEMENT_3D('',#7452,#5984,#5985);
#5310=AXIS2_PLACEMENT_3D('',#7454,#5987,#5988);
#5311=AXIS2_PLACEMENT_3D('',#7456,#5990,#5991);
#5312=AXIS2_PLACEMENT_3D('',#7459,#5994,#5995);
#5313=AXIS2_PLACEMENT_3D('',#7461,#5997,#5998);
#5314=AXIS2_PLACEMENT_3D('',#7463,#6000,#6001);
#5315=AXIS2_PLACEMENT_3D('',#7465,#6003,#6004);
#5316=AXIS2_PLACEMENT_3D('',#7468,#6007,#6008);
#5317=AXIS2_PLACEMENT_3D('',#7470,#6010,#6011);
#5318=AXIS2_PLACEMENT_3D('',#7471,#6012,#6013);
#5319=AXIS2_PLACEMENT_3D('',#7472,#6014,#6015);
#5320=AXIS2_PLACEMENT_3D('',#7481,#6020,#6021);
#5321=AXIS2_PLACEMENT_3D('',#7487,#6025,#6026);
#5322=AXIS2_PLACEMENT_3D('',#7493,#6030,#6031);
#5323=AXIS2_PLACEMENT_3D('',#7502,#6036,#6037);
#5324=AXIS2_PLACEMENT_3D('',#7508,#6041,#6042);
#5325=AXIS2_PLACEMENT_3D('',#7514,#6046,#6047);
#5326=AXIS2_PLACEMENT_3D('',#7517,#6050,#6051);
#5327=AXIS2_PLACEMENT_3D('',#7518,#6052,#6053);
#5328=AXIS2_PLACEMENT_3D('',#7520,#6054,#6055);
#5329=AXIS2_PLACEMENT_3D('',#7521,#6056,#6057);
#5330=AXIS2_PLACEMENT_3D('',#7523,#6058,#6059);
#5331=AXIS2_PLACEMENT_3D('',#7525,#6060,#6061);
#5332=AXIS2_PLACEMENT_3D('',#7526,#6062,#6063);
#5333=AXIS2_PLACEMENT_3D('',#7528,#6064,#6065);
#5334=AXIS2_PLACEMENT_3D('',#7530,#6066,#6067);
#5335=AXIS2_PLACEMENT_3D('',#7531,#6068,#6069);
#5336=AXIS2_PLACEMENT_3D('',#7533,#6070,#6071);
#5337=AXIS2_PLACEMENT_3D('',#7535,#6072,#6073);
#5338=AXIS2_PLACEMENT_3D('',#7536,#6074,#6075);
#5339=AXIS2_PLACEMENT_3D('',#7538,#6076,#6077);
#5340=AXIS2_PLACEMENT_3D('',#7539,#6078,#6079);
#5341=AXIS2_PLACEMENT_3D('',#7541,#6080,#6081);
#5342=AXIS2_PLACEMENT_3D('',#7542,#6082,#6083);
#5343=AXIS2_PLACEMENT_3D('',#7544,#6084,#6085);
#5344=AXIS2_PLACEMENT_3D('',#7545,#6086,#6087);
#5345=AXIS2_PLACEMENT_3D('',#7547,#6088,#6089);
#5346=AXIS2_PLACEMENT_3D('',#7548,#6090,#6091);
#5347=AXIS2_PLACEMENT_3D('',#7550,#6092,#6093);
#5348=AXIS2_PLACEMENT_3D('',#7551,#6094,#6095);
#5349=AXIS2_PLACEMENT_3D('',#7553,#6096,#6097);
#5350=AXIS2_PLACEMENT_3D('',#7556,#6100,#6101);
#5351=AXIS2_PLACEMENT_3D('',#7557,#6102,#6103);
#5352=AXIS2_PLACEMENT_3D('',#7559,#6104,#6105);
#5353=AXIS2_PLACEMENT_3D('',#7561,#6106,#6107);
#5354=AXIS2_PLACEMENT_3D('',#7563,#6108,#6109);
#5355=AXIS2_PLACEMENT_3D('',#7564,#6110,#6111);
#5356=AXIS2_PLACEMENT_3D('',#7565,#6112,#6113);
#5357=AXIS2_PLACEMENT_3D('',#7566,#6114,#6115);
#5358=AXIS2_PLACEMENT_3D('',#7567,#6116,#6117);
#5359=AXIS2_PLACEMENT_3D('',#7568,#6118,#6119);
#5360=AXIS2_PLACEMENT_3D('',#7569,#6120,#6121);
#5361=AXIS2_PLACEMENT_3D('',#7570,#6122,#6123);
#5362=AXIS2_PLACEMENT_3D('',#7571,#6124,#6125);
#5363=AXIS2_PLACEMENT_3D('',#7572,#6126,#6127);
#5364=AXIS2_PLACEMENT_3D('',#7573,#6128,#6129);
#5365=AXIS2_PLACEMENT_3D('',#7577,#6132,#6133);
#5366=AXIS2_PLACEMENT_3D('',#7581,#6136,#6137);
#5367=AXIS2_PLACEMENT_3D('',#7583,#6139,#6140);
#5368=AXIS2_PLACEMENT_3D('',#7587,#6143,#6144);
#5369=AXIS2_PLACEMENT_3D('',#7593,#6148,#6149);
#5370=AXIS2_PLACEMENT_3D('',#7597,#6152,#6153);
#5371=AXIS2_PLACEMENT_3D('',#7598,#6154,#6155);
#5372=AXIS2_PLACEMENT_3D('',#7599,#6156,#6157);
#5373=AXIS2_PLACEMENT_3D('',#7600,#6158,#6159);
#5374=AXIS2_PLACEMENT_3D('',#7601,#6160,#6161);
#5375=AXIS2_PLACEMENT_3D('',#7602,#6162,#6163);
#5376=AXIS2_PLACEMENT_3D('',#7603,#6164,#6165);
#5377=AXIS2_PLACEMENT_3D('',#7605,#6166,#6167);
#5378=AXIS2_PLACEMENT_3D('',#7606,#6168,#6169);
#5379=AXIS2_PLACEMENT_3D('',#7608,#6170,#6171);
#5380=AXIS2_PLACEMENT_3D('',#7609,#6172,#6173);
#5381=AXIS2_PLACEMENT_3D('',#7610,#6174,#6175);
#5382=AXIS2_PLACEMENT_3D('',#7612,#6176,#6177);
#5383=AXIS2_PLACEMENT_3D('',#7613,#6178,#6179);
#5384=AXIS2_PLACEMENT_3D('',#7615,#6180,#6181);
#5385=AXIS2_PLACEMENT_3D('',#7616,#6182,#6183);
#5386=AXIS2_PLACEMENT_3D('',#7617,#6184,#6185);
#5387=AXIS2_PLACEMENT_3D('',#7619,#6186,#6187);
#5388=AXIS2_PLACEMENT_3D('',#7620,#6188,#6189);
#5389=AXIS2_PLACEMENT_3D('',#7622,#6190,#6191);
#5390=AXIS2_PLACEMENT_3D('',#7623,#6192,#6193);
#5391=AXIS2_PLACEMENT_3D('',#7624,#6194,#6195);
#5392=AXIS2_PLACEMENT_3D('',#7626,#6196,#6197);
#5393=AXIS2_PLACEMENT_3D('',#7627,#6198,#6199);
#5394=AXIS2_PLACEMENT_3D('',#7629,#6200,#6201);
#5395=AXIS2_PLACEMENT_3D('',#7630,#6202,#6203);
#5396=AXIS2_PLACEMENT_3D('',#7632,#6204,#6205);
#5397=AXIS2_PLACEMENT_3D('',#7633,#6206,#6207);
#5398=AXIS2_PLACEMENT_3D('',#7634,#6208,#6209);
#5399=AXIS2_PLACEMENT_3D('',#7636,#6210,#6211);
#5400=AXIS2_PLACEMENT_3D('',#7637,#6212,#6213);
#5401=AXIS2_PLACEMENT_3D('',#7643,#6217,#6218);
#5402=AXIS2_PLACEMENT_3D('',#7647,#6221,#6222);
#5403=AXIS2_PLACEMENT_3D('',#7651,#6225,#6226);
#5404=AXIS2_PLACEMENT_3D('',#7655,#6229,#6230);
#5405=AXIS2_PLACEMENT_3D('',#7658,#6232,#6233);
#5406=AXIS2_PLACEMENT_3D('',#7659,#6234,#6235);
#5407=AXIS2_PLACEMENT_3D('',#7663,#6238,#6239);
#5408=AXIS2_PLACEMENT_3D('',#7667,#6242,#6243);
#5409=AXIS2_PLACEMENT_3D('',#7671,#6246,#6247);
#5410=AXIS2_PLACEMENT_3D('',#7675,#6250,#6251);
#5411=AXIS2_PLACEMENT_3D('',#7677,#6253,#6254);
#5412=AXIS2_PLACEMENT_3D('',#7681,#6257,#6258);
#5413=AXIS2_PLACEMENT_3D('',#7685,#6261,#6262);
#5414=AXIS2_PLACEMENT_3D('',#7689,#6265,#6266);
#5415=AXIS2_PLACEMENT_3D('',#7693,#6269,#6270);
#5416=AXIS2_PLACEMENT_3D('',#7697,#6273,#6274);
#5417=AXIS2_PLACEMENT_3D('',#7699,#6276,#6277);
#5418=AXIS2_PLACEMENT_3D('',#7701,#6279,#6280);
#5419=AXIS2_PLACEMENT_3D('',#7705,#6283,#6284);
#5420=AXIS2_PLACEMENT_3D('',#7709,#6287,#6288);
#5421=AXIS2_PLACEMENT_3D('',#7713,#6291,#6292);
#5422=AXIS2_PLACEMENT_3D('',#7717,#6295,#6296);
#5423=AXIS2_PLACEMENT_3D('',#7721,#6299,#6300);
#5424=AXIS2_PLACEMENT_3D('',#7725,#6303,#6304);
#5425=AXIS2_PLACEMENT_3D('',#7729,#6307,#6308);
#5426=AXIS2_PLACEMENT_3D('',#7732,#6310,#6311);
#5427=AXIS2_PLACEMENT_3D('',#7733,#6312,#6313);
#5428=AXIS2_PLACEMENT_3D('',#7737,#6316,#6317);
#5429=AXIS2_PLACEMENT_3D('',#7741,#6320,#6321);
#5430=AXIS2_PLACEMENT_3D('',#7743,#6323,#6324);
#5431=AXIS2_PLACEMENT_3D('',#7744,#6325,#6326);
#5432=AXIS2_PLACEMENT_3D('',#7745,#6327,#6328);
#5433=AXIS2_PLACEMENT_3D('',#7754,#6333,#6334);
#5434=AXIS2_PLACEMENT_3D('',#7755,#6335,#6336);
#5435=AXIS2_PLACEMENT_3D('',#7756,#6337,#6338);
#5436=AXIS2_PLACEMENT_3D('',#7757,#6339,#6340);
#5437=AXIS2_PLACEMENT_3D('',#7758,#6341,#6342);
#5438=AXIS2_PLACEMENT_3D('',#7759,#6343,#6344);
#5439=AXIS2_PLACEMENT_3D('',#7760,#6345,#6346);
#5440=AXIS2_PLACEMENT_3D('',#7761,#6347,#6348);
#5441=AXIS2_PLACEMENT_3D('',#7762,#6349,#6350);
#5442=AXIS2_PLACEMENT_3D('',#7763,#6351,#6352);
#5443=AXIS2_PLACEMENT_3D('',#7764,#6353,#6354);
#5444=AXIS2_PLACEMENT_3D('',#7765,#6355,#6356);
#5445=AXIS2_PLACEMENT_3D('',#7766,#6357,#6358);
#5446=AXIS2_PLACEMENT_3D('',#7767,#6359,#6360);
#5447=AXIS2_PLACEMENT_3D('',#7770,#6362,#6363);
#5448=AXIS2_PLACEMENT_3D('',#7771,#6364,#6365);
#5449=AXIS2_PLACEMENT_3D('',#7774,#6367,#6368);
#5450=AXIS2_PLACEMENT_3D('',#7775,#6369,#6370);
#5451=AXIS2_PLACEMENT_3D('',#7776,#6371,#6372);
#5452=AXIS2_PLACEMENT_3D('',#7777,#6373,#6374);
#5453=AXIS2_PLACEMENT_3D('',#7779,#6376,#6377);
#5454=AXIS2_PLACEMENT_3D('',#7819,#6381,#6382);
#5455=AXIS2_PLACEMENT_3D('',#7821,#6384,#6385);
#5456=AXIS2_PLACEMENT_3D('',#7822,#6386,#6387);
#5457=AXIS2_PLACEMENT_3D('',#7823,#6388,#6389);
#5458=AXIS2_PLACEMENT_3D('',#7824,#6390,#6391);
#5459=AXIS2_PLACEMENT_3D('',#7825,#6392,#6393);
#5460=AXIS2_PLACEMENT_3D('',#7826,#6394,#6395);
#5461=AXIS2_PLACEMENT_3D('',#7827,#6396,#6397);
#5462=AXIS2_PLACEMENT_3D('',#7828,#6398,#6399);
#5463=AXIS2_PLACEMENT_3D('',#7829,#6400,#6401);
#5464=AXIS2_PLACEMENT_3D('',#7830,#6402,#6403);
#5465=AXIS2_PLACEMENT_3D('',#7831,#6404,#6405);
#5466=AXIS2_PLACEMENT_3D('',#7832,#6406,#6407);
#5467=AXIS2_PLACEMENT_3D('',#7833,#6408,#6409);
#5468=AXIS2_PLACEMENT_3D('',#7834,#6410,#6411);
#5469=AXIS2_PLACEMENT_3D('',#7835,#6412,#6413);
#5470=AXIS2_PLACEMENT_3D('',#7836,#6414,#6415);
#5471=AXIS2_PLACEMENT_3D('',#7842,#6419,#6420);
#5472=AXIS2_PLACEMENT_3D('',#7846,#6423,#6424);
#5473=AXIS2_PLACEMENT_3D('',#7850,#6427,#6428);
#5474=AXIS2_PLACEMENT_3D('',#7854,#6431,#6432);
#5475=AXIS2_PLACEMENT_3D('',#7858,#6435,#6436);
#5476=AXIS2_PLACEMENT_3D('',#7862,#6439,#6440);
#5477=AXIS2_PLACEMENT_3D('',#7866,#6443,#6444);
#5478=AXIS2_PLACEMENT_3D('',#7870,#6447,#6448);
#5479=AXIS2_PLACEMENT_3D('',#7874,#6451,#6452);
#5480=AXIS2_PLACEMENT_3D('',#7876,#6454,#6455);
#5481=AXIS2_PLACEMENT_3D('',#7931,#6460,#6461);
#5482=AXIS2_PLACEMENT_3D('',#7932,#6462,#6463);
#5483=AXIS2_PLACEMENT_3D('',#7936,#6465,#6466);
#5484=AXIS2_PLACEMENT_3D('',#7937,#6467,#6468);
#5485=AXIS2_PLACEMENT_3D('',#7943,#6472,#6473);
#5486=AXIS2_PLACEMENT_3D('',#7944,#6474,#6475);
#5487=AXIS2_PLACEMENT_3D('',#7948,#6477,#6478);
#5488=AXIS2_PLACEMENT_3D('',#8017,#6483,#6484);
#5489=AXIS2_PLACEMENT_3D('',#8018,#6485,#6486);
#5490=AXIS2_PLACEMENT_3D('',#8022,#6488,#6489);
#5491=AXIS2_PLACEMENT_3D('',#8023,#6490,#6491);
#5492=AXIS2_PLACEMENT_3D('',#8029,#6495,#6496);
#5493=AXIS2_PLACEMENT_3D('',#8030,#6497,#6498);
#5494=AXIS2_PLACEMENT_3D('',#8034,#6500,#6501);
#5495=AXIS2_PLACEMENT_3D('',#8089,#6507,#6508);
#5496=AXIS2_PLACEMENT_3D('',#8106,#6512,#6513);
#5497=AXIS2_PLACEMENT_3D('',#8109,#6515,#6516);
#5498=AXIS2_PLACEMENT_3D('',#8162,#6521,#6522);
#5499=AXIS2_PLACEMENT_3D('',#8204,#6526,#6527);
#5500=AXIS2_PLACEMENT_3D('',#8205,#6528,#6529);
#5501=AXIS2_PLACEMENT_3D('',#8211,#6533,#6534);
#5502=AXIS2_PLACEMENT_3D('',#8215,#6537,#6538);
#5503=AXIS2_PLACEMENT_3D('',#8219,#6541,#6542);
#5504=AXIS2_PLACEMENT_3D('',#8221,#6544,#6545);
#5505=AXIS2_PLACEMENT_3D('',#8222,#6546,#6547);
#5506=AXIS2_PLACEMENT_3D('',#8228,#6551,#6552);
#5507=AXIS2_PLACEMENT_3D('',#8232,#6555,#6556);
#5508=AXIS2_PLACEMENT_3D('',#8236,#6559,#6560);
#5509=AXIS2_PLACEMENT_3D('',#8240,#6563,#6564);
#5510=AXIS2_PLACEMENT_3D('',#8244,#6567,#6568);
#5511=AXIS2_PLACEMENT_3D('',#8248,#6571,#6572);
#5512=AXIS2_PLACEMENT_3D('',#8252,#6575,#6576);
#5513=AXIS2_PLACEMENT_3D('',#8256,#6579,#6580);
#5514=AXIS2_PLACEMENT_3D('',#8260,#6583,#6584);
#5515=AXIS2_PLACEMENT_3D('',#8262,#6586,#6587);
#5516=AXIS2_PLACEMENT_3D('',#8263,#6588,#6589);
#5517=AXIS2_PLACEMENT_3D('',#8269,#6593,#6594);
#5518=AXIS2_PLACEMENT_3D('',#8273,#6597,#6598);
#5519=AXIS2_PLACEMENT_3D('',#8277,#6601,#6602);
#5520=AXIS2_PLACEMENT_3D('',#8281,#6605,#6606);
#5521=AXIS2_PLACEMENT_3D('',#8285,#6609,#6610);
#5522=AXIS2_PLACEMENT_3D('',#8289,#6613,#6614);
#5523=AXIS2_PLACEMENT_3D('',#8293,#6617,#6618);
#5524=AXIS2_PLACEMENT_3D('',#8297,#6621,#6622);
#5525=AXIS2_PLACEMENT_3D('',#8301,#6625,#6626);
#5526=AXIS2_PLACEMENT_3D('',#8303,#6628,#6629);
#5527=AXIS2_PLACEMENT_3D('',#8358,#6634,#6635);
#5528=AXIS2_PLACEMENT_3D('',#8359,#6636,#6637);
#5529=AXIS2_PLACEMENT_3D('',#8363,#6639,#6640);
#5530=AXIS2_PLACEMENT_3D('',#8364,#6641,#6642);
#5531=AXIS2_PLACEMENT_3D('',#8370,#6646,#6647);
#5532=AXIS2_PLACEMENT_3D('',#8371,#6648,#6649);
#5533=AXIS2_PLACEMENT_3D('',#8375,#6651,#6652);
#5534=AXIS2_PLACEMENT_3D('',#8444,#6657,#6658);
#5535=AXIS2_PLACEMENT_3D('',#8445,#6659,#6660);
#5536=AXIS2_PLACEMENT_3D('',#8449,#6662,#6663);
#5537=AXIS2_PLACEMENT_3D('',#8450,#6664,#6665);
#5538=AXIS2_PLACEMENT_3D('',#8456,#6669,#6670);
#5539=AXIS2_PLACEMENT_3D('',#8457,#6671,#6672);
#5540=AXIS2_PLACEMENT_3D('',#8461,#6674,#6675);
#5541=AXIS2_PLACEMENT_3D('',#8516,#6681,#6682);
#5542=AXIS2_PLACEMENT_3D('',#8533,#6686,#6687);
#5543=AXIS2_PLACEMENT_3D('',#8536,#6689,#6690);
#5544=AXIS2_PLACEMENT_3D('',#8589,#6695,#6696);
#5545=AXIS2_PLACEMENT_3D('',#8631,#6700,#6701);
#5546=AXIS2_PLACEMENT_3D('',#8632,#6702,#6703);
#5547=AXIS2_PLACEMENT_3D('',#8633,#6704,#6705);
#5548=AXIS2_PLACEMENT_3D('',#8634,#6706,#6707);
#5549=AXIS2_PLACEMENT_3D('',#8640,#6711,#6712);
#5550=AXIS2_PLACEMENT_3D('',#8646,#6716,#6717);
#5551=AXIS2_PLACEMENT_3D('',#8648,#6719,#6720);
#5552=AXIS2_PLACEMENT_3D('',#8650,#6722,#6723);
#5553=AXIS2_PLACEMENT_3D('',#8651,#6724,#6725);
#5554=AXIS2_PLACEMENT_3D('',#8657,#6729,#6730);
#5555=AXIS2_PLACEMENT_3D('',#8663,#6734,#6735);
#5556=AXIS2_PLACEMENT_3D('',#8666,#6738,#6739);
#5557=AXIS2_PLACEMENT_3D('',#8667,#6740,#6741);
#5558=DIRECTION('',(0.,0.,1.));
#5559=DIRECTION('',(1.,0.,0.));
#5560=DIRECTION('',(0.,0.,1.));
#5561=DIRECTION('',(1.,0.,0.));
#5562=DIRECTION('',(-1.,0.,0.));
#5563=DIRECTION('',(0.,1.,0.));
#5564=DIRECTION('',(1.,0.,0.));
#5565=DIRECTION('',(0.,-1.,0.));
#5566=DIRECTION('',(-1.,0.,0.));
#5567=DIRECTION('',(0.,-1.,0.));
#5568=DIRECTION('',(1.,0.,0.));
#5569=DIRECTION('',(0.,-1.,0.));
#5570=DIRECTION('',(-1.,0.,0.));
#5571=DIRECTION('',(0.,-1.,0.));
#5572=DIRECTION('',(-1.,0.,0.));
#5573=DIRECTION('',(0.,1.,0.));
#5574=DIRECTION('',(1.,0.,0.));
#5575=DIRECTION('',(0.,-1.,0.));
#5576=DIRECTION('',(-1.,0.,0.));
#5577=DIRECTION('',(0.,-1.,0.));
#5578=DIRECTION('',(1.,0.,0.));
#5579=DIRECTION('',(0.,-1.,0.));
#5580=DIRECTION('',(-1.,0.,0.));
#5581=DIRECTION('',(0.,-1.,0.));
#5582=DIRECTION('',(-1.,0.,0.));
#5583=DIRECTION('',(0.259853227891847,0.965648124294864,0.));
#5584=DIRECTION('',(1.,0.,0.));
#5585=DIRECTION('',(-0.2610684865486,-0.96532028121822,0.));
#5586=DIRECTION('',(0.,1.,0.));
#5587=DIRECTION('',(0.,0.,1.));
#5588=DIRECTION('',(1.,0.,0.));
#5589=DIRECTION('',(0.,-1.,0.));
#5590=DIRECTION('',(0.,1.,0.));
#5591=DIRECTION('',(0.,0.,1.));
#5592=DIRECTION('',(1.,0.,0.));
#5593=DIRECTION('',(0.,-1.,0.));
#5594=DIRECTION('',(-0.999988659934196,0.00476235267607527,0.));
#5595=DIRECTION('',(0.00455852135192717,0.999989609887565,0.));
#5596=DIRECTION('',(0.999977493033702,-0.00670920457525098,0.));
#5597=DIRECTION('',(0.,1.,0.));
#5598=DIRECTION('',(0.,0.,1.));
#5599=DIRECTION('',(1.,0.,0.));
#5600=DIRECTION('',(0.,1.,0.));
#5601=DIRECTION('',(0.999977493033702,-0.00670920457525379,0.));
#5602=DIRECTION('',(0.00476235267607517,0.999988659934196,0.));
#5603=DIRECTION('',(-0.999988659934196,0.00476235267607513,0.));
#5604=DIRECTION('',(0.,1.,0.));
#5605=DIRECTION('',(1.,0.,0.));
#5606=DIRECTION('',(0.,1.,0.));
#5607=DIRECTION('',(0.,0.,1.));
#5608=DIRECTION('',(1.,0.,0.));
#5609=DIRECTION('',(0.,1.,0.));
#5610=DIRECTION('',(-1.,0.,0.));
#5611=DIRECTION('',(0.,1.,0.));
#5612=DIRECTION('',(-0.999988659934196,0.00476235267607517,0.));
#5613=DIRECTION('',(0.00476235267607479,0.999988659934196,0.));
#5614=DIRECTION('',(-1.,0.,0.));
#5615=DIRECTION('',(0.,1.,0.));
#5616=DIRECTION('',(0.,0.,1.));
#5617=DIRECTION('',(1.,0.,0.));
#5618=DIRECTION('',(0.,1.,0.));
#5619=DIRECTION('',(0.,0.,1.));
#5620=DIRECTION('',(1.,0.,0.));
#5621=DIRECTION('',(0.,1.,0.));
#5622=DIRECTION('',(-0.999985028318499,0.00547203242411643,0.));
#5623=DIRECTION('',(-1.,-1.02330240180602E-16,0.));
#5624=DIRECTION('',(0.00455852135192745,0.999989609887565,0.));
#5625=DIRECTION('',(0.999989609887565,-0.00455852135192732,0.));
#5626=DIRECTION('',(0.,0.,1.));
#5627=DIRECTION('',(1.,0.,0.));
#5628=DIRECTION('',(0.,0.,1.));
#5629=DIRECTION('',(1.,0.,0.));
#5630=DIRECTION('',(0.,0.,1.));
#5631=DIRECTION('',(1.,0.,0.));
#5632=DIRECTION('',(0.,0.,1.));
#5633=DIRECTION('',(1.,0.,0.));
#5634=DIRECTION('',(0.,0.,1.));
#5635=DIRECTION('',(1.,0.,0.));
#5636=DIRECTION('',(-1.,-1.62313307693736E-16,0.));
#5637=DIRECTION('',(-1.,-1.62313307693736E-16,0.));
#5638=DIRECTION('',(-2.04085114820801E-16,1.,0.));
#5639=DIRECTION('',(-1.,0.,0.));
#5640=DIRECTION('',(0.,1.,0.));
#5641=DIRECTION('',(1.,0.,0.));
#5642=DIRECTION('',(0.393113360590126,-0.919490013934647,0.));
#5643=DIRECTION('',(0.,1.,0.));
#5644=DIRECTION('',(1.,0.,0.));
#5645=DIRECTION('',(0.,-1.,0.));
#5646=DIRECTION('',(-1.,0.,0.));
#5647=DIRECTION('',(-0.388254894344165,0.921552026213279,0.));
#5648=DIRECTION('',(0.,-1.,0.));
#5649=DIRECTION('',(0.,1.,0.));
#5650=DIRECTION('',(0.,0.,1.));
#5651=DIRECTION('',(1.,0.,0.));
#5652=DIRECTION('',(0.,-1.,0.));
#5653=DIRECTION('',(0.,0.,1.));
#5654=DIRECTION('',(1.,0.,0.));
#5655=DIRECTION('',(-1.,-1.50030138462859E-16,0.));
#5656=DIRECTION('',(0.,0.,1.));
#5657=DIRECTION('',(1.,0.,0.));
#5658=DIRECTION('',(-1.,-1.60436853269531E-16,0.));
#5659=DIRECTION('',(0.,0.,1.));
#5660=DIRECTION('',(1.,0.,0.));
#5661=DIRECTION('',(0.,0.,1.));
#5662=DIRECTION('',(1.,0.,0.));
#5663=DIRECTION('',(-2.01127359533543E-16,1.,0.));
#5664=DIRECTION('',(0.,0.,1.));
#5665=DIRECTION('',(1.,0.,0.));
#5666=DIRECTION('',(9.25185853854297E-17,-1.,0.));
#5667=DIRECTION('',(0.,0.,1.));
#5668=DIRECTION('',(1.,0.,0.));
#5669=DIRECTION('',(0.,0.,1.));
#5670=DIRECTION('',(1.,0.,0.));
#5671=DIRECTION('',(-1.,-1.60436853269531E-16,0.));
#5672=DIRECTION('',(0.,0.,1.));
#5673=DIRECTION('',(1.,0.,0.));
#5674=DIRECTION('',(-1.,-7.50150692314295E-17,0.));
#5675=DIRECTION('',(0.,0.,1.));
#5676=DIRECTION('',(1.,0.,0.));
#5677=DIRECTION('',(-1.60436853269531E-16,1.,0.));
#5678=DIRECTION('',(-1.,-1.60436853269531E-16,0.));
#5679=DIRECTION('',(0.,0.,-1.));
#5680=DIRECTION('',(-1.,-1.60436853269531E-16,0.));
#5681=DIRECTION('',(0.,0.,-1.));
#5682=DIRECTION('',(1.,2.01127359533543E-16,0.));
#5683=DIRECTION('',(-2.01127359533543E-16,1.,0.));
#5684=DIRECTION('',(0.,0.,-1.));
#5685=DIRECTION('',(0.,0.,-1.));
#5686=DIRECTION('',(-2.01127359533543E-16,1.,0.));
#5687=DIRECTION('',(-1.60436853269531E-16,1.,0.));
#5688=DIRECTION('',(-1.,-1.60436853269531E-16,0.));
#5689=DIRECTION('',(0.,0.,-1.));
#5690=DIRECTION('',(0.,0.,-1.));
#5691=DIRECTION('',(-1.,-1.60436853269531E-16,0.));
#5692=DIRECTION('',(1.,2.01127359533543E-16,0.));
#5693=DIRECTION('',(-2.01127359533543E-16,1.,0.));
#5694=DIRECTION('',(-2.01127359533543E-16,1.,0.));
#5695=DIRECTION('',(0.,0.,-1.));
#5696=DIRECTION('',(-2.01127359533543E-16,1.,0.));
#5697=DIRECTION('',(0.,0.,-1.));
#5698=DIRECTION('',(-9.25185853854297E-17,1.,0.));
#5699=DIRECTION('',(-1.,-9.25185853854297E-17,0.));
#5700=DIRECTION('',(9.25185853854297E-17,-1.,0.));
#5701=DIRECTION('',(0.,1.,0.));
#5702=DIRECTION('',(0.,0.,1.));
#5703=DIRECTION('',(9.25185853854297E-17,-1.,0.));
#5704=DIRECTION('',(0.,-1.,0.));
#5705=DIRECTION('',(0.,0.,-1.));
#5706=DIRECTION('',(0.,0.,1.));
#5707=DIRECTION('',(1.,0.,0.));
#5708=DIRECTION('',(0.,0.,-1.));
#5709=DIRECTION('',(-1.,0.,0.));
#5710=DIRECTION('',(1.,0.,0.));
#5711=DIRECTION('',(0.,0.,-1.));
#5712=DIRECTION('',(0.,0.,-1.));
#5713=DIRECTION('',(-1.,0.,0.));
#5714=DIRECTION('',(0.,0.,1.));
#5715=DIRECTION('',(1.,0.,0.));
#5716=DIRECTION('',(1.,0.,0.));
#5717=DIRECTION('',(0.,0.,-1.));
#5718=DIRECTION('',(0.,0.,-1.));
#5719=DIRECTION('',(-1.,0.,0.));
#5720=DIRECTION('',(0.,0.,1.));
#5721=DIRECTION('',(1.,0.,0.));
#5722=DIRECTION('',(1.,7.50150692314295E-17,0.));
#5723=DIRECTION('',(-7.50150692314295E-17,1.,0.));
#5724=DIRECTION('',(1.,0.,0.));
#5725=DIRECTION('',(0.,0.,-1.));
#5726=DIRECTION('',(-1.,-7.50150692314295E-17,0.));
#5727=DIRECTION('',(-1.,-1.50030138462859E-16,0.));
#5728=DIRECTION('',(1.50030138462859E-16,-1.,0.));
#5729=DIRECTION('',(1.,-2.77555756156289E-15,0.));
#5730=DIRECTION('',(2.77555756156289E-15,1.,0.));
#5731=DIRECTION('',(-1.,-1.50030138462859E-16,0.));
#5732=DIRECTION('',(0.,1.,0.));
#5733=DIRECTION('',(0.,0.,1.));
#5734=DIRECTION('',(0.,0.,-1.));
#5735=DIRECTION('',(-1.,0.,0.));
#5736=DIRECTION('',(2.77555756156289E-15,1.,0.));
#5737=DIRECTION('',(-1.,2.77555756156289E-15,0.));
#5738=DIRECTION('',(0.,0.,1.));
#5739=DIRECTION('',(1.,0.,0.));
#5740=DIRECTION('',(0.,-1.,0.));
#5741=DIRECTION('',(0.,0.,-1.));
#5742=DIRECTION('',(0.,-1.,0.));
#5743=DIRECTION('',(0.,0.,-1.));
#5744=DIRECTION('',(0.,0.,-1.));
#5745=DIRECTION('',(-1.,0.,0.));
#5746=DIRECTION('',(0.,0.,1.));
#5747=DIRECTION('',(1.,0.,0.));
#5748=DIRECTION('',(9.25185853854297E-17,-1.,0.));
#5749=DIRECTION('',(1.,9.25185853854297E-17,0.));
#5750=DIRECTION('',(9.25185853854297E-17,-1.,0.));
#5751=DIRECTION('',(0.,0.,1.));
#5752=DIRECTION('',(1.,0.,0.));
#5753=DIRECTION('',(0.,0.,1.));
#5754=DIRECTION('',(1.,0.,0.));
#5755=DIRECTION('',(0.,0.,1.));
#5756=DIRECTION('',(1.,0.,0.));
#5757=DIRECTION('',(-2.66880534765662E-16,1.,0.));
#5758=DIRECTION('',(1.,0.,0.));
#5759=DIRECTION('',(0.,1.,0.));
#5760=DIRECTION('',(1.,0.,0.));
#5761=DIRECTION('',(0.,0.,1.));
#5762=DIRECTION('',(1.,0.,0.));
#5763=DIRECTION('',(0.,0.,1.));
#5764=DIRECTION('',(1.,0.,0.));
#5765=DIRECTION('',(0.,0.,1.));
#5766=DIRECTION('',(1.,0.,0.));
#5767=DIRECTION('',(1.,0.,0.));
#5768=DIRECTION('',(-1.33440267382831E-16,1.,0.));
#5769=DIRECTION('',(1.,0.,0.));
#5770=DIRECTION('',(0.,1.,0.));
#5771=DIRECTION('',(-1.,-1.62313307693736E-16,0.));
#5772=DIRECTION('',(-1.,-1.62313307693736E-16,0.));
#5773=DIRECTION('',(-2.04085114820801E-16,1.,0.));
#5774=DIRECTION('',(0.,0.,-1.));
#5775=DIRECTION('',(-1.,0.,0.));
#5776=DIRECTION('',(0.,0.,1.));
#5777=DIRECTION('',(0.,0.,1.));
#5778=DIRECTION('',(1.,0.,0.));
#5779=DIRECTION('',(0.,0.,1.));
#5780=DIRECTION('',(0.,0.,-1.));
#5781=DIRECTION('',(-1.,0.,0.));
#5782=DIRECTION('',(0.,0.,1.));
#5783=DIRECTION('',(1.,0.,0.));
#5784=DIRECTION('',(0.,0.,1.));
#5785=DIRECTION('',(1.,0.,0.));
#5786=DIRECTION('',(0.,0.,1.));
#5787=DIRECTION('',(0.,0.,1.));
#5788=DIRECTION('',(0.,0.,-1.));
#5789=DIRECTION('',(-1.,0.,0.));
#5790=DIRECTION('',(0.,0.,1.));
#5791=DIRECTION('',(1.,0.,0.));
#5792=DIRECTION('',(0.,0.,1.));
#5793=DIRECTION('',(1.,0.,0.));
#5794=DIRECTION('',(0.,0.,1.));
#5795=DIRECTION('',(0.,0.,1.));
#5796=DIRECTION('',(0.,0.,1.));
#5797=DIRECTION('',(1.,0.,0.));
#5798=DIRECTION('',(0.,0.,1.));
#5799=DIRECTION('',(1.,0.,0.));
#5800=DIRECTION('',(0.,0.,1.));
#5801=DIRECTION('',(1.,0.,0.));
#5802=DIRECTION('',(0.,0.,1.));
#5803=DIRECTION('',(1.,0.,0.));
#5804=DIRECTION('',(0.,0.,1.));
#5805=DIRECTION('',(1.,0.,0.));
#5806=DIRECTION('',(0.,0.,1.));
#5807=DIRECTION('',(1.,0.,0.));
#5808=DIRECTION('',(0.,0.,1.));
#5809=DIRECTION('',(1.,0.,0.));
#5810=DIRECTION('',(0.,0.,1.));
#5811=DIRECTION('',(1.,0.,0.));
#5812=DIRECTION('',(0.,0.,1.));
#5813=DIRECTION('',(1.,0.,0.));
#5814=DIRECTION('',(0.,0.,1.));
#5815=DIRECTION('',(1.,0.,0.));
#5816=DIRECTION('',(0.,0.,1.));
#5817=DIRECTION('',(1.,0.,0.));
#5818=DIRECTION('',(0.,0.,1.));
#5819=DIRECTION('',(1.,0.,0.));
#5820=DIRECTION('',(-0.00538045665253784,0.999985525238346,0.));
#5821=DIRECTION('',(-0.999985525238346,-0.00538045665253784,0.));
#5822=DIRECTION('',(0.,0.,1.));
#5823=DIRECTION('',(0.999985525238346,0.00538045665253784,0.));
#5824=DIRECTION('',(0.,0.,-1.));
#5825=DIRECTION('',(0.999985525238346,0.00538045665253784,0.));
#5826=DIRECTION('',(1.29306478759596E-15,1.,0.));
#5827=DIRECTION('',(-1.,1.29306478759596E-15,0.));
#5828=DIRECTION('',(0.,0.,1.));
#5829=DIRECTION('',(-1.,0.,0.));
#5830=DIRECTION('',(0.,0.,-1.));
#5831=DIRECTION('',(1.,-1.29306478759596E-15,0.));
#5832=DIRECTION('',(0.,0.,-1.));
#5833=DIRECTION('',(-1.,0.,0.));
#5834=DIRECTION('',(0.,0.,-1.));
#5835=DIRECTION('',(1.,0.,0.));
#5836=DIRECTION('',(0.,0.,-1.));
#5837=DIRECTION('',(-1.,0.,0.));
#5838=DIRECTION('',(2.16840434497101E-16,-2.80388730375209E-31,1.));
#5839=DIRECTION('',(-1.,1.29306478759596E-15,0.));
#5840=DIRECTION('',(0.,0.,1.));
#5841=DIRECTION('',(1.,0.,0.));
#5842=DIRECTION('',(7.50150692314295E-17,-1.,0.));
#5843=DIRECTION('',(-2.46761563589658E-7,-0.99999999999997,0.));
#5844=DIRECTION('',(7.50150692314295E-17,-1.,0.));
#5845=DIRECTION('',(1.,7.50150692314295E-17,0.));
#5846=DIRECTION('',(0.,0.,-1.));
#5847=DIRECTION('',(0.,0.,-1.));
#5848=DIRECTION('',(-1.,-7.50150692314295E-17,0.));
#5849=DIRECTION('',(0.,0.,1.));
#5850=DIRECTION('',(7.50150692314295E-17,-1.,0.));
#5851=DIRECTION('',(1.,7.50150692314295E-17,0.));
#5852=DIRECTION('',(-1.,-7.50150692314295E-17,0.));
#5853=DIRECTION('',(7.50150692314295E-17,-1.,0.));
#5854=DIRECTION('',(1.,7.50150692314295E-17,0.));
#5855=DIRECTION('',(1.92747052886312E-16,1.44589335164207E-32,1.));
#5856=DIRECTION('',(-1.,-7.50150692314295E-17,0.));
#5857=DIRECTION('',(0.,0.,1.));
#5858=DIRECTION('',(1.,0.,0.));
#5859=DIRECTION('',(1.,0.,0.));
#5860=DIRECTION('',(0.,-1.,0.));
#5861=DIRECTION('',(-0.999999999998948,1.45087196143102E-6,0.));
#5862=DIRECTION('',(-5.44232325889309E-15,1.,0.));
#5863=DIRECTION('',(1.,9.25185853854297E-17,0.));
#5864=DIRECTION('',(-9.25185853854297E-17,1.,0.));
#5865=DIRECTION('',(0.,0.,-1.));
#5866=DIRECTION('',(9.25185853854297E-17,-1.,0.));
#5867=DIRECTION('',(0.,0.,-1.));
#5868=DIRECTION('',(1.,9.25185853854297E-17,0.));
#5869=DIRECTION('',(-9.25185853854297E-17,1.,0.));
#5870=DIRECTION('',(0.,0.,-1.));
#5871=DIRECTION('',(0.,0.,-1.));
#5872=DIRECTION('',(9.25185853854297E-17,-1.,0.));
#5873=DIRECTION('',(1.,0.,0.));
#5874=DIRECTION('',(0.,0.,-1.));
#5875=DIRECTION('',(0.,1.,1.110223024625E-16));
#5876=DIRECTION('',(0.,-1.110223024625E-16,1.));
#5877=DIRECTION('',(0.,1.,1.110223024625E-16));
#5878=DIRECTION('',(0.,-1.110223024625E-16,1.));
#5879=DIRECTION('',(0.,-1.,0.));
#5880=DIRECTION('',(0.,-1.,0.));
#5881=DIRECTION('',(0.,-1.,0.));
#5882=DIRECTION('',(0.,0.,-1.));
#5883=DIRECTION('',(-0.999999999998948,1.45087195735922E-6,0.));
#5884=DIRECTION('',(-1.45087195735922E-6,-0.999999999998948,0.));
#5885=DIRECTION('',(1.45087195735922E-6,0.999999999998948,0.));
#5886=DIRECTION('',(0.,0.,-1.));
#5887=DIRECTION('',(1.45087195735922E-6,0.999999999998948,0.));
#5888=DIRECTION('',(-0.00538045665253784,0.999985525238346,0.));
#5889=DIRECTION('',(-0.999985525238346,-0.00538045665253784,0.));
#5890=DIRECTION('',(0.999985525238346,0.00538045665253784,0.));
#5891=DIRECTION('',(2.16840434497101E-16,1.16671744628608E-18,1.));
#5892=DIRECTION('',(0.999985525238346,0.00538045665253784,0.));
#5893=DIRECTION('',(0.999999999999969,-2.46761563589658E-7,0.));
#5894=DIRECTION('',(2.46761563589658E-7,0.99999999999997,0.));
#5895=DIRECTION('',(-2.46761563589658E-7,-0.99999999999997,0.));
#5896=DIRECTION('',(1.,0.,0.));
#5897=DIRECTION('',(0.,0.,-1.));
#5898=DIRECTION('',(0.,1.110223024625E-16,-1.));
#5899=DIRECTION('',(0.,1.,1.110223024625E-16));
#5900=DIRECTION('',(0.,1.110223024625E-16,-1.));
#5901=DIRECTION('',(0.,1.,1.110223024625E-16));
#5902=DIRECTION('',(0.,-1.,0.));
#5903=DIRECTION('',(0.,0.,-1.));
#5904=DIRECTION('',(0.,-1.,0.));
#5905=DIRECTION('',(0.,-1.,0.));
#5906=DIRECTION('',(0.,-1.,0.));
#5907=DIRECTION('',(0.,0.,-1.));
#5908=DIRECTION('',(4.07830863453545E-19,0.,-1.));
#5909=DIRECTION('',(0.,-1.,0.));
#5910=DIRECTION('',(0.,0.,-1.));
#5911=DIRECTION('',(0.,0.,-1.));
#5912=DIRECTION('',(-1.,0.,0.));
#5913=DIRECTION('',(1.,0.,0.));
#5914=DIRECTION('',(-1.,0.,0.));
#5915=DIRECTION('',(0.,0.,-1.));
#5916=DIRECTION('',(1.,0.,0.));
#5917=DIRECTION('',(0.,-1.,0.));
#5918=DIRECTION('',(0.,0.,-1.));
#5919=DIRECTION('',(9.25185853854292E-14,0.,1.));
#5920=DIRECTION('',(0.,-1.,0.));
#5921=DIRECTION('',(0.,0.,-1.));
#5922=DIRECTION('',(-1.,0.,0.));
#5923=DIRECTION('',(0.,-1.,0.));
#5924=DIRECTION('',(0.,0.,-1.));
#5925=DIRECTION('',(1.,-5.4421403975984E-15,0.));
#5926=DIRECTION('',(5.4421403975984E-15,1.,0.));
#5927=DIRECTION('',(-5.4421403975984E-15,-1.,0.));
#5928=DIRECTION('',(0.,0.,-1.));
#5929=DIRECTION('',(-5.4421403975984E-15,-1.,0.));
#5930=DIRECTION('',(-1.45087196143102E-6,-0.999999999998948,0.));
#5931=DIRECTION('',(0.999999999998948,-1.45087196143102E-6,0.));
#5932=DIRECTION('',(-1.45087196143102E-6,-0.999999999998948,0.));
#5933=DIRECTION('',(0.999999999998948,-1.45087196143102E-6,0.));
#5934=DIRECTION('',(0.999999999998948,-1.45087196143102E-6,0.));
#5935=DIRECTION('',(-1.45087196143102E-6,-0.999999999998948,0.));
#5936=DIRECTION('',(0.999999999998948,-1.45087196143102E-6,0.));
#5937=DIRECTION('',(-0.999999999998948,1.45087196143102E-6,0.));
#5938=DIRECTION('',(-0.999999999998948,1.45087196143102E-6,0.));
#5939=DIRECTION('',(0.,0.,-1.));
#5940=DIRECTION('',(-1.,-5.44232325889309E-15,0.));
#5941=DIRECTION('',(5.44232325889309E-15,-1.,0.));
#5942=DIRECTION('',(-5.44232325889309E-15,1.,0.));
#5943=DIRECTION('',(1.50030138462859E-16,-1.,0.));
#5944=DIRECTION('',(1.,1.50030138462859E-16,0.));
#5945=DIRECTION('',(0.,0.,-1.));
#5946=DIRECTION('',(0.,0.,-1.));
#5947=DIRECTION('',(-1.,-1.50030138462859E-16,0.));
#5948=DIRECTION('',(1.50030138462859E-16,-1.,0.));
#5949=DIRECTION('',(1.,1.50030138462859E-16,0.));
#5950=DIRECTION('',(9.25185853854292E-14,1.38805761757638E-29,1.));
#5951=DIRECTION('',(1.50030138462859E-16,-1.,0.));
#5952=DIRECTION('',(1.,1.50030138462859E-16,0.));
#5953=DIRECTION('',(1.,1.50030138462859E-16,0.));
#5954=DIRECTION('',(1.50030138462859E-16,-1.,0.));
#5955=DIRECTION('',(1.,1.50030138462859E-16,0.));
#5956=DIRECTION('',(4.07830863453545E-19,6.11869209133628E-35,-1.));
#5957=DIRECTION('',(1.50030138462859E-16,-1.,0.));
#5958=DIRECTION('',(1.,1.50030138462859E-16,0.));
#5959=DIRECTION('',(-1.,-1.50030138462859E-16,0.));
#5960=DIRECTION('',(0.,0.,1.));
#5961=DIRECTION('',(1.,0.,0.));
#5962=DIRECTION('',(0.,0.,1.));
#5963=DIRECTION('',(1.,0.,0.));
#5964=DIRECTION('',(0.,0.,1.));
#5965=DIRECTION('',(1.,0.,0.));
#5966=DIRECTION('',(0.,0.,1.));
#5967=DIRECTION('',(1.,0.,0.));
#5968=DIRECTION('',(0.,0.,1.));
#5969=DIRECTION('',(1.,0.,0.));
#5970=DIRECTION('',(0.,0.,1.));
#5971=DIRECTION('',(1.,0.,0.));
#5972=DIRECTION('',(0.,0.,1.));
#5973=DIRECTION('',(1.,0.,0.));
#5974=DIRECTION('',(0.,0.,1.));
#5975=DIRECTION('',(1.,0.,0.));
#5976=DIRECTION('',(7.50150692314295E-17,-1.,0.));
#5977=DIRECTION('',(-1.,-7.50150692314295E-17,0.));
#5978=DIRECTION('',(7.50150692314295E-17,-1.,0.));
#5979=DIRECTION('',(7.50150692314295E-17,-1.,0.));
#5980=DIRECTION('',(-1.,-7.50150692314295E-17,0.));
#5981=DIRECTION('',(7.50150692314295E-17,-1.,0.));
#5982=DIRECTION('',(0.,0.,1.));
#5983=DIRECTION('',(1.,0.,0.));
#5984=DIRECTION('',(0.,0.,1.));
#5985=DIRECTION('',(1.,0.,0.));
#5986=DIRECTION('',(7.50150692314295E-17,-1.,0.));
#5987=DIRECTION('',(0.,0.,1.));
#5988=DIRECTION('',(1.,0.,0.));
#5989=DIRECTION('',(0.,-1.,0.));
#5990=DIRECTION('',(0.,-1.,0.));
#5991=DIRECTION('',(0.,0.,-1.));
#5992=DIRECTION('',(0.,-1.,0.));
#5993=DIRECTION('',(0.,-1.,0.));
#5994=DIRECTION('',(0.,0.,1.));
#5995=DIRECTION('',(1.,0.,0.));
#5996=DIRECTION('',(0.,-1.,0.));
#5997=DIRECTION('',(0.,-1.,0.));
#5998=DIRECTION('',(0.,0.,-1.));
#5999=DIRECTION('',(0.,-1.,0.));
#6000=DIRECTION('',(-1.,0.,-4.07830863453545E-19));
#6001=DIRECTION('',(-4.07830863453545E-19,0.,1.));
#6002=DIRECTION('',(0.,-1.,0.));
#6003=DIRECTION('',(0.,0.,-1.));
#6004=DIRECTION('',(-1.,0.,0.));
#6005=DIRECTION('',(0.,-1.,0.));
#6006=DIRECTION('',(0.,-1.,0.));
#6007=DIRECTION('',(1.,0.,-9.25185853854292E-14));
#6008=DIRECTION('',(-9.25185853854292E-14,0.,-1.));
#6009=DIRECTION('',(0.,-1.,0.));
#6010=DIRECTION('',(0.,-1.,0.));
#6011=DIRECTION('',(0.,0.,-1.));
#6012=DIRECTION('',(0.,-1.,0.));
#6013=DIRECTION('',(0.,0.,-1.));
#6014=DIRECTION('',(0.,1.,0.));
#6015=DIRECTION('',(0.,0.,1.));
#6016=DIRECTION('',(0.,0.,-1.));
#6017=DIRECTION('',(1.,0.,0.));
#6018=DIRECTION('',(0.,0.,-1.));
#6019=DIRECTION('',(1.,0.,0.));
#6020=DIRECTION('',(-1.,0.,0.));
#6021=DIRECTION('',(0.,0.,1.));
#6022=DIRECTION('',(0.,0.,-1.));
#6023=DIRECTION('',(0.,1.,0.));
#6024=DIRECTION('',(0.,1.,0.));
#6025=DIRECTION('',(0.,1.,0.));
#6026=DIRECTION('',(0.,0.,1.));
#6027=DIRECTION('',(0.,0.,-1.));
#6028=DIRECTION('',(1.,0.,0.));
#6029=DIRECTION('',(1.,0.,0.));
#6030=DIRECTION('',(0.,1.,0.));
#6031=DIRECTION('',(0.,0.,1.));
#6032=DIRECTION('',(0.,0.,-1.));
#6033=DIRECTION('',(1.,0.,0.));
#6034=DIRECTION('',(0.,0.,-1.));
#6035=DIRECTION('',(1.,0.,0.));
#6036=DIRECTION('',(-1.,0.,0.));
#6037=DIRECTION('',(0.,0.,1.));
#6038=DIRECTION('',(0.,0.,-1.));
#6039=DIRECTION('',(0.,1.,0.));
#6040=DIRECTION('',(0.,1.,0.));
#6041=DIRECTION('',(0.,1.,0.));
#6042=DIRECTION('',(0.,0.,1.));
#6043=DIRECTION('',(0.,0.,-1.));
#6044=DIRECTION('',(1.,0.,0.));
#6045=DIRECTION('',(1.,0.,0.));
#6046=DIRECTION('',(-1.,-1.33440267382831E-16,0.));
#6047=DIRECTION('',(1.33440267382831E-16,-1.,0.));
#6048=DIRECTION('',(-1.33440267382831E-16,1.,0.));
#6049=DIRECTION('',(-1.33440267382831E-16,1.,0.));
#6050=DIRECTION('',(0.,0.,-1.));
#6051=DIRECTION('',(-1.,0.,0.));
#6052=DIRECTION('',(0.,0.,1.));
#6053=DIRECTION('',(1.,0.,0.));
#6054=DIRECTION('',(0.,0.,-1.));
#6055=DIRECTION('',(-1.,0.,0.));
#6056=DIRECTION('',(0.,0.,1.));
#6057=DIRECTION('',(1.,0.,0.));
#6058=DIRECTION('',(0.,0.,1.));
#6059=DIRECTION('',(1.,0.,0.));
#6060=DIRECTION('',(0.,0.,-1.));
#6061=DIRECTION('',(-1.,0.,0.));
#6062=DIRECTION('',(0.,0.,1.));
#6063=DIRECTION('',(1.,0.,0.));
#6064=DIRECTION('',(0.,0.,1.));
#6065=DIRECTION('',(1.,0.,0.));
#6066=DIRECTION('',(0.,0.,-1.));
#6067=DIRECTION('',(-1.,0.,0.));
#6068=DIRECTION('',(0.,0.,1.));
#6069=DIRECTION('',(1.,0.,0.));
#6070=DIRECTION('',(0.,0.,1.));
#6071=DIRECTION('',(1.,0.,0.));
#6072=DIRECTION('',(0.,0.,-1.));
#6073=DIRECTION('',(-1.,0.,0.));
#6074=DIRECTION('',(0.,0.,1.));
#6075=DIRECTION('',(1.,0.,0.));
#6076=DIRECTION('',(0.,0.,-1.));
#6077=DIRECTION('',(-1.,0.,0.));
#6078=DIRECTION('',(0.,0.,1.));
#6079=DIRECTION('',(1.,0.,0.));
#6080=DIRECTION('',(0.,0.,-1.));
#6081=DIRECTION('',(-1.,0.,0.));
#6082=DIRECTION('',(0.,0.,1.));
#6083=DIRECTION('',(1.,0.,0.));
#6084=DIRECTION('',(0.,0.,-1.));
#6085=DIRECTION('',(-1.,0.,0.));
#6086=DIRECTION('',(0.,0.,1.));
#6087=DIRECTION('',(1.,0.,0.));
#6088=DIRECTION('',(0.,0.,-1.));
#6089=DIRECTION('',(-1.,0.,0.));
#6090=DIRECTION('',(0.,0.,1.));
#6091=DIRECTION('',(1.,0.,0.));
#6092=DIRECTION('',(0.,0.,-1.));
#6093=DIRECTION('',(-1.,0.,0.));
#6094=DIRECTION('',(0.,0.,1.));
#6095=DIRECTION('',(1.,0.,0.));
#6096=DIRECTION('',(-1.,-2.66880534765662E-16,0.));
#6097=DIRECTION('',(2.66880534765662E-16,-1.,0.));
#6098=DIRECTION('',(-2.66880534765662E-16,1.,0.));
#6099=DIRECTION('',(-2.66880534765662E-16,1.,0.));
#6100=DIRECTION('',(0.,0.,1.));
#6101=DIRECTION('',(1.,0.,0.));
#6102=DIRECTION('',(0.,0.,1.));
#6103=DIRECTION('',(1.,0.,0.));
#6104=DIRECTION('',(0.,0.,1.));
#6105=DIRECTION('',(1.,0.,0.));
#6106=DIRECTION('',(0.,0.,1.));
#6107=DIRECTION('',(1.,0.,0.));
#6108=DIRECTION('',(0.,0.,1.));
#6109=DIRECTION('',(1.,0.,0.));
#6110=DIRECTION('',(0.,0.,1.));
#6111=DIRECTION('',(1.,0.,0.));
#6112=DIRECTION('',(-1.,0.,0.));
#6113=DIRECTION('',(0.,0.,1.));
#6114=DIRECTION('',(-0.707106781186548,0.707106781186548,0.));
#6115=DIRECTION('',(0.707106781186548,0.707106781186548,0.));
#6116=DIRECTION('',(-0.707106781186548,-0.707106781186548,0.));
#6117=DIRECTION('',(-0.707106781186548,0.707106781186548,0.));
#6118=DIRECTION('',(0.,-1.,0.));
#6119=DIRECTION('',(0.,0.,-1.));
#6120=DIRECTION('',(0.707106781186548,-0.707106781186548,0.));
#6121=DIRECTION('',(0.707106781186548,0.707106781186548,0.));
#6122=DIRECTION('',(-2.66880534765662E-16,1.,0.));
#6123=DIRECTION('',(-1.,-2.66880534765662E-16,0.));
#6124=DIRECTION('',(0.707106781186548,0.707106781186548,0.));
#6125=DIRECTION('',(0.707106781186548,-0.707106781186548,0.));
#6126=DIRECTION('',(1.,0.,0.));
#6127=DIRECTION('',(0.,0.,-1.));
#6128=DIRECTION('',(1.,7.50150692314295E-17,0.));
#6129=DIRECTION('',(-7.50150692314295E-17,1.,0.));
#6130=DIRECTION('',(7.50150692314295E-17,-1.,0.));
#6131=DIRECTION('',(0.,0.,1.));
#6132=DIRECTION('',(0.,0.,1.));
#6133=DIRECTION('',(1.,0.,0.));
#6134=DIRECTION('',(7.50150692314295E-17,-1.,0.));
#6135=DIRECTION('',(-1.,-7.50150692314295E-17,0.));
#6136=DIRECTION('',(1.,7.50150692314295E-17,-2.16840434497101E-16));
#6137=DIRECTION('',(-2.16840434497101E-16,0.,-1.));
#6138=DIRECTION('',(2.16840434497101E-16,1.62663002059733E-32,1.));
#6139=DIRECTION('',(1.,7.50150692314295E-17,-1.92747052886312E-16));
#6140=DIRECTION('',(-1.92747052886312E-16,0.,-1.));
#6141=DIRECTION('',(7.50150692314295E-17,-1.,0.));
#6142=DIRECTION('',(1.92747052886312E-16,1.44589335164207E-32,1.));
#6143=DIRECTION('',(0.,0.,1.));
#6144=DIRECTION('',(1.,0.,0.));
#6145=DIRECTION('',(7.50150692314295E-17,-1.,0.));
#6146=DIRECTION('',(-1.,-7.50150692314295E-17,0.));
#6147=DIRECTION('',(7.50150692314295E-17,-1.,0.));
#6148=DIRECTION('',(1.,7.50150692314295E-17,0.));
#6149=DIRECTION('',(-7.50150692314295E-17,1.,0.));
#6150=DIRECTION('',(0.,0.,1.));
#6151=DIRECTION('',(7.50150692314295E-17,-1.,0.));
#6152=DIRECTION('',(-7.50150692314295E-17,1.,0.));
#6153=DIRECTION('',(-1.,-7.50150692314295E-17,0.));
#6154=DIRECTION('',(-7.50150692314295E-17,1.,0.));
#6155=DIRECTION('',(-1.,-7.50150692314295E-17,0.));
#6156=DIRECTION('',(-7.50150692314295E-17,1.,0.));
#6157=DIRECTION('',(-1.,-7.50150692314295E-17,0.));
#6158=DIRECTION('',(7.50150692314295E-17,-1.,0.));
#6159=DIRECTION('',(1.,7.50150692314295E-17,0.));
#6160=DIRECTION('',(-7.50150692314295E-17,1.,0.));
#6161=DIRECTION('',(-1.,-7.50150692314295E-17,0.));
#6162=DIRECTION('',(0.,0.,1.));
#6163=DIRECTION('',(1.,0.,0.));
#6164=DIRECTION('',(0.,0.,1.));
#6165=DIRECTION('',(1.,0.,0.));
#6166=DIRECTION('',(0.,0.,1.));
#6167=DIRECTION('',(1.,0.,0.));
#6168=DIRECTION('',(0.,0.,1.));
#6169=DIRECTION('',(1.,0.,0.));
#6170=DIRECTION('',(0.,0.,1.));
#6171=DIRECTION('',(1.,0.,0.));
#6172=DIRECTION('',(0.,0.,1.));
#6173=DIRECTION('',(1.,0.,0.));
#6174=DIRECTION('',(0.,0.,1.));
#6175=DIRECTION('',(1.,0.,0.));
#6176=DIRECTION('',(0.,0.,1.));
#6177=DIRECTION('',(1.,0.,0.));
#6178=DIRECTION('',(0.,0.,1.));
#6179=DIRECTION('',(1.,0.,0.));
#6180=DIRECTION('',(0.,0.,1.));
#6181=DIRECTION('',(1.,0.,0.));
#6182=DIRECTION('',(0.,0.,1.));
#6183=DIRECTION('',(1.,0.,0.));
#6184=DIRECTION('',(0.,0.,1.));
#6185=DIRECTION('',(1.,0.,0.));
#6186=DIRECTION('',(0.,0.,1.));
#6187=DIRECTION('',(1.,0.,0.));
#6188=DIRECTION('',(0.,0.,1.));
#6189=DIRECTION('',(1.,0.,0.));
#6190=DIRECTION('',(0.,0.,1.));
#6191=DIRECTION('',(1.,0.,0.));
#6192=DIRECTION('',(0.,0.,1.));
#6193=DIRECTION('',(1.,0.,0.));
#6194=DIRECTION('',(0.,0.,1.));
#6195=DIRECTION('',(1.,0.,0.));
#6196=DIRECTION('',(0.,0.,1.));
#6197=DIRECTION('',(1.,0.,0.));
#6198=DIRECTION('',(0.,0.,1.));
#6199=DIRECTION('',(1.,0.,0.));
#6200=DIRECTION('',(0.,0.,1.));
#6201=DIRECTION('',(1.,0.,0.));
#6202=DIRECTION('',(0.,0.,1.));
#6203=DIRECTION('',(1.,0.,0.));
#6204=DIRECTION('',(0.,0.,1.));
#6205=DIRECTION('',(1.,0.,0.));
#6206=DIRECTION('',(0.,0.,1.));
#6207=DIRECTION('',(1.,0.,0.));
#6208=DIRECTION('',(0.,0.,1.));
#6209=DIRECTION('',(1.,0.,0.));
#6210=DIRECTION('',(0.,0.,1.));
#6211=DIRECTION('',(1.,0.,0.));
#6212=DIRECTION('',(0.00476235267607513,0.999988659934196,0.));
#6213=DIRECTION('',(-0.999988659934196,0.00476235267607513,0.));
#6214=DIRECTION('',(0.,0.,1.));
#6215=DIRECTION('',(0.,0.,1.));
#6216=DIRECTION('',(-0.999988659934196,0.00476235267607513,0.));
#6217=DIRECTION('',(0.999988659934196,-0.00476235267607517,0.));
#6218=DIRECTION('',(0.00476235267607517,0.999988659934196,0.));
#6219=DIRECTION('',(0.,0.,1.));
#6220=DIRECTION('',(0.00476235267607517,0.999988659934196,0.));
#6221=DIRECTION('',(-0.00670920457525379,-0.999977493033702,0.));
#6222=DIRECTION('',(0.999977493033702,-0.00670920457525379,0.));
#6223=DIRECTION('',(0.,0.,1.));
#6224=DIRECTION('',(0.999977493033702,-0.00670920457525379,0.));
#6225=DIRECTION('',(1.,0.,0.));
#6226=DIRECTION('',(0.,0.,-1.));
#6227=DIRECTION('',(0.,0.,1.));
#6228=DIRECTION('',(0.,1.,0.));
#6229=DIRECTION('',(0.,0.,1.));
#6230=DIRECTION('',(1.,0.,0.));
#6231=DIRECTION('',(0.,0.,1.));
#6232=DIRECTION('',(0.,0.,1.));
#6233=DIRECTION('',(1.,0.,0.));
#6234=DIRECTION('',(1.,0.,0.));
#6235=DIRECTION('',(0.,0.,-1.));
#6236=DIRECTION('',(0.,0.,1.));
#6237=DIRECTION('',(0.,1.,0.));
#6238=DIRECTION('',(-0.00670920457525098,-0.999977493033702,0.));
#6239=DIRECTION('',(0.999977493033702,-0.00670920457525098,0.));
#6240=DIRECTION('',(0.,0.,1.));
#6241=DIRECTION('',(0.999977493033702,-0.00670920457525098,0.));
#6242=DIRECTION('',(0.999989609887565,-0.00455852135192717,0.));
#6243=DIRECTION('',(0.00455852135192717,0.999989609887565,0.));
#6244=DIRECTION('',(0.,0.,1.));
#6245=DIRECTION('',(0.00455852135192717,0.999989609887565,0.));
#6246=DIRECTION('',(0.00476235267607527,0.999988659934196,0.));
#6247=DIRECTION('',(-0.999988659934196,0.00476235267607527,0.));
#6248=DIRECTION('',(0.,0.,1.));
#6249=DIRECTION('',(-0.999988659934196,0.00476235267607527,0.));
#6250=DIRECTION('',(-1.,0.,0.));
#6251=DIRECTION('',(0.,0.,1.));
#6252=DIRECTION('',(0.,-1.,0.));
#6253=DIRECTION('',(1.,0.,0.));
#6254=DIRECTION('',(0.,0.,-1.));
#6255=DIRECTION('',(0.,0.,1.));
#6256=DIRECTION('',(0.,1.,0.));
#6257=DIRECTION('',(-0.00455852135192732,-0.999989609887565,0.));
#6258=DIRECTION('',(0.999989609887565,-0.00455852135192732,0.));
#6259=DIRECTION('',(0.,0.,1.));
#6260=DIRECTION('',(0.999989609887565,-0.00455852135192732,0.));
#6261=DIRECTION('',(0.999989609887565,-0.00455852135192745,0.));
#6262=DIRECTION('',(0.00455852135192745,0.999989609887565,0.));
#6263=DIRECTION('',(0.,0.,1.));
#6264=DIRECTION('',(0.00455852135192745,0.999989609887565,0.));
#6265=DIRECTION('',(-1.02330240180603E-16,1.,0.));
#6266=DIRECTION('',(-1.,-1.02330240180603E-16,0.));
#6267=DIRECTION('',(0.,0.,1.));
#6268=DIRECTION('',(-1.,-1.02330240180602E-16,0.));
#6269=DIRECTION('',(0.00547203242411643,0.999985028318499,0.));
#6270=DIRECTION('',(-0.999985028318499,0.00547203242411643,0.));
#6271=DIRECTION('',(0.,0.,1.));
#6272=DIRECTION('',(-0.999985028318499,0.00547203242411643,0.));
#6273=DIRECTION('',(1.,0.,0.));
#6274=DIRECTION('',(0.,0.,-1.));
#6275=DIRECTION('',(0.,1.,0.));
#6276=DIRECTION('',(1.,0.,0.));
#6277=DIRECTION('',(0.,0.,-1.));
#6278=DIRECTION('',(0.,1.,0.));
#6279=DIRECTION('',(1.,0.,0.));
#6280=DIRECTION('',(0.,0.,-1.));
#6281=DIRECTION('',(0.,0.,1.));
#6282=DIRECTION('',(0.,1.,0.));
#6283=DIRECTION('',(0.,1.,0.));
#6284=DIRECTION('',(0.,0.,1.));
#6285=DIRECTION('',(0.,0.,1.));
#6286=DIRECTION('',(-1.,0.,0.));
#6287=DIRECTION('',(0.999988659934196,-0.00476235267607479,0.));
#6288=DIRECTION('',(0.00476235267607479,0.999988659934196,0.));
#6289=DIRECTION('',(0.,0.,1.));
#6290=DIRECTION('',(0.00476235267607479,0.999988659934196,0.));
#6291=DIRECTION('',(0.00476235267607517,0.999988659934196,0.));
#6292=DIRECTION('',(-0.999988659934196,0.00476235267607517,0.));
#6293=DIRECTION('',(0.,0.,1.));
#6294=DIRECTION('',(-0.999988659934196,0.00476235267607517,0.));
#6295=DIRECTION('',(1.,0.,0.));
#6296=DIRECTION('',(0.,0.,-1.));
#6297=DIRECTION('',(0.,0.,1.));
#6298=DIRECTION('',(0.,1.,0.));
#6299=DIRECTION('',(0.,1.,0.));
#6300=DIRECTION('',(0.,0.,1.));
#6301=DIRECTION('',(0.,0.,1.));
#6302=DIRECTION('',(-1.,0.,0.));
#6303=DIRECTION('',(1.,0.,0.));
#6304=DIRECTION('',(0.,0.,-1.));
#6305=DIRECTION('',(0.,0.,1.));
#6306=DIRECTION('',(0.,1.,0.));
#6307=DIRECTION('',(0.,0.,1.));
#6308=DIRECTION('',(1.,0.,0.));
#6309=DIRECTION('',(0.,0.,1.));
#6310=DIRECTION('',(0.,0.,1.));
#6311=DIRECTION('',(1.,0.,0.));
#6312=DIRECTION('',(1.,0.,0.));
#6313=DIRECTION('',(0.,0.,-1.));
#6314=DIRECTION('',(0.,0.,1.));
#6315=DIRECTION('',(0.,1.,0.));
#6316=DIRECTION('',(0.,-1.,0.));
#6317=DIRECTION('',(0.,0.,-1.));
#6318=DIRECTION('',(0.,0.,1.));
#6319=DIRECTION('',(1.,0.,0.));
#6320=DIRECTION('',(1.,0.,0.));
#6321=DIRECTION('',(0.,0.,-1.));
#6322=DIRECTION('',(0.,1.,0.));
#6323=DIRECTION('',(0.,0.,1.));
#6324=DIRECTION('',(1.,0.,0.));
#6325=DIRECTION('',(0.,0.,1.));
#6326=DIRECTION('',(1.,0.,0.));
#6327=DIRECTION('',(0.,0.,1.));
#6328=DIRECTION('',(1.,0.,0.));
#6329=DIRECTION('',(-1.,-1.62313307693736E-16,0.));
#6330=DIRECTION('',(-2.04085114820801E-16,1.,0.));
#6331=DIRECTION('',(1.,1.62313307693736E-16,0.));
#6332=DIRECTION('',(2.04085114820801E-16,-1.,0.));
#6333=DIRECTION('',(0.,0.,1.));
#6334=DIRECTION('',(1.,0.,0.));
#6335=DIRECTION('',(0.,0.,1.));
#6336=DIRECTION('',(1.,0.,0.));
#6337=DIRECTION('',(0.,0.,1.));
#6338=DIRECTION('',(1.,0.,0.));
#6339=DIRECTION('',(0.,0.,1.));
#6340=DIRECTION('',(1.,0.,0.));
#6341=DIRECTION('',(0.,-1.,0.));
#6342=DIRECTION('',(0.,0.,-1.));
#6343=DIRECTION('',(-0.707106781186548,-0.707106781186548,0.));
#6344=DIRECTION('',(0.707106781186548,-0.707106781186548,0.));
#6345=DIRECTION('',(0.707106781186548,-0.707106781186548,0.));
#6346=DIRECTION('',(0.707106781186548,0.707106781186548,0.));
#6347=DIRECTION('',(1.,0.,0.));
#6348=DIRECTION('',(0.,0.,-1.));
#6349=DIRECTION('',(0.707106781186548,0.707106781186548,0.));
#6350=DIRECTION('',(-0.707106781186548,0.707106781186548,0.));
#6351=DIRECTION('',(-1.,0.,0.));
#6352=DIRECTION('',(0.,0.,1.));
#6353=DIRECTION('',(-0.707106781186548,0.707106781186548,0.));
#6354=DIRECTION('',(0.707106781186548,0.707106781186548,0.));
#6355=DIRECTION('',(-1.33440267382831E-16,1.,0.));
#6356=DIRECTION('',(-1.,-1.33440267382831E-16,0.));
#6357=DIRECTION('',(-1.,-1.62313307693736E-16,0.));
#6358=DIRECTION('',(1.62313307693736E-16,-1.,0.));
#6359=DIRECTION('',(-0.707106781186547,-0.707106781186548,0.));
#6360=DIRECTION('',(0.707106781186548,-0.707106781186547,0.));
#6361=DIRECTION('',(-1.,-1.62313307693736E-16,0.));
#6362=DIRECTION('',(-0.707106781186548,0.707106781186547,0.));
#6363=DIRECTION('',(0.707106781186547,0.707106781186548,0.));
#6364=DIRECTION('',(-2.04085114820801E-16,1.,0.));
#6365=DIRECTION('',(-1.,-2.04085114820801E-16,0.));
#6366=DIRECTION('',(-2.04085114820801E-16,1.,0.));
#6367=DIRECTION('',(0.707106781186547,0.707106781186548,0.));
#6368=DIRECTION('',(-0.707106781186548,0.707106781186547,0.));
#6369=DIRECTION('',(2.04085114820801E-16,-1.,0.));
#6370=DIRECTION('',(1.,2.04085114820801E-16,0.));
#6371=DIRECTION('',(0.707106781186548,-0.707106781186547,0.));
#6372=DIRECTION('',(-0.707106781186547,-0.707106781186548,0.));
#6373=DIRECTION('',(1.,1.62313307693736E-16,0.));
#6374=DIRECTION('',(-1.62313307693736E-16,1.,0.));
#6375=DIRECTION('',(-1.,-1.62313307693736E-16,0.));
#6376=DIRECTION('',(1.62313307693736E-16,-1.,0.));
#6377=DIRECTION('',(1.,1.62313307693736E-16,0.));
#6378=DIRECTION('',(0.,0.,-1.));
#6379=DIRECTION('',(0.,0.,-1.));
#6380=DIRECTION('',(0.,0.,-1.));
#6381=DIRECTION('',(-1.62313307693736E-16,1.,0.));
#6382=DIRECTION('',(-1.,-1.62313307693736E-16,0.));
#6383=DIRECTION('',(0.,0.,-1.));
#6384=DIRECTION('',(0.,0.,-1.));
#6385=DIRECTION('',(-1.,0.,0.));
#6386=DIRECTION('',(0.,0.,-1.));
#6387=DIRECTION('',(-1.,0.,0.));
#6388=DIRECTION('',(0.,0.,-1.));
#6389=DIRECTION('',(-1.,0.,0.));
#6390=DIRECTION('',(0.,0.,-1.));
#6391=DIRECTION('',(-1.,0.,0.));
#6392=DIRECTION('',(-1.,-2.04085114820801E-16,0.));
#6393=DIRECTION('',(2.04085114820801E-16,-1.,0.));
#6394=DIRECTION('',(0.,0.,1.));
#6395=DIRECTION('',(1.,0.,0.));
#6396=DIRECTION('',(0.,0.,-1.));
#6397=DIRECTION('',(-1.,0.,0.));
#6398=DIRECTION('',(0.,0.,1.));
#6399=DIRECTION('',(1.,0.,0.));
#6400=DIRECTION('',(0.,0.,-1.));
#6401=DIRECTION('',(-1.,0.,0.));
#6402=DIRECTION('',(0.,0.,1.));
#6403=DIRECTION('',(1.,0.,0.));
#6404=DIRECTION('',(0.,0.,1.));
#6405=DIRECTION('',(1.,0.,0.));
#6406=DIRECTION('',(0.,0.,-1.));
#6407=DIRECTION('',(-1.,0.,0.));
#6408=DIRECTION('',(0.,0.,-1.));
#6409=DIRECTION('',(-1.,0.,0.));
#6410=DIRECTION('',(0.,0.,-1.));
#6411=DIRECTION('',(-1.,0.,0.));
#6412=DIRECTION('',(0.,0.,-1.));
#6413=DIRECTION('',(-1.,0.,0.));
#6414=DIRECTION('',(1.,0.,0.));
#6415=DIRECTION('',(0.,0.,-1.));
#6416=DIRECTION('',(0.,0.,1.));
#6417=DIRECTION('',(0.,1.,0.));
#6418=DIRECTION('',(0.,0.,1.));
#6419=DIRECTION('',(0.,1.,0.));
#6420=DIRECTION('',(0.,0.,1.));
#6421=DIRECTION('',(0.,0.,1.));
#6422=DIRECTION('',(-1.,0.,0.));
#6423=DIRECTION('',(-1.,0.,0.));
#6424=DIRECTION('',(0.,0.,1.));
#6425=DIRECTION('',(0.,0.,1.));
#6426=DIRECTION('',(0.,-1.,0.));
#6427=DIRECTION('',(0.921552026213279,0.388254894344165,0.));
#6428=DIRECTION('',(-0.388254894344165,0.921552026213279,0.));
#6429=DIRECTION('',(0.,0.,1.));
#6430=DIRECTION('',(-0.388254894344165,0.921552026213279,0.));
#6431=DIRECTION('',(0.,1.,0.));
#6432=DIRECTION('',(0.,0.,1.));
#6433=DIRECTION('',(0.,0.,1.));
#6434=DIRECTION('',(-1.,0.,0.));
#6435=DIRECTION('',(-1.,0.,0.));
#6436=DIRECTION('',(0.,0.,1.));
#6437=DIRECTION('',(0.,0.,1.));
#6438=DIRECTION('',(0.,-1.,0.));
#6439=DIRECTION('',(0.,-1.,0.));
#6440=DIRECTION('',(0.,0.,-1.));
#6441=DIRECTION('',(0.,0.,1.));
#6442=DIRECTION('',(1.,0.,0.));
#6443=DIRECTION('',(1.,0.,0.));
#6444=DIRECTION('',(0.,0.,-1.));
#6445=DIRECTION('',(0.,0.,1.));
#6446=DIRECTION('',(0.,1.,0.));
#6447=DIRECTION('',(-0.919490013934647,-0.393113360590126,0.));
#6448=DIRECTION('',(0.393113360590126,-0.919490013934647,0.));
#6449=DIRECTION('',(0.,0.,1.));
#6450=DIRECTION('',(0.393113360590126,-0.919490013934647,0.));
#6451=DIRECTION('',(0.,-1.,0.));
#6452=DIRECTION('',(0.,0.,-1.));
#6453=DIRECTION('',(1.,0.,0.));
#6454=DIRECTION('',(0.,0.,1.));
#6455=DIRECTION('',(1.,0.,0.));
#6456=DIRECTION('',(0.,0.,1.));
#6457=DIRECTION('',(0.,0.,1.));
#6458=DIRECTION('',(0.,0.,1.));
#6459=DIRECTION('',(0.,0.,1.));
#6460=DIRECTION('',(0.,0.,1.));
#6461=DIRECTION('',(-0.994362970403533,-0.106029633076146,0.));
#6462=DIRECTION('',(0.,0.,1.));
#6463=DIRECTION('',(1.,0.,0.));
#6464=DIRECTION('',(0.,0.,1.));
#6465=DIRECTION('',(0.,0.,1.));
#6466=DIRECTION('',(1.,0.,0.));
#6467=DIRECTION('',(-1.,0.,0.));
#6468=DIRECTION('',(0.,0.,1.));
#6469=DIRECTION('',(0.,-1.,0.));
#6470=DIRECTION('',(0.,0.,1.));
#6471=DIRECTION('',(0.,-1.,0.));
#6472=DIRECTION('',(0.,0.,1.));
#6473=DIRECTION('',(-0.994148217498482,0.108024634433963,0.));
#6474=DIRECTION('',(0.,0.,1.));
#6475=DIRECTION('',(1.,0.,0.));
#6476=DIRECTION('',(0.,0.,1.));
#6477=DIRECTION('',(0.,0.,1.));
#6478=DIRECTION('',(1.,0.,0.));
#6479=DIRECTION('',(0.,0.,1.));
#6480=DIRECTION('',(0.,0.,1.));
#6481=DIRECTION('',(0.,0.,1.));
#6482=DIRECTION('',(0.,0.,1.));
#6483=DIRECTION('',(0.,0.,1.));
#6484=DIRECTION('',(0.994034974415231,0.109061769833936,0.));
#6485=DIRECTION('',(0.,0.,1.));
#6486=DIRECTION('',(1.,0.,0.));
#6487=DIRECTION('',(0.,0.,1.));
#6488=DIRECTION('',(0.,0.,1.));
#6489=DIRECTION('',(1.,0.,0.));
#6490=DIRECTION('',(1.,0.,0.));
#6491=DIRECTION('',(0.,0.,-1.));
#6492=DIRECTION('',(0.,1.,0.));
#6493=DIRECTION('',(0.,0.,1.));
#6494=DIRECTION('',(0.,1.,0.));
#6495=DIRECTION('',(0.,0.,1.));
#6496=DIRECTION('',(0.994253803147355,-0.107048469989162,0.));
#6497=DIRECTION('',(0.,0.,1.));
#6498=DIRECTION('',(1.,0.,0.));
#6499=DIRECTION('',(0.,0.,1.));
#6500=DIRECTION('',(0.,0.,1.));
#6501=DIRECTION('',(1.,0.,0.));
#6502=DIRECTION('',(0.,0.,1.));
#6503=DIRECTION('',(0.,0.,1.));
#6504=DIRECTION('',(0.,0.,1.));
#6505=DIRECTION('',(0.,0.,1.));
#6506=DIRECTION('',(0.,0.,1.));
#6507=DIRECTION('',(-1.,0.,0.));
#6508=DIRECTION('',(0.,0.,1.));
#6509=DIRECTION('',(0.,0.,1.));
#6510=DIRECTION('',(0.,-1.,0.));
#6511=DIRECTION('',(0.,0.,1.));
#6512=DIRECTION('',(0.,0.,1.));
#6513=DIRECTION('',(0.782771315804104,0.622309462529947,0.));
#6514=DIRECTION('',(0.,0.,1.));
#6515=DIRECTION('',(0.,0.,1.));
#6516=DIRECTION('',(1.,0.,0.));
#6517=DIRECTION('',(0.,0.,1.));
#6518=DIRECTION('',(0.,0.,1.));
#6519=DIRECTION('',(0.,0.,1.));
#6520=DIRECTION('',(0.,0.,1.));
#6521=DIRECTION('',(1.,0.,0.));
#6522=DIRECTION('',(0.,0.,-1.));
#6523=DIRECTION('',(0.,0.,1.));
#6524=DIRECTION('',(0.,1.,0.));
#6525=DIRECTION('',(0.,0.,1.));
#6526=DIRECTION('',(0.,0.,1.));
#6527=DIRECTION('',(1.,0.,0.));
#6528=DIRECTION('',(0.965648124294864,-0.259853227891847,0.));
#6529=DIRECTION('',(0.259853227891847,0.965648124294864,0.));
#6530=DIRECTION('',(0.,0.,1.));
#6531=DIRECTION('',(0.259853227891847,0.965648124294864,0.));
#6532=DIRECTION('',(0.,0.,1.));
#6533=DIRECTION('',(0.,1.,0.));
#6534=DIRECTION('',(0.,0.,1.));
#6535=DIRECTION('',(0.,0.,1.));
#6536=DIRECTION('',(-1.,0.,0.));
#6537=DIRECTION('',(-0.96532028121822,0.2610684865486,0.));
#6538=DIRECTION('',(-0.2610684865486,-0.96532028121822,0.));
#6539=DIRECTION('',(0.,0.,1.));
#6540=DIRECTION('',(-0.2610684865486,-0.96532028121822,0.));
#6541=DIRECTION('',(0.,-1.,0.));
#6542=DIRECTION('',(0.,0.,-1.));
#6543=DIRECTION('',(1.,0.,0.));
#6544=DIRECTION('',(0.,0.,1.));
#6545=DIRECTION('',(1.,0.,0.));
#6546=DIRECTION('',(1.,0.,0.));
#6547=DIRECTION('',(0.,0.,-1.));
#6548=DIRECTION('',(0.,0.,1.));
#6549=DIRECTION('',(0.,1.,0.));
#6550=DIRECTION('',(0.,0.,1.));
#6551=DIRECTION('',(0.,1.,0.));
#6552=DIRECTION('',(0.,0.,1.));
#6553=DIRECTION('',(0.,0.,1.));
#6554=DIRECTION('',(-1.,0.,0.));
#6555=DIRECTION('',(-1.,0.,0.));
#6556=DIRECTION('',(0.,0.,1.));
#6557=DIRECTION('',(0.,0.,1.));
#6558=DIRECTION('',(0.,-1.,0.));
#6559=DIRECTION('',(0.,1.,0.));
#6560=DIRECTION('',(0.,0.,1.));
#6561=DIRECTION('',(0.,0.,1.));
#6562=DIRECTION('',(-1.,0.,0.));
#6563=DIRECTION('',(-1.,0.,0.));
#6564=DIRECTION('',(0.,0.,1.));
#6565=DIRECTION('',(0.,0.,1.));
#6566=DIRECTION('',(0.,-1.,0.));
#6567=DIRECTION('',(0.,-1.,0.));
#6568=DIRECTION('',(0.,0.,-1.));
#6569=DIRECTION('',(0.,0.,1.));
#6570=DIRECTION('',(1.,0.,0.));
#6571=DIRECTION('',(-1.,0.,0.));
#6572=DIRECTION('',(0.,0.,1.));
#6573=DIRECTION('',(0.,0.,1.));
#6574=DIRECTION('',(0.,-1.,0.));
#6575=DIRECTION('',(0.,1.,0.));
#6576=DIRECTION('',(0.,0.,1.));
#6577=DIRECTION('',(0.,0.,1.));
#6578=DIRECTION('',(-1.,0.,0.));
#6579=DIRECTION('',(-1.,0.,0.));
#6580=DIRECTION('',(0.,0.,1.));
#6581=DIRECTION('',(0.,0.,1.));
#6582=DIRECTION('',(0.,-1.,0.));
#6583=DIRECTION('',(0.,-1.,0.));
#6584=DIRECTION('',(0.,0.,-1.));
#6585=DIRECTION('',(1.,0.,0.));
#6586=DIRECTION('',(0.,0.,1.));
#6587=DIRECTION('',(1.,0.,0.));
#6588=DIRECTION('',(1.,0.,0.));
#6589=DIRECTION('',(0.,0.,-1.));
#6590=DIRECTION('',(0.,0.,1.));
#6591=DIRECTION('',(0.,1.,0.));
#6592=DIRECTION('',(0.,0.,1.));
#6593=DIRECTION('',(0.,1.,0.));
#6594=DIRECTION('',(0.,0.,1.));
#6595=DIRECTION('',(0.,0.,1.));
#6596=DIRECTION('',(-1.,0.,0.));
#6597=DIRECTION('',(-1.,0.,0.));
#6598=DIRECTION('',(0.,0.,1.));
#6599=DIRECTION('',(0.,0.,1.));
#6600=DIRECTION('',(0.,-1.,0.));
#6601=DIRECTION('',(0.,1.,0.));
#6602=DIRECTION('',(0.,0.,1.));
#6603=DIRECTION('',(0.,0.,1.));
#6604=DIRECTION('',(-1.,0.,0.));
#6605=DIRECTION('',(-1.,0.,0.));
#6606=DIRECTION('',(0.,0.,1.));
#6607=DIRECTION('',(0.,0.,1.));
#6608=DIRECTION('',(0.,-1.,0.));
#6609=DIRECTION('',(0.,-1.,0.));
#6610=DIRECTION('',(0.,0.,-1.));
#6611=DIRECTION('',(0.,0.,1.));
#6612=DIRECTION('',(1.,0.,0.));
#6613=DIRECTION('',(-1.,0.,0.));
#6614=DIRECTION('',(0.,0.,1.));
#6615=DIRECTION('',(0.,0.,1.));
#6616=DIRECTION('',(0.,-1.,0.));
#6617=DIRECTION('',(0.,1.,0.));
#6618=DIRECTION('',(0.,0.,1.));
#6619=DIRECTION('',(0.,0.,1.));
#6620=DIRECTION('',(-1.,0.,0.));
#6621=DIRECTION('',(-1.,0.,0.));
#6622=DIRECTION('',(0.,0.,1.));
#6623=DIRECTION('',(0.,0.,1.));
#6624=DIRECTION('',(0.,-1.,0.));
#6625=DIRECTION('',(0.,-1.,0.));
#6626=DIRECTION('',(0.,0.,-1.));
#6627=DIRECTION('',(1.,0.,0.));
#6628=DIRECTION('',(0.,0.,1.));
#6629=DIRECTION('',(1.,0.,0.));
#6630=DIRECTION('',(0.,0.,1.));
#6631=DIRECTION('',(0.,0.,1.));
#6632=DIRECTION('',(0.,0.,1.));
#6633=DIRECTION('',(0.,0.,1.));
#6634=DIRECTION('',(0.,0.,1.));
#6635=DIRECTION('',(-0.994362970403544,-0.106029633076048,0.));
#6636=DIRECTION('',(0.,0.,1.));
#6637=DIRECTION('',(1.,0.,0.));
#6638=DIRECTION('',(0.,0.,1.));
#6639=DIRECTION('',(0.,0.,1.));
#6640=DIRECTION('',(1.,0.,0.));
#6641=DIRECTION('',(-1.,0.,0.));
#6642=DIRECTION('',(0.,0.,1.));
#6643=DIRECTION('',(0.,-1.,0.));
#6644=DIRECTION('',(0.,0.,1.));
#6645=DIRECTION('',(0.,-1.,0.));
#6646=DIRECTION('',(0.,0.,1.));
#6647=DIRECTION('',(-0.994148217498493,0.108024634433861,0.));
#6648=DIRECTION('',(0.,0.,1.));
#6649=DIRECTION('',(1.,0.,0.));
#6650=DIRECTION('',(0.,0.,1.));
#6651=DIRECTION('',(0.,0.,1.));
#6652=DIRECTION('',(1.,0.,0.));
#6653=DIRECTION('',(0.,0.,1.));
#6654=DIRECTION('',(0.,0.,1.));
#6655=DIRECTION('',(0.,0.,1.));
#6656=DIRECTION('',(0.,0.,1.));
#6657=DIRECTION('',(0.,0.,1.));
#6658=DIRECTION('',(0.994034974415293,0.109061769833372,0.));
#6659=DIRECTION('',(0.,0.,1.));
#6660=DIRECTION('',(1.,0.,0.));
#6661=DIRECTION('',(0.,0.,1.));
#6662=DIRECTION('',(0.,0.,1.));
#6663=DIRECTION('',(1.,0.,0.));
#6664=DIRECTION('',(1.,0.,0.));
#6665=DIRECTION('',(0.,0.,-1.));
#6666=DIRECTION('',(0.,1.,0.));
#6667=DIRECTION('',(0.,0.,1.));
#6668=DIRECTION('',(0.,1.,0.));
#6669=DIRECTION('',(0.,0.,1.));
#6670=DIRECTION('',(0.994253803147352,-0.107048469989194,0.));
#6671=DIRECTION('',(0.,0.,1.));
#6672=DIRECTION('',(1.,0.,0.));
#6673=DIRECTION('',(0.,0.,1.));
#6674=DIRECTION('',(0.,0.,1.));
#6675=DIRECTION('',(1.,0.,0.));
#6676=DIRECTION('',(0.,0.,1.));
#6677=DIRECTION('',(0.,0.,1.));
#6678=DIRECTION('',(0.,0.,1.));
#6679=DIRECTION('',(0.,0.,1.));
#6680=DIRECTION('',(0.,0.,1.));
#6681=DIRECTION('',(-1.,0.,0.));
#6682=DIRECTION('',(0.,0.,1.));
#6683=DIRECTION('',(0.,0.,1.));
#6684=DIRECTION('',(0.,-1.,0.));
#6685=DIRECTION('',(0.,0.,1.));
#6686=DIRECTION('',(0.,0.,1.));
#6687=DIRECTION('',(0.782771315804017,0.622309462530057,0.));
#6688=DIRECTION('',(0.,0.,1.));
#6689=DIRECTION('',(0.,0.,1.));
#6690=DIRECTION('',(1.,0.,0.));
#6691=DIRECTION('',(0.,0.,1.));
#6692=DIRECTION('',(0.,0.,1.));
#6693=DIRECTION('',(0.,0.,1.));
#6694=DIRECTION('',(0.,0.,1.));
#6695=DIRECTION('',(1.,0.,0.));
#6696=DIRECTION('',(0.,0.,-1.));
#6697=DIRECTION('',(0.,0.,1.));
#6698=DIRECTION('',(0.,1.,0.));
#6699=DIRECTION('',(0.,0.,1.));
#6700=DIRECTION('',(0.,0.,1.));
#6701=DIRECTION('',(1.,0.,0.));
#6702=DIRECTION('',(0.,0.,1.));
#6703=DIRECTION('',(1.,0.,0.));
#6704=DIRECTION('',(0.,0.,1.));
#6705=DIRECTION('',(1.,0.,0.));
#6706=DIRECTION('',(0.,-1.,-1.110223024625E-16));
#6707=DIRECTION('',(0.,1.110223024625E-16,-1.));
#6708=DIRECTION('',(1.,-1.50949372273569E-48,1.35963107344631E-32));
#6709=DIRECTION('',(0.766044443118978,7.13637604217664E-17,-0.642787609686539));
#6710=DIRECTION('',(1.,-1.50949372273569E-48,1.35963107344631E-32));
#6711=DIRECTION('',(0.,-1.,-1.110223024625E-16));
#6712=DIRECTION('',(0.,1.110223024625E-16,-1.));
#6713=DIRECTION('',(1.,-1.50949372273569E-48,1.35963107344631E-32));
#6714=DIRECTION('',(1.,-1.50949372273569E-48,1.35963107344631E-32));
#6715=DIRECTION('',(0.766044443118978,7.13637604217664E-17,-0.642787609686539));
#6716=DIRECTION('',(1.35963107344631E-32,1.110223024625E-16,-1.));
#6717=DIRECTION('',(1.,-1.50949372273569E-48,1.35963107344631E-32));
#6718=DIRECTION('',(1.32311227817765E-16,-1.,-1.110223024625E-16));
#6719=DIRECTION('',(1.35963107344631E-32,1.110223024625E-16,-1.));
#6720=DIRECTION('',(1.,-1.50949372273569E-48,1.35963107344631E-32));
#6721=DIRECTION('',(1.32311227817765E-16,-1.,-1.110223024625E-16));
#6722=DIRECTION('',(-0.642787609686539,0.,-0.766044443118978));
#6723=DIRECTION('',(0.766044443118978,0.,-0.642787609686539));
#6724=DIRECTION('',(0.,1.,1.110223024625E-16));
#6725=DIRECTION('',(0.,-1.110223024625E-16,1.));
#6726=DIRECTION('',(-1.,1.50949372273569E-48,-1.35963107344631E-32));
#6727=DIRECTION('',(-1.,1.50949372273569E-48,-1.35963107344631E-32));
#6728=DIRECTION('',(0.766044443118978,-7.13637604217664E-17,0.642787609686539));
#6729=DIRECTION('',(0.642787609686539,0.,-0.766044443118978));
#6730=DIRECTION('',(-0.766044443118978,0.,-0.642787609686539));
#6731=DIRECTION('',(1.32311227817765E-16,1.,1.110223024625E-16));
#6732=DIRECTION('',(0.766044443118978,-7.13637604217664E-17,0.642787609686539));
#6733=DIRECTION('',(1.32311227817765E-16,1.,1.110223024625E-16));
#6734=DIRECTION('',(0.,1.,1.110223024625E-16));
#6735=DIRECTION('',(0.,-1.110223024625E-16,1.));
#6736=DIRECTION('',(-1.,1.50949372273569E-48,-1.35963107344631E-32));
#6737=DIRECTION('',(-1.,1.50949372273569E-48,-1.35963107344631E-32));
#6738=DIRECTION('',(1.35963107344631E-32,1.110223024625E-16,-1.));
#6739=DIRECTION('',(1.,-1.50949372273569E-48,1.35963107344631E-32));
#6740=DIRECTION('',(1.35963107344631E-32,1.110223024625E-16,-1.));
#6741=DIRECTION('',(1.,-1.50949372273569E-48,1.35963107344631E-32));
#6742=CARTESIAN_POINT('',(0.,0.,0.));
#6743=CARTESIAN_POINT('',(0.006,5.00000000000084E-5,0.0321));
#6744=CARTESIAN_POINT('',(0.0318814655871732,-0.0577588582896757,0.0321));
#6745=CARTESIAN_POINT('',(0.0322492475325489,-0.0577588582896757,0.0321));
#6746=CARTESIAN_POINT('',(0.0315136836417976,-0.0577588582896757,0.0321));
#6747=CARTESIAN_POINT('',(0.0315136836417976,-0.0551218159593475,0.0321));
#6748=CARTESIAN_POINT('',(0.0315136836417976,-0.0524847736290192,0.0321));
#6749=CARTESIAN_POINT('',(0.0325325871502173,-0.0524847736290192,0.0321));
#6750=CARTESIAN_POINT('',(0.0335514906586369,-0.0524847736290192,0.0321));
#6751=CARTESIAN_POINT('',(0.0335514906586369,-0.0527482743865636,0.0321));
#6752=CARTESIAN_POINT('',(0.0335514906586369,-0.053011775144108,0.0321));
#6753=CARTESIAN_POINT('',(0.0329003690955929,-0.053011775144108,0.0321));
#6754=CARTESIAN_POINT('',(0.0322492475325489,-0.053011775144108,0.0321));
#6755=CARTESIAN_POINT('',(0.0322492475325489,-0.0538907892542174,0.0321));
#6756=CARTESIAN_POINT('',(0.0322492475325489,-0.0547698033643268,0.0321));
#6757=CARTESIAN_POINT('',(0.032753866743908,-0.0547698033643268,0.0321));
#6758=CARTESIAN_POINT('',(0.0332584859552671,-0.0547698033643268,0.0321));
#6759=CARTESIAN_POINT('',(0.0332584859552671,-0.0550302519895444,0.0321));
#6760=CARTESIAN_POINT('',(0.0332584859552671,-0.055290700614762,0.0321));
#6761=CARTESIAN_POINT('',(0.032753866743908,-0.055290700614762,0.0321));
#6762=CARTESIAN_POINT('',(0.0322492475325489,-0.055290700614762,0.0321));
#6763=CARTESIAN_POINT('',(0.0322492475325489,-0.0565247794522188,0.0321));
#6764=CARTESIAN_POINT('',(0.029335987226648,-0.0577588582896757,0.0321));
#6765=CARTESIAN_POINT('',(0.0297037691720237,-0.0577588582896757,0.0321));
#6766=CARTESIAN_POINT('',(0.0289682052812724,-0.0577588582896757,0.0321));
#6767=CARTESIAN_POINT('',(0.0289682052812724,-0.0551218159593475,0.0321));
#6768=CARTESIAN_POINT('',(0.0289682052812724,-0.0524847736290192,0.0321));
#6769=CARTESIAN_POINT('',(0.029987108789692,-0.0524847736290192,0.0321));
#6770=CARTESIAN_POINT('',(0.0310060122981117,-0.0524847736290192,0.0321));
#6771=CARTESIAN_POINT('',(0.0310060122981117,-0.0527482743865636,0.0321));
#6772=CARTESIAN_POINT('',(0.0310060122981117,-0.053011775144108,0.0321));
#6773=CARTESIAN_POINT('',(0.0303548907350677,-0.053011775144108,0.0321));
#6774=CARTESIAN_POINT('',(0.0297037691720237,-0.053011775144108,0.0321));
#6775=CARTESIAN_POINT('',(0.0297037691720237,-0.0538907892542174,0.0321));
#6776=CARTESIAN_POINT('',(0.0297037691720237,-0.0547698033643268,0.0321));
#6777=CARTESIAN_POINT('',(0.0302083883833828,-0.0547698033643268,0.0321));
#6778=CARTESIAN_POINT('',(0.0307130075947419,-0.0547698033643268,0.0321));
#6779=CARTESIAN_POINT('',(0.0307130075947419,-0.0550302519895444,0.0321));
#6780=CARTESIAN_POINT('',(0.0307130075947419,-0.055290700614762,0.0321));
#6781=CARTESIAN_POINT('',(0.0302083883833828,-0.055290700614762,0.0321));
#6782=CARTESIAN_POINT('',(0.0297037691720237,-0.055290700614762,0.0321));
#6783=CARTESIAN_POINT('',(0.0297037691720237,-0.0565247794522188,0.0321));
#6784=CARTESIAN_POINT('',(0.0231335456499327,-0.0577588582896757,0.0321));
#6785=CARTESIAN_POINT('',(0.023432654617956,-0.0577588582896757,0.0321));
#6786=CARTESIAN_POINT('',(0.0228344366819094,-0.0577588582896757,0.0321));
#6787=CARTESIAN_POINT('',(0.0235440574478831,-0.0551218159593475,0.0321));
#6788=CARTESIAN_POINT('',(0.0242536782138569,-0.0524847736290192,0.0321));
#6789=CARTESIAN_POINT('',(0.0245563480029281,-0.0524847736290192,0.0321));
#6790=CARTESIAN_POINT('',(0.0248590177919993,-0.0524847736290192,0.0321));
#6791=CARTESIAN_POINT('',(0.0241458362049777,-0.0551218159593475,0.0321));
#6792=CARTESIAN_POINT('',(0.0276527362484351,-0.0576062516733373,0.0321));
#6793=CARTESIAN_POINT('',(0.0273404013736624,-0.0578178661813266,0.0321));
#6794=CARTESIAN_POINT('',(0.0268062782164778,-0.0578178661813266,0.0321));
#6795=CARTESIAN_POINT('',(0.0276527362484351,-0.0576062516733373,0.0321));
#6796=CARTESIAN_POINT('',(0.0268062782164778,-0.0578178661813266,0.0321));
#6797=CARTESIAN_POINT('',(0.0268062782164778,-0.0578178661813266,0.0321));
#6798=CARTESIAN_POINT('',(0.0262721550592933,-0.0578178661813266,0.0321));
#6799=CARTESIAN_POINT('',(0.025953207231146,-0.057609303805664,0.0321));
#6800=CARTESIAN_POINT('',(0.025953207231146,-0.057609303805664,0.0321));
#6801=CARTESIAN_POINT('',(0.025953207231146,-0.057609303805664,0.0321));
#6802=CARTESIAN_POINT('',(0.0256342594029987,-0.0574007414300015,0.0321));
#6803=CARTESIAN_POINT('',(0.0254974221370152,-0.0570131206245019,0.0321));
#6804=CARTESIAN_POINT('',(0.0254974221370152,-0.0570131206245019,0.0321));
#6805=CARTESIAN_POINT('',(0.0254974221370152,-0.0570131206245019,0.0321));
#6806=CARTESIAN_POINT('',(0.0253605848710317,-0.0566254998190022,0.0321));
#6807=CARTESIAN_POINT('',(0.0253605848710317,-0.056104602568567,0.0321));
#6808=CARTESIAN_POINT('',(0.0253605848710317,-0.056104602568567,0.0321));
#6809=CARTESIAN_POINT('',(0.0253605848710317,-0.0551055379202714,0.0321));
#6810=CARTESIAN_POINT('',(0.0253605848710317,-0.0541064732719757,0.0321));
#6811=CARTESIAN_POINT('',(0.0253605848710317,-0.0541064732719757,0.0321));
#6812=CARTESIAN_POINT('',(0.0253605848710317,-0.0535855760215405,0.0321));
#6813=CARTESIAN_POINT('',(0.025500474269342,-0.0532111811227902,0.0321));
#6814=CARTESIAN_POINT('',(0.025500474269342,-0.0532111811227902,0.0321));
#6815=CARTESIAN_POINT('',(0.025500474269342,-0.0532111811227902,0.0321));
#6816=CARTESIAN_POINT('',(0.0256403636676522,-0.0528367862240399,0.0321));
#6817=CARTESIAN_POINT('',(0.0259562593634728,-0.0526378889340788,0.0321));
#6818=CARTESIAN_POINT('',(0.0259562593634728,-0.0526378889340788,0.0321));
#6819=CARTESIAN_POINT('',(0.0259562593634728,-0.0526378889340788,0.0321));
#6820=CARTESIAN_POINT('',(0.0262721550592933,-0.0524389916441177,0.0321));
#6821=CARTESIAN_POINT('',(0.0268062782164778,-0.0524389916441177,0.0321));
#6822=CARTESIAN_POINT('',(0.0268062782164778,-0.0524389916441177,0.0321));
#6823=CARTESIAN_POINT('',(0.0268062782164778,-0.0524389916441177,0.0321));
#6824=CARTESIAN_POINT('',(0.0273404013736624,-0.0524389916441177,0.0321));
#6825=CARTESIAN_POINT('',(0.0276527362484351,-0.0526409410664056,0.0321));
#6826=CARTESIAN_POINT('',(0.0276527362484351,-0.0526409410664056,0.0321));
#6827=CARTESIAN_POINT('',(0.0270312452378251,-0.0535933639957632,0.0321));
#6828=CARTESIAN_POINT('',(0.028104960521518,-0.053214233255117,0.0321));
#6829=CARTESIAN_POINT('',(0.028104960521518,-0.053214233255117,0.0321));
#6830=CARTESIAN_POINT('',(0.0282448499198282,-0.0535855760215405,0.0321));
#6831=CARTESIAN_POINT('',(0.0282448499198282,-0.0541064732719757,0.0321));
#6832=CARTESIAN_POINT('',(0.0282448499198282,-0.0541064732719757,0.0321));
#6833=CARTESIAN_POINT('',(0.0282448499198282,-0.0551090987413193,0.0321));
#6834=CARTESIAN_POINT('',(0.0282448499198282,-0.0561117242106628,0.0321));
#6835=CARTESIAN_POINT('',(0.0282448499198282,-0.0561117242106628,0.0321));
#6836=CARTESIAN_POINT('',(0.0282448499198282,-0.0566254998190022,0.0321));
#6837=CARTESIAN_POINT('',(0.028104960521518,-0.0570100684921751,0.0321));
#6838=CARTESIAN_POINT('',(0.028104960521518,-0.0570100684921751,0.0321));
#6839=CARTESIAN_POINT('',(0.028104960521518,-0.0570100684921751,0.0321));
#6840=CARTESIAN_POINT('',(0.0279650711232078,-0.057394637165348,0.0321));
#6841=CARTESIAN_POINT('',(0.0276527362484351,-0.0576062516733373,0.0321));
#6842=CARTESIAN_POINT('',(0.0259194270349672,-0.0188835581743383,0.0321));
#6843=CARTESIAN_POINT('',(0.0259194270349672,-0.0461898100000015,0.0321));
#6844=CARTESIAN_POINT('',(0.0259194270349672,0.00842269365132488,0.0321));
#6845=CARTESIAN_POINT('',(0.02445,-0.0485143065452576,0.0321));
#6846=CARTESIAN_POINT('',(0.0224194270349672,-0.0466597787256555,0.0321));
#6847=CARTESIAN_POINT('',(0.0224194270349672,0.0119861802195992,0.0321));
#6848=CARTESIAN_POINT('',(0.0224194270349672,0.0120496667878734,0.0321));
#6849=CARTESIAN_POINT('',(0.0260416118732905,0.0120324164705957,0.0321));
#6850=CARTESIAN_POINT('',(0.0296637967116138,0.0120151661533179,0.0321));
#6851=CARTESIAN_POINT('',(0.0297412992143161,0.0290166654245324,0.0321));
#6852=CARTESIAN_POINT('',(0.0298188017170184,0.046018164695747,0.0321));
#6853=CARTESIAN_POINT('',(0.0308170317747541,0.0460114672153365,0.0321));
#6854=CARTESIAN_POINT('',(0.0318152618324897,0.046004769734926,0.0321));
#6855=CARTESIAN_POINT('',(0.0318152618324897,0.0485054097404839,0.0321));
#6856=CARTESIAN_POINT('',(0.0318152618324897,0.0487524815257045,0.0321));
#6857=CARTESIAN_POINT('',(0.0339,0.0518190525472164,0.0321));
#6858=CARTESIAN_POINT('',(0.0353145876811208,0.0483913809250401,0.0321));
#6859=CARTESIAN_POINT('',(0.0353145876811208,0.0453486867831767,0.0321));
#6860=CARTESIAN_POINT('',(0.0353145876811208,0.0424810330659588,0.0321));
#6861=CARTESIAN_POINT('',(0.0343045771281874,0.0424878095859005,0.0321));
#6862=CARTESIAN_POINT('',(0.0332945665752541,0.0424945861058422,0.0321));
#6863=CARTESIAN_POINT('',(0.0332219493517568,0.0272465763610006,0.0321));
#6864=CARTESIAN_POINT('',(0.0331493321282596,0.0119985666161591,0.0321));
#6865=CARTESIAN_POINT('',(0.0411151538124582,0.011960630133742,0.0321));
#6866=CARTESIAN_POINT('',(0.0490809754966569,0.0119226936513249,0.0321));
#6867=CARTESIAN_POINT('',(0.0490809754966569,0.0243984036885727,0.0321));
#6868=CARTESIAN_POINT('',(0.0490809754966569,0.0368741137258205,0.0321));
#6869=CARTESIAN_POINT('',(0.0400428413965207,0.0368741137258205,0.0321));
#6870=CARTESIAN_POINT('',(0.0399218972162657,0.0368741137258205,0.0321));
#6871=CARTESIAN_POINT('',(0.0399218972162657,0.0427231445448509,0.0321));
#6872=CARTESIAN_POINT('',(0.0399218972162657,0.0485721753638813,0.0321));
#6873=CARTESIAN_POINT('',(0.0417,0.0518190525472164,0.0321));
#6874=CARTESIAN_POINT('',(0.0435218972162657,0.0485965455283645,0.0321));
#6875=CARTESIAN_POINT('',(0.0435218972162657,0.0445353296270925,0.0321));
#6876=CARTESIAN_POINT('',(0.0435218972162657,0.0404741137258205,0.0321));
#6877=CARTESIAN_POINT('',(0.0481014363564613,0.0404741137258205,0.0321));
#6878=CARTESIAN_POINT('',(0.0526809754966569,0.0404741137258205,0.0321));
#6879=CARTESIAN_POINT('',(0.0526809754966569,0.024389810944195,0.0321));
#6880=CARTESIAN_POINT('',(0.0526809754966569,0.00830550816256955,0.0321));
#6881=CARTESIAN_POINT('',(0.0429065815776413,0.00835205780148275,0.0321));
#6882=CARTESIAN_POINT('',(0.0331321876586257,0.00839860744039596,0.0321));
#6883=CARTESIAN_POINT('',(0.0331145992186784,0.00470542432491015,0.0321));
#6884=CARTESIAN_POINT('',(0.033097010778731,0.00101224120942434,0.0321));
#6885=CARTESIAN_POINT('',(0.0499612093286788,0.00101224120942434,0.0321));
#6886=CARTESIAN_POINT('',(0.0505034378236941,0.00101224120942434,0.0321));
#6887=CARTESIAN_POINT('',(0.0505034378236941,-0.0225921525303307,0.0321));
#6888=CARTESIAN_POINT('',(0.0505034378236941,-0.00450961926171281,0.0321));
#6889=CARTESIAN_POINT('',(0.0631,-0.0116913057863712,0.0321));
#6890=CARTESIAN_POINT('',(0.0505034378236941,-0.0188729923110296,0.0321));
#6891=CARTESIAN_POINT('',(0.0505034378236941,-0.0225921525303307,0.0321));
#6892=CARTESIAN_POINT('',(0.0505034378236941,-0.0461965462700858,0.0321));
#6893=CARTESIAN_POINT('',(0.04875,-0.0483150258660317,0.0321));
#6894=CARTESIAN_POINT('',(0.0470973035803321,-0.0461170507650769,0.0321));
#6895=CARTESIAN_POINT('',(0.0470973035803321,-0.0243038149516034,0.0321));
#6896=CARTESIAN_POINT('',(0.0470973035803321,-0.00249057913812976,0.0321));
#6897=CARTESIAN_POINT('',(0.0468235980585258,-0.00248908139021597,0.0321));
#6898=CARTESIAN_POINT('',(0.0465498925367194,-0.00248758364230218,0.0321));
#6899=CARTESIAN_POINT('',(0.0380737887334096,-0.00248758364230218,0.0321));
#6900=CARTESIAN_POINT('',(0.0295976849301,-0.00248758364230218,0.0321));
#6901=CARTESIAN_POINT('',(0.0296225138204099,0.00295905802462372,0.0321));
#6902=CARTESIAN_POINT('',(0.0296473427107198,0.00840569969154963,0.0321));
#6903=CARTESIAN_POINT('',(0.0277833848728435,0.00841419667143725,0.0321));
#6904=CARTESIAN_POINT('',(0.0339,0.0518190525472164,0.0321));
#6905=CARTESIAN_POINT('',(0.0376,0.0518190525472164,0.0321));
#6906=CARTESIAN_POINT('',(0.0417,0.0518190525472164,0.0321));
#6907=CARTESIAN_POINT('',(0.0454,0.0518190525472164,0.0321));
#6908=CARTESIAN_POINT('',(0.0493,0.0518190525472164,0.0321));
#6909=CARTESIAN_POINT('',(0.053,0.0518190525472164,0.0321));
#6910=CARTESIAN_POINT('',(0.039,0.0276765339076519,0.0321));
#6911=CARTESIAN_POINT('',(0.0435,0.0276765339076519,0.0321));
#6912=CARTESIAN_POINT('',(0.03665,-0.0485143065452576,0.0321));
#6913=CARTESIAN_POINT('',(0.0394,-0.0485143065452576,0.0321));
#6914=CARTESIAN_POINT('',(-2.41035261925198E-17,0.063,0.0321));
#6915=CARTESIAN_POINT('',(0.0805,0.063,0.0321));
#6916=CARTESIAN_POINT('',(0.0242982363976328,0.063,0.0321));
#6917=CARTESIAN_POINT('',(0.0213352982347782,0.0751,0.0321));
#6918=CARTESIAN_POINT('',(0.0180931493287412,0.0735991344866662,0.0321));
#6919=CARTESIAN_POINT('',(0.0110630511313822,0.0703447398719957,0.0321));
#6920=CARTESIAN_POINT('',(0.0339341634035766,0.0671207083011775,0.0321));
#6921=CARTESIAN_POINT('',(0.0106285080037001,-0.00311792876173491,0.0321));
#6922=CARTESIAN_POINT('',(0.0242518595272449,-0.045755268754119,0.0321));
#6923=CARTESIAN_POINT('',(0.00628444299461789,-0.0677938263387763,0.0321));
#6924=CARTESIAN_POINT('',(0.0103216319200082,-0.0691087928404758,0.0321));
#6925=CARTESIAN_POINT('',(0.012600472971299,-0.0726867809002961,0.0321));
#6926=CARTESIAN_POINT('',(0.0140737754409836,-0.075,0.0321));
#6927=CARTESIAN_POINT('',(0.010449837282253,-0.063,0.0321));
#6928=CARTESIAN_POINT('',(0.0855,-0.063,0.0321));
#6929=CARTESIAN_POINT('',(0.0805,-0.063,0.0321));
#6930=CARTESIAN_POINT('',(0.0805,1.64288517430744E-17,0.0321));
#6931=CARTESIAN_POINT('',(0.0199303327729888,-0.0577588582896757,0.0321));
#6932=CARTESIAN_POINT('',(0.0202431763364827,-0.0577588582896757,0.0321));
#6933=CARTESIAN_POINT('',(0.0196174892094951,-0.0577588582896757,0.0321));
#6934=CARTESIAN_POINT('',(0.0196174892094951,-0.0551218159593475,0.0321));
#6935=CARTESIAN_POINT('',(0.0196174892094951,-0.0524847736290192,0.0321));
#6936=CARTESIAN_POINT('',(0.0198682727490113,-0.0524847736290192,0.0321));
#6937=CARTESIAN_POINT('',(0.0201190562885274,-0.0524847736290192,0.0321));
#6938=CARTESIAN_POINT('',(0.020867846086028,-0.0542361888958634,0.0321));
#6939=CARTESIAN_POINT('',(0.0216166358835286,-0.0559876041627075,0.0321));
#6940=CARTESIAN_POINT('',(0.0216166358835286,-0.0542361888958634,0.0321));
#6941=CARTESIAN_POINT('',(0.0216166358835286,-0.0524847736290192,0.0321));
#6942=CARTESIAN_POINT('',(0.0219228664936478,-0.0524847736290192,0.0321));
#6943=CARTESIAN_POINT('',(0.0222290971037669,-0.0524847736290192,0.0321));
#6944=CARTESIAN_POINT('',(0.0222290971037669,-0.0551218159593475,0.0321));
#6945=CARTESIAN_POINT('',(0.0222290971037669,-0.0577588582896757,0.0321));
#6946=CARTESIAN_POINT('',(0.0219945916033268,-0.0577588582896757,0.0321));
#6947=CARTESIAN_POINT('',(0.0217600861028867,-0.0577588582896757,0.0321));
#6948=CARTESIAN_POINT('',(0.0210016312196847,-0.0559586089056032,0.0321));
#6949=CARTESIAN_POINT('',(0.0202431763364827,-0.0541583595215308,0.0321));
#6950=CARTESIAN_POINT('',(0.0202431763364827,-0.0559586089056032,0.0321));
#6951=CARTESIAN_POINT('',(0.0183020201766577,-0.0576062516733373,0.0321));
#6952=CARTESIAN_POINT('',(0.017989685301885,-0.0578178661813266,0.0321));
#6953=CARTESIAN_POINT('',(0.0174555621447005,-0.0578178661813266,0.0321));
#6954=CARTESIAN_POINT('',(0.0183020201766577,-0.0576062516733373,0.0321));
#6955=CARTESIAN_POINT('',(0.0174555621447005,-0.0578178661813266,0.0321));
#6956=CARTESIAN_POINT('',(0.0174555621447005,-0.0578178661813266,0.0321));
#6957=CARTESIAN_POINT('',(0.0169214389875159,-0.0578178661813266,0.0321));
#6958=CARTESIAN_POINT('',(0.0166024911593687,-0.057609303805664,0.0321));
#6959=CARTESIAN_POINT('',(0.0166024911593687,-0.057609303805664,0.0321));
#6960=CARTESIAN_POINT('',(0.0166024911593687,-0.057609303805664,0.0321));
#6961=CARTESIAN_POINT('',(0.0162835433312213,-0.0574007414300015,0.0321));
#6962=CARTESIAN_POINT('',(0.0161467060652378,-0.0570131206245019,0.0321));
#6963=CARTESIAN_POINT('',(0.0161467060652378,-0.0570131206245019,0.0321));
#6964=CARTESIAN_POINT('',(0.0161467060652378,-0.0570131206245019,0.0321));
#6965=CARTESIAN_POINT('',(0.0160098687992544,-0.0566254998190022,0.0321));
#6966=CARTESIAN_POINT('',(0.0160098687992544,-0.056104602568567,0.0321));
#6967=CARTESIAN_POINT('',(0.0160098687992544,-0.056104602568567,0.0321));
#6968=CARTESIAN_POINT('',(0.0160098687992544,-0.0551055379202714,0.0321));
#6969=CARTESIAN_POINT('',(0.0160098687992544,-0.0541064732719757,0.0321));
#6970=CARTESIAN_POINT('',(0.0160098687992544,-0.0541064732719757,0.0321));
#6971=CARTESIAN_POINT('',(0.0160098687992544,-0.0535855760215405,0.0321));
#6972=CARTESIAN_POINT('',(0.0161497581975646,-0.0532111811227902,0.0321));
#6973=CARTESIAN_POINT('',(0.0161497581975646,-0.0532111811227902,0.0321));
#6974=CARTESIAN_POINT('',(0.0161497581975646,-0.0532111811227902,0.0321));
#6975=CARTESIAN_POINT('',(0.0162896475958749,-0.0528367862240399,0.0321));
#6976=CARTESIAN_POINT('',(0.0166055432916954,-0.0526378889340788,0.0321));
#6977=CARTESIAN_POINT('',(0.0166055432916954,-0.0526378889340788,0.0321));
#6978=CARTESIAN_POINT('',(0.0166055432916954,-0.0526378889340788,0.0321));
#6979=CARTESIAN_POINT('',(0.0169214389875159,-0.0524389916441177,0.0321));
#6980=CARTESIAN_POINT('',(0.0174555621447005,-0.0524389916441177,0.0321));
#6981=CARTESIAN_POINT('',(0.0174555621447005,-0.0524389916441177,0.0321));
#6982=CARTESIAN_POINT('',(0.0174555621447005,-0.0524389916441177,0.0321));
#6983=CARTESIAN_POINT('',(0.017989685301885,-0.0524389916441177,0.0321));
#6984=CARTESIAN_POINT('',(0.0183020201766577,-0.0526409410664056,0.0321));
#6985=CARTESIAN_POINT('',(0.0183020201766577,-0.0526409410664056,0.0321));
#6986=CARTESIAN_POINT('',(0.0176805291660662,-0.0535933639957487,0.0321));
#6987=CARTESIAN_POINT('',(0.0187542444497407,-0.053214233255117,0.0321));
#6988=CARTESIAN_POINT('',(0.0187542444497407,-0.053214233255117,0.0321));
#6989=CARTESIAN_POINT('',(0.0188941338480509,-0.0535855760215405,0.0321));
#6990=CARTESIAN_POINT('',(0.0188941338480509,-0.0541064732719757,0.0321));
#6991=CARTESIAN_POINT('',(0.0188941338480509,-0.0541064732719757,0.0321));
#6992=CARTESIAN_POINT('',(0.0188941338480509,-0.0551090987413193,0.0321));
#6993=CARTESIAN_POINT('',(0.0188941338480509,-0.0561117242106628,0.0321));
#6994=CARTESIAN_POINT('',(0.0188941338480509,-0.0561117242106628,0.0321));
#6995=CARTESIAN_POINT('',(0.0188941338480509,-0.0566254998190022,0.0321));
#6996=CARTESIAN_POINT('',(0.0187542444497407,-0.0570100684921751,0.0321));
#6997=CARTESIAN_POINT('',(0.0187542444497407,-0.0570100684921751,0.0321));
#6998=CARTESIAN_POINT('',(0.0187542444497407,-0.0570100684921751,0.0321));
#6999=CARTESIAN_POINT('',(0.0186143550514304,-0.057394637165348,0.0321));
#7000=CARTESIAN_POINT('',(0.0183020201766577,-0.0576062516733373,0.0321));
#7001=CARTESIAN_POINT('',(-1.38777878078145E-17,0.,0.032));
#7002=CARTESIAN_POINT('',(-3.37567811541433E-18,-0.07,0.032));
#7003=CARTESIAN_POINT('',(-0.0855,-0.07,0.032));
#7004=CARTESIAN_POINT('',(0.0855,-0.07,0.032));
#7005=CARTESIAN_POINT('',(0.0875,-0.07,0.032));
#7006=CARTESIAN_POINT('',(0.0857679491924311,-0.069,0.032));
#7007=CARTESIAN_POINT('',(1.38777878078145E-17,-0.069,0.032));
#7008=CARTESIAN_POINT('',(-0.0857679491924311,-0.069,0.032));
#7009=CARTESIAN_POINT('',(-0.0875,-0.07,0.032));
#7010=CARTESIAN_POINT('',(-1.38777878078145E-17,0.,0.032));
#7011=CARTESIAN_POINT('',(0.0865,2.77555756156289E-17,0.032));
#7012=CARTESIAN_POINT('',(0.0865,-0.0682679491924311,0.032));
#7013=CARTESIAN_POINT('',(0.0865,0.0682679491924311,0.032));
#7014=CARTESIAN_POINT('',(0.0875,-0.07,0.032));
#7015=CARTESIAN_POINT('',(0.0875,-0.068,0.032));
#7016=CARTESIAN_POINT('',(0.0875,8.0953762212251E-18,0.032));
#7017=CARTESIAN_POINT('',(0.0875,0.068,0.032));
#7018=CARTESIAN_POINT('',(0.0875,0.07,0.032));
#7019=CARTESIAN_POINT('',(-1.38777878078145E-17,0.,0.032));
#7020=CARTESIAN_POINT('',(-1.38777878078145E-17,0.069,0.032));
#7021=CARTESIAN_POINT('',(0.0857679491924311,0.069,0.032));
#7022=CARTESIAN_POINT('',(-0.0857679491924311,0.069,0.032));
#7023=CARTESIAN_POINT('',(0.0875,0.07,0.032));
#7024=CARTESIAN_POINT('',(0.0855,0.07,0.032));
#7025=CARTESIAN_POINT('',(-0.0875,0.07,0.032));
#7026=CARTESIAN_POINT('',(-0.0855,0.07,0.032));
#7027=CARTESIAN_POINT('',(-0.0875,0.07,0.032));
#7028=CARTESIAN_POINT('',(1.38777878078145E-17,-0.069,0.0315));
#7029=CARTESIAN_POINT('',(0.0857679491924311,-0.069,0.033));
#7030=CARTESIAN_POINT('',(0.0857679491924311,-0.069,0.0315));
#7031=CARTESIAN_POINT('',(1.38777878078145E-17,-0.069,0.0315));
#7032=CARTESIAN_POINT('',(-0.0857679491924311,-0.069,0.0315));
#7033=CARTESIAN_POINT('',(-0.0857679491924311,-0.069,0.033));
#7034=CARTESIAN_POINT('',(0.0865,2.77555756156289E-17,0.0315));
#7035=CARTESIAN_POINT('',(0.0865,-0.0682679491924311,0.033));
#7036=CARTESIAN_POINT('',(0.0865,-0.0682679491924311,0.0315));
#7037=CARTESIAN_POINT('',(0.0865,0.0682679491924311,0.033));
#7038=CARTESIAN_POINT('',(0.0865,0.0682679491924311,0.0315));
#7039=CARTESIAN_POINT('',(0.0865,2.77555756156289E-17,0.0315));
#7040=CARTESIAN_POINT('',(-1.38777878078145E-17,0.069,0.0315));
#7041=CARTESIAN_POINT('',(0.0857679491924311,0.069,0.033));
#7042=CARTESIAN_POINT('',(0.0857679491924311,0.069,0.0315));
#7043=CARTESIAN_POINT('',(-0.0857679491924311,0.069,0.033));
#7044=CARTESIAN_POINT('',(-0.0857679491924311,0.069,0.0315));
#7045=CARTESIAN_POINT('',(-1.38777878078145E-17,0.069,0.0315));
#7046=CARTESIAN_POINT('',(-0.0865,-1.38777878078145E-17,0.0315));
#7047=CARTESIAN_POINT('',(-0.0865,-1.38777878078145E-17,0.0315));
#7048=CARTESIAN_POINT('',(-0.0865,-0.0682679491924311,0.0315));
#7049=CARTESIAN_POINT('',(-0.0865,0.0682679491924311,0.0315));
#7050=CARTESIAN_POINT('',(-0.0865,0.0682679491924311,0.033));
#7051=CARTESIAN_POINT('',(-0.0865,0.0682679491924311,0.032));
#7052=CARTESIAN_POINT('',(-0.0865,-1.38777878078145E-17,0.032));
#7053=CARTESIAN_POINT('',(-0.0865,-0.0682679491924311,0.032));
#7054=CARTESIAN_POINT('',(-0.0865,-0.0682679491924311,0.033));
#7055=CARTESIAN_POINT('',(-0.0875,-8.0953762212251E-18,0.027));
#7056=CARTESIAN_POINT('',(-0.0875,-0.07,0.032));
#7057=CARTESIAN_POINT('',(-0.0875,0.068,0.032));
#7058=CARTESIAN_POINT('',(-0.0875,-0.068,0.032));
#7059=CARTESIAN_POINT('',(-0.0875,0.068,0.032));
#7060=CARTESIAN_POINT('',(-0.088034304270857,0.068,0.032));
#7061=CARTESIAN_POINT('',(-0.0890617942264431,0.0684392843728115,0.031800222069196));
#7062=CARTESIAN_POINT('',(-0.0895,0.0694656156698114,0.0315825756949559));
#7063=CARTESIAN_POINT('',(-0.0895,0.07,0.0315825756949559));
#7064=CARTESIAN_POINT('',(-0.0895,0.07,0.0315825756949559));
#7065=CARTESIAN_POINT('',(-0.0875,0.07,0.027));
#7066=CARTESIAN_POINT('',(-0.0925,0.07,0.027));
#7067=CARTESIAN_POINT('',(-0.0925,0.07,0.027));
#7068=CARTESIAN_POINT('',(-0.0925,-0.07,0.027));
#7069=CARTESIAN_POINT('',(-0.0875,-0.07,0.027));
#7070=CARTESIAN_POINT('',(-0.0895,-0.07,0.0315825756949559));
#7071=CARTESIAN_POINT('',(-0.0895,-0.07,0.0315825756949559));
#7072=CARTESIAN_POINT('',(-0.0895,-0.0694656209541637,0.0315825756949559));
#7073=CARTESIAN_POINT('',(-0.0890624260053073,-0.0684399267937831,0.0318000319021476));
#7074=CARTESIAN_POINT('',(-0.0880343300717869,-0.068,0.032));
#7075=CARTESIAN_POINT('',(-0.0875,-0.068,0.032));
#7076=CARTESIAN_POINT('',(-0.0875,0.07,0.027));
#7077=CARTESIAN_POINT('',(-0.0875,0.07,0.0315825756949559));
#7078=CARTESIAN_POINT('',(-0.0875,0.072,0.0315825756949559));
#7079=CARTESIAN_POINT('',(-0.0875,0.07,0.027));
#7080=CARTESIAN_POINT('',(-0.0875,0.075,0.027));
#7081=CARTESIAN_POINT('',(-0.0875,0.07,0.027));
#7082=CARTESIAN_POINT('',(-0.0875,-0.07,0.027));
#7083=CARTESIAN_POINT('',(-0.0875,-0.07,0.027));
#7084=CARTESIAN_POINT('',(-0.0875,-0.072,0.0315825756949559));
#7085=CARTESIAN_POINT('',(-0.0875,-0.075,0.027));
#7086=CARTESIAN_POINT('',(-0.0875,-0.07,0.0315825756949559));
#7087=CARTESIAN_POINT('',(-0.0875,-0.07,0.027));
#7088=CARTESIAN_POINT('',(-1.91288426540145E-17,0.07,0.027));
#7089=CARTESIAN_POINT('',(0.0855,0.07,0.032));
#7090=CARTESIAN_POINT('',(0.0855,0.070534304270857,0.032));
#7091=CARTESIAN_POINT('',(0.0859392843728115,0.0715617942264431,0.031800222069196));
#7092=CARTESIAN_POINT('',(0.0869656156698114,0.072,0.0315825756949559));
#7093=CARTESIAN_POINT('',(0.0875,0.072,0.0315825756949559));
#7094=CARTESIAN_POINT('',(0.0875,0.072,0.0315825756949559));
#7095=CARTESIAN_POINT('',(0.0875,0.07,0.027));
#7096=CARTESIAN_POINT('',(0.0875,0.075,0.027));
#7097=CARTESIAN_POINT('',(0.0925,0.075,0.027));
#7098=CARTESIAN_POINT('',(-0.0875,0.072,0.0315825756949559));
#7099=CARTESIAN_POINT('',(-0.0869656209541637,0.072,0.0315825756949559));
#7100=CARTESIAN_POINT('',(-0.085939926793783,0.0715624260053073,0.0318000319021476));
#7101=CARTESIAN_POINT('',(-0.0855,0.0705343300717869,0.032));
#7102=CARTESIAN_POINT('',(-0.0855,0.07,0.032));
#7103=CARTESIAN_POINT('',(-7.50150692314295E-19,-0.07,0.027));
#7104=CARTESIAN_POINT('',(0.0875,-0.07,0.027));
#7105=CARTESIAN_POINT('',(0.0875,-0.072,0.0315825756949559));
#7106=CARTESIAN_POINT('',(0.0875,-0.075,0.027));
#7107=CARTESIAN_POINT('',(0.0875,-0.072,0.0315825756949559));
#7108=CARTESIAN_POINT('',(0.0869656209541637,-0.072,0.0315825756949559));
#7109=CARTESIAN_POINT('',(0.085939926793783,-0.0715624260053072,0.0318000319021476));
#7110=CARTESIAN_POINT('',(0.0855,-0.0705343300717869,0.032));
#7111=CARTESIAN_POINT('',(0.0855,-0.07,0.032));
#7112=CARTESIAN_POINT('',(-0.0855,-0.07,0.032));
#7113=CARTESIAN_POINT('',(-0.0855,-0.070534304270857,0.032));
#7114=CARTESIAN_POINT('',(-0.0859392843728115,-0.0715617942264431,0.031800222069196));
#7115=CARTESIAN_POINT('',(-0.0869656156698114,-0.072,0.0315825756949559));
#7116=CARTESIAN_POINT('',(-0.0875,-0.072,0.0315825756949559));
#7117=CARTESIAN_POINT('',(0.,-0.075,0.027));
#7118=CARTESIAN_POINT('',(0.0875,0.07,0.027));
#7119=CARTESIAN_POINT('',(0.0875,0.07,0.0315825756949559));
#7120=CARTESIAN_POINT('',(0.0895,0.07,0.0315825756949559));
#7121=CARTESIAN_POINT('',(0.0875,0.07,0.027));
#7122=CARTESIAN_POINT('',(0.0925,0.07,0.027));
#7123=CARTESIAN_POINT('',(0.0875,0.07,0.027));
#7124=CARTESIAN_POINT('',(0.0875,-0.07,0.027));
#7125=CARTESIAN_POINT('',(0.0875,-0.07,0.027));
#7126=CARTESIAN_POINT('',(0.0895,-0.07,0.0315825756949559));
#7127=CARTESIAN_POINT('',(0.0925,-0.07,0.027));
#7128=CARTESIAN_POINT('',(0.0875,-0.07,0.0315825756949559));
#7129=CARTESIAN_POINT('',(0.0875,-0.07,0.027));
#7130=CARTESIAN_POINT('',(0.0875,1.34151948808873E-17,0.027));
#7131=CARTESIAN_POINT('',(0.0875,-0.068,0.032));
#7132=CARTESIAN_POINT('',(0.088034304270857,-0.068,0.032));
#7133=CARTESIAN_POINT('',(0.0890617942264431,-0.0684392843728115,0.031800222069196));
#7134=CARTESIAN_POINT('',(0.0895,-0.0694656156698115,0.0315825756949559));
#7135=CARTESIAN_POINT('',(0.0895,-0.07,0.0315825756949559));
#7136=CARTESIAN_POINT('',(0.0925,1.38777878078145E-17,0.027));
#7137=CARTESIAN_POINT('',(0.0895,0.07,0.0315825756949559));
#7138=CARTESIAN_POINT('',(0.0895,0.0694656209541637,0.0315825756949559));
#7139=CARTESIAN_POINT('',(0.0890624260053073,0.0684399267937831,0.0318000319021476));
#7140=CARTESIAN_POINT('',(0.0880343300717869,0.068,0.032));
#7141=CARTESIAN_POINT('',(0.0875,0.068,0.032));
#7142=CARTESIAN_POINT('',(-1.38777878078145E-17,0.,0.032));
#7143=CARTESIAN_POINT('',(-0.0346,0.0276765339076519,0.032));
#7144=CARTESIAN_POINT('',(-0.0301,0.0276765339076519,0.032));
#7145=CARTESIAN_POINT('',(0.0023,0.0276765339076519,0.032));
#7146=CARTESIAN_POINT('',(0.0068,0.0276765339076519,0.032));
#7147=CARTESIAN_POINT('',(0.0188200753871558,5.02271178365423E-18,0.032));
#7148=CARTESIAN_POINT('',(0.0188200753871558,0.060264874941895,0.032));
#7149=CARTESIAN_POINT('',(0.0188200753871558,0.037264874941895,0.032));
#7150=CARTESIAN_POINT('',(-1.38777878078145E-17,0.037264874941895,0.032));
#7151=CARTESIAN_POINT('',(-0.0161799246128442,0.037264874941895,0.032));
#7152=CARTESIAN_POINT('',(-0.0161799246128442,0.055264874941895,0.032));
#7153=CARTESIAN_POINT('',(-0.0161799246128442,0.060264874941895,0.032));
#7154=CARTESIAN_POINT('',(0.0138200753871558,0.060264874941895,0.032));
#7155=CARTESIAN_POINT('',(-0.03325,0.0581958070166224,0.032));
#7156=CARTESIAN_POINT('',(-0.0305,0.0581958070166224,0.032));
#7157=CARTESIAN_POINT('',(-0.04525,0.0581958070166224,0.032));
#7158=CARTESIAN_POINT('',(-0.0425,0.0581958070166224,0.032));
#7159=CARTESIAN_POINT('',(-0.064,-0.0131913057863712,0.032));
#7160=CARTESIAN_POINT('',(-0.0495,-0.0131913057863712,0.032));
#7161=CARTESIAN_POINT('',(0.0103689326970222,0.00724287781898573,0.032));
#7162=CARTESIAN_POINT('',(-0.0136310673029778,0.00724287781898573,0.032));
#7163=CARTESIAN_POINT('',(0.0153689326970222,0.00724287781898573,0.032));
#7164=CARTESIAN_POINT('',(0.0153689326970222,2.05083448847939E-18,0.032));
#7165=CARTESIAN_POINT('',(0.0153689326970222,-0.0287571221810143,0.032));
#7166=CARTESIAN_POINT('',(-1.38777878078145E-17,-0.0287571221810143,0.032));
#7167=CARTESIAN_POINT('',(-0.0136310673029778,-0.0287571221810143,0.032));
#7168=CARTESIAN_POINT('',(-0.0136310673029778,0.00224287781898573,0.032));
#7169=CARTESIAN_POINT('',(0.0855,-0.063,0.032));
#7170=CARTESIAN_POINT('',(-0.0805,-0.063,0.032));
#7171=CARTESIAN_POINT('',(0.010449837282253,-0.063,0.032));
#7172=CARTESIAN_POINT('',(0.0213352982347782,0.0751,0.032));
#7173=CARTESIAN_POINT('',(0.0180931493287412,0.0735991344866662,0.032));
#7174=CARTESIAN_POINT('',(0.0110630511313822,0.0703447398719957,0.032));
#7175=CARTESIAN_POINT('',(0.0339341634035766,0.0671207083011775,0.032));
#7176=CARTESIAN_POINT('',(0.0106285080037001,-0.00311792876173491,0.032));
#7177=CARTESIAN_POINT('',(0.0242518595272449,-0.045755268754119,0.032));
#7178=CARTESIAN_POINT('',(0.00628444299461789,-0.0677938263387763,0.032));
#7179=CARTESIAN_POINT('',(0.0103216319200082,-0.0691087928404758,0.032));
#7180=CARTESIAN_POINT('',(0.012600472971299,-0.0726867809002961,0.032));
#7181=CARTESIAN_POINT('',(0.0140737754409836,-0.075,0.032));
#7182=CARTESIAN_POINT('',(0.0242982363976328,0.063,0.032));
#7183=CARTESIAN_POINT('',(-2.41035261925198E-17,0.063,0.032));
#7184=CARTESIAN_POINT('',(-0.0805,0.063,0.032));
#7185=CARTESIAN_POINT('',(-0.0805,-0.068,0.032));
#7186=CARTESIAN_POINT('',(0.0631,-0.0116913057863712,0.0295));
#7187=CARTESIAN_POINT('',(0.0505034378236941,-0.00450961926171281,0.0315));
#7188=CARTESIAN_POINT('',(0.0505034378236941,-0.00450961926171281,0.0315));
#7189=CARTESIAN_POINT('',(0.0631,-0.0116913057863712,0.0315));
#7190=CARTESIAN_POINT('',(0.0505034378236941,-0.0188729923110296,0.0315));
#7191=CARTESIAN_POINT('',(0.0505034378236941,-0.0188729923110296,0.0315));
#7192=CARTESIAN_POINT('',(0.04875,-0.0483150258660317,0.0295));
#7193=CARTESIAN_POINT('',(0.04875,-0.0483150258660317,0.0265));
#7194=CARTESIAN_POINT('',(0.0515,-0.0483150258660317,0.0265));
#7195=CARTESIAN_POINT('',(0.04875,-0.0483150258660317,0.0315));
#7196=CARTESIAN_POINT('',(0.0505034378236941,-0.0461965462700858,0.0315));
#7197=CARTESIAN_POINT('',(0.0470973035803321,-0.0461170507650769,0.0315));
#7198=CARTESIAN_POINT('',(0.0470973035803321,-0.0461170507650769,0.0315));
#7199=CARTESIAN_POINT('',(0.0505034378236941,-0.0461965462700858,0.0315));
#7200=CARTESIAN_POINT('',(0.02445,-0.0485143065452576,0.0295));
#7201=CARTESIAN_POINT('',(0.02445,-0.0485143065452576,0.0265));
#7202=CARTESIAN_POINT('',(0.0272,-0.0485143065452576,0.0265));
#7203=CARTESIAN_POINT('',(0.02445,-0.0485143065452576,0.0315));
#7204=CARTESIAN_POINT('',(0.0259194270349672,-0.0461898100000015,0.0315));
#7205=CARTESIAN_POINT('',(0.0224194270349672,-0.0466597787256555,0.0315));
#7206=CARTESIAN_POINT('',(0.0224194270349672,-0.0466597787256555,0.0315));
#7207=CARTESIAN_POINT('',(0.0259194270349672,-0.0461898100000015,0.0315));
#7208=CARTESIAN_POINT('',(-1.38777878078145E-17,0.,0.032));
#7209=CARTESIAN_POINT('',(-0.0875,0.07,0.032));
#7210=CARTESIAN_POINT('',(-0.0875,-0.07,0.032));
#7211=CARTESIAN_POINT('',(-1.38777878078145E-17,0.,0.0265));
#7212=CARTESIAN_POINT('',(0.0339,0.0518190525472164,0.0265));
#7213=CARTESIAN_POINT('',(0.0361,0.0518190525472164,0.0265));
#7214=CARTESIAN_POINT('',(0.0339,0.0518190525472164,0.0265));
#7215=CARTESIAN_POINT('',(0.03615,0.0518190525472164,0.0265));
#7216=CARTESIAN_POINT('',(-1.38777878078145E-17,0.,0.0265));
#7217=CARTESIAN_POINT('',(0.0493,0.0518190525472164,0.0265));
#7218=CARTESIAN_POINT('',(0.0515,0.0518190525472164,0.0265));
#7219=CARTESIAN_POINT('',(0.0493,0.0518190525472164,0.0265));
#7220=CARTESIAN_POINT('',(0.05155,0.0518190525472164,0.0265));
#7221=CARTESIAN_POINT('',(-1.38777878078145E-17,0.,0.0265));
#7222=CARTESIAN_POINT('',(0.0417,0.0518190525472164,0.0265));
#7223=CARTESIAN_POINT('',(0.0439,0.0518190525472164,0.0265));
#7224=CARTESIAN_POINT('',(0.0417,0.0518190525472164,0.0265));
#7225=CARTESIAN_POINT('',(0.04395,0.0518190525472164,0.0265));
#7226=CARTESIAN_POINT('',(-2.01693375454365E-5,0.0705527327957561,0.0135));
#7227=CARTESIAN_POINT('',(0.00784263669563647,0.0705950388951557,0.0135));
#7228=CARTESIAN_POINT('',(0.00784263669563647,0.0705950388951557,0.013));
#7229=CARTESIAN_POINT('',(0.00784263669563647,0.0705950388951557,0.0135));
#7230=CARTESIAN_POINT('',(-2.01693375454365E-5,0.0705527327957561,0.013));
#7231=CARTESIAN_POINT('',(0.0590350478887558,0.0708704814314842,0.013));
#7232=CARTESIAN_POINT('',(0.0590350478887558,0.0708704814314842,0.0135));
#7233=CARTESIAN_POINT('',(0.0590350478887558,0.0708704814314842,0.0135));
#7234=CARTESIAN_POINT('',(-2.01693375454365E-5,0.0705527327957561,0.0135));
#7235=CARTESIAN_POINT('',(0.0697675232200733,0.065,0.0135));
#7236=CARTESIAN_POINT('',(0.00784263669563647,0.065,0.0135));
#7237=CARTESIAN_POINT('',(0.00784263669563647,0.065,0.0135));
#7238=CARTESIAN_POINT('',(0.00784263669563647,0.065,0.021));
#7239=CARTESIAN_POINT('',(0.,0.065,0.0135));
#7240=CARTESIAN_POINT('',(0.0590350464401466,0.065,0.0135));
#7241=CARTESIAN_POINT('',(0.0590350464401466,0.065,0.0135));
#7242=CARTESIAN_POINT('',(0.0590350464401466,0.065,0.013));
#7243=CARTESIAN_POINT('',(0.0697675232200733,0.065,0.013));
#7244=CARTESIAN_POINT('',(0.0805,0.065,0.013));
#7245=CARTESIAN_POINT('',(0.0805,0.065,0.0135));
#7246=CARTESIAN_POINT('',(0.0805,0.065,0.0265));
#7247=CARTESIAN_POINT('',(0.,0.065,0.0265));
#7248=CARTESIAN_POINT('',(-0.0805,0.065,0.0265));
#7249=CARTESIAN_POINT('',(-0.0805,0.065,0.0135));
#7250=CARTESIAN_POINT('',(-0.0805,0.065,0.013));
#7251=CARTESIAN_POINT('',(-0.0697876970795692,0.065,0.013));
#7252=CARTESIAN_POINT('',(-0.0590753941591384,0.065,0.013));
#7253=CARTESIAN_POINT('',(-0.0590753941591384,0.065,0.0135));
#7254=CARTESIAN_POINT('',(-0.0590753941591384,0.065,0.0135));
#7255=CARTESIAN_POINT('',(0.,0.065,0.0135));
#7256=CARTESIAN_POINT('',(-0.00515736330436353,0.065,0.0135));
#7257=CARTESIAN_POINT('',(-0.00515736330436353,0.065,0.0135));
#7258=CARTESIAN_POINT('',(-0.00515736330436353,0.065,0.021));
#7259=CARTESIAN_POINT('',(0.0697675232200733,0.065,0.021));
#7260=CARTESIAN_POINT('',(-1.38777878078145E-17,0.,0.0135));
#7261=CARTESIAN_POINT('',(0.00784263669563647,5.88315934680121E-19,0.0135));
#7262=CARTESIAN_POINT('',(0.0590350471644512,0.0679352407157421,0.0135));
#7263=CARTESIAN_POINT('',(0.,0.075,0.0135));
#7264=CARTESIAN_POINT('',(-0.0875,0.075,0.0135));
#7265=CARTESIAN_POINT('',(-0.0875,0.075,0.013));
#7266=CARTESIAN_POINT('',(0.0875,0.075,0.013));
#7267=CARTESIAN_POINT('',(0.0875,0.075,0.013));
#7268=CARTESIAN_POINT('',(0.,0.075,0.013));
#7269=CARTESIAN_POINT('',(0.00834263669563647,0.075,0.013));
#7270=CARTESIAN_POINT('',(0.00834263669563647,0.075,0.017));
#7271=CARTESIAN_POINT('',(0.00834263669563647,0.075,0.0205));
#7272=CARTESIAN_POINT('',(0.00734263669563647,0.075,0.0205));
#7273=CARTESIAN_POINT('',(0.00734263669563647,0.075,0.0215));
#7274=CARTESIAN_POINT('',(0.00134263669563647,0.075,0.0215));
#7275=CARTESIAN_POINT('',(-0.00465736330436353,0.075,0.0215));
#7276=CARTESIAN_POINT('',(-0.00465736330436353,0.075,0.0205));
#7277=CARTESIAN_POINT('',(-0.00565736330436353,0.075,0.0205));
#7278=CARTESIAN_POINT('',(-0.00565736330436353,0.075,0.017));
#7279=CARTESIAN_POINT('',(-0.00565736330436353,0.075,0.013));
#7280=CARTESIAN_POINT('',(0.,0.075,0.013));
#7281=CARTESIAN_POINT('',(-1.38777878078145E-17,0.,0.0135));
#7282=CARTESIAN_POINT('',(-0.0107324928194284,-0.065,0.0135));
#7283=CARTESIAN_POINT('',(-0.0590755827724934,-0.065,0.0135));
#7284=CARTESIAN_POINT('',(-0.00242525725561734,-0.065,0.0135));
#7285=CARTESIAN_POINT('',(-0.00242525725561734,0.02267,0.0135));
#7286=CARTESIAN_POINT('',(-0.00242525725561734,-0.0701000320290999,0.0135));
#7287=CARTESIAN_POINT('',(-2.02842056751251E-5,-0.0701000355184078,0.0135));
#7288=CARTESIAN_POINT('',(-0.0590755827724934,-0.070099949836731,0.0135));
#7289=CARTESIAN_POINT('',(-0.0590755827724934,-0.0675499749183655,0.0135));
#7290=CARTESIAN_POINT('',(0.0925,1.38777878078145E-17,0.0135));
#7291=CARTESIAN_POINT('',(0.0925,-0.07,0.0135));
#7292=CARTESIAN_POINT('',(0.0925,-0.07,0.013));
#7293=CARTESIAN_POINT('',(0.0925,1.38777878078145E-17,0.013));
#7294=CARTESIAN_POINT('',(0.0925,0.07,0.013));
#7295=CARTESIAN_POINT('',(0.0925,0.07,0.032));
#7296=CARTESIAN_POINT('',(-0.0925,-1.38777878078145E-17,0.0135));
#7297=CARTESIAN_POINT('',(-0.0925,-0.07,0.032));
#7298=CARTESIAN_POINT('',(-0.0925,-0.07,0.013));
#7299=CARTESIAN_POINT('',(-0.0925,0.07,0.0135));
#7300=CARTESIAN_POINT('',(-0.0925,0.07,0.013));
#7301=CARTESIAN_POINT('',(-0.0925,-1.38777878078145E-17,0.013));
#7302=CARTESIAN_POINT('',(-0.0805,0.,0.0135));
#7303=CARTESIAN_POINT('',(-0.0805,3.6082248300313E-20,0.013175));
#7304=CARTESIAN_POINT('',(-0.0805,-0.028235,0.013175));
#7305=CARTESIAN_POINT('',(-0.0805,0.002065,0.013175));
#7306=CARTESIAN_POINT('',(-0.0805,-0.028235,0.0135));
#7307=CARTESIAN_POINT('',(-0.0805,-0.028235,0.016175));
#7308=CARTESIAN_POINT('',(-0.0805,-2.96984659087187E-19,0.016175));
#7309=CARTESIAN_POINT('',(-0.0805,0.002065,0.016175));
#7310=CARTESIAN_POINT('',(-0.0805,0.002065,0.0135));
#7311=CARTESIAN_POINT('',(-0.0805,0.,0.013));
#7312=CARTESIAN_POINT('',(-0.0805,-0.065,0.013));
#7313=CARTESIAN_POINT('',(-0.0805,0.,0.0265));
#7314=CARTESIAN_POINT('',(-0.0805,-0.00279900094095795,0.0265));
#7315=CARTESIAN_POINT('',(-0.0805,-0.00279900094095795,0.0265));
#7316=CARTESIAN_POINT('',(-0.0805,-0.00454902195406338,0.0265));
#7317=CARTESIAN_POINT('',(-0.0805,-0.00798956935343016,0.0270219162442642));
#7318=CARTESIAN_POINT('',(-0.0805,-0.0132018185775534,0.0277393995992287));
#7319=CARTESIAN_POINT('',(-0.0805,-0.0183960055962686,0.027020477683412));
#7320=CARTESIAN_POINT('',(-0.0805,-0.0218354499014816,0.0265));
#7321=CARTESIAN_POINT('',(-0.0805,-0.0235836106317845,0.0265));
#7322=CARTESIAN_POINT('',(-0.0805,-0.0235836106317845,0.0265));
#7323=CARTESIAN_POINT('',(-0.0805,0.,0.0265));
#7324=CARTESIAN_POINT('',(-0.0805,-0.065,0.0265));
#7325=CARTESIAN_POINT('',(-0.0805,-0.065,0.0135));
#7326=CARTESIAN_POINT('',(-0.0590753903614925,0.067617492080014,0.0135));
#7327=CARTESIAN_POINT('',(-0.0590753903614925,0.067617492080014,0.013));
#7328=CARTESIAN_POINT('',(-0.0590753865638466,0.0702349841600281,0.013));
#7329=CARTESIAN_POINT('',(-0.0590753865638466,0.0702349841600281,0.0135));
#7330=CARTESIAN_POINT('',(-0.0590753865638466,0.0702349841600281,0.0135));
#7331=CARTESIAN_POINT('',(-0.0590753903614925,0.067617492080014,0.0135));
#7332=CARTESIAN_POINT('',(-2.01693375454365E-5,0.0705527327957561,0.0135));
#7333=CARTESIAN_POINT('',(-2.01693375454365E-5,0.0705527327957561,0.013));
#7334=CARTESIAN_POINT('',(-0.00515736330436353,0.0705250919462073,0.013));
#7335=CARTESIAN_POINT('',(-0.00515736330436353,0.0705250919462073,0.0135));
#7336=CARTESIAN_POINT('',(-0.00515736330436353,0.0705250919462073,0.0135));
#7337=CARTESIAN_POINT('',(-2.01693375454365E-5,0.0705527327957561,0.0135));
#7338=CARTESIAN_POINT('',(0.0590350471644512,0.0679352407157421,0.0135));
#7339=CARTESIAN_POINT('',(0.0590350471644512,0.0679352407157421,0.013));
#7340=CARTESIAN_POINT('',(0.0805,0.,0.0135));
#7341=CARTESIAN_POINT('',(0.0805,-0.028235,0.0135));
#7342=CARTESIAN_POINT('',(0.0805,-0.028235,0.016175));
#7343=CARTESIAN_POINT('',(0.0805,-0.028235,0.013175));
#7344=CARTESIAN_POINT('',(0.0805,3.6082248300313E-20,0.013175));
#7345=CARTESIAN_POINT('',(0.0805,0.002065,0.013175));
#7346=CARTESIAN_POINT('',(0.0805,0.002065,0.0135));
#7347=CARTESIAN_POINT('',(0.0805,0.002065,0.016175));
#7348=CARTESIAN_POINT('',(0.0805,-2.96984659087187E-19,0.016175));
#7349=CARTESIAN_POINT('',(0.0805,0.,0.013));
#7350=CARTESIAN_POINT('',(0.0805,-0.065,0.013));
#7351=CARTESIAN_POINT('',(0.0805,-0.065,0.0135));
#7352=CARTESIAN_POINT('',(0.0805,-0.065,0.0265));
#7353=CARTESIAN_POINT('',(0.0805,0.,0.0265));
#7354=CARTESIAN_POINT('',(0.0805,-0.0204941462370439,0.0265));
#7355=CARTESIAN_POINT('',(0.0805,-0.0204941462370439,0.0265));
#7356=CARTESIAN_POINT('',(0.0805,-0.019025232427938,0.0265));
#7357=CARTESIAN_POINT('',(0.0805,-0.0160995162307514,0.0267619396921372));
#7358=CARTESIAN_POINT('',(0.0805,-0.0117038781368349,0.0270622349866637));
#7359=CARTESIAN_POINT('',(0.0805,-0.00729200914148888,0.026763389461575));
#7360=CARTESIAN_POINT('',(0.0805,-0.00436206349239238,0.0265));
#7361=CARTESIAN_POINT('',(0.0805,-0.0028884653356985,0.0265));
#7362=CARTESIAN_POINT('',(0.0805,-0.0028884653356985,0.0265));
#7363=CARTESIAN_POINT('',(0.0805,0.,0.0265));
#7364=CARTESIAN_POINT('',(0.0697675071805716,-0.065,0.0135));
#7365=CARTESIAN_POINT('',(-0.003165,-0.065,0.0135));
#7366=CARTESIAN_POINT('',(-0.003165,-0.065,0.015125));
#7367=CARTESIAN_POINT('',(-0.00316500000000005,-0.065,0.014525));
#7368=CARTESIAN_POINT('',(-0.002085,-0.065,0.014525));
#7369=CARTESIAN_POINT('',(-0.0590755827724934,-0.065,0.0135));
#7370=CARTESIAN_POINT('',(-0.0590755827724934,-0.065,0.013));
#7371=CARTESIAN_POINT('',(-0.0697877913862467,-0.065,0.013));
#7372=CARTESIAN_POINT('',(-0.0107324928194284,-0.065,0.0265));
#7373=CARTESIAN_POINT('',(0.0697675071805716,-0.065,0.013));
#7374=CARTESIAN_POINT('',(0.0590350143611431,-0.065,0.013));
#7375=CARTESIAN_POINT('',(0.0590350143611431,-0.065,0.0135));
#7376=CARTESIAN_POINT('',(0.0590350143611431,-0.065,0.0135));
#7377=CARTESIAN_POINT('',(-0.0107324928194284,-0.065,0.0135));
#7378=CARTESIAN_POINT('',(0.00463525725561717,-0.065,0.0135));
#7379=CARTESIAN_POINT('',(0.004295,-0.065,0.014525));
#7380=CARTESIAN_POINT('',(0.005375,-0.065,0.014525));
#7381=CARTESIAN_POINT('',(0.00537499999999989,-0.065,0.013500000000006));
#7382=CARTESIAN_POINT('',(0.005375,-0.065,0.015125));
#7383=CARTESIAN_POINT('',(0.00429500000000015,-0.065,0.015125));
#7384=CARTESIAN_POINT('',(0.004295,-0.065,0.016205));
#7385=CARTESIAN_POINT('',(0.0697675071805716,-0.065,0.016205));
#7386=CARTESIAN_POINT('',(-0.002085,-0.065,0.016205));
#7387=CARTESIAN_POINT('',(-0.002085,-0.065,0.015125));
#7388=CARTESIAN_POINT('',(0.0590350143611431,-0.0675500606000423,0.0135));
#7389=CARTESIAN_POINT('',(0.0590350143611431,-0.0675500606000423,0.013));
#7390=CARTESIAN_POINT('',(0.0590350143611431,-0.0701001212000847,0.013));
#7391=CARTESIAN_POINT('',(0.0590350143611431,-0.0701001212000847,0.0135));
#7392=CARTESIAN_POINT('',(0.0590350143611431,-0.0701001212000847,0.0135));
#7393=CARTESIAN_POINT('',(0.0590350143611431,-0.0675500606000423,0.0135));
#7394=CARTESIAN_POINT('',(-2.02842056751251E-5,-0.0701000355184078,0.0135));
#7395=CARTESIAN_POINT('',(-0.002085,-0.0701000325227696,0.014525));
#7396=CARTESIAN_POINT('',(-0.002085,-0.0701000371510511,0.013445));
#7397=CARTESIAN_POINT('',(-2.02842056751251E-5,-0.0701000355184078,0.013445));
#7398=CARTESIAN_POINT('',(0.004295,-0.0701000417793327,0.013445));
#7399=CARTESIAN_POINT('',(0.004295,-0.0701000417793327,0.014525));
#7400=CARTESIAN_POINT('',(0.00463525725561717,-0.0701000422730024,0.0135));
#7401=CARTESIAN_POINT('',(-2.02842056751251E-5,-0.0701000355184078,0.0135));
#7402=CARTESIAN_POINT('',(-2.02842056751251E-5,-0.0701000355184078,0.013));
#7403=CARTESIAN_POINT('',(-0.0590755827724934,-0.070099949836731,0.013));
#7404=CARTESIAN_POINT('',(-0.0590755827724934,-0.070099949836731,0.0135));
#7405=CARTESIAN_POINT('',(-0.0590755827724934,-0.0675499749183655,0.0135));
#7406=CARTESIAN_POINT('',(-0.0590755827724934,-0.0675499749183655,0.013));
#7407=CARTESIAN_POINT('',(0.,-0.075,0.0135));
#7408=CARTESIAN_POINT('',(0.0875,-0.075,0.0135));
#7409=CARTESIAN_POINT('',(0.0875,-0.075,0.013));
#7410=CARTESIAN_POINT('',(-0.0875,-0.075,0.013));
#7411=CARTESIAN_POINT('',(-0.0875,-0.075,0.013));
#7412=CARTESIAN_POINT('',(0.,-0.075,0.013));
#7413=CARTESIAN_POINT('',(0.00429500000000015,-0.075,0.015125));
#7414=CARTESIAN_POINT('',(0.005375,-0.075,0.015125));
#7415=CARTESIAN_POINT('',(0.004295,-0.075,0.016205));
#7416=CARTESIAN_POINT('',(0.0053749999999999,-0.075,0.0134999999999995));
#7417=CARTESIAN_POINT('',(0.005375,-0.075,0.014525));
#7418=CARTESIAN_POINT('',(0.004295,-0.075,0.014525));
#7419=CARTESIAN_POINT('',(0.004295,-0.075,0.013445));
#7420=CARTESIAN_POINT('',(0.,-0.075,0.013445));
#7421=CARTESIAN_POINT('',(-0.002085,-0.075,0.013445));
#7422=CARTESIAN_POINT('',(-0.002085,-0.075,0.014525));
#7423=CARTESIAN_POINT('',(-0.00316500000000005,-0.075,0.014525));
#7424=CARTESIAN_POINT('',(-0.003165,-0.075,0.0135));
#7425=CARTESIAN_POINT('',(-0.003165,-0.075,0.015125));
#7426=CARTESIAN_POINT('',(-0.002085,-0.075,0.015125));
#7427=CARTESIAN_POINT('',(-0.002085,-0.075,0.016205));
#7428=CARTESIAN_POINT('',(0.,-0.075,0.016205));
#7429=CARTESIAN_POINT('',(-1.38777878078145E-17,0.,0.013));
#7430=CARTESIAN_POINT('',(0.0875,-0.07,0.013));
#7431=CARTESIAN_POINT('',(0.0895,-0.07,0.013));
#7432=CARTESIAN_POINT('',(0.0875,0.07,0.013));
#7433=CARTESIAN_POINT('',(0.0895,0.07,0.013));
#7434=CARTESIAN_POINT('',(-0.0875,0.07,0.013));
#7435=CARTESIAN_POINT('',(-0.0855,0.07,0.013));
#7436=CARTESIAN_POINT('',(-0.0875,-0.07,0.013));
#7437=CARTESIAN_POINT('',(-0.0855,-0.07,0.013));
#7438=CARTESIAN_POINT('',(0.0875,-0.07,0.013));
#7439=CARTESIAN_POINT('',(-0.0875,-0.07,0.013));
#7440=CARTESIAN_POINT('',(-0.0875,0.07,0.013));
#7441=CARTESIAN_POINT('',(-0.00565736330436353,0.077,0.013));
#7442=CARTESIAN_POINT('',(-0.00565736330436353,0.077,0.013));
#7443=CARTESIAN_POINT('',(-1.50030138462859E-19,0.077,0.013));
#7444=CARTESIAN_POINT('',(-0.00515736330436353,0.077,0.013));
#7445=CARTESIAN_POINT('',(-0.00515736330436353,0.077,0.013));
#7446=CARTESIAN_POINT('',(0.00784263669563647,0.077,0.013));
#7447=CARTESIAN_POINT('',(0.00784263669563647,0.077,0.013));
#7448=CARTESIAN_POINT('',(-1.50030138462859E-19,0.077,0.013));
#7449=CARTESIAN_POINT('',(0.00834263669563647,0.077,0.013));
#7450=CARTESIAN_POINT('',(0.00834263669563647,0.077,0.013));
#7451=CARTESIAN_POINT('',(0.0875,0.07,0.013));
#7452=CARTESIAN_POINT('',(-1.38777878078145E-17,0.,0.0135));
#7453=CARTESIAN_POINT('',(-0.00515736330436353,-3.86879965328463E-19,0.0135));
#7454=CARTESIAN_POINT('',(-1.38777878078145E-17,0.,0.0135));
#7455=CARTESIAN_POINT('',(0.00463525725561717,0.02267,0.0135));
#7456=CARTESIAN_POINT('',(0.00429500000000015,0.02267,0.015125));
#7457=CARTESIAN_POINT('',(0.005375,0.02267,0.015125));
#7458=CARTESIAN_POINT('',(0.004295,0.02267,0.016205));
#7459=CARTESIAN_POINT('',(0.001105,0.02267,0.016205));
#7460=CARTESIAN_POINT('',(-0.002085,0.02267,0.016205));
#7461=CARTESIAN_POINT('',(-0.002085,0.02267,0.015125));
#7462=CARTESIAN_POINT('',(-0.003165,0.02267,0.015125));
#7463=CARTESIAN_POINT('',(-0.003165,0.02267,0.015125));
#7464=CARTESIAN_POINT('',(-0.00316500000000005,0.02267,0.014525));
#7465=CARTESIAN_POINT('',(-0.002085,0.02267,0.013445));
#7466=CARTESIAN_POINT('',(-0.002085,0.02267,0.013445));
#7467=CARTESIAN_POINT('',(0.004295,0.02267,0.013445));
#7468=CARTESIAN_POINT('',(0.005375,0.02267,0.014825));
#7469=CARTESIAN_POINT('',(0.005375,0.02267,0.014525));
#7470=CARTESIAN_POINT('',(-0.002085,0.02267,0.014525));
#7471=CARTESIAN_POINT('',(0.004295,0.02267,0.014525));
#7472=CARTESIAN_POINT('',(0.00132007538715578,0.042264874941895,0.0295));
#7473=CARTESIAN_POINT('',(-0.0111799246128442,0.042264874941895,0.0295));
#7474=CARTESIAN_POINT('',(-0.0111799246128442,0.042264874941895,0.027));
#7475=CARTESIAN_POINT('',(-0.0111799246128442,0.042264874941895,0.0265));
#7476=CARTESIAN_POINT('',(0.00132007538715578,0.042264874941895,0.027));
#7477=CARTESIAN_POINT('',(0.0138200753871558,0.042264874941895,0.027));
#7478=CARTESIAN_POINT('',(0.0138200753871558,0.042264874941895,0.0295));
#7479=CARTESIAN_POINT('',(0.0138200753871558,0.042264874941895,0.0265));
#7480=CARTESIAN_POINT('',(0.00132007538715578,0.042264874941895,0.0265));
#7481=CARTESIAN_POINT('',(-0.0111799246128442,0.048764874941895,0.0295));
#7482=CARTESIAN_POINT('',(-0.0111799246128442,0.055264874941895,0.0295));
#7483=CARTESIAN_POINT('',(-0.0111799246128442,0.055264874941895,0.027));
#7484=CARTESIAN_POINT('',(-0.0111799246128442,0.055264874941895,0.0265));
#7485=CARTESIAN_POINT('',(-0.0111799246128442,0.042264874941895,0.027));
#7486=CARTESIAN_POINT('',(-0.0111799246128442,0.048764874941895,0.0265));
#7487=CARTESIAN_POINT('',(0.00132007538715578,0.055264874941895,0.0295));
#7488=CARTESIAN_POINT('',(0.0138200753871558,0.055264874941895,0.0295));
#7489=CARTESIAN_POINT('',(0.0138200753871558,0.055264874941895,0.027));
#7490=CARTESIAN_POINT('',(0.0138200753871558,0.055264874941895,0.0265));
#7491=CARTESIAN_POINT('',(-0.0111799246128442,0.055264874941895,0.027));
#7492=CARTESIAN_POINT('',(0.00132007538715578,0.055264874941895,0.0265));
#7493=CARTESIAN_POINT('',(0.000868932697022217,-0.0237571221810143,0.0295));
#7494=CARTESIAN_POINT('',(-0.00863106730297778,-0.0237571221810143,0.0295));
#7495=CARTESIAN_POINT('',(-0.00863106730297778,-0.0237571221810143,0.027));
#7496=CARTESIAN_POINT('',(-0.00863106730297778,-0.0237571221810143,0.0265));
#7497=CARTESIAN_POINT('',(0.000868932697022217,-0.0237571221810143,0.027));
#7498=CARTESIAN_POINT('',(0.0103689326970222,-0.0237571221810143,0.027));
#7499=CARTESIAN_POINT('',(0.0103689326970222,-0.0237571221810143,0.0295));
#7500=CARTESIAN_POINT('',(0.0103689326970222,-0.0237571221810143,0.0265));
#7501=CARTESIAN_POINT('',(0.000868932697022217,-0.0237571221810143,0.0265));
#7502=CARTESIAN_POINT('',(-0.00863106730297778,-0.0107571221810143,0.0295));
#7503=CARTESIAN_POINT('',(-0.00863106730297779,0.00224287781898573,0.0295));
#7504=CARTESIAN_POINT('',(-0.00863106730297779,0.00224287781898573,0.027));
#7505=CARTESIAN_POINT('',(-0.00863106730297779,0.00224287781898573,0.0265));
#7506=CARTESIAN_POINT('',(-0.00863106730297778,-0.0237571221810143,0.027));
#7507=CARTESIAN_POINT('',(-0.00863106730297778,-0.0107571221810143,0.0265));
#7508=CARTESIAN_POINT('',(0.000868932697022212,0.00224287781898573,0.0295));
#7509=CARTESIAN_POINT('',(0.0103689326970222,0.00224287781898573,0.0295));
#7510=CARTESIAN_POINT('',(0.0103689326970222,0.00224287781898573,0.027));
#7511=CARTESIAN_POINT('',(0.0103689326970222,0.00224287781898573,0.0265));
#7512=CARTESIAN_POINT('',(-0.00863106730297779,0.00224287781898573,0.027));
#7513=CARTESIAN_POINT('',(0.000868932697022212,0.00224287781898573,0.0265));
#7514=CARTESIAN_POINT('',(0.0103689326970222,-0.0107571221810143,0.0295));
#7515=CARTESIAN_POINT('',(0.0103689326970222,-0.0107571221810143,0.027));
#7516=CARTESIAN_POINT('',(0.0103689326970222,-0.0107571221810143,0.0265));
#7517=CARTESIAN_POINT('',(-0.064,-0.0131913057863712,0.0295));
#7518=CARTESIAN_POINT('',(-0.064,-0.0131913057863712,0.0315));
#7519=CARTESIAN_POINT('',(-0.0495,-0.0131913057863712,0.0315));
#7520=CARTESIAN_POINT('',(-0.0346,0.0276765339076519,0.0295));
#7521=CARTESIAN_POINT('',(-0.0346,0.0276765339076519,0.0305));
#7522=CARTESIAN_POINT('',(-0.0316,0.0276765339076519,0.0305));
#7523=CARTESIAN_POINT('',(-0.0346,0.0276765339076519,0.0265));
#7524=CARTESIAN_POINT('',(-0.0316,0.0276765339076519,0.0265));
#7525=CARTESIAN_POINT('',(0.039,0.0276765339076519,0.0295));
#7526=CARTESIAN_POINT('',(0.039,0.0276765339076519,0.0305));
#7527=CARTESIAN_POINT('',(0.042,0.0276765339076519,0.0305));
#7528=CARTESIAN_POINT('',(0.039,0.0276765339076519,0.0265));
#7529=CARTESIAN_POINT('',(0.042,0.0276765339076519,0.0265));
#7530=CARTESIAN_POINT('',(0.0023,0.0276765339076519,0.0295));
#7531=CARTESIAN_POINT('',(0.0023,0.0276765339076519,0.0305));
#7532=CARTESIAN_POINT('',(0.0053,0.0276765339076519,0.0305));
#7533=CARTESIAN_POINT('',(0.0023,0.0276765339076519,0.0265));
#7534=CARTESIAN_POINT('',(0.0053,0.0276765339076519,0.0265));
#7535=CARTESIAN_POINT('',(0.03665,-0.0485143065452576,0.0295));
#7536=CARTESIAN_POINT('',(0.03665,-0.0485143065452576,0.0265));
#7537=CARTESIAN_POINT('',(0.0394,-0.0485143065452576,0.0265));
#7538=CARTESIAN_POINT('',(-0.04525,0.0581958070166224,0.0295));
#7539=CARTESIAN_POINT('',(-0.04525,0.0581958070166224,0.0265));
#7540=CARTESIAN_POINT('',(-0.0425,0.0581958070166224,0.0265));
#7541=CARTESIAN_POINT('',(-0.03325,0.0581958070166224,0.0295));
#7542=CARTESIAN_POINT('',(-0.03325,0.0581958070166224,0.0265));
#7543=CARTESIAN_POINT('',(-0.0305,0.0581958070166224,0.0265));
#7544=CARTESIAN_POINT('',(0.0339,0.0518190525472164,0.0295));
#7545=CARTESIAN_POINT('',(0.0339,0.0518190525472164,0.0305));
#7546=CARTESIAN_POINT('',(0.0361,0.0518190525472164,0.0305));
#7547=CARTESIAN_POINT('',(0.0417,0.0518190525472164,0.0295));
#7548=CARTESIAN_POINT('',(0.0417,0.0518190525472164,0.0305));
#7549=CARTESIAN_POINT('',(0.0439,0.0518190525472164,0.0305));
#7550=CARTESIAN_POINT('',(0.0493,0.0518190525472164,0.0295));
#7551=CARTESIAN_POINT('',(0.0493,0.0518190525472164,0.0305));
#7552=CARTESIAN_POINT('',(0.0515,0.0518190525472164,0.0305));
#7553=CARTESIAN_POINT('',(0.0138200753871558,0.048764874941895,0.0295));
#7554=CARTESIAN_POINT('',(0.0138200753871558,0.048764874941895,0.027));
#7555=CARTESIAN_POINT('',(0.0138200753871558,0.048764874941895,0.0265));
#7556=CARTESIAN_POINT('',(-1.38777878078145E-17,0.,0.0265));
#7557=CARTESIAN_POINT('',(0.0339,0.0518190525472164,0.0265));
#7558=CARTESIAN_POINT('',(0.03665,0.0518190525472164,0.0265));
#7559=CARTESIAN_POINT('',(0.0493,0.0518190525472164,0.0265));
#7560=CARTESIAN_POINT('',(0.05205,0.0518190525472164,0.0265));
#7561=CARTESIAN_POINT('',(0.0417,0.0518190525472164,0.0265));
#7562=CARTESIAN_POINT('',(0.04445,0.0518190525472164,0.0265));
#7563=CARTESIAN_POINT('',(0.0631,-0.0116913057863712,0.0265));
#7564=CARTESIAN_POINT('',(-0.064,-0.0131913057863712,0.0265));
#7565=CARTESIAN_POINT('',(-1.38777878078145E-17,0.060264874941895,0.027));
#7566=CARTESIAN_POINT('',(0.0188200753871558,0.060264874941895,0.027));
#7567=CARTESIAN_POINT('',(-0.0161799246128442,0.060264874941895,0.027));
#7568=CARTESIAN_POINT('',(-0.0161799246128442,0.,0.027));
#7569=CARTESIAN_POINT('',(-0.0161799246128442,0.037264874941895,0.027));
#7570=CARTESIAN_POINT('',(0.0188200753871558,0.048764874941895,0.027));
#7571=CARTESIAN_POINT('',(0.0188200753871558,0.037264874941895,0.027));
#7572=CARTESIAN_POINT('',(0.00132007538715578,0.037264874941895,0.027));
#7573=CARTESIAN_POINT('',(0.00784263669563647,0.077,0.017));
#7574=CARTESIAN_POINT('',(0.00784263669563647,0.077,0.021));
#7575=CARTESIAN_POINT('',(0.00784263669563647,0.077,0.021));
#7576=CARTESIAN_POINT('',(0.00784263669563647,0.077,0.017));
#7577=CARTESIAN_POINT('',(0.00134263669563647,0.077,0.021));
#7578=CARTESIAN_POINT('',(-0.00515736330436353,0.077,0.021));
#7579=CARTESIAN_POINT('',(-0.00515736330436353,0.077,0.021));
#7580=CARTESIAN_POINT('',(0.00134263669563647,0.077,0.021));
#7581=CARTESIAN_POINT('',(-0.00515736330436353,0.077,0.017));
#7582=CARTESIAN_POINT('',(-0.00515736330436353,0.077,0.017));
#7583=CARTESIAN_POINT('',(-0.00565736330436353,0.077,0.017));
#7584=CARTESIAN_POINT('',(-0.00565736330436353,0.077,0.0205));
#7585=CARTESIAN_POINT('',(-0.00565736330436353,0.077,0.0205));
#7586=CARTESIAN_POINT('',(-0.00565736330436353,0.077,0.017));
#7587=CARTESIAN_POINT('',(0.00134263669563647,0.077,0.0215));
#7588=CARTESIAN_POINT('',(0.00734263669563647,0.077,0.0215));
#7589=CARTESIAN_POINT('',(0.00734263669563647,0.077,0.0215));
#7590=CARTESIAN_POINT('',(0.00134263669563647,0.077,0.0215));
#7591=CARTESIAN_POINT('',(-0.00465736330436353,0.077,0.0215));
#7592=CARTESIAN_POINT('',(-0.00465736330436353,0.075,0.0215));
#7593=CARTESIAN_POINT('',(0.00834263669563647,0.077,0.017));
#7594=CARTESIAN_POINT('',(0.00834263669563647,0.077,0.017));
#7595=CARTESIAN_POINT('',(0.00834263669563647,0.077,0.0205));
#7596=CARTESIAN_POINT('',(0.00834263669563647,0.077,0.0205));
#7597=CARTESIAN_POINT('',(-1.96539481386345E-17,0.077,0.02225));
#7598=CARTESIAN_POINT('',(0.00734263669563647,0.077,0.0205));
#7599=CARTESIAN_POINT('',(-0.00465736330436353,0.077,0.0205));
#7600=CARTESIAN_POINT('',(0.00734263669563647,0.077,0.0205));
#7601=CARTESIAN_POINT('',(-0.00465736330436353,0.077,0.0205));
#7602=CARTESIAN_POINT('',(0.0417,0.0518190525472164,0.019));
#7603=CARTESIAN_POINT('',(0.0417,0.0518190525472164,0.019));
#7604=CARTESIAN_POINT('',(0.04395,0.0518190525472164,0.019));
#7605=CARTESIAN_POINT('',(0.0417,0.0518190525472164,0.019));
#7606=CARTESIAN_POINT('',(0.0417,0.0518190525472164,0.019));
#7607=CARTESIAN_POINT('',(0.04445,0.0518190525472164,0.019));
#7608=CARTESIAN_POINT('',(-1.38777878078145E-17,0.,0.019));
#7609=CARTESIAN_POINT('',(0.0493,0.0518190525472164,0.019));
#7610=CARTESIAN_POINT('',(0.0493,0.0518190525472164,0.019));
#7611=CARTESIAN_POINT('',(0.05155,0.0518190525472164,0.019));
#7612=CARTESIAN_POINT('',(0.0493,0.0518190525472164,0.019));
#7613=CARTESIAN_POINT('',(0.0493,0.0518190525472164,0.019));
#7614=CARTESIAN_POINT('',(0.05205,0.0518190525472164,0.019));
#7615=CARTESIAN_POINT('',(-1.38777878078145E-17,0.,0.019));
#7616=CARTESIAN_POINT('',(0.0339,0.0518190525472164,0.019));
#7617=CARTESIAN_POINT('',(0.0339,0.0518190525472164,0.019));
#7618=CARTESIAN_POINT('',(0.03615,0.0518190525472164,0.019));
#7619=CARTESIAN_POINT('',(0.0339,0.0518190525472164,0.019));
#7620=CARTESIAN_POINT('',(0.0339,0.0518190525472164,0.019));
#7621=CARTESIAN_POINT('',(0.03665,0.0518190525472164,0.019));
#7622=CARTESIAN_POINT('',(-1.38777878078145E-17,0.,0.019));
#7623=CARTESIAN_POINT('',(0.0493,0.0518190525472164,0.0305));
#7624=CARTESIAN_POINT('',(0.0493,0.0518190525472164,0.032));
#7625=CARTESIAN_POINT('',(0.053,0.0518190525472164,0.032));
#7626=CARTESIAN_POINT('',(0.0417,0.0518190525472164,0.0305));
#7627=CARTESIAN_POINT('',(0.0417,0.0518190525472164,0.032));
#7628=CARTESIAN_POINT('',(0.0454,0.0518190525472164,0.032));
#7629=CARTESIAN_POINT('',(0.0339,0.0518190525472164,0.0305));
#7630=CARTESIAN_POINT('',(0.0339,0.0518190525472164,0.032));
#7631=CARTESIAN_POINT('',(0.0376,0.0518190525472164,0.032));
#7632=CARTESIAN_POINT('',(-0.0346,0.0276765339076519,0.0305));
#7633=CARTESIAN_POINT('',(0.039,0.0276765339076519,0.0305));
#7634=CARTESIAN_POINT('',(0.039,0.0276765339076519,0.032));
#7635=CARTESIAN_POINT('',(0.0435,0.0276765339076519,0.032));
#7636=CARTESIAN_POINT('',(0.0023,0.0276765339076519,0.0305));
#7637=CARTESIAN_POINT('',(0.0411151538124582,0.011960630133742,0.0315));
#7638=CARTESIAN_POINT('',(0.0490809754966569,0.0119226936513249,0.0315));
#7639=CARTESIAN_POINT('',(0.0490809754966569,0.0119226936513249,0.0315));
#7640=CARTESIAN_POINT('',(0.0331493321282596,0.0119985666161591,0.0315));
#7641=CARTESIAN_POINT('',(0.0331493321282596,0.0119985666161591,0.0315));
#7642=CARTESIAN_POINT('',(0.0411151538124582,0.011960630133742,0.0315));
#7643=CARTESIAN_POINT('',(0.0332219493517568,0.0272465763610006,0.0315));
#7644=CARTESIAN_POINT('',(0.0332945665752541,0.0424945861058422,0.0315));
#7645=CARTESIAN_POINT('',(0.0332945665752541,0.0424945861058422,0.0315));
#7646=CARTESIAN_POINT('',(0.0332219493517568,0.0272465763610006,0.0315));
#7647=CARTESIAN_POINT('',(0.0343045771281874,0.0424878095859005,0.0315));
#7648=CARTESIAN_POINT('',(0.0353145876811208,0.0424810330659588,0.0315));
#7649=CARTESIAN_POINT('',(0.0353145876811208,0.0424810330659588,0.0315));
#7650=CARTESIAN_POINT('',(0.0343045771281874,0.0424878095859005,0.0315));
#7651=CARTESIAN_POINT('',(0.0353145876811208,0.0453486867831767,0.0315));
#7652=CARTESIAN_POINT('',(0.0353145876811208,0.0483913809250401,0.0315));
#7653=CARTESIAN_POINT('',(0.0353145876811208,0.0483913809250401,0.0315));
#7654=CARTESIAN_POINT('',(0.0353145876811208,0.0453486867831767,0.0315));
#7655=CARTESIAN_POINT('',(0.0339,0.0518190525472164,0.0315));
#7656=CARTESIAN_POINT('',(0.0318152618324897,0.0487524815257045,0.0315));
#7657=CARTESIAN_POINT('',(0.0318152618324897,0.0487524815257045,0.0315));
#7658=CARTESIAN_POINT('',(0.0339,0.0518190525472164,0.0315));
#7659=CARTESIAN_POINT('',(0.0318152618324897,0.0485054097404839,0.0315));
#7660=CARTESIAN_POINT('',(0.0318152618324897,0.046004769734926,0.0315));
#7661=CARTESIAN_POINT('',(0.0318152618324897,0.046004769734926,0.0315));
#7662=CARTESIAN_POINT('',(0.0318152618324897,0.0485054097404839,0.0315));
#7663=CARTESIAN_POINT('',(0.0308170317747541,0.0460114672153365,0.0315));
#7664=CARTESIAN_POINT('',(0.0298188017170184,0.046018164695747,0.0315));
#7665=CARTESIAN_POINT('',(0.0298188017170184,0.046018164695747,0.0315));
#7666=CARTESIAN_POINT('',(0.0308170317747541,0.0460114672153365,0.0315));
#7667=CARTESIAN_POINT('',(0.0297412992143161,0.0290166654245324,0.0315));
#7668=CARTESIAN_POINT('',(0.0296637967116138,0.0120151661533179,0.0315));
#7669=CARTESIAN_POINT('',(0.0296637967116138,0.0120151661533179,0.0315));
#7670=CARTESIAN_POINT('',(0.0297412992143161,0.0290166654245324,0.0315));
#7671=CARTESIAN_POINT('',(0.0260416118732905,0.0120324164705957,0.0315));
#7672=CARTESIAN_POINT('',(0.0224194270349672,0.0120496667878734,0.0315));
#7673=CARTESIAN_POINT('',(0.0224194270349672,0.0120496667878734,0.0315));
#7674=CARTESIAN_POINT('',(0.0260416118732905,0.0120324164705957,0.0315));
#7675=CARTESIAN_POINT('',(0.0224194270349672,0.0119861802195992,0.0315));
#7676=CARTESIAN_POINT('',(0.0224194270349672,0.0119861802195992,0.0315));
#7677=CARTESIAN_POINT('',(0.0259194270349672,-0.0188835581743383,0.0315));
#7678=CARTESIAN_POINT('',(0.0259194270349672,0.00842269365132488,0.0315));
#7679=CARTESIAN_POINT('',(0.0259194270349672,0.00842269365132488,0.0315));
#7680=CARTESIAN_POINT('',(0.0259194270349672,-0.0188835581743383,0.0315));
#7681=CARTESIAN_POINT('',(0.0277833848728435,0.00841419667143725,0.0315));
#7682=CARTESIAN_POINT('',(0.0296473427107198,0.00840569969154963,0.0315));
#7683=CARTESIAN_POINT('',(0.0296473427107198,0.00840569969154963,0.0315));
#7684=CARTESIAN_POINT('',(0.0277833848728435,0.00841419667143725,0.0315));
#7685=CARTESIAN_POINT('',(0.0296225138204099,0.00295905802462372,0.0315));
#7686=CARTESIAN_POINT('',(0.0295976849301,-0.00248758364230218,0.0315));
#7687=CARTESIAN_POINT('',(0.0295976849301,-0.00248758364230218,0.0315));
#7688=CARTESIAN_POINT('',(0.0296225138204099,0.00295905802462372,0.0315));
#7689=CARTESIAN_POINT('',(0.0380737887334096,-0.00248758364230218,0.0315));
#7690=CARTESIAN_POINT('',(0.0465498925367194,-0.00248758364230218,0.0315));
#7691=CARTESIAN_POINT('',(0.0465498925367194,-0.00248758364230218,0.0315));
#7692=CARTESIAN_POINT('',(0.0380737887334096,-0.00248758364230218,0.0315));
#7693=CARTESIAN_POINT('',(0.0468235980585258,-0.00248908139021597,0.0315));
#7694=CARTESIAN_POINT('',(0.0470973035803321,-0.00249057913812976,0.0315));
#7695=CARTESIAN_POINT('',(0.0470973035803321,-0.00249057913812976,0.0315));
#7696=CARTESIAN_POINT('',(0.0468235980585258,-0.00248908139021597,0.0315));
#7697=CARTESIAN_POINT('',(0.0470973035803321,-0.0243038149516034,0.0315));
#7698=CARTESIAN_POINT('',(0.0470973035803321,-0.0243038149516034,0.0315));
#7699=CARTESIAN_POINT('',(0.0505034378236941,-0.0225921525303307,0.0315));
#7700=CARTESIAN_POINT('',(0.0505034378236941,-0.0225921525303307,0.0315));
#7701=CARTESIAN_POINT('',(0.0505034378236941,-0.0225921525303307,0.0315));
#7702=CARTESIAN_POINT('',(0.0505034378236941,0.00101224120942434,0.0315));
#7703=CARTESIAN_POINT('',(0.0505034378236941,0.00101224120942434,0.0315));
#7704=CARTESIAN_POINT('',(0.0505034378236941,-0.0225921525303307,0.0315));
#7705=CARTESIAN_POINT('',(0.0499612093286788,0.00101224120942434,0.0315));
#7706=CARTESIAN_POINT('',(0.033097010778731,0.00101224120942434,0.0315));
#7707=CARTESIAN_POINT('',(0.033097010778731,0.00101224120942434,0.0315));
#7708=CARTESIAN_POINT('',(0.0499612093286788,0.00101224120942434,0.0315));
#7709=CARTESIAN_POINT('',(0.0331145992186784,0.00470542432491015,0.0315));
#7710=CARTESIAN_POINT('',(0.0331321876586257,0.00839860744039596,0.0315));
#7711=CARTESIAN_POINT('',(0.0331321876586257,0.00839860744039596,0.0315));
#7712=CARTESIAN_POINT('',(0.0331145992186784,0.00470542432491015,0.0315));
#7713=CARTESIAN_POINT('',(0.0429065815776413,0.00835205780148275,0.0315));
#7714=CARTESIAN_POINT('',(0.0526809754966569,0.00830550816256955,0.0315));
#7715=CARTESIAN_POINT('',(0.0526809754966569,0.00830550816256955,0.0315));
#7716=CARTESIAN_POINT('',(0.0429065815776413,0.00835205780148275,0.0315));
#7717=CARTESIAN_POINT('',(0.0526809754966569,0.024389810944195,0.0315));
#7718=CARTESIAN_POINT('',(0.0526809754966569,0.0404741137258205,0.0315));
#7719=CARTESIAN_POINT('',(0.0526809754966569,0.0404741137258205,0.0315));
#7720=CARTESIAN_POINT('',(0.0526809754966569,0.024389810944195,0.0315));
#7721=CARTESIAN_POINT('',(0.0481014363564613,0.0404741137258205,0.0315));
#7722=CARTESIAN_POINT('',(0.0435218972162657,0.0404741137258205,0.0315));
#7723=CARTESIAN_POINT('',(0.0435218972162657,0.0404741137258205,0.0315));
#7724=CARTESIAN_POINT('',(0.0481014363564613,0.0404741137258205,0.0315));
#7725=CARTESIAN_POINT('',(0.0435218972162657,0.0445353296270925,0.0315));
#7726=CARTESIAN_POINT('',(0.0435218972162657,0.0485965455283645,0.0315));
#7727=CARTESIAN_POINT('',(0.0435218972162657,0.0485965455283645,0.0315));
#7728=CARTESIAN_POINT('',(0.0435218972162657,0.0445353296270925,0.0315));
#7729=CARTESIAN_POINT('',(0.0417,0.0518190525472164,0.0315));
#7730=CARTESIAN_POINT('',(0.0399218972162657,0.0485721753638813,0.0315));
#7731=CARTESIAN_POINT('',(0.0399218972162657,0.0485721753638813,0.0315));
#7732=CARTESIAN_POINT('',(0.0417,0.0518190525472164,0.0315));
#7733=CARTESIAN_POINT('',(0.0399218972162657,0.0427231445448509,0.0315));
#7734=CARTESIAN_POINT('',(0.0399218972162657,0.0368741137258205,0.0315));
#7735=CARTESIAN_POINT('',(0.0399218972162657,0.0368741137258205,0.0315));
#7736=CARTESIAN_POINT('',(0.0399218972162657,0.0427231445448509,0.0315));
#7737=CARTESIAN_POINT('',(0.0400428413965207,0.0368741137258205,0.0315));
#7738=CARTESIAN_POINT('',(0.0490809754966569,0.0368741137258205,0.0315));
#7739=CARTESIAN_POINT('',(0.0490809754966569,0.0368741137258205,0.0315));
#7740=CARTESIAN_POINT('',(0.0400428413965207,0.0368741137258205,0.0315));
#7741=CARTESIAN_POINT('',(0.0490809754966569,0.0243984036885727,0.0315));
#7742=CARTESIAN_POINT('',(0.0490809754966569,0.0243984036885727,0.0315));
#7743=CARTESIAN_POINT('',(-1.38777878078145E-17,0.,0.0315));
#7744=CARTESIAN_POINT('',(0.0631,-0.0116913057863712,0.0315));
#7745=CARTESIAN_POINT('',(-1.38777878078145E-17,0.,0.0315));
#7746=CARTESIAN_POINT('',(-1.05794920374198E-17,0.0651794494717703,0.0315));
#7747=CARTESIAN_POINT('',(-0.0826794494717703,0.0651794494717703,0.0315));
#7748=CARTESIAN_POINT('',(0.0826794494717703,0.0651794494717704,0.0315));
#7749=CARTESIAN_POINT('',(0.0826794494717703,2.38125388426741E-17,0.0315));
#7750=CARTESIAN_POINT('',(0.0826794494717703,-0.0651794494717703,0.0315));
#7751=CARTESIAN_POINT('',(1.34199749220602E-17,-0.0651794494717703,0.0315));
#7752=CARTESIAN_POINT('',(-0.0826794494717703,-0.0651794494717703,0.0315));
#7753=CARTESIAN_POINT('',(-0.0826794494717703,-6.36326152549561E-18,0.0315));
#7754=CARTESIAN_POINT('',(0.0875,-0.07,0.0315));
#7755=CARTESIAN_POINT('',(0.0875,0.07,0.0315));
#7756=CARTESIAN_POINT('',(-0.0875,0.07,0.0315));
#7757=CARTESIAN_POINT('',(-0.0875,-0.07,0.0315));
#7758=CARTESIAN_POINT('',(-0.0136310673029778,0.,0.027));
#7759=CARTESIAN_POINT('',(-0.0136310673029778,0.00724287781898573,0.027));
#7760=CARTESIAN_POINT('',(-0.0136310673029778,-0.0287571221810143,0.027));
#7761=CARTESIAN_POINT('',(0.000868932697022217,-0.0287571221810143,0.027));
#7762=CARTESIAN_POINT('',(0.0153689326970222,-0.0287571221810143,0.027));
#7763=CARTESIAN_POINT('',(-1.38777878078145E-17,0.00724287781898573,0.027));
#7764=CARTESIAN_POINT('',(0.0153689326970222,0.00724287781898573,0.027));
#7765=CARTESIAN_POINT('',(0.0153689326970222,-0.0107571221810143,0.027));
#7766=CARTESIAN_POINT('',(-2.41035261925198E-17,0.063,0.027));
#7767=CARTESIAN_POINT('',(-0.0805,0.063,0.027));
#7768=CARTESIAN_POINT('',(-2.41035261925198E-17,0.063,0.032));
#7769=CARTESIAN_POINT('',(0.0805,0.063,0.032));
#7770=CARTESIAN_POINT('',(0.0805,0.063,0.027));
#7771=CARTESIAN_POINT('',(0.0805,1.64288517430744E-17,0.027));
#7772=CARTESIAN_POINT('',(0.0805,1.64288517430744E-17,0.032));
#7773=CARTESIAN_POINT('',(0.0805,-0.063,0.032));
#7774=CARTESIAN_POINT('',(0.0805,-0.063,0.027));
#7775=CARTESIAN_POINT('',(-0.0805,1.020425574104E-18,0.027));
#7776=CARTESIAN_POINT('',(-0.0805,-0.063,0.027));
#7777=CARTESIAN_POINT('',(1.30662212693458E-17,-0.063,0.027));
#7778=CARTESIAN_POINT('',(0.0855,-0.063,0.032));
#7779=CARTESIAN_POINT('',(-2.41035261925198E-17,0.063,0.0321));
#7780=CARTESIAN_POINT('',(0.0242982363976328,0.063,0.0321));
#7781=CARTESIAN_POINT('',(0.0805,0.063,0.0321));
#7782=CARTESIAN_POINT('',(0.0242982363998506,0.0629999999843201,0.0321));
#7783=CARTESIAN_POINT('',(0.0242982363998506,0.0629999999843201,0.032));
#7784=CARTESIAN_POINT('',(0.0255576706904787,0.059631011542884,0.0321));
#7785=CARTESIAN_POINT('',(0.0255576706904787,0.059631011542884,0.032));
#7786=CARTESIAN_POINT('',(0.0258367654938509,0.0500837054321088,0.0321));
#7787=CARTESIAN_POINT('',(0.0258367654938509,0.0500837054321088,0.032));
#7788=CARTESIAN_POINT('',(0.0230816819223525,0.0338955749224311,0.0321));
#7789=CARTESIAN_POINT('',(0.0230816819223525,0.0338955749224311,0.032));
#7790=CARTESIAN_POINT('',(0.0205129605454106,0.0200545596767937,0.0321));
#7791=CARTESIAN_POINT('',(0.0205129605454106,0.0200545596767937,0.032));
#7792=CARTESIAN_POINT('',(0.0187776401191609,0.00964341096556841,0.0321));
#7793=CARTESIAN_POINT('',(0.0187776401191609,0.00964341096556841,0.032));
#7794=CARTESIAN_POINT('',(0.0176111475564277,-0.000380475606549132,0.0321));
#7795=CARTESIAN_POINT('',(0.0176111475564277,-0.000380475606549132,0.032));
#7796=CARTESIAN_POINT('',(0.0173755880674898,-0.00961007178617798,0.0321));
#7797=CARTESIAN_POINT('',(0.0173755880674898,-0.00961007178617798,0.032));
#7798=CARTESIAN_POINT('',(0.0177155933891253,-0.0181300393847892,0.0321));
#7799=CARTESIAN_POINT('',(0.0177155933891253,-0.0181300393847892,0.032));
#7800=CARTESIAN_POINT('',(0.0182899076593502,-0.0260153366636461,0.0321));
#7801=CARTESIAN_POINT('',(0.0182899076593502,-0.0260153366636461,0.032));
#7802=CARTESIAN_POINT('',(0.0187538593859634,-0.0333433834608772,0.0321));
#7803=CARTESIAN_POINT('',(0.0187538593859634,-0.0333433834608772,0.032));
#7804=CARTESIAN_POINT('',(0.0187623271963955,-0.0401914568573618,0.0321));
#7805=CARTESIAN_POINT('',(0.0187623271963955,-0.0401914568573618,0.032));
#7806=CARTESIAN_POINT('',(0.0181065585908712,-0.0455610289646478,0.0321));
#7807=CARTESIAN_POINT('',(0.0181065585908712,-0.0455610289646478,0.032));
#7808=CARTESIAN_POINT('',(0.0170040901642867,-0.0496959389574833,0.0321));
#7809=CARTESIAN_POINT('',(0.0170040901642867,-0.0496959389574833,0.032));
#7810=CARTESIAN_POINT('',(0.0154879021342296,-0.0537255811241813,0.0321));
#7811=CARTESIAN_POINT('',(0.0154879021342296,-0.0537255811241813,0.032));
#7812=CARTESIAN_POINT('',(0.0131077903043502,-0.0584384701730363,0.0321));
#7813=CARTESIAN_POINT('',(0.0131077903043502,-0.0584384701730363,0.032));
#7814=CARTESIAN_POINT('',(0.0112370822292927,-0.0616189920302519,0.0321));
#7815=CARTESIAN_POINT('',(0.0112370822292927,-0.0616189920302519,0.032));
#7816=CARTESIAN_POINT('',(0.0104498372820043,-0.063000000000644,0.0321));
#7817=CARTESIAN_POINT('',(0.0104498372820043,-0.063000000000644,0.032));
#7818=CARTESIAN_POINT('',(0.010449837282253,-0.063,0.0321));
#7819=CARTESIAN_POINT('',(0.0855,-0.063,0.0321));
#7820=CARTESIAN_POINT('',(0.0805,-0.063,0.0321));
#7821=CARTESIAN_POINT('',(0.039,0.0276765339076519,0.0321));
#7822=CARTESIAN_POINT('',(0.0493,0.0518190525472164,0.0321));
#7823=CARTESIAN_POINT('',(0.0417,0.0518190525472164,0.0321));
#7824=CARTESIAN_POINT('',(0.0339,0.0518190525472164,0.0321));
#7825=CARTESIAN_POINT('',(0.0805,1.64288517430744E-17,0.0321));
#7826=CARTESIAN_POINT('',(-0.0875,-0.07,0.0135));
#7827=CARTESIAN_POINT('',(-0.0875,0.07,0.0135));
#7828=CARTESIAN_POINT('',(0.0875,0.07,0.0135));
#7829=CARTESIAN_POINT('',(0.0875,-0.07,0.0135));
#7830=CARTESIAN_POINT('',(0.0631,-0.0116913057863712,0.0315));
#7831=CARTESIAN_POINT('',(-0.064,-0.0131913057863712,0.0315));
#7832=CARTESIAN_POINT('',(0.0875,0.07,0.033));
#7833=CARTESIAN_POINT('',(0.0875,-0.07,0.033));
#7834=CARTESIAN_POINT('',(-0.0875,-0.07,0.033));
#7835=CARTESIAN_POINT('',(-0.0875,0.07,0.033));
#7836=CARTESIAN_POINT('',(0.0196174892094951,-0.0551218159593475,0.0316));
#7837=CARTESIAN_POINT('',(0.0196174892094951,-0.0577588582896757,0.0316));
#7838=CARTESIAN_POINT('',(0.0196174892094951,-0.0577588582896757,0.0316));
#7839=CARTESIAN_POINT('',(0.0196174892094951,-0.0551218159593475,0.0316));
#7840=CARTESIAN_POINT('',(0.0196174892094951,-0.0524847736290192,0.0316));
#7841=CARTESIAN_POINT('',(0.0196174892094951,-0.0524847736290192,0.0316));
#7842=CARTESIAN_POINT('',(0.0199303327729888,-0.0577588582896757,0.0316));
#7843=CARTESIAN_POINT('',(0.0202431763364827,-0.0577588582896757,0.0316));
#7844=CARTESIAN_POINT('',(0.0202431763364827,-0.0577588582896757,0.0316));
#7845=CARTESIAN_POINT('',(0.0199303327729888,-0.0577588582896757,0.0316));
#7846=CARTESIAN_POINT('',(0.0202431763364827,-0.0559586089056032,0.0316));
#7847=CARTESIAN_POINT('',(0.0202431763364827,-0.0541583595215308,0.0316));
#7848=CARTESIAN_POINT('',(0.0202431763364827,-0.0541583595215308,0.0316));
#7849=CARTESIAN_POINT('',(0.0202431763364827,-0.0559586089056032,0.0316));
#7850=CARTESIAN_POINT('',(0.0210016312196847,-0.0559586089056032,0.0316));
#7851=CARTESIAN_POINT('',(0.0217600861028867,-0.0577588582896757,0.0316));
#7852=CARTESIAN_POINT('',(0.0217600861028867,-0.0577588582896757,0.0316));
#7853=CARTESIAN_POINT('',(0.0210016312196847,-0.0559586089056032,0.0316));
#7854=CARTESIAN_POINT('',(0.0219945916033268,-0.0577588582896757,0.0316));
#7855=CARTESIAN_POINT('',(0.0222290971037669,-0.0577588582896757,0.0316));
#7856=CARTESIAN_POINT('',(0.0222290971037669,-0.0577588582896757,0.0316));
#7857=CARTESIAN_POINT('',(0.0219945916033268,-0.0577588582896757,0.0316));
#7858=CARTESIAN_POINT('',(0.0222290971037669,-0.0551218159593475,0.0316));
#7859=CARTESIAN_POINT('',(0.0222290971037669,-0.0524847736290192,0.0316));
#7860=CARTESIAN_POINT('',(0.0222290971037669,-0.0524847736290192,0.0316));
#7861=CARTESIAN_POINT('',(0.0222290971037669,-0.0551218159593475,0.0316));
#7862=CARTESIAN_POINT('',(0.0219228664936478,-0.0524847736290192,0.0316));
#7863=CARTESIAN_POINT('',(0.0216166358835286,-0.0524847736290192,0.0316));
#7864=CARTESIAN_POINT('',(0.0216166358835286,-0.0524847736290192,0.0316));
#7865=CARTESIAN_POINT('',(0.0219228664936478,-0.0524847736290192,0.0316));
#7866=CARTESIAN_POINT('',(0.0216166358835286,-0.0542361888958634,0.0316));
#7867=CARTESIAN_POINT('',(0.0216166358835286,-0.0559876041627075,0.0316));
#7868=CARTESIAN_POINT('',(0.0216166358835286,-0.0559876041627075,0.0316));
#7869=CARTESIAN_POINT('',(0.0216166358835286,-0.0542361888958634,0.0316));
#7870=CARTESIAN_POINT('',(0.020867846086028,-0.0542361888958634,0.0316));
#7871=CARTESIAN_POINT('',(0.0201190562885274,-0.0524847736290192,0.0316));
#7872=CARTESIAN_POINT('',(0.0201190562885274,-0.0524847736290192,0.0316));
#7873=CARTESIAN_POINT('',(0.020867846086028,-0.0542361888958634,0.0316));
#7874=CARTESIAN_POINT('',(0.0198682727490113,-0.0524847736290192,0.0316));
#7875=CARTESIAN_POINT('',(0.0198682727490113,-0.0524847736290192,0.0316));
#7876=CARTESIAN_POINT('',(0.0454749186411265,1.38777878078145E-17,0.0316));
#7877=CARTESIAN_POINT('',(0.0268062782164778,-0.0572379610392405,0.0316));
#7878=CARTESIAN_POINT('',(0.0268062782164778,-0.0572379610392405,0.0321));
#7879=CARTESIAN_POINT('',(0.027001614685391,-0.0572379610392405,0.0316));
#7880=CARTESIAN_POINT('',(0.027001614685391,-0.0572379610392405,0.0321));
#7881=CARTESIAN_POINT('',(0.0271491344145182,-0.0571977746302714,0.0316));
#7882=CARTESIAN_POINT('',(0.0271491344145182,-0.0571977746302714,0.0321));
#7883=CARTESIAN_POINT('',(0.0272488374038593,-0.0571174018123331,0.0316));
#7884=CARTESIAN_POINT('',(0.0272488374038593,-0.0571174018123331,0.0321));
#7885=CARTESIAN_POINT('',(0.0268062782164778,-0.0572379610392405,0.0321));
#7886=CARTESIAN_POINT('',(0.0270992829198477,-0.0572379610392405,0.0321));
#7887=CARTESIAN_POINT('',(0.0272488374038593,-0.0571174018123331,0.0321));
#7888=CARTESIAN_POINT('',(0.0268062782164778,-0.0572379610392405,0.0321));
#7889=CARTESIAN_POINT('',(0.0272488374038593,-0.0571174018123331,0.0321));
#7890=CARTESIAN_POINT('',(0.0268062782164778,-0.0572379610392405,0.0316));
#7891=CARTESIAN_POINT('',(0.0268062782164778,-0.0572379610392405,0.0316));
#7892=CARTESIAN_POINT('',(0.0268062782164778,-0.0572379610392405,0.0316));
#7893=CARTESIAN_POINT('',(0.0270992829198477,-0.0572379610392405,0.0316));
#7894=CARTESIAN_POINT('',(0.0272488374038593,-0.0571174018123331,0.0316));
#7895=CARTESIAN_POINT('',(0.0272488374038593,-0.0571174018123331,0.0316));
#7896=CARTESIAN_POINT('',(0.0272488374038593,-0.0571174018123331,0.0316));
#7897=CARTESIAN_POINT('',(0.0263601582080485,-0.0571174018123331,0.0316));
#7898=CARTESIAN_POINT('',(0.0263601582080485,-0.0571174018123331,0.0321));
#7899=CARTESIAN_POINT('',(0.0264622350780882,-0.0571977746302714,0.0316));
#7900=CARTESIAN_POINT('',(0.0264622350780882,-0.0571977746302714,0.0321));
#7901=CARTESIAN_POINT('',(0.0266109417475646,-0.0572379610392405,0.0316));
#7902=CARTESIAN_POINT('',(0.0266109417475646,-0.0572379610392405,0.0321));
#7903=CARTESIAN_POINT('',(0.0268062782164778,-0.0572379610392405,0.0316));
#7904=CARTESIAN_POINT('',(0.0268062782164778,-0.0572379610392405,0.0321));
#7905=CARTESIAN_POINT('',(0.0263601582080485,-0.0571174018123331,0.0321));
#7906=CARTESIAN_POINT('',(0.026513273513108,-0.0572379610392405,0.0321));
#7907=CARTESIAN_POINT('',(0.0268062782164778,-0.0572379610392405,0.0321));
#7908=CARTESIAN_POINT('',(0.0263601582080485,-0.0571174018123331,0.0321));
#7909=CARTESIAN_POINT('',(0.0263601582080485,-0.0571174018123331,0.0316));
#7910=CARTESIAN_POINT('',(0.0263601582080485,-0.0571174018123331,0.0316));
#7911=CARTESIAN_POINT('',(0.0263601582080485,-0.0571174018123331,0.0316));
#7912=CARTESIAN_POINT('',(0.026513273513108,-0.0572379610392405,0.0316));
#7913=CARTESIAN_POINT('',(0.0268062782164778,-0.0572379610392405,0.0316));
#7914=CARTESIAN_POINT('',(0.0261551566534339,-0.0567786151240618,0.0316));
#7915=CARTESIAN_POINT('',(0.0261551566534339,-0.0567786151240618,0.0321));
#7916=CARTESIAN_POINT('',(0.0261897474864706,-0.0569241000983045,0.0316));
#7917=CARTESIAN_POINT('',(0.0261897474864706,-0.0569241000983045,0.0321));
#7918=CARTESIAN_POINT('',(0.0262580813380088,-0.0570370289943949,0.0316));
#7919=CARTESIAN_POINT('',(0.0262580813380088,-0.0570370289943949,0.0321));
#7920=CARTESIAN_POINT('',(0.0263601582080485,-0.0571174018123331,0.0316));
#7921=CARTESIAN_POINT('',(0.0263601582080485,-0.0571174018123331,0.0321));
#7922=CARTESIAN_POINT('',(0.0261551566534339,-0.0567786151240618,0.0321));
#7923=CARTESIAN_POINT('',(0.0262070429029889,-0.0569968425854258,0.0321));
#7924=CARTESIAN_POINT('',(0.0263601582080485,-0.0571174018123331,0.0321));
#7925=CARTESIAN_POINT('',(0.0261551566534339,-0.0567786151240618,0.0321));
#7926=CARTESIAN_POINT('',(0.0261551566534339,-0.0567786151240618,0.0316));
#7927=CARTESIAN_POINT('',(0.0261551566534339,-0.0567786151240618,0.0316));
#7928=CARTESIAN_POINT('',(0.0261551566534339,-0.0567786151240618,0.0316));
#7929=CARTESIAN_POINT('',(0.0262070429029889,-0.0569968425854258,0.0316));
#7930=CARTESIAN_POINT('',(0.0263601582080485,-0.0571174018123331,0.0316));
#7931=CARTESIAN_POINT('',(0.0283491416580355,-0.0563035976647454,0.0316));
#7932=CARTESIAN_POINT('',(0.0283491416580355,-0.0563035976647454,0.0321));
#7933=CARTESIAN_POINT('',(0.0261035925085818,-0.0562673881532708,0.0321));
#7934=CARTESIAN_POINT('',(0.0261032704038788,-0.056267382959328,0.0316));
#7935=CARTESIAN_POINT('',(0.0261035925085818,-0.0562673881532708,0.03160000025));
#7936=CARTESIAN_POINT('',(0.0283491416580355,-0.0563035976647454,0.0316));
#7937=CARTESIAN_POINT('',(0.0261032704038788,-0.0551116421849249,0.0316));
#7938=CARTESIAN_POINT('',(0.0261032704038788,-0.0551116421849249,0.0321));
#7939=CARTESIAN_POINT('',(0.0261036294275985,-0.0539558949253699,0.0321));
#7940=CARTESIAN_POINT('',(0.0261032704038788,-0.0539559014105218,0.0316));
#7941=CARTESIAN_POINT('',(0.0261036294275985,-0.0539558949253699,0.0316));
#7942=CARTESIAN_POINT('',(0.0261032704038788,-0.0551116421849249,0.0316));
#7943=CARTESIAN_POINT('',(0.0282659791918349,-0.0539168357605972,0.0316));
#7944=CARTESIAN_POINT('',(0.0282659791918349,-0.0539168357605972,0.0321));
#7945=CARTESIAN_POINT('',(0.0261551566534339,-0.0534512821991627,0.0321));
#7946=CARTESIAN_POINT('',(0.0261551566534339,-0.0534512821991627,0.0316));
#7947=CARTESIAN_POINT('',(0.0261551566534339,-0.0534512821991627,0.0316));
#7948=CARTESIAN_POINT('',(0.0282659791918349,-0.0539168357605972,0.0316));
#7949=CARTESIAN_POINT('',(0.0263601582080485,-0.0531257214176407,0.0316));
#7950=CARTESIAN_POINT('',(0.0263601582080485,-0.0531257214176407,0.0321));
#7951=CARTESIAN_POINT('',(0.0262580813380088,-0.0532016855999958,0.0316));
#7952=CARTESIAN_POINT('',(0.0262580813380088,-0.0532016855999958,0.0321));
#7953=CARTESIAN_POINT('',(0.0261897474864706,-0.0533102058605032,0.0316));
#7954=CARTESIAN_POINT('',(0.0261897474864706,-0.0533102058605032,0.0321));
#7955=CARTESIAN_POINT('',(0.0261551566534339,-0.0534512821991627,0.0316));
#7956=CARTESIAN_POINT('',(0.0261551566534339,-0.0534512821991627,0.0321));
#7957=CARTESIAN_POINT('',(0.0263601582080485,-0.0531257214176407,0.0321));
#7958=CARTESIAN_POINT('',(0.0262070429029889,-0.0532396676911734,0.0321));
#7959=CARTESIAN_POINT('',(0.0261551566534339,-0.0534512821991627,0.0321));
#7960=CARTESIAN_POINT('',(0.0263601582080485,-0.0531257214176407,0.0321));
#7961=CARTESIAN_POINT('',(0.0263601582080485,-0.0531257214176407,0.0316));
#7962=CARTESIAN_POINT('',(0.0263601582080485,-0.0531257214176407,0.0316));
#7963=CARTESIAN_POINT('',(0.0263601582080485,-0.0531257214176407,0.0316));
#7964=CARTESIAN_POINT('',(0.0262070429029889,-0.0532396676911734,0.0316));
#7965=CARTESIAN_POINT('',(0.0261551566534339,-0.0534512821991627,0.0316));
#7966=CARTESIAN_POINT('',(0.0268062782164778,-0.053011775144108,0.0316));
#7967=CARTESIAN_POINT('',(0.0268062782164778,-0.053011775144108,0.0321));
#7968=CARTESIAN_POINT('',(0.0266109417475646,-0.053011775144108,0.0316));
#7969=CARTESIAN_POINT('',(0.0266109417475646,-0.053011775144108,0.0321));
#7970=CARTESIAN_POINT('',(0.0264622350780882,-0.0530497572352856,0.0316));
#7971=CARTESIAN_POINT('',(0.0264622350780882,-0.0530497572352856,0.0321));
#7972=CARTESIAN_POINT('',(0.0263601582080485,-0.0531257214176407,0.0316));
#7973=CARTESIAN_POINT('',(0.0263601582080485,-0.0531257214176407,0.0321));
#7974=CARTESIAN_POINT('',(0.0268062782164778,-0.053011775144108,0.0321));
#7975=CARTESIAN_POINT('',(0.026513273513108,-0.053011775144108,0.0321));
#7976=CARTESIAN_POINT('',(0.0263601582080485,-0.0531257214176407,0.0321));
#7977=CARTESIAN_POINT('',(0.0268062782164778,-0.053011775144108,0.0321));
#7978=CARTESIAN_POINT('',(0.0268062782164778,-0.053011775144108,0.0316));
#7979=CARTESIAN_POINT('',(0.0268062782164778,-0.053011775144108,0.0316));
#7980=CARTESIAN_POINT('',(0.0268062782164778,-0.053011775144108,0.0316));
#7981=CARTESIAN_POINT('',(0.026513273513108,-0.053011775144108,0.0316));
#7982=CARTESIAN_POINT('',(0.0263601582080485,-0.0531257214176407,0.0316));
#7983=CARTESIAN_POINT('',(0.0272488374038593,-0.0531257214176407,0.0316));
#7984=CARTESIAN_POINT('',(0.0272488374038593,-0.0531257214176407,0.0321));
#7985=CARTESIAN_POINT('',(0.0271491344145182,-0.0530497572352856,0.0316));
#7986=CARTESIAN_POINT('',(0.0271491344145182,-0.0530497572352856,0.0321));
#7987=CARTESIAN_POINT('',(0.027001614685391,-0.053011775144108,0.0316));
#7988=CARTESIAN_POINT('',(0.027001614685391,-0.053011775144108,0.0321));
#7989=CARTESIAN_POINT('',(0.0268062782164778,-0.053011775144108,0.0316));
#7990=CARTESIAN_POINT('',(0.0268062782164778,-0.053011775144108,0.0321));
#7991=CARTESIAN_POINT('',(0.0272488374038593,-0.0531257214176407,0.0321));
#7992=CARTESIAN_POINT('',(0.0270992829198477,-0.053011775144108,0.0321));
#7993=CARTESIAN_POINT('',(0.0268062782164778,-0.053011775144108,0.0321));
#7994=CARTESIAN_POINT('',(0.0272488374038593,-0.0531257214176407,0.0321));
#7995=CARTESIAN_POINT('',(0.0272488374038593,-0.0531257214176407,0.0316));
#7996=CARTESIAN_POINT('',(0.0272488374038593,-0.0531257214176407,0.0316));
#7997=CARTESIAN_POINT('',(0.0272488374038593,-0.0531257214176407,0.0316));
#7998=CARTESIAN_POINT('',(0.0270992829198477,-0.053011775144108,0.0316));
#7999=CARTESIAN_POINT('',(0.0268062782164778,-0.053011775144108,0.0316));
#8000=CARTESIAN_POINT('',(0.0274507868261472,-0.0534512821991627,0.0316));
#8001=CARTESIAN_POINT('',(0.0274507868261472,-0.0534512821991627,0.0321));
#8002=CARTESIAN_POINT('',(0.0274158568672964,-0.0533102058605032,0.0316));
#8003=CARTESIAN_POINT('',(0.0274158568672964,-0.0533102058605032,0.0321));
#8004=CARTESIAN_POINT('',(0.0273485403932004,-0.0532016855999958,0.0316));
#8005=CARTESIAN_POINT('',(0.0273485403932004,-0.0532016855999958,0.0321));
#8006=CARTESIAN_POINT('',(0.0272488374038593,-0.0531257214176407,0.0316));
#8007=CARTESIAN_POINT('',(0.0272488374038593,-0.0531257214176407,0.0321));
#8008=CARTESIAN_POINT('',(0.0274507868261472,-0.0534512821991627,0.0321));
#8009=CARTESIAN_POINT('',(0.027398391887871,-0.0532396676911734,0.0321));
#8010=CARTESIAN_POINT('',(0.0272488374038593,-0.0531257214176407,0.0321));
#8011=CARTESIAN_POINT('',(0.0274507868261472,-0.0534512821991627,0.0321));
#8012=CARTESIAN_POINT('',(0.0274507868261472,-0.0534512821991627,0.0316));
#8013=CARTESIAN_POINT('',(0.0274507868261472,-0.0534512821991627,0.0316));
#8014=CARTESIAN_POINT('',(0.0274507868261472,-0.0534512821991627,0.0316));
#8015=CARTESIAN_POINT('',(0.027398391887871,-0.0532396676911734,0.0316));
#8016=CARTESIAN_POINT('',(0.0272488374038593,-0.0531257214176407,0.0316));
#8017=CARTESIAN_POINT('',(0.0253606961595989,-0.0539168725555123,0.0316));
#8018=CARTESIAN_POINT('',(0.0253606961595989,-0.0539168725555123,0.0321));
#8019=CARTESIAN_POINT('',(0.0275028197279061,-0.0539558948154386,0.0321));
#8020=CARTESIAN_POINT('',(0.0275031817644234,-0.0539559014105218,0.0316));
#8021=CARTESIAN_POINT('',(0.0275028197279061,-0.0539558948154386,0.03160000025));
#8022=CARTESIAN_POINT('',(0.0253606961595989,-0.0539168725555123,0.0316));
#8023=CARTESIAN_POINT('',(0.0275031817644234,-0.0551116421849249,0.0316));
#8024=CARTESIAN_POINT('',(0.0275031817644234,-0.0551116421849249,0.0321));
#8025=CARTESIAN_POINT('',(0.0275028569868485,-0.0562673882404169,0.0321));
#8026=CARTESIAN_POINT('',(0.0275031817644234,-0.056267382959328,0.0316));
#8027=CARTESIAN_POINT('',(0.0275028569868485,-0.0562673882404169,0.0316));
#8028=CARTESIAN_POINT('',(0.0275031817644234,-0.0551116421849249,0.0316));
#8029=CARTESIAN_POINT('',(0.0252783319587939,-0.0563035604253678,0.0316));
#8030=CARTESIAN_POINT('',(0.0252783319587939,-0.0563035604253678,0.0321));
#8031=CARTESIAN_POINT('',(0.0274507868261472,-0.0567786151240618,0.0321));
#8032=CARTESIAN_POINT('',(0.0274507868261472,-0.0567786151240618,0.0316));
#8033=CARTESIAN_POINT('',(0.0274507868261472,-0.0567786151240618,0.0316));
#8034=CARTESIAN_POINT('',(0.0252783319587939,-0.0563035604253678,0.0316));
#8035=CARTESIAN_POINT('',(0.0268062782164778,-0.0578178661813266,0.0316));
#8036=CARTESIAN_POINT('',(0.0268062782164778,-0.0578178661813266,0.0321));
#8037=CARTESIAN_POINT('',(0.0264501961116882,-0.0578178661813266,0.0316));
#8038=CARTESIAN_POINT('',(0.0264501961116882,-0.0578178661813266,0.0321));
#8039=CARTESIAN_POINT('',(0.0261658391165775,-0.0577483453894391,0.0316));
#8040=CARTESIAN_POINT('',(0.0261658391165775,-0.0577483453894391,0.0321));
#8041=CARTESIAN_POINT('',(0.025953207231146,-0.057609303805664,0.0316));
#8042=CARTESIAN_POINT('',(0.025953207231146,-0.057609303805664,0.0321));
#8043=CARTESIAN_POINT('',(0.0268062782164778,-0.0578178661813266,0.0316));
#8044=CARTESIAN_POINT('',(0.0268062782164778,-0.0578178661813266,0.0316));
#8045=CARTESIAN_POINT('',(0.0268062782164778,-0.0578178661813266,0.0316));
#8046=CARTESIAN_POINT('',(0.0262721550592933,-0.0578178661813266,0.0316));
#8047=CARTESIAN_POINT('',(0.025953207231146,-0.057609303805664,0.0316));
#8048=CARTESIAN_POINT('',(0.025953207231146,-0.057609303805664,0.0316));
#8049=CARTESIAN_POINT('',(0.025953207231146,-0.057609303805664,0.0316));
#8050=CARTESIAN_POINT('',(0.0276527362484351,-0.0576062516733373,0.0316));
#8051=CARTESIAN_POINT('',(0.0276527362484351,-0.0576062516733373,0.0321));
#8052=CARTESIAN_POINT('',(0.0274445129985866,-0.0577473280119968,0.0316));
#8053=CARTESIAN_POINT('',(0.0274445129985866,-0.0577473280119968,0.0321));
#8054=CARTESIAN_POINT('',(0.0271623603212675,-0.0578178661813266,0.0316));
#8055=CARTESIAN_POINT('',(0.0271623603212675,-0.0578178661813266,0.0321));
#8056=CARTESIAN_POINT('',(0.0268062782164778,-0.0578178661813266,0.0316));
#8057=CARTESIAN_POINT('',(0.0268062782164778,-0.0578178661813266,0.0321));
#8058=CARTESIAN_POINT('',(0.0276527362484351,-0.0576062516733373,0.0316));
#8059=CARTESIAN_POINT('',(0.0276527362484351,-0.0576062516733373,0.0316));
#8060=CARTESIAN_POINT('',(0.0276527362484351,-0.0576062516733373,0.0316));
#8061=CARTESIAN_POINT('',(0.0273404013736624,-0.0578178661813266,0.0316));
#8062=CARTESIAN_POINT('',(0.0268062782164778,-0.0578178661813266,0.0316));
#8063=CARTESIAN_POINT('',(0.028104960521518,-0.0570100684921751,0.0316));
#8064=CARTESIAN_POINT('',(0.028104960521518,-0.0570100684921751,0.0321));
#8065=CARTESIAN_POINT('',(0.0280117009226445,-0.0572664476076237,0.0316));
#8066=CARTESIAN_POINT('',(0.0280117009226445,-0.0572664476076237,0.0321));
#8067=CARTESIAN_POINT('',(0.0278609594982835,-0.0574651753346778,0.0316));
#8068=CARTESIAN_POINT('',(0.0278609594982835,-0.0574651753346778,0.0321));
#8069=CARTESIAN_POINT('',(0.0276527362484351,-0.0576062516733373,0.0316));
#8070=CARTESIAN_POINT('',(0.0276527362484351,-0.0576062516733373,0.0321));
#8071=CARTESIAN_POINT('',(0.028104960521518,-0.0570100684921751,0.0316));
#8072=CARTESIAN_POINT('',(0.028104960521518,-0.0570100684921751,0.0316));
#8073=CARTESIAN_POINT('',(0.028104960521518,-0.0570100684921751,0.0316));
#8074=CARTESIAN_POINT('',(0.0279650711232078,-0.057394637165348,0.0316));
#8075=CARTESIAN_POINT('',(0.0276527362484351,-0.0576062516733373,0.0316));
#8076=CARTESIAN_POINT('',(0.0282448499198282,-0.0561117242106628,0.0316));
#8077=CARTESIAN_POINT('',(0.0282448499198282,-0.0561117242106628,0.0321));
#8078=CARTESIAN_POINT('',(0.0282448499198282,-0.0564542412828891,0.0316));
#8079=CARTESIAN_POINT('',(0.0282448499198282,-0.0564542412828891,0.0321));
#8080=CARTESIAN_POINT('',(0.0281982201203915,-0.0567536893767265,0.0316));
#8081=CARTESIAN_POINT('',(0.0281982201203915,-0.0567536893767265,0.0321));
#8082=CARTESIAN_POINT('',(0.028104960521518,-0.0570100684921751,0.0316));
#8083=CARTESIAN_POINT('',(0.028104960521518,-0.0570100684921751,0.0321));
#8084=CARTESIAN_POINT('',(0.0282448499198282,-0.0561117242106628,0.0316));
#8085=CARTESIAN_POINT('',(0.0282448499198282,-0.0561117242106628,0.0316));
#8086=CARTESIAN_POINT('',(0.0282448499198282,-0.0561117242106628,0.0316));
#8087=CARTESIAN_POINT('',(0.0282448499198282,-0.0566254998190022,0.0316));
#8088=CARTESIAN_POINT('',(0.028104960521518,-0.0570100684921751,0.0316));
#8089=CARTESIAN_POINT('',(0.0282448499198282,-0.0551090987413193,0.0316));
#8090=CARTESIAN_POINT('',(0.0282448499198282,-0.0541064732719757,0.0316));
#8091=CARTESIAN_POINT('',(0.0282448499198282,-0.0541064732719757,0.0316));
#8092=CARTESIAN_POINT('',(0.0282448499198282,-0.0551090987413193,0.0316));
#8093=CARTESIAN_POINT('',(0.028104960521518,-0.053214233255117,0.0316));
#8094=CARTESIAN_POINT('',(0.028104960521518,-0.053214233255117,0.0321));
#8095=CARTESIAN_POINT('',(0.0281982201203915,-0.0534617950993993,0.0316));
#8096=CARTESIAN_POINT('',(0.0281982201203915,-0.0534617950993993,0.0321));
#8097=CARTESIAN_POINT('',(0.0282448499198282,-0.0537592084383522,0.0316));
#8098=CARTESIAN_POINT('',(0.0282448499198282,-0.0537592084383522,0.0321));
#8099=CARTESIAN_POINT('',(0.0282448499198282,-0.0541064732719757,0.0316));
#8100=CARTESIAN_POINT('',(0.0282448499198282,-0.0541064732719757,0.0321));
#8101=CARTESIAN_POINT('',(0.028104960521518,-0.053214233255117,0.0316));
#8102=CARTESIAN_POINT('',(0.028104960521518,-0.053214233255117,0.0316));
#8103=CARTESIAN_POINT('',(0.028104960521518,-0.053214233255117,0.0316));
#8104=CARTESIAN_POINT('',(0.0282448499198282,-0.0535855760215405,0.0316));
#8105=CARTESIAN_POINT('',(0.0282448499198282,-0.0541064732719757,0.0316));
#8106=CARTESIAN_POINT('',(0.0270312452378251,-0.0535933639957632,0.0316));
#8107=CARTESIAN_POINT('',(0.0276527362484351,-0.0526409410664056,0.0316));
#8108=CARTESIAN_POINT('',(0.0276527362484351,-0.0526409410664056,0.0316));
#8109=CARTESIAN_POINT('',(0.0270312452378251,-0.0535933639957632,0.0316));
#8110=CARTESIAN_POINT('',(0.0268062782164778,-0.0524389916441177,0.0316));
#8111=CARTESIAN_POINT('',(0.0268062782164778,-0.0524389916441177,0.0321));
#8112=CARTESIAN_POINT('',(0.0271623603212675,-0.0524389916441177,0.0316));
#8113=CARTESIAN_POINT('',(0.0271623603212675,-0.0524389916441177,0.0321));
#8114=CARTESIAN_POINT('',(0.0274445129985866,-0.0525063081182137,0.0316));
#8115=CARTESIAN_POINT('',(0.0274445129985866,-0.0525063081182137,0.0321));
#8116=CARTESIAN_POINT('',(0.0276527362484351,-0.0526409410664056,0.0316));
#8117=CARTESIAN_POINT('',(0.0276527362484351,-0.0526409410664056,0.0321));
#8118=CARTESIAN_POINT('',(0.0268062782164778,-0.0524389916441177,0.0316));
#8119=CARTESIAN_POINT('',(0.0268062782164778,-0.0524389916441177,0.0316));
#8120=CARTESIAN_POINT('',(0.0268062782164778,-0.0524389916441177,0.0316));
#8121=CARTESIAN_POINT('',(0.0273404013736624,-0.0524389916441177,0.0316));
#8122=CARTESIAN_POINT('',(0.0276527362484351,-0.0526409410664056,0.0316));
#8123=CARTESIAN_POINT('',(0.0259562593634728,-0.0526378889340788,0.0316));
#8124=CARTESIAN_POINT('',(0.0259562593634728,-0.0526378889340788,0.0321));
#8125=CARTESIAN_POINT('',(0.0261668564940198,-0.0525052907407714,0.0316));
#8126=CARTESIAN_POINT('',(0.0261668564940198,-0.0525052907407714,0.0321));
#8127=CARTESIAN_POINT('',(0.0264501961116882,-0.0524389916441177,0.0316));
#8128=CARTESIAN_POINT('',(0.0264501961116882,-0.0524389916441177,0.0321));
#8129=CARTESIAN_POINT('',(0.0268062782164778,-0.0524389916441177,0.0316));
#8130=CARTESIAN_POINT('',(0.0268062782164778,-0.0524389916441177,0.0321));
#8131=CARTESIAN_POINT('',(0.0259562593634728,-0.0526378889340788,0.0316));
#8132=CARTESIAN_POINT('',(0.0259562593634728,-0.0526378889340788,0.0316));
#8133=CARTESIAN_POINT('',(0.0259562593634728,-0.0526378889340788,0.0316));
#8134=CARTESIAN_POINT('',(0.0262721550592933,-0.0524389916441177,0.0316));
#8135=CARTESIAN_POINT('',(0.0268062782164778,-0.0524389916441177,0.0316));
#8136=CARTESIAN_POINT('',(0.025500474269342,-0.0532111811227902,0.0316));
#8137=CARTESIAN_POINT('',(0.025500474269342,-0.0532111811227902,0.0321));
#8138=CARTESIAN_POINT('',(0.0255937338682154,-0.0529615845236233,0.0316));
#8139=CARTESIAN_POINT('',(0.0255937338682154,-0.0529615845236233,0.0321));
#8140=CARTESIAN_POINT('',(0.0257456622329257,-0.0527704871273862,0.0316));
#8141=CARTESIAN_POINT('',(0.0257456622329257,-0.0527704871273862,0.0321));
#8142=CARTESIAN_POINT('',(0.0259562593634728,-0.0526378889340788,0.0316));
#8143=CARTESIAN_POINT('',(0.0259562593634728,-0.0526378889340788,0.0321));
#8144=CARTESIAN_POINT('',(0.025500474269342,-0.0532111811227902,0.0316));
#8145=CARTESIAN_POINT('',(0.025500474269342,-0.0532111811227902,0.0316));
#8146=CARTESIAN_POINT('',(0.025500474269342,-0.0532111811227902,0.0316));
#8147=CARTESIAN_POINT('',(0.0256403636676522,-0.0528367862240399,0.0316));
#8148=CARTESIAN_POINT('',(0.0259562593634728,-0.0526378889340788,0.0316));
#8149=CARTESIAN_POINT('',(0.0253605848710317,-0.0541064732719757,0.0316));
#8150=CARTESIAN_POINT('',(0.0253605848710317,-0.0541064732719757,0.0321));
#8151=CARTESIAN_POINT('',(0.0253605848710317,-0.0537592084383522,0.0316));
#8152=CARTESIAN_POINT('',(0.0253605848710317,-0.0537592084383522,0.0321));
#8153=CARTESIAN_POINT('',(0.0254072146704685,-0.0534607777219571,0.0316));
#8154=CARTESIAN_POINT('',(0.0254072146704685,-0.0534607777219571,0.0321));
#8155=CARTESIAN_POINT('',(0.025500474269342,-0.0532111811227902,0.0316));
#8156=CARTESIAN_POINT('',(0.025500474269342,-0.0532111811227902,0.0321));
#8157=CARTESIAN_POINT('',(0.0253605848710317,-0.0541064732719757,0.0316));
#8158=CARTESIAN_POINT('',(0.0253605848710317,-0.0541064732719757,0.0316));
#8159=CARTESIAN_POINT('',(0.0253605848710317,-0.0541064732719757,0.0316));
#8160=CARTESIAN_POINT('',(0.0253605848710317,-0.0535855760215405,0.0316));
#8161=CARTESIAN_POINT('',(0.025500474269342,-0.0532111811227902,0.0316));
#8162=CARTESIAN_POINT('',(0.0253605848710317,-0.0551055379202714,0.0316));
#8163=CARTESIAN_POINT('',(0.0253605848710317,-0.056104602568567,0.0316));
#8164=CARTESIAN_POINT('',(0.0253605848710317,-0.056104602568567,0.0316));
#8165=CARTESIAN_POINT('',(0.0253605848710317,-0.0551055379202714,0.0316));
#8166=CARTESIAN_POINT('',(0.0254974221370152,-0.0570131206245019,0.0316));
#8167=CARTESIAN_POINT('',(0.0254974221370152,-0.0570131206245019,0.0321));
#8168=CARTESIAN_POINT('',(0.0254061972930262,-0.0567547067541688,0.0316));
#8169=CARTESIAN_POINT('',(0.0254061972930262,-0.0567547067541688,0.0321));
#8170=CARTESIAN_POINT('',(0.0253605848710317,-0.0564518674021905,0.0316));
#8171=CARTESIAN_POINT('',(0.0253605848710317,-0.0564518674021905,0.0321));
#8172=CARTESIAN_POINT('',(0.0253605848710317,-0.056104602568567,0.0316));
#8173=CARTESIAN_POINT('',(0.0253605848710317,-0.056104602568567,0.0321));
#8174=CARTESIAN_POINT('',(0.0254974221370152,-0.0570131206245019,0.0316));
#8175=CARTESIAN_POINT('',(0.0254974221370152,-0.0570131206245019,0.0316));
#8176=CARTESIAN_POINT('',(0.0254974221370152,-0.0570131206245019,0.0316));
#8177=CARTESIAN_POINT('',(0.0253605848710317,-0.0566254998190022,0.0316));
#8178=CARTESIAN_POINT('',(0.0253605848710317,-0.056104602568567,0.0316));
#8179=CARTESIAN_POINT('',(0.025953207231146,-0.057609303805664,0.0316));
#8180=CARTESIAN_POINT('',(0.025953207231146,-0.057609303805664,0.0321));
#8181=CARTESIAN_POINT('',(0.0257405753457144,-0.057470262221889,0.0316));
#8182=CARTESIAN_POINT('',(0.0257405753457144,-0.057470262221889,0.0321));
#8183=CARTESIAN_POINT('',(0.0255886469810041,-0.057271534494835,0.0316));
#8184=CARTESIAN_POINT('',(0.0255886469810041,-0.057271534494835,0.0321));
#8185=CARTESIAN_POINT('',(0.0254974221370152,-0.0570131206245019,0.0316));
#8186=CARTESIAN_POINT('',(0.0254974221370152,-0.0570131206245019,0.0321));
#8187=CARTESIAN_POINT('',(0.025953207231146,-0.057609303805664,0.0316));
#8188=CARTESIAN_POINT('',(0.0256342594029987,-0.0574007414300015,0.0316));
#8189=CARTESIAN_POINT('',(0.0254974221370152,-0.0570131206245019,0.0316));
#8190=CARTESIAN_POINT('',(0.0272488374038593,-0.0571174018123331,0.0316));
#8191=CARTESIAN_POINT('',(0.0272488374038593,-0.0571174018123331,0.0321));
#8192=CARTESIAN_POINT('',(0.0273485403932004,-0.0570370289943949,0.0316));
#8193=CARTESIAN_POINT('',(0.0273485403932004,-0.0570370289943949,0.0321));
#8194=CARTESIAN_POINT('',(0.0274158568672964,-0.0569241000983045,0.0316));
#8195=CARTESIAN_POINT('',(0.0274158568672964,-0.0569241000983045,0.0321));
#8196=CARTESIAN_POINT('',(0.0274507868261472,-0.0567786151240618,0.0316));
#8197=CARTESIAN_POINT('',(0.0274507868261472,-0.0567786151240618,0.0321));
#8198=CARTESIAN_POINT('',(0.0272488374038593,-0.0571174018123331,0.0321));
#8199=CARTESIAN_POINT('',(0.027398391887871,-0.0569968425854258,0.0321));
#8200=CARTESIAN_POINT('',(0.0274507868261472,-0.0567786151240618,0.0321));
#8201=CARTESIAN_POINT('',(0.0272488374038593,-0.0571174018123331,0.0316));
#8202=CARTESIAN_POINT('',(0.027398391887871,-0.0569968425854258,0.0316));
#8203=CARTESIAN_POINT('',(0.0274507868261472,-0.0567786151240618,0.0316));
#8204=CARTESIAN_POINT('',(0.0454749186411265,1.38777878078145E-17,0.0316));
#8205=CARTESIAN_POINT('',(0.0235440574478831,-0.0551218159593475,0.0316));
#8206=CARTESIAN_POINT('',(0.0228344366819094,-0.0577588582896757,0.0316));
#8207=CARTESIAN_POINT('',(0.0228344366819094,-0.0577588582896757,0.0316));
#8208=CARTESIAN_POINT('',(0.0235440574478831,-0.0551218159593475,0.0316));
#8209=CARTESIAN_POINT('',(0.0242536782138569,-0.0524847736290192,0.0316));
#8210=CARTESIAN_POINT('',(0.0242536782138569,-0.0524847736290192,0.0316));
#8211=CARTESIAN_POINT('',(0.0231335456499327,-0.0577588582896757,0.0316));
#8212=CARTESIAN_POINT('',(0.023432654617956,-0.0577588582896757,0.0316));
#8213=CARTESIAN_POINT('',(0.023432654617956,-0.0577588582896757,0.0316));
#8214=CARTESIAN_POINT('',(0.0231335456499327,-0.0577588582896757,0.0316));
#8215=CARTESIAN_POINT('',(0.0241458362049777,-0.0551218159593475,0.0316));
#8216=CARTESIAN_POINT('',(0.0248590177919993,-0.0524847736290192,0.0316));
#8217=CARTESIAN_POINT('',(0.0248590177919993,-0.0524847736290192,0.0316));
#8218=CARTESIAN_POINT('',(0.0241458362049777,-0.0551218159593475,0.0316));
#8219=CARTESIAN_POINT('',(0.0245563480029281,-0.0524847736290192,0.0316));
#8220=CARTESIAN_POINT('',(0.0245563480029281,-0.0524847736290192,0.0316));
#8221=CARTESIAN_POINT('',(0.0454749186411265,1.38777878078145E-17,0.0316));
#8222=CARTESIAN_POINT('',(0.0289682052812724,-0.0551218159593475,0.0316));
#8223=CARTESIAN_POINT('',(0.0289682052812724,-0.0577588582896757,0.0316));
#8224=CARTESIAN_POINT('',(0.0289682052812724,-0.0577588582896757,0.0316));
#8225=CARTESIAN_POINT('',(0.0289682052812724,-0.0551218159593475,0.0316));
#8226=CARTESIAN_POINT('',(0.0289682052812724,-0.0524847736290192,0.0316));
#8227=CARTESIAN_POINT('',(0.0289682052812724,-0.0524847736290192,0.0316));
#8228=CARTESIAN_POINT('',(0.029335987226648,-0.0577588582896757,0.0316));
#8229=CARTESIAN_POINT('',(0.0297037691720237,-0.0577588582896757,0.0316));
#8230=CARTESIAN_POINT('',(0.0297037691720237,-0.0577588582896757,0.0316));
#8231=CARTESIAN_POINT('',(0.029335987226648,-0.0577588582896757,0.0316));
#8232=CARTESIAN_POINT('',(0.0297037691720237,-0.0565247794522188,0.0316));
#8233=CARTESIAN_POINT('',(0.0297037691720237,-0.055290700614762,0.0316));
#8234=CARTESIAN_POINT('',(0.0297037691720237,-0.055290700614762,0.0316));
#8235=CARTESIAN_POINT('',(0.0297037691720237,-0.0565247794522188,0.0316));
#8236=CARTESIAN_POINT('',(0.0302083883833828,-0.055290700614762,0.0316));
#8237=CARTESIAN_POINT('',(0.0307130075947419,-0.055290700614762,0.0316));
#8238=CARTESIAN_POINT('',(0.0307130075947419,-0.055290700614762,0.0316));
#8239=CARTESIAN_POINT('',(0.0302083883833828,-0.055290700614762,0.0316));
#8240=CARTESIAN_POINT('',(0.0307130075947419,-0.0550302519895444,0.0316));
#8241=CARTESIAN_POINT('',(0.0307130075947419,-0.0547698033643268,0.0316));
#8242=CARTESIAN_POINT('',(0.0307130075947419,-0.0547698033643268,0.0316));
#8243=CARTESIAN_POINT('',(0.0307130075947419,-0.0550302519895444,0.0316));
#8244=CARTESIAN_POINT('',(0.0302083883833828,-0.0547698033643268,0.0316));
#8245=CARTESIAN_POINT('',(0.0297037691720237,-0.0547698033643268,0.0316));
#8246=CARTESIAN_POINT('',(0.0297037691720237,-0.0547698033643268,0.0316));
#8247=CARTESIAN_POINT('',(0.0302083883833828,-0.0547698033643268,0.0316));
#8248=CARTESIAN_POINT('',(0.0297037691720237,-0.0538907892542174,0.0316));
#8249=CARTESIAN_POINT('',(0.0297037691720237,-0.053011775144108,0.0316));
#8250=CARTESIAN_POINT('',(0.0297037691720237,-0.053011775144108,0.0316));
#8251=CARTESIAN_POINT('',(0.0297037691720237,-0.0538907892542174,0.0316));
#8252=CARTESIAN_POINT('',(0.0303548907350677,-0.053011775144108,0.0316));
#8253=CARTESIAN_POINT('',(0.0310060122981117,-0.053011775144108,0.0316));
#8254=CARTESIAN_POINT('',(0.0310060122981117,-0.053011775144108,0.0316));
#8255=CARTESIAN_POINT('',(0.0303548907350677,-0.053011775144108,0.0316));
#8256=CARTESIAN_POINT('',(0.0310060122981117,-0.0527482743865636,0.0316));
#8257=CARTESIAN_POINT('',(0.0310060122981117,-0.0524847736290192,0.0316));
#8258=CARTESIAN_POINT('',(0.0310060122981117,-0.0524847736290192,0.0316));
#8259=CARTESIAN_POINT('',(0.0310060122981117,-0.0527482743865636,0.0316));
#8260=CARTESIAN_POINT('',(0.029987108789692,-0.0524847736290192,0.0316));
#8261=CARTESIAN_POINT('',(0.029987108789692,-0.0524847736290192,0.0316));
#8262=CARTESIAN_POINT('',(0.0454749186411265,1.38777878078145E-17,0.0316));
#8263=CARTESIAN_POINT('',(0.0315136836417976,-0.0551218159593475,0.0316));
#8264=CARTESIAN_POINT('',(0.0315136836417976,-0.0577588582896757,0.0316));
#8265=CARTESIAN_POINT('',(0.0315136836417976,-0.0577588582896757,0.0316));
#8266=CARTESIAN_POINT('',(0.0315136836417976,-0.0551218159593475,0.0316));
#8267=CARTESIAN_POINT('',(0.0315136836417976,-0.0524847736290192,0.0316));
#8268=CARTESIAN_POINT('',(0.0315136836417976,-0.0524847736290192,0.0316));
#8269=CARTESIAN_POINT('',(0.0318814655871732,-0.0577588582896757,0.0316));
#8270=CARTESIAN_POINT('',(0.0322492475325489,-0.0577588582896757,0.0316));
#8271=CARTESIAN_POINT('',(0.0322492475325489,-0.0577588582896757,0.0316));
#8272=CARTESIAN_POINT('',(0.0318814655871732,-0.0577588582896757,0.0316));
#8273=CARTESIAN_POINT('',(0.0322492475325489,-0.0565247794522188,0.0316));
#8274=CARTESIAN_POINT('',(0.0322492475325489,-0.055290700614762,0.0316));
#8275=CARTESIAN_POINT('',(0.0322492475325489,-0.055290700614762,0.0316));
#8276=CARTESIAN_POINT('',(0.0322492475325489,-0.0565247794522188,0.0316));
#8277=CARTESIAN_POINT('',(0.032753866743908,-0.055290700614762,0.0316));
#8278=CARTESIAN_POINT('',(0.0332584859552671,-0.055290700614762,0.0316));
#8279=CARTESIAN_POINT('',(0.0332584859552671,-0.055290700614762,0.0316));
#8280=CARTESIAN_POINT('',(0.032753866743908,-0.055290700614762,0.0316));
#8281=CARTESIAN_POINT('',(0.0332584859552671,-0.0550302519895444,0.0316));
#8282=CARTESIAN_POINT('',(0.0332584859552671,-0.0547698033643268,0.0316));
#8283=CARTESIAN_POINT('',(0.0332584859552671,-0.0547698033643268,0.0316));
#8284=CARTESIAN_POINT('',(0.0332584859552671,-0.0550302519895444,0.0316));
#8285=CARTESIAN_POINT('',(0.032753866743908,-0.0547698033643268,0.0316));
#8286=CARTESIAN_POINT('',(0.0322492475325489,-0.0547698033643268,0.0316));
#8287=CARTESIAN_POINT('',(0.0322492475325489,-0.0547698033643268,0.0316));
#8288=CARTESIAN_POINT('',(0.032753866743908,-0.0547698033643268,0.0316));
#8289=CARTESIAN_POINT('',(0.0322492475325489,-0.0538907892542174,0.0316));
#8290=CARTESIAN_POINT('',(0.0322492475325489,-0.053011775144108,0.0316));
#8291=CARTESIAN_POINT('',(0.0322492475325489,-0.053011775144108,0.0316));
#8292=CARTESIAN_POINT('',(0.0322492475325489,-0.0538907892542174,0.0316));
#8293=CARTESIAN_POINT('',(0.0329003690955929,-0.053011775144108,0.0316));
#8294=CARTESIAN_POINT('',(0.0335514906586369,-0.053011775144108,0.0316));
#8295=CARTESIAN_POINT('',(0.0335514906586369,-0.053011775144108,0.0316));
#8296=CARTESIAN_POINT('',(0.0329003690955929,-0.053011775144108,0.0316));
#8297=CARTESIAN_POINT('',(0.0335514906586369,-0.0527482743865636,0.0316));
#8298=CARTESIAN_POINT('',(0.0335514906586369,-0.0524847736290192,0.0316));
#8299=CARTESIAN_POINT('',(0.0335514906586369,-0.0524847736290192,0.0316));
#8300=CARTESIAN_POINT('',(0.0335514906586369,-0.0527482743865636,0.0316));
#8301=CARTESIAN_POINT('',(0.0325325871502173,-0.0524847736290192,0.0316));
#8302=CARTESIAN_POINT('',(0.0325325871502173,-0.0524847736290192,0.0316));
#8303=CARTESIAN_POINT('',(0.0454749186411265,1.38777878078145E-17,0.0316));
#8304=CARTESIAN_POINT('',(0.0174555621447005,-0.0572379610392405,0.0316));
#8305=CARTESIAN_POINT('',(0.0174555621447005,-0.0572379610392405,0.0321));
#8306=CARTESIAN_POINT('',(0.0176508986136137,-0.0572379610392405,0.0316));
#8307=CARTESIAN_POINT('',(0.0176508986136137,-0.0572379610392405,0.0321));
#8308=CARTESIAN_POINT('',(0.0177984183427409,-0.0571977746302714,0.0316));
#8309=CARTESIAN_POINT('',(0.0177984183427409,-0.0571977746302714,0.0321));
#8310=CARTESIAN_POINT('',(0.017898121332082,-0.0571174018123331,0.0316));
#8311=CARTESIAN_POINT('',(0.017898121332082,-0.0571174018123331,0.0321));
#8312=CARTESIAN_POINT('',(0.0174555621447005,-0.0572379610392405,0.0321));
#8313=CARTESIAN_POINT('',(0.0177485668480703,-0.0572379610392405,0.0321));
#8314=CARTESIAN_POINT('',(0.017898121332082,-0.0571174018123331,0.0321));
#8315=CARTESIAN_POINT('',(0.0174555621447005,-0.0572379610392405,0.0321));
#8316=CARTESIAN_POINT('',(0.017898121332082,-0.0571174018123331,0.0321));
#8317=CARTESIAN_POINT('',(0.0174555621447005,-0.0572379610392405,0.0316));
#8318=CARTESIAN_POINT('',(0.0174555621447005,-0.0572379610392405,0.0316));
#8319=CARTESIAN_POINT('',(0.0174555621447005,-0.0572379610392405,0.0316));
#8320=CARTESIAN_POINT('',(0.0177485668480703,-0.0572379610392405,0.0316));
#8321=CARTESIAN_POINT('',(0.017898121332082,-0.0571174018123331,0.0316));
#8322=CARTESIAN_POINT('',(0.017898121332082,-0.0571174018123331,0.0316));
#8323=CARTESIAN_POINT('',(0.017898121332082,-0.0571174018123331,0.0316));
#8324=CARTESIAN_POINT('',(0.0170094421362712,-0.0571174018123331,0.0316));
#8325=CARTESIAN_POINT('',(0.0170094421362712,-0.0571174018123331,0.0321));
#8326=CARTESIAN_POINT('',(0.0171115190063108,-0.0571977746302714,0.0316));
#8327=CARTESIAN_POINT('',(0.0171115190063108,-0.0571977746302714,0.0321));
#8328=CARTESIAN_POINT('',(0.0172602256757873,-0.0572379610392405,0.0316));
#8329=CARTESIAN_POINT('',(0.0172602256757873,-0.0572379610392405,0.0321));
#8330=CARTESIAN_POINT('',(0.0174555621447005,-0.0572379610392405,0.0316));
#8331=CARTESIAN_POINT('',(0.0174555621447005,-0.0572379610392405,0.0321));
#8332=CARTESIAN_POINT('',(0.0170094421362712,-0.0571174018123331,0.0321));
#8333=CARTESIAN_POINT('',(0.0171625574413307,-0.0572379610392405,0.0321));
#8334=CARTESIAN_POINT('',(0.0174555621447005,-0.0572379610392405,0.0321));
#8335=CARTESIAN_POINT('',(0.0170094421362712,-0.0571174018123331,0.0321));
#8336=CARTESIAN_POINT('',(0.0170094421362712,-0.0571174018123331,0.0316));
#8337=CARTESIAN_POINT('',(0.0170094421362712,-0.0571174018123331,0.0316));
#8338=CARTESIAN_POINT('',(0.0170094421362712,-0.0571174018123331,0.0316));
#8339=CARTESIAN_POINT('',(0.0171625574413307,-0.0572379610392405,0.0316));
#8340=CARTESIAN_POINT('',(0.0174555621447005,-0.0572379610392405,0.0316));
#8341=CARTESIAN_POINT('',(0.0168044405816565,-0.0567786151240618,0.0316));
#8342=CARTESIAN_POINT('',(0.0168044405816565,-0.0567786151240618,0.0321));
#8343=CARTESIAN_POINT('',(0.0168390314146932,-0.0569241000983045,0.0316));
#8344=CARTESIAN_POINT('',(0.0168390314146932,-0.0569241000983045,0.0321));
#8345=CARTESIAN_POINT('',(0.0169073652662314,-0.0570370289943949,0.0316));
#8346=CARTESIAN_POINT('',(0.0169073652662314,-0.0570370289943949,0.0321));
#8347=CARTESIAN_POINT('',(0.0170094421362712,-0.0571174018123331,0.0316));
#8348=CARTESIAN_POINT('',(0.0170094421362712,-0.0571174018123331,0.0321));
#8349=CARTESIAN_POINT('',(0.0168044405816565,-0.0567786151240618,0.0321));
#8350=CARTESIAN_POINT('',(0.0168563268312116,-0.0569968425854258,0.0321));
#8351=CARTESIAN_POINT('',(0.0170094421362712,-0.0571174018123331,0.0321));
#8352=CARTESIAN_POINT('',(0.0168044405816565,-0.0567786151240618,0.0321));
#8353=CARTESIAN_POINT('',(0.0168044405816565,-0.0567786151240618,0.0316));
#8354=CARTESIAN_POINT('',(0.0168044405816565,-0.0567786151240618,0.0316));
#8355=CARTESIAN_POINT('',(0.0168044405816565,-0.0567786151240618,0.0316));
#8356=CARTESIAN_POINT('',(0.0168563268312116,-0.0569968425854258,0.0316));
#8357=CARTESIAN_POINT('',(0.0170094421362712,-0.0571174018123331,0.0316));
#8358=CARTESIAN_POINT('',(0.0189984255862601,-0.0563035976647454,0.0316));
#8359=CARTESIAN_POINT('',(0.0189984255862601,-0.0563035976647454,0.0321));
#8360=CARTESIAN_POINT('',(0.0167528764368045,-0.0562673881532708,0.0321));
#8361=CARTESIAN_POINT('',(0.0167525543321014,-0.056267382959328,0.0316));
#8362=CARTESIAN_POINT('',(0.0167528764368045,-0.0562673881532708,0.03160000025));
#8363=CARTESIAN_POINT('',(0.0189984255862601,-0.0563035976647454,0.0316));
#8364=CARTESIAN_POINT('',(0.0167525543321014,-0.0551116421849249,0.0316));
#8365=CARTESIAN_POINT('',(0.0167525543321014,-0.0551116421849249,0.0321));
#8366=CARTESIAN_POINT('',(0.0167529133558212,-0.0539558949253699,0.0321));
#8367=CARTESIAN_POINT('',(0.0167525543321014,-0.0539559014105218,0.0316));
#8368=CARTESIAN_POINT('',(0.0167529133558212,-0.0539558949253699,0.0316));
#8369=CARTESIAN_POINT('',(0.0167525543321014,-0.0551116421849249,0.0316));
#8370=CARTESIAN_POINT('',(0.0189152631200596,-0.0539168357605972,0.0316));
#8371=CARTESIAN_POINT('',(0.0189152631200596,-0.0539168357605972,0.0321));
#8372=CARTESIAN_POINT('',(0.0168044405816565,-0.0534512821991627,0.0321));
#8373=CARTESIAN_POINT('',(0.0168044405816565,-0.0534512821991627,0.0316));
#8374=CARTESIAN_POINT('',(0.0168044405816565,-0.0534512821991627,0.0316));
#8375=CARTESIAN_POINT('',(0.0189152631200596,-0.0539168357605972,0.0316));
#8376=CARTESIAN_POINT('',(0.0170094421362712,-0.0531257214176407,0.0316));
#8377=CARTESIAN_POINT('',(0.0170094421362712,-0.0531257214176407,0.0321));
#8378=CARTESIAN_POINT('',(0.0169073652662314,-0.0532016855999958,0.0316));
#8379=CARTESIAN_POINT('',(0.0169073652662314,-0.0532016855999958,0.0321));
#8380=CARTESIAN_POINT('',(0.0168390314146932,-0.0533102058605032,0.0316));
#8381=CARTESIAN_POINT('',(0.0168390314146932,-0.0533102058605032,0.0321));
#8382=CARTESIAN_POINT('',(0.0168044405816565,-0.0534512821991627,0.0316));
#8383=CARTESIAN_POINT('',(0.0168044405816565,-0.0534512821991627,0.0321));
#8384=CARTESIAN_POINT('',(0.0170094421362712,-0.0531257214176407,0.0321));
#8385=CARTESIAN_POINT('',(0.0168563268312116,-0.0532396676911734,0.0321));
#8386=CARTESIAN_POINT('',(0.0168044405816565,-0.0534512821991627,0.0321));
#8387=CARTESIAN_POINT('',(0.0170094421362712,-0.0531257214176407,0.0321));
#8388=CARTESIAN_POINT('',(0.0170094421362712,-0.0531257214176407,0.0316));
#8389=CARTESIAN_POINT('',(0.0170094421362712,-0.0531257214176407,0.0316));
#8390=CARTESIAN_POINT('',(0.0170094421362712,-0.0531257214176407,0.0316));
#8391=CARTESIAN_POINT('',(0.0168563268312116,-0.0532396676911734,0.0316));
#8392=CARTESIAN_POINT('',(0.0168044405816565,-0.0534512821991627,0.0316));
#8393=CARTESIAN_POINT('',(0.0174555621447005,-0.053011775144108,0.0316));
#8394=CARTESIAN_POINT('',(0.0174555621447005,-0.053011775144108,0.0321));
#8395=CARTESIAN_POINT('',(0.0172602256757873,-0.053011775144108,0.0316));
#8396=CARTESIAN_POINT('',(0.0172602256757873,-0.053011775144108,0.0321));
#8397=CARTESIAN_POINT('',(0.0171115190063108,-0.0530497572352856,0.0316));
#8398=CARTESIAN_POINT('',(0.0171115190063108,-0.0530497572352856,0.0321));
#8399=CARTESIAN_POINT('',(0.0170094421362712,-0.0531257214176407,0.0316));
#8400=CARTESIAN_POINT('',(0.0170094421362712,-0.0531257214176407,0.0321));
#8401=CARTESIAN_POINT('',(0.0174555621447005,-0.053011775144108,0.0321));
#8402=CARTESIAN_POINT('',(0.0171625574413307,-0.053011775144108,0.0321));
#8403=CARTESIAN_POINT('',(0.0170094421362712,-0.0531257214176407,0.0321));
#8404=CARTESIAN_POINT('',(0.0174555621447005,-0.053011775144108,0.0321));
#8405=CARTESIAN_POINT('',(0.0174555621447005,-0.053011775144108,0.0316));
#8406=CARTESIAN_POINT('',(0.0174555621447005,-0.053011775144108,0.0316));
#8407=CARTESIAN_POINT('',(0.0174555621447005,-0.053011775144108,0.0316));
#8408=CARTESIAN_POINT('',(0.0171625574413307,-0.053011775144108,0.0316));
#8409=CARTESIAN_POINT('',(0.0170094421362712,-0.0531257214176407,0.0316));
#8410=CARTESIAN_POINT('',(0.017898121332082,-0.0531257214176407,0.0316));
#8411=CARTESIAN_POINT('',(0.017898121332082,-0.0531257214176407,0.0321));
#8412=CARTESIAN_POINT('',(0.0177984183427409,-0.0530497572352856,0.0316));
#8413=CARTESIAN_POINT('',(0.0177984183427409,-0.0530497572352856,0.0321));
#8414=CARTESIAN_POINT('',(0.0176508986136137,-0.053011775144108,0.0316));
#8415=CARTESIAN_POINT('',(0.0176508986136137,-0.053011775144108,0.0321));
#8416=CARTESIAN_POINT('',(0.0174555621447005,-0.053011775144108,0.0316));
#8417=CARTESIAN_POINT('',(0.0174555621447005,-0.053011775144108,0.0321));
#8418=CARTESIAN_POINT('',(0.017898121332082,-0.0531257214176407,0.0321));
#8419=CARTESIAN_POINT('',(0.0177485668480703,-0.053011775144108,0.0321));
#8420=CARTESIAN_POINT('',(0.0174555621447005,-0.053011775144108,0.0321));
#8421=CARTESIAN_POINT('',(0.017898121332082,-0.0531257214176407,0.0321));
#8422=CARTESIAN_POINT('',(0.017898121332082,-0.0531257214176407,0.0316));
#8423=CARTESIAN_POINT('',(0.017898121332082,-0.0531257214176407,0.0316));
#8424=CARTESIAN_POINT('',(0.017898121332082,-0.0531257214176407,0.0316));
#8425=CARTESIAN_POINT('',(0.0177485668480703,-0.053011775144108,0.0316));
#8426=CARTESIAN_POINT('',(0.0174555621447005,-0.053011775144108,0.0316));
#8427=CARTESIAN_POINT('',(0.0181000707543699,-0.0534512821991627,0.0316));
#8428=CARTESIAN_POINT('',(0.0181000707543699,-0.0534512821991627,0.0321));
#8429=CARTESIAN_POINT('',(0.0180651407955191,-0.0533102058605032,0.0316));
#8430=CARTESIAN_POINT('',(0.0180651407955191,-0.0533102058605032,0.0321));
#8431=CARTESIAN_POINT('',(0.0179978243214231,-0.0532016855999958,0.0316));
#8432=CARTESIAN_POINT('',(0.0179978243214231,-0.0532016855999958,0.0321));
#8433=CARTESIAN_POINT('',(0.017898121332082,-0.0531257214176407,0.0316));
#8434=CARTESIAN_POINT('',(0.017898121332082,-0.0531257214176407,0.0321));
#8435=CARTESIAN_POINT('',(0.0181000707543699,-0.0534512821991627,0.0321));
#8436=CARTESIAN_POINT('',(0.0180476758160937,-0.0532396676911734,0.0321));
#8437=CARTESIAN_POINT('',(0.017898121332082,-0.0531257214176407,0.0321));
#8438=CARTESIAN_POINT('',(0.0181000707543699,-0.0534512821991627,0.0321));
#8439=CARTESIAN_POINT('',(0.0181000707543699,-0.0534512821991627,0.0316));
#8440=CARTESIAN_POINT('',(0.0181000707543699,-0.0534512821991627,0.0316));
#8441=CARTESIAN_POINT('',(0.0181000707543699,-0.0534512821991627,0.0316));
#8442=CARTESIAN_POINT('',(0.0180476758160937,-0.0532396676911734,0.0316));
#8443=CARTESIAN_POINT('',(0.017898121332082,-0.0531257214176407,0.0316));
#8444=CARTESIAN_POINT('',(0.0160099800878417,-0.0539168725555088,0.0316));
#8445=CARTESIAN_POINT('',(0.0160099800878417,-0.0539168725555088,0.0321));
#8446=CARTESIAN_POINT('',(0.0181521036561287,-0.0539558948154386,0.0321));
#8447=CARTESIAN_POINT('',(0.0181524656926461,-0.0539559014105218,0.0316));
#8448=CARTESIAN_POINT('',(0.0181521036561287,-0.0539558948154386,0.03160000025));
#8449=CARTESIAN_POINT('',(0.0160099800878417,-0.0539168725555088,0.0316));
#8450=CARTESIAN_POINT('',(0.0181524656926461,-0.0551116421849249,0.0316));
#8451=CARTESIAN_POINT('',(0.0181524656926461,-0.0551116421849249,0.0321));
#8452=CARTESIAN_POINT('',(0.0181521409150711,-0.0562673882404169,0.0321));
#8453=CARTESIAN_POINT('',(0.0181524656926461,-0.056267382959328,0.0316));
#8454=CARTESIAN_POINT('',(0.0181521409150711,-0.0562673882404169,0.0316));
#8455=CARTESIAN_POINT('',(0.0181524656926461,-0.0551116421849249,0.0316));
#8456=CARTESIAN_POINT('',(0.0159276158870296,-0.0563035604253691,0.0316));
#8457=CARTESIAN_POINT('',(0.0159276158870296,-0.0563035604253691,0.0321));
#8458=CARTESIAN_POINT('',(0.0181000707543699,-0.0567786151240618,0.0321));
#8459=CARTESIAN_POINT('',(0.0181000707543699,-0.0567786151240618,0.0316));
#8460=CARTESIAN_POINT('',(0.0181000707543699,-0.0567786151240618,0.0316));
#8461=CARTESIAN_POINT('',(0.0159276158870296,-0.0563035604253691,0.0316));
#8462=CARTESIAN_POINT('',(0.0174555621447005,-0.0578178661813266,0.0316));
#8463=CARTESIAN_POINT('',(0.0174555621447005,-0.0578178661813266,0.0321));
#8464=CARTESIAN_POINT('',(0.0170994800399108,-0.0578178661813266,0.0316));
#8465=CARTESIAN_POINT('',(0.0170994800399108,-0.0578178661813266,0.0321));
#8466=CARTESIAN_POINT('',(0.0168151230448002,-0.0577483453894391,0.0316));
#8467=CARTESIAN_POINT('',(0.0168151230448002,-0.0577483453894391,0.0321));
#8468=CARTESIAN_POINT('',(0.0166024911593687,-0.057609303805664,0.0316));
#8469=CARTESIAN_POINT('',(0.0166024911593687,-0.057609303805664,0.0321));
#8470=CARTESIAN_POINT('',(0.0174555621447005,-0.0578178661813266,0.0316));
#8471=CARTESIAN_POINT('',(0.0174555621447005,-0.0578178661813266,0.0316));
#8472=CARTESIAN_POINT('',(0.0174555621447005,-0.0578178661813266,0.0316));
#8473=CARTESIAN_POINT('',(0.0169214389875159,-0.0578178661813266,0.0316));
#8474=CARTESIAN_POINT('',(0.0166024911593687,-0.057609303805664,0.0316));
#8475=CARTESIAN_POINT('',(0.0166024911593687,-0.057609303805664,0.0316));
#8476=CARTESIAN_POINT('',(0.0166024911593687,-0.057609303805664,0.0316));
#8477=CARTESIAN_POINT('',(0.0183020201766577,-0.0576062516733373,0.0316));
#8478=CARTESIAN_POINT('',(0.0183020201766577,-0.0576062516733373,0.0321));
#8479=CARTESIAN_POINT('',(0.0180937969268093,-0.0577473280119968,0.0316));
#8480=CARTESIAN_POINT('',(0.0180937969268093,-0.0577473280119968,0.0321));
#8481=CARTESIAN_POINT('',(0.0178116442494902,-0.0578178661813266,0.0316));
#8482=CARTESIAN_POINT('',(0.0178116442494902,-0.0578178661813266,0.0321));
#8483=CARTESIAN_POINT('',(0.0174555621447005,-0.0578178661813266,0.0316));
#8484=CARTESIAN_POINT('',(0.0174555621447005,-0.0578178661813266,0.0321));
#8485=CARTESIAN_POINT('',(0.0183020201766577,-0.0576062516733373,0.0316));
#8486=CARTESIAN_POINT('',(0.0183020201766577,-0.0576062516733373,0.0316));
#8487=CARTESIAN_POINT('',(0.0183020201766577,-0.0576062516733373,0.0316));
#8488=CARTESIAN_POINT('',(0.017989685301885,-0.0578178661813266,0.0316));
#8489=CARTESIAN_POINT('',(0.0174555621447005,-0.0578178661813266,0.0316));
#8490=CARTESIAN_POINT('',(0.0187542444497407,-0.0570100684921751,0.0316));
#8491=CARTESIAN_POINT('',(0.0187542444497407,-0.0570100684921751,0.0321));
#8492=CARTESIAN_POINT('',(0.0186609848508671,-0.0572664476076237,0.0316));
#8493=CARTESIAN_POINT('',(0.0186609848508671,-0.0572664476076237,0.0321));
#8494=CARTESIAN_POINT('',(0.0185102434265062,-0.0574651753346778,0.0316));
#8495=CARTESIAN_POINT('',(0.0185102434265062,-0.0574651753346778,0.0321));
#8496=CARTESIAN_POINT('',(0.0183020201766577,-0.0576062516733373,0.0316));
#8497=CARTESIAN_POINT('',(0.0183020201766577,-0.0576062516733373,0.0321));
#8498=CARTESIAN_POINT('',(0.0187542444497407,-0.0570100684921751,0.0316));
#8499=CARTESIAN_POINT('',(0.0187542444497407,-0.0570100684921751,0.0316));
#8500=CARTESIAN_POINT('',(0.0187542444497407,-0.0570100684921751,0.0316));
#8501=CARTESIAN_POINT('',(0.0186143550514304,-0.057394637165348,0.0316));
#8502=CARTESIAN_POINT('',(0.0183020201766577,-0.0576062516733373,0.0316));
#8503=CARTESIAN_POINT('',(0.0188941338480509,-0.0561117242106628,0.0316));
#8504=CARTESIAN_POINT('',(0.0188941338480509,-0.0561117242106628,0.0321));
#8505=CARTESIAN_POINT('',(0.0188941338480509,-0.0564542412828891,0.0316));
#8506=CARTESIAN_POINT('',(0.0188941338480509,-0.0564542412828891,0.0321));
#8507=CARTESIAN_POINT('',(0.0188475040486141,-0.0567536893767265,0.0316));
#8508=CARTESIAN_POINT('',(0.0188475040486141,-0.0567536893767265,0.0321));
#8509=CARTESIAN_POINT('',(0.0187542444497407,-0.0570100684921751,0.0316));
#8510=CARTESIAN_POINT('',(0.0187542444497407,-0.0570100684921751,0.0321));
#8511=CARTESIAN_POINT('',(0.0188941338480509,-0.0561117242106628,0.0316));
#8512=CARTESIAN_POINT('',(0.0188941338480509,-0.0561117242106628,0.0316));
#8513=CARTESIAN_POINT('',(0.0188941338480509,-0.0561117242106628,0.0316));
#8514=CARTESIAN_POINT('',(0.0188941338480509,-0.0566254998190022,0.0316));
#8515=CARTESIAN_POINT('',(0.0187542444497407,-0.0570100684921751,0.0316));
#8516=CARTESIAN_POINT('',(0.0188941338480509,-0.0551090987413193,0.0316));
#8517=CARTESIAN_POINT('',(0.0188941338480509,-0.0541064732719757,0.0316));
#8518=CARTESIAN_POINT('',(0.0188941338480509,-0.0541064732719757,0.0316));
#8519=CARTESIAN_POINT('',(0.0188941338480509,-0.0551090987413193,0.0316));
#8520=CARTESIAN_POINT('',(0.0187542444497407,-0.053214233255117,0.0316));
#8521=CARTESIAN_POINT('',(0.0187542444497407,-0.053214233255117,0.0321));
#8522=CARTESIAN_POINT('',(0.0188475040486141,-0.0534617950993993,0.0316));
#8523=CARTESIAN_POINT('',(0.0188475040486141,-0.0534617950993993,0.0321));
#8524=CARTESIAN_POINT('',(0.0188941338480509,-0.0537592084383522,0.0316));
#8525=CARTESIAN_POINT('',(0.0188941338480509,-0.0537592084383522,0.0321));
#8526=CARTESIAN_POINT('',(0.0188941338480509,-0.0541064732719757,0.0316));
#8527=CARTESIAN_POINT('',(0.0188941338480509,-0.0541064732719757,0.0321));
#8528=CARTESIAN_POINT('',(0.0187542444497407,-0.053214233255117,0.0316));
#8529=CARTESIAN_POINT('',(0.0187542444497407,-0.053214233255117,0.0316));
#8530=CARTESIAN_POINT('',(0.0187542444497407,-0.053214233255117,0.0316));
#8531=CARTESIAN_POINT('',(0.0188941338480509,-0.0535855760215405,0.0316));
#8532=CARTESIAN_POINT('',(0.0188941338480509,-0.0541064732719757,0.0316));
#8533=CARTESIAN_POINT('',(0.0176805291660662,-0.0535933639957487,0.0316));
#8534=CARTESIAN_POINT('',(0.0183020201766577,-0.0526409410664056,0.0316));
#8535=CARTESIAN_POINT('',(0.0183020201766577,-0.0526409410664056,0.0316));
#8536=CARTESIAN_POINT('',(0.0176805291660662,-0.0535933639957487,0.0316));
#8537=CARTESIAN_POINT('',(0.0174555621447005,-0.0524389916441177,0.0316));
#8538=CARTESIAN_POINT('',(0.0174555621447005,-0.0524389916441177,0.0321));
#8539=CARTESIAN_POINT('',(0.0178116442494902,-0.0524389916441177,0.0316));
#8540=CARTESIAN_POINT('',(0.0178116442494902,-0.0524389916441177,0.0321));
#8541=CARTESIAN_POINT('',(0.0180937969268093,-0.0525063081182137,0.0316));
#8542=CARTESIAN_POINT('',(0.0180937969268093,-0.0525063081182137,0.0321));
#8543=CARTESIAN_POINT('',(0.0183020201766577,-0.0526409410664056,0.0316));
#8544=CARTESIAN_POINT('',(0.0183020201766577,-0.0526409410664056,0.0321));
#8545=CARTESIAN_POINT('',(0.0174555621447005,-0.0524389916441177,0.0316));
#8546=CARTESIAN_POINT('',(0.0174555621447005,-0.0524389916441177,0.0316));
#8547=CARTESIAN_POINT('',(0.0174555621447005,-0.0524389916441177,0.0316));
#8548=CARTESIAN_POINT('',(0.017989685301885,-0.0524389916441177,0.0316));
#8549=CARTESIAN_POINT('',(0.0183020201766577,-0.0526409410664056,0.0316));
#8550=CARTESIAN_POINT('',(0.0166055432916954,-0.0526378889340788,0.0316));
#8551=CARTESIAN_POINT('',(0.0166055432916954,-0.0526378889340788,0.0321));
#8552=CARTESIAN_POINT('',(0.0168161404222424,-0.0525052907407714,0.0316));
#8553=CARTESIAN_POINT('',(0.0168161404222424,-0.0525052907407714,0.0321));
#8554=CARTESIAN_POINT('',(0.0170994800399108,-0.0524389916441177,0.0316));
#8555=CARTESIAN_POINT('',(0.0170994800399108,-0.0524389916441177,0.0321));
#8556=CARTESIAN_POINT('',(0.0174555621447005,-0.0524389916441177,0.0316));
#8557=CARTESIAN_POINT('',(0.0174555621447005,-0.0524389916441177,0.0321));
#8558=CARTESIAN_POINT('',(0.0166055432916954,-0.0526378889340788,0.0316));
#8559=CARTESIAN_POINT('',(0.0166055432916954,-0.0526378889340788,0.0316));
#8560=CARTESIAN_POINT('',(0.0166055432916954,-0.0526378889340788,0.0316));
#8561=CARTESIAN_POINT('',(0.0169214389875159,-0.0524389916441177,0.0316));
#8562=CARTESIAN_POINT('',(0.0174555621447005,-0.0524389916441177,0.0316));
#8563=CARTESIAN_POINT('',(0.0161497581975646,-0.0532111811227902,0.0316));
#8564=CARTESIAN_POINT('',(0.0161497581975646,-0.0532111811227902,0.0321));
#8565=CARTESIAN_POINT('',(0.0162430177964381,-0.0529615845236233,0.0316));
#8566=CARTESIAN_POINT('',(0.0162430177964381,-0.0529615845236233,0.0321));
#8567=CARTESIAN_POINT('',(0.0163949461611484,-0.0527704871273862,0.0316));
#8568=CARTESIAN_POINT('',(0.0163949461611484,-0.0527704871273862,0.0321));
#8569=CARTESIAN_POINT('',(0.0166055432916954,-0.0526378889340788,0.0316));
#8570=CARTESIAN_POINT('',(0.0166055432916954,-0.0526378889340788,0.0321));
#8571=CARTESIAN_POINT('',(0.0161497581975646,-0.0532111811227902,0.0316));
#8572=CARTESIAN_POINT('',(0.0161497581975646,-0.0532111811227902,0.0316));
#8573=CARTESIAN_POINT('',(0.0161497581975646,-0.0532111811227902,0.0316));
#8574=CARTESIAN_POINT('',(0.0162896475958749,-0.0528367862240399,0.0316));
#8575=CARTESIAN_POINT('',(0.0166055432916954,-0.0526378889340788,0.0316));
#8576=CARTESIAN_POINT('',(0.0160098687992544,-0.0541064732719757,0.0316));
#8577=CARTESIAN_POINT('',(0.0160098687992544,-0.0541064732719757,0.0321));
#8578=CARTESIAN_POINT('',(0.0160098687992544,-0.0537592084383522,0.0316));
#8579=CARTESIAN_POINT('',(0.0160098687992544,-0.0537592084383522,0.0321));
#8580=CARTESIAN_POINT('',(0.0160564985986911,-0.0534607777219571,0.0316));
#8581=CARTESIAN_POINT('',(0.0160564985986911,-0.0534607777219571,0.0321));
#8582=CARTESIAN_POINT('',(0.0161497581975646,-0.0532111811227902,0.0316));
#8583=CARTESIAN_POINT('',(0.0161497581975646,-0.0532111811227902,0.0321));
#8584=CARTESIAN_POINT('',(0.0160098687992544,-0.0541064732719757,0.0316));
#8585=CARTESIAN_POINT('',(0.0160098687992544,-0.0541064732719757,0.0316));
#8586=CARTESIAN_POINT('',(0.0160098687992544,-0.0541064732719757,0.0316));
#8587=CARTESIAN_POINT('',(0.0160098687992544,-0.0535855760215405,0.0316));
#8588=CARTESIAN_POINT('',(0.0161497581975646,-0.0532111811227902,0.0316));
#8589=CARTESIAN_POINT('',(0.0160098687992544,-0.0551055379202714,0.0316));
#8590=CARTESIAN_POINT('',(0.0160098687992544,-0.056104602568567,0.0316));
#8591=CARTESIAN_POINT('',(0.0160098687992544,-0.056104602568567,0.0316));
#8592=CARTESIAN_POINT('',(0.0160098687992544,-0.0551055379202714,0.0316));
#8593=CARTESIAN_POINT('',(0.0161467060652378,-0.0570131206245019,0.0316));
#8594=CARTESIAN_POINT('',(0.0161467060652378,-0.0570131206245019,0.0321));
#8595=CARTESIAN_POINT('',(0.0160554812212488,-0.0567547067541688,0.0316));
#8596=CARTESIAN_POINT('',(0.0160554812212488,-0.0567547067541688,0.0321));
#8597=CARTESIAN_POINT('',(0.0160098687992544,-0.0564518674021905,0.0316));
#8598=CARTESIAN_POINT('',(0.0160098687992544,-0.0564518674021905,0.0321));
#8599=CARTESIAN_POINT('',(0.0160098687992544,-0.056104602568567,0.0316));
#8600=CARTESIAN_POINT('',(0.0160098687992544,-0.056104602568567,0.0321));
#8601=CARTESIAN_POINT('',(0.0161467060652378,-0.0570131206245019,0.0316));
#8602=CARTESIAN_POINT('',(0.0161467060652378,-0.0570131206245019,0.0316));
#8603=CARTESIAN_POINT('',(0.0161467060652378,-0.0570131206245019,0.0316));
#8604=CARTESIAN_POINT('',(0.0160098687992544,-0.0566254998190022,0.0316));
#8605=CARTESIAN_POINT('',(0.0160098687992544,-0.056104602568567,0.0316));
#8606=CARTESIAN_POINT('',(0.0166024911593687,-0.057609303805664,0.0316));
#8607=CARTESIAN_POINT('',(0.0166024911593687,-0.057609303805664,0.0321));
#8608=CARTESIAN_POINT('',(0.0163898592739371,-0.057470262221889,0.0316));
#8609=CARTESIAN_POINT('',(0.0163898592739371,-0.057470262221889,0.0321));
#8610=CARTESIAN_POINT('',(0.0162379309092268,-0.057271534494835,0.0316));
#8611=CARTESIAN_POINT('',(0.0162379309092268,-0.057271534494835,0.0321));
#8612=CARTESIAN_POINT('',(0.0161467060652378,-0.0570131206245019,0.0316));
#8613=CARTESIAN_POINT('',(0.0161467060652378,-0.0570131206245019,0.0321));
#8614=CARTESIAN_POINT('',(0.0166024911593687,-0.057609303805664,0.0316));
#8615=CARTESIAN_POINT('',(0.0162835433312213,-0.0574007414300015,0.0316));
#8616=CARTESIAN_POINT('',(0.0161467060652378,-0.0570131206245019,0.0316));
#8617=CARTESIAN_POINT('',(0.017898121332082,-0.0571174018123331,0.0316));
#8618=CARTESIAN_POINT('',(0.017898121332082,-0.0571174018123331,0.0321));
#8619=CARTESIAN_POINT('',(0.0179978243214231,-0.0570370289943949,0.0316));
#8620=CARTESIAN_POINT('',(0.0179978243214231,-0.0570370289943949,0.0321));
#8621=CARTESIAN_POINT('',(0.0180651407955191,-0.0569241000983045,0.0316));
#8622=CARTESIAN_POINT('',(0.0180651407955191,-0.0569241000983045,0.0321));
#8623=CARTESIAN_POINT('',(0.0181000707543699,-0.0567786151240618,0.0316));
#8624=CARTESIAN_POINT('',(0.0181000707543699,-0.0567786151240618,0.0321));
#8625=CARTESIAN_POINT('',(0.017898121332082,-0.0571174018123331,0.0321));
#8626=CARTESIAN_POINT('',(0.0180476758160937,-0.0569968425854258,0.0321));
#8627=CARTESIAN_POINT('',(0.0181000707543699,-0.0567786151240618,0.0321));
#8628=CARTESIAN_POINT('',(0.017898121332082,-0.0571174018123331,0.0316));
#8629=CARTESIAN_POINT('',(0.0180476758160937,-0.0569968425854258,0.0316));
#8630=CARTESIAN_POINT('',(0.0181000707543699,-0.0567786151240618,0.0316));
#8631=CARTESIAN_POINT('',(0.0454749186411265,1.38777878078145E-17,0.0316));
#8632=CARTESIAN_POINT('',(0.006,5.00000000000084E-5,0.0321));
#8633=CARTESIAN_POINT('',(0.006,5.00000000000084E-5,0.0321));
#8634=CARTESIAN_POINT('',(0.0745021477341652,-0.028235,0.013175));
#8635=CARTESIAN_POINT('',(0.0745021477341652,-0.028235,0.016175));
#8636=CARTESIAN_POINT('',(0.0628616355484674,-0.028235,0.016175));
#8637=CARTESIAN_POINT('',(0.0711697801349127,-0.028235,0.00920363894174627));
#8638=CARTESIAN_POINT('',(0.0664368963262501,-0.028235,0.013175));
#8639=CARTESIAN_POINT('',(0.0745021477341652,-0.028235,0.013175));
#8640=CARTESIAN_POINT('',(0.0745021477341652,0.002065,0.013175));
#8641=CARTESIAN_POINT('',(0.0745021477341652,0.002065,0.016175));
#8642=CARTESIAN_POINT('',(0.0628616355484674,0.002065,0.016175));
#8643=CARTESIAN_POINT('',(0.0745021477341652,0.002065,0.013175));
#8644=CARTESIAN_POINT('',(0.0664368963262501,0.002065,0.013175));
#8645=CARTESIAN_POINT('',(0.0711697801349127,0.002065,0.00920363894174627));
#8646=CARTESIAN_POINT('',(-1.7913139392655E-34,-0.013085,0.013175));
#8647=CARTESIAN_POINT('',(0.0664368963262501,0.095,0.013175));
#8648=CARTESIAN_POINT('',(-2.1992032612994E-34,-0.013085,0.016175));
#8649=CARTESIAN_POINT('',(0.0628616355484674,0.095,0.016175));
#8650=CARTESIAN_POINT('',(0.0684330835938454,0.095,0.0115));
#8651=CARTESIAN_POINT('',(-0.0745021477341652,0.002065,0.013175));
#8652=CARTESIAN_POINT('',(-0.0745021477341652,0.002065,0.013175));
#8653=CARTESIAN_POINT('',(-0.0664368963262501,0.002065,0.013175));
#8654=CARTESIAN_POINT('',(-0.0745021477341652,0.002065,0.016175));
#8655=CARTESIAN_POINT('',(-0.0628616355484674,0.002065,0.016175));
#8656=CARTESIAN_POINT('',(-0.0684330835938454,0.002065,0.0115));
#8657=CARTESIAN_POINT('',(-0.0684330835938454,0.095,0.0115));
#8658=CARTESIAN_POINT('',(-0.0628616355484674,0.095,0.016175));
#8659=CARTESIAN_POINT('',(-0.0628616355484674,-0.028235,0.016175));
#8660=CARTESIAN_POINT('',(-0.0684330835938454,-0.028235,0.0115));
#8661=CARTESIAN_POINT('',(-0.0664368963262501,-0.028235,0.013175));
#8662=CARTESIAN_POINT('',(-0.0664368963262501,0.095,0.013175));
#8663=CARTESIAN_POINT('',(-0.0745021477341652,-0.028235,0.013175));
#8664=CARTESIAN_POINT('',(-0.0745021477341652,-0.028235,0.013175));
#8665=CARTESIAN_POINT('',(-0.0745021477341652,-0.028235,0.016175));
#8666=CARTESIAN_POINT('',(-1.7913139392655E-34,-0.013085,0.013175));
#8667=CARTESIAN_POINT('',(-2.1992032612994E-34,-0.013085,0.016175));
#8668=MECHANICAL_DESIGN_GEOMETRIC_PRESENTATION_REPRESENTATION('',(#4924,
#4617,#4618,#4619,#4620,#4621,#4622,#4623,#4624,#4625,#4626,#4627,#4628,
#4629,#4630,#4631,#4632,#4633,#4634,#4635,#4636,#4637,#4638,#4639,#4640,
#4641,#4642,#4643,#4644,#4645,#4646,#4647,#4648,#4649,#4650,#4651,#4652,
#4653,#4654,#4655,#4656,#4657,#4658,#4659),#8669);
#8669=(
GEOMETRIC_REPRESENTATION_CONTEXT(3)
GLOBAL_UNCERTAINTY_ASSIGNED_CONTEXT((#8670))
GLOBAL_UNIT_ASSIGNED_CONTEXT((#8673,#8672,#8671))
REPRESENTATION_CONTEXT('Drone Controller - Top',
'TOP_LEVEL_ASSEMBLY_PART')
);
#8670=UNCERTAINTY_MEASURE_WITH_UNIT(LENGTH_MEASURE(2.E-5),#8673,
'DISTANCE_ACCURACY_VALUE','Maximum Tolerance applied to model');
#8671=(
NAMED_UNIT(*)
SI_UNIT($,.STERADIAN.)
SOLID_ANGLE_UNIT()
);
#8672=(
NAMED_UNIT(*)
PLANE_ANGLE_UNIT()
SI_UNIT($,.RADIAN.)
);
#8673=(
LENGTH_UNIT()
NAMED_UNIT(*)
SI_UNIT($,.METRE.)
);
#8674=PRODUCT_DEFINITION_SHAPE('','',#8675);
#8675=PRODUCT_DEFINITION('','',#8677,#8676);
#8676=PRODUCT_DEFINITION_CONTEXT('',#8683,'design');
#8677=PRODUCT_DEFINITION_FORMATION_WITH_SPECIFIED_SOURCE('','',#8679,
 .NOT_KNOWN.);
#8678=PRODUCT_RELATED_PRODUCT_CATEGORY('','',(#8679));
#8679=PRODUCT('Drone Controller - Top','Drone Controller - Top',
'Drone Controller - Top',(#8681));
#8680=PRODUCT_CATEGORY('','');
#8681=PRODUCT_CONTEXT('',#8683,'mechanical');
#8682=APPLICATION_PROTOCOL_DEFINITION('international standard',
'ap242_managed_model_based_3d_engineering',2020,#8683);
#8683=APPLICATION_CONTEXT('managed model based 3d engineering');
ENDSEC;
END-ISO-10303-21;
