ISO-10303-21;
HEADER;
/* Generated by software containing ST-Developer
 * from STEP Tools, Inc. (www.steptools.com) 
 */
/* OPTION: using custom renumber hook */

FILE_DESCRIPTION(
/* description */ ('STEP AP242 Edition 2',
'CAx-IF Rec.Pracs.---Representation and Presentation of Product Manufa
cturing Information (PMI)---4.0---2014-10-13',
'CAx-IF Rec.Pracs.---3D Tessellated Geometry---0.4---2014-09-14','2;1',
'CAx-IF Rec.Pracs.---User Defined Attributes---1.5---2016-08-15'),
/* implementation_level */ '2;1');

FILE_NAME(
/* name */ 'KICAD Drohnen COntroller - Drone Controller - Top',
/* time_stamp */ '2026-08-18T16:25:18Z',
/* author */ (''),
/* organization */ (''),
/* preprocessor_version */ 'ST-DEVELOPER v20',
/* originating_system */ 'ONSHAPE BY PTC INC, 1.219',
/* authorisation */ '  ');

FILE_SCHEMA (('AP242_MANAGED_MODEL_BASED_3D_ENGINEERING_MIM_LF { 1 0 10303 442 3 1 4 }'));
ENDSEC;

DATA;
#10=SHAPE_REPRESENTATION_RELATIONSHIP('','',#5013,#11);
#11=ADVANCED_BREP_SHAPE_REPRESENTATION('',(#5011),#8385);
#12=B_SPLINE_SURFACE_WITH_KNOTS('',3,1,((#7532,#7533),(#7534,#7535),(#7536,
#7537),(#7538,#7539),(#7540,#7541),(#7542,#7543),(#7544,#7545),(#7546,#7547),
(#7548,#7549),(#7550,#7551),(#7552,#7553),(#7554,#7555),(#7556,#7557),(#7558,
#7559),(#7560,#7561),(#7562,#7563),(#7564,#7565),(#7566,#7567)),
 .SURF_OF_LINEAR_EXTRUSION.,.F.,.F.,.F.,(4,1,1,1,1,1,1,1,1,1,1,1,1,1,1,
4),(2,2),(0.215148223601849,0.288653247227486,0.362158270853123,0.398910782665941,
0.43566329447876,0.472415806291578,0.509168318104397,0.545920829917215,
0.582673341730033,0.619425853542852,0.65617836535567,0.692930877168489,
0.711307133074898,0.729683388981307,0.766435900794126,0.803188412606944),
(0.,1.),.UNSPECIFIED.);
#13=B_SPLINE_SURFACE_WITH_KNOTS('',3,1,((#7627,#7628),(#7629,#7630),(#7631,
#7632),(#7633,#7634)),.SURF_OF_LINEAR_EXTRUSION.,.F.,.F.,.F.,(4,4),(2,2),
(0.,1.),(0.,1.),.PIECEWISE_BEZIER_KNOTS.);
#14=B_SPLINE_SURFACE_WITH_KNOTS('',3,1,((#7647,#7648),(#7649,#7650),(#7651,
#7652),(#7653,#7654)),.SURF_OF_LINEAR_EXTRUSION.,.F.,.F.,.F.,(4,4),(2,2),
(0.,1.),(0.,1.),.PIECEWISE_BEZIER_KNOTS.);
#15=B_SPLINE_SURFACE_WITH_KNOTS('',3,1,((#7664,#7665),(#7666,#7667),(#7668,
#7669),(#7670,#7671)),.SURF_OF_LINEAR_EXTRUSION.,.F.,.F.,.F.,(4,4),(2,2),
(0.,1.),(0.,1.),.PIECEWISE_BEZIER_KNOTS.);
#16=B_SPLINE_SURFACE_WITH_KNOTS('',3,1,((#7699,#7700),(#7701,#7702),(#7703,
#7704),(#7705,#7706)),.SURF_OF_LINEAR_EXTRUSION.,.F.,.F.,.F.,(4,4),(2,2),
(0.,1.),(0.,1.),.PIECEWISE_BEZIER_KNOTS.);
#17=B_SPLINE_SURFACE_WITH_KNOTS('',3,1,((#7716,#7717),(#7718,#7719),(#7720,
#7721),(#7722,#7723)),.SURF_OF_LINEAR_EXTRUSION.,.F.,.F.,.F.,(4,4),(2,2),
(0.,1.),(0.,1.),.PIECEWISE_BEZIER_KNOTS.);
#18=B_SPLINE_SURFACE_WITH_KNOTS('',3,1,((#7733,#7734),(#7735,#7736),(#7737,
#7738),(#7739,#7740)),.SURF_OF_LINEAR_EXTRUSION.,.F.,.F.,.F.,(4,4),(2,2),
(0.,1.),(0.,1.),.PIECEWISE_BEZIER_KNOTS.);
#19=B_SPLINE_SURFACE_WITH_KNOTS('',3,1,((#7750,#7751),(#7752,#7753),(#7754,
#7755),(#7756,#7757)),.SURF_OF_LINEAR_EXTRUSION.,.F.,.F.,.F.,(4,4),(2,2),
(0.,1.),(0.,1.),.PIECEWISE_BEZIER_KNOTS.);
#20=B_SPLINE_SURFACE_WITH_KNOTS('',3,1,((#7785,#7786),(#7787,#7788),(#7789,
#7790),(#7791,#7792)),.SURF_OF_LINEAR_EXTRUSION.,.F.,.F.,.F.,(4,4),(2,2),
(0.,1.),(0.,1.),.PIECEWISE_BEZIER_KNOTS.);
#21=B_SPLINE_SURFACE_WITH_KNOTS('',3,1,((#7800,#7801),(#7802,#7803),(#7804,
#7805),(#7806,#7807)),.SURF_OF_LINEAR_EXTRUSION.,.F.,.F.,.F.,(4,4),(2,2),
(0.,1.),(0.,1.),.PIECEWISE_BEZIER_KNOTS.);
#22=B_SPLINE_SURFACE_WITH_KNOTS('',3,1,((#7813,#7814),(#7815,#7816),(#7817,
#7818),(#7819,#7820)),.SURF_OF_LINEAR_EXTRUSION.,.F.,.F.,.F.,(4,4),(2,2),
(0.,1.),(0.,1.),.PIECEWISE_BEZIER_KNOTS.);
#23=B_SPLINE_SURFACE_WITH_KNOTS('',3,1,((#7826,#7827),(#7828,#7829),(#7830,
#7831),(#7832,#7833)),.SURF_OF_LINEAR_EXTRUSION.,.F.,.F.,.F.,(4,4),(2,2),
(0.,1.),(0.,1.),.PIECEWISE_BEZIER_KNOTS.);
#24=B_SPLINE_SURFACE_WITH_KNOTS('',3,1,((#7843,#7844),(#7845,#7846),(#7847,
#7848),(#7849,#7850)),.SURF_OF_LINEAR_EXTRUSION.,.F.,.F.,.F.,(4,4),(2,2),
(0.,1.),(0.,1.),.PIECEWISE_BEZIER_KNOTS.);
#25=B_SPLINE_SURFACE_WITH_KNOTS('',3,1,((#7860,#7861),(#7862,#7863),(#7864,
#7865),(#7866,#7867)),.SURF_OF_LINEAR_EXTRUSION.,.F.,.F.,.F.,(4,4),(2,2),
(0.,1.),(0.,1.),.PIECEWISE_BEZIER_KNOTS.);
#26=B_SPLINE_SURFACE_WITH_KNOTS('',3,1,((#7873,#7874),(#7875,#7876),(#7877,
#7878),(#7879,#7880)),.SURF_OF_LINEAR_EXTRUSION.,.F.,.F.,.F.,(4,4),(2,2),
(0.,1.),(0.,1.),.PIECEWISE_BEZIER_KNOTS.);
#27=B_SPLINE_SURFACE_WITH_KNOTS('',3,1,((#7886,#7887),(#7888,#7889),(#7890,
#7891),(#7892,#7893)),.SURF_OF_LINEAR_EXTRUSION.,.F.,.F.,.F.,(4,4),(2,2),
(0.,1.),(0.,1.),.PIECEWISE_BEZIER_KNOTS.);
#28=B_SPLINE_SURFACE_WITH_KNOTS('',3,1,((#7899,#7900),(#7901,#7902),(#7903,
#7904),(#7905,#7906)),.SURF_OF_LINEAR_EXTRUSION.,.F.,.F.,.F.,(4,4),(2,2),
(0.,1.),(0.,1.),.PIECEWISE_BEZIER_KNOTS.);
#29=B_SPLINE_SURFACE_WITH_KNOTS('',3,1,((#7916,#7917),(#7918,#7919),(#7920,
#7921),(#7922,#7923)),.SURF_OF_LINEAR_EXTRUSION.,.F.,.F.,.F.,(4,4),(2,2),
(0.,1.),(0.,1.),.PIECEWISE_BEZIER_KNOTS.);
#30=B_SPLINE_SURFACE_WITH_KNOTS('',3,1,((#7929,#7930),(#7931,#7932),(#7933,
#7934),(#7935,#7936)),.SURF_OF_LINEAR_EXTRUSION.,.F.,.F.,.F.,(4,4),(2,2),
(0.,1.),(0.,1.),.PIECEWISE_BEZIER_KNOTS.);
#31=B_SPLINE_SURFACE_WITH_KNOTS('',3,1,((#7940,#7941),(#7942,#7943),(#7944,
#7945),(#7946,#7947)),.SURF_OF_LINEAR_EXTRUSION.,.F.,.F.,.F.,(4,4),(2,2),
(0.,1.),(0.,1.),.PIECEWISE_BEZIER_KNOTS.);
#32=B_SPLINE_SURFACE_WITH_KNOTS('',3,1,((#8054,#8055),(#8056,#8057),(#8058,
#8059),(#8060,#8061)),.SURF_OF_LINEAR_EXTRUSION.,.F.,.F.,.F.,(4,4),(2,2),
(0.,1.),(0.,1.),.PIECEWISE_BEZIER_KNOTS.);
#33=B_SPLINE_SURFACE_WITH_KNOTS('',3,1,((#8074,#8075),(#8076,#8077),(#8078,
#8079),(#8080,#8081)),.SURF_OF_LINEAR_EXTRUSION.,.F.,.F.,.F.,(4,4),(2,2),
(0.,1.),(0.,1.),.PIECEWISE_BEZIER_KNOTS.);
#34=B_SPLINE_SURFACE_WITH_KNOTS('',3,1,((#8091,#8092),(#8093,#8094),(#8095,
#8096),(#8097,#8098)),.SURF_OF_LINEAR_EXTRUSION.,.F.,.F.,.F.,(4,4),(2,2),
(0.,1.),(0.,1.),.PIECEWISE_BEZIER_KNOTS.);
#35=B_SPLINE_SURFACE_WITH_KNOTS('',3,1,((#8126,#8127),(#8128,#8129),(#8130,
#8131),(#8132,#8133)),.SURF_OF_LINEAR_EXTRUSION.,.F.,.F.,.F.,(4,4),(2,2),
(0.,1.),(0.,1.),.PIECEWISE_BEZIER_KNOTS.);
#36=B_SPLINE_SURFACE_WITH_KNOTS('',3,1,((#8143,#8144),(#8145,#8146),(#8147,
#8148),(#8149,#8150)),.SURF_OF_LINEAR_EXTRUSION.,.F.,.F.,.F.,(4,4),(2,2),
(0.,1.),(0.,1.),.PIECEWISE_BEZIER_KNOTS.);
#37=B_SPLINE_SURFACE_WITH_KNOTS('',3,1,((#8160,#8161),(#8162,#8163),(#8164,
#8165),(#8166,#8167)),.SURF_OF_LINEAR_EXTRUSION.,.F.,.F.,.F.,(4,4),(2,2),
(0.,1.),(0.,1.),.PIECEWISE_BEZIER_KNOTS.);
#38=B_SPLINE_SURFACE_WITH_KNOTS('',3,1,((#8177,#8178),(#8179,#8180),(#8181,
#8182),(#8183,#8184)),.SURF_OF_LINEAR_EXTRUSION.,.F.,.F.,.F.,(4,4),(2,2),
(0.,1.),(0.,1.),.PIECEWISE_BEZIER_KNOTS.);
#39=B_SPLINE_SURFACE_WITH_KNOTS('',3,1,((#8212,#8213),(#8214,#8215),(#8216,
#8217),(#8218,#8219)),.SURF_OF_LINEAR_EXTRUSION.,.F.,.F.,.F.,(4,4),(2,2),
(0.,1.),(0.,1.),.PIECEWISE_BEZIER_KNOTS.);
#40=B_SPLINE_SURFACE_WITH_KNOTS('',3,1,((#8227,#8228),(#8229,#8230),(#8231,
#8232),(#8233,#8234)),.SURF_OF_LINEAR_EXTRUSION.,.F.,.F.,.F.,(4,4),(2,2),
(0.,1.),(0.,1.),.PIECEWISE_BEZIER_KNOTS.);
#41=B_SPLINE_SURFACE_WITH_KNOTS('',3,1,((#8240,#8241),(#8242,#8243),(#8244,
#8245),(#8246,#8247)),.SURF_OF_LINEAR_EXTRUSION.,.F.,.F.,.F.,(4,4),(2,2),
(0.,1.),(0.,1.),.PIECEWISE_BEZIER_KNOTS.);
#42=B_SPLINE_SURFACE_WITH_KNOTS('',3,1,((#8253,#8254),(#8255,#8256),(#8257,
#8258),(#8259,#8260)),.SURF_OF_LINEAR_EXTRUSION.,.F.,.F.,.F.,(4,4),(2,2),
(0.,1.),(0.,1.),.PIECEWISE_BEZIER_KNOTS.);
#43=B_SPLINE_SURFACE_WITH_KNOTS('',3,1,((#8270,#8271),(#8272,#8273),(#8274,
#8275),(#8276,#8277)),.SURF_OF_LINEAR_EXTRUSION.,.F.,.F.,.F.,(4,4),(2,2),
(0.,1.),(0.,1.),.PIECEWISE_BEZIER_KNOTS.);
#44=B_SPLINE_SURFACE_WITH_KNOTS('',3,1,((#8287,#8288),(#8289,#8290),(#8291,
#8292),(#8293,#8294)),.SURF_OF_LINEAR_EXTRUSION.,.F.,.F.,.F.,(4,4),(2,2),
(0.,1.),(0.,1.),.PIECEWISE_BEZIER_KNOTS.);
#45=B_SPLINE_SURFACE_WITH_KNOTS('',3,1,((#8300,#8301),(#8302,#8303),(#8304,
#8305),(#8306,#8307)),.SURF_OF_LINEAR_EXTRUSION.,.F.,.F.,.F.,(4,4),(2,2),
(0.,1.),(0.,1.),.PIECEWISE_BEZIER_KNOTS.);
#46=B_SPLINE_SURFACE_WITH_KNOTS('',3,1,((#8313,#8314),(#8315,#8316),(#8317,
#8318),(#8319,#8320)),.SURF_OF_LINEAR_EXTRUSION.,.F.,.F.,.F.,(4,4),(2,2),
(0.,1.),(0.,1.),.PIECEWISE_BEZIER_KNOTS.);
#47=B_SPLINE_SURFACE_WITH_KNOTS('',3,1,((#8326,#8327),(#8328,#8329),(#8330,
#8331),(#8332,#8333)),.SURF_OF_LINEAR_EXTRUSION.,.F.,.F.,.F.,(4,4),(2,2),
(0.,1.),(0.,1.),.PIECEWISE_BEZIER_KNOTS.);
#48=B_SPLINE_SURFACE_WITH_KNOTS('',3,1,((#8343,#8344),(#8345,#8346),(#8347,
#8348),(#8349,#8350)),.SURF_OF_LINEAR_EXTRUSION.,.F.,.F.,.F.,(4,4),(2,2),
(0.,1.),(0.,1.),.PIECEWISE_BEZIER_KNOTS.);
#49=B_SPLINE_SURFACE_WITH_KNOTS('',3,1,((#8356,#8357),(#8358,#8359),(#8360,
#8361),(#8362,#8363)),.SURF_OF_LINEAR_EXTRUSION.,.F.,.F.,.F.,(4,4),(2,2),
(0.,1.),(0.,1.),.PIECEWISE_BEZIER_KNOTS.);
#50=B_SPLINE_SURFACE_WITH_KNOTS('',3,1,((#8367,#8368),(#8369,#8370),(#8371,
#8372),(#8373,#8374)),.SURF_OF_LINEAR_EXTRUSION.,.F.,.F.,.F.,(4,4),(2,2),
(0.,1.),(0.,1.),.PIECEWISE_BEZIER_KNOTS.);
#51=TOROIDAL_SURFACE('',#5210,0.0037,0.0015);
#52=TOROIDAL_SURFACE('',#5212,0.0037,0.0015);
#53=TOROIDAL_SURFACE('',#5214,0.0037,0.0015);
#54=TOROIDAL_SURFACE('',#5216,0.0045,0.0015);
#55=TOROIDAL_SURFACE('',#5217,0.0045,0.0015);
#56=TOROIDAL_SURFACE('',#5219,0.0045,0.0015);
#57=TOROIDAL_SURFACE('',#5284,0.0195,0.005);
#58=TOROIDAL_SURFACE('',#5285,0.0195,0.005);
#59=ELLIPSE('',#5177,0.00707106781186547,0.005);
#60=ELLIPSE('',#5178,0.00707106781186547,0.005);
#61=ELLIPSE('',#5180,0.00707106781186547,0.005);
#62=ELLIPSE('',#5182,0.00707106781186548,0.005);
#63=ELLIPSE('',#5258,0.00707106781186547,0.005);
#64=ELLIPSE('',#5259,0.00707106781186547,0.005);
#65=ELLIPSE('',#5261,0.00707106781186548,0.005);
#66=ELLIPSE('',#5263,0.00707106781186547,0.005);
#67=ELLIPSE('',#5266,0.00707106781186547,0.005);
#68=ELLIPSE('',#5267,0.00707106781186547,0.005);
#69=ELLIPSE('',#5269,0.00707106781186547,0.005);
#70=ELLIPSE('',#5271,0.00707106781186547,0.005);
#71=SPHERICAL_SURFACE('',#5044,0.005);
#72=SPHERICAL_SURFACE('',#5048,0.005);
#73=SPHERICAL_SURFACE('',#5056,0.005);
#74=SPHERICAL_SURFACE('',#5060,0.005);
#75=CYLINDRICAL_SURFACE('',#5041,0.005);
#76=CYLINDRICAL_SURFACE('',#5052,0.005);
#77=CYLINDRICAL_SURFACE('',#5054,0.005);
#78=CYLINDRICAL_SURFACE('',#5064,0.005);
#79=CYLINDRICAL_SURFACE('',#5071,0.0145);
#80=CYLINDRICAL_SURFACE('',#5073,0.00275);
#81=CYLINDRICAL_SURFACE('',#5076,0.00275);
#82=CYLINDRICAL_SURFACE('',#5131,0.0010799999999999);
#83=CYLINDRICAL_SURFACE('',#5133,0.00108000000000011);
#84=CYLINDRICAL_SURFACE('',#5137,0.00108000000000011);
#85=CYLINDRICAL_SURFACE('',#5138,0.00107999999999998);
#86=CYLINDRICAL_SURFACE('',#5146,0.0145);
#87=CYLINDRICAL_SURFACE('',#5148,0.003);
#88=CYLINDRICAL_SURFACE('',#5151,0.003);
#89=CYLINDRICAL_SURFACE('',#5154,0.003);
#90=CYLINDRICAL_SURFACE('',#5157,0.00275);
#91=CYLINDRICAL_SURFACE('',#5159,0.00275);
#92=CYLINDRICAL_SURFACE('',#5161,0.00275);
#93=CYLINDRICAL_SURFACE('',#5163,0.0022);
#94=CYLINDRICAL_SURFACE('',#5165,0.0022);
#95=CYLINDRICAL_SURFACE('',#5167,0.0022);
#96=CYLINDRICAL_SURFACE('',#5176,0.005);
#97=CYLINDRICAL_SURFACE('',#5179,0.005);
#98=CYLINDRICAL_SURFACE('',#5181,0.005);
#99=CYLINDRICAL_SURFACE('',#5183,0.005);
#100=CYLINDRICAL_SURFACE('',#5193,0.001);
#101=CYLINDRICAL_SURFACE('',#5194,0.001);
#102=CYLINDRICAL_SURFACE('',#5195,0.00225);
#103=CYLINDRICAL_SURFACE('',#5197,0.00275);
#104=CYLINDRICAL_SURFACE('',#5200,0.00225);
#105=CYLINDRICAL_SURFACE('',#5202,0.00275);
#106=CYLINDRICAL_SURFACE('',#5205,0.00225);
#107=CYLINDRICAL_SURFACE('',#5207,0.00275);
#108=CYLINDRICAL_SURFACE('',#5224,0.00370809803768067);
#109=CYLINDRICAL_SURFACE('',#5245,0.00370187262789878);
#110=CYLINDRICAL_SURFACE('',#5257,0.005);
#111=CYLINDRICAL_SURFACE('',#5260,0.005);
#112=CYLINDRICAL_SURFACE('',#5262,0.005);
#113=CYLINDRICAL_SURFACE('',#5264,0.005);
#114=CYLINDRICAL_SURFACE('',#5265,0.005);
#115=CYLINDRICAL_SURFACE('',#5268,0.005);
#116=CYLINDRICAL_SURFACE('',#5270,0.005);
#117=CYLINDRICAL_SURFACE('',#5272,0.005);
#118=CYLINDRICAL_SURFACE('',#5275,0.0045);
#119=CYLINDRICAL_SURFACE('',#5276,0.0037);
#120=CYLINDRICAL_SURFACE('',#5277,0.0037);
#121=CYLINDRICAL_SURFACE('',#5278,0.0037);
#122=CYLINDRICAL_SURFACE('',#5280,0.005);
#123=CYLINDRICAL_SURFACE('',#5281,0.005);
#124=CYLINDRICAL_SURFACE('',#5282,0.005);
#125=CYLINDRICAL_SURFACE('',#5283,0.005);
#126=CYLINDRICAL_SURFACE('',#5286,0.002);
#127=CYLINDRICAL_SURFACE('',#5287,0.002);
#128=CYLINDRICAL_SURFACE('',#5288,0.002);
#129=CYLINDRICAL_SURFACE('',#5289,0.002);
#130=CYLINDRICAL_SURFACE('',#5301,0.00224551892334225);
#131=CYLINDRICAL_SURFACE('',#5305,0.00216234342181473);
#132=CYLINDRICAL_SURFACE('',#5308,0.00214211686916433);
#133=CYLINDRICAL_SURFACE('',#5312,0.0022244942794192);
#134=CYLINDRICAL_SURFACE('',#5316,0.00113772558784399);
#135=CYLINDRICAL_SURFACE('',#5347,0.00224551892334419);
#136=CYLINDRICAL_SURFACE('',#5351,0.00216234342181669);
#137=CYLINDRICAL_SURFACE('',#5354,0.00214211686914403);
#138=CYLINDRICAL_SURFACE('',#5358,0.00222449427940617);
#139=CYLINDRICAL_SURFACE('',#5362,0.00113772558782093);
#140=CIRCLE('',#5016,0.00113772558784399);
#141=CIRCLE('',#5017,0.00275);
#142=CIRCLE('',#5018,0.00370809803768067);
#143=CIRCLE('',#5019,0.00370187262789878);
#144=CIRCLE('',#5020,0.0145);
#145=CIRCLE('',#5021,0.00275);
#146=CIRCLE('',#5022,0.0037);
#147=CIRCLE('',#5023,0.0037);
#148=CIRCLE('',#5024,0.0037);
#149=CIRCLE('',#5025,0.0045);
#150=CIRCLE('',#5026,0.00275);
#151=CIRCLE('',#5027,0.00113772558782093);
#152=CIRCLE('',#5029,0.002);
#153=CIRCLE('',#5030,0.002);
#154=CIRCLE('',#5032,0.002);
#155=CIRCLE('',#5033,0.002);
#156=CIRCLE('',#5035,0.002);
#157=CIRCLE('',#5036,0.002);
#158=CIRCLE('',#5042,0.005);
#159=CIRCLE('',#5043,0.005);
#160=CIRCLE('',#5045,0.002);
#161=CIRCLE('',#5046,0.005);
#162=CIRCLE('',#5047,0.005);
#163=CIRCLE('',#5049,0.005);
#164=CIRCLE('',#5050,0.002);
#165=CIRCLE('',#5051,0.005);
#166=CIRCLE('',#5053,0.005);
#167=CIRCLE('',#5055,0.005);
#168=CIRCLE('',#5057,0.002);
#169=CIRCLE('',#5058,0.005);
#170=CIRCLE('',#5059,0.005);
#171=CIRCLE('',#5061,0.005);
#172=CIRCLE('',#5062,0.002);
#173=CIRCLE('',#5063,0.005);
#174=CIRCLE('',#5066,0.0045);
#175=CIRCLE('',#5067,0.0045);
#176=CIRCLE('',#5068,0.00275);
#177=CIRCLE('',#5069,0.00275);
#178=CIRCLE('',#5070,0.0145);
#179=CIRCLE('',#5072,0.0145);
#180=CIRCLE('',#5074,0.00275);
#181=CIRCLE('',#5075,0.00275);
#182=CIRCLE('',#5077,0.00275);
#183=CIRCLE('',#5078,0.00275);
#184=CIRCLE('',#5080,0.002);
#185=CIRCLE('',#5081,0.002);
#186=CIRCLE('',#5083,0.0022);
#187=CIRCLE('',#5084,0.00225);
#188=CIRCLE('',#5086,0.0022);
#189=CIRCLE('',#5087,0.00225);
#190=CIRCLE('',#5089,0.0022);
#191=CIRCLE('',#5090,0.00225);
#192=CIRCLE('',#5095,0.001);
#193=CIRCLE('',#5096,0.001);
#194=CIRCLE('',#5106,0.00108000000000011);
#195=CIRCLE('',#5107,0.00107999999999998);
#196=CIRCLE('',#5108,0.0010799999999999);
#197=CIRCLE('',#5109,0.00108000000000011);
#198=CIRCLE('',#5112,0.00108000000000011);
#199=CIRCLE('',#5113,0.00107999999999998);
#200=CIRCLE('',#5116,0.0010799999999999);
#201=CIRCLE('',#5117,0.00107999999999998);
#202=CIRCLE('',#5118,0.00108000000000011);
#203=CIRCLE('',#5119,0.00108000000000011);
#204=CIRCLE('',#5121,0.002);
#205=CIRCLE('',#5122,0.002);
#206=CIRCLE('',#5123,0.002);
#207=CIRCLE('',#5124,0.002);
#208=CIRCLE('',#5125,0.005);
#209=CIRCLE('',#5126,0.005);
#210=CIRCLE('',#5127,0.005);
#211=CIRCLE('',#5128,0.005);
#212=CIRCLE('',#5147,0.0145);
#213=CIRCLE('',#5149,0.003);
#214=CIRCLE('',#5150,0.003);
#215=CIRCLE('',#5152,0.003);
#216=CIRCLE('',#5153,0.003);
#217=CIRCLE('',#5155,0.003);
#218=CIRCLE('',#5156,0.003);
#219=CIRCLE('',#5158,0.00275);
#220=CIRCLE('',#5160,0.00275);
#221=CIRCLE('',#5162,0.00275);
#222=CIRCLE('',#5164,0.0022);
#223=CIRCLE('',#5166,0.0022);
#224=CIRCLE('',#5168,0.0022);
#225=CIRCLE('',#5171,0.00275);
#226=CIRCLE('',#5172,0.00275);
#227=CIRCLE('',#5173,0.00275);
#228=CIRCLE('',#5174,0.0195);
#229=CIRCLE('',#5175,0.0195);
#230=CIRCLE('',#5191,0.001);
#231=CIRCLE('',#5192,0.001);
#232=CIRCLE('',#5196,0.00225);
#233=CIRCLE('',#5198,0.00275);
#234=CIRCLE('',#5201,0.00225);
#235=CIRCLE('',#5203,0.00275);
#236=CIRCLE('',#5206,0.00225);
#237=CIRCLE('',#5208,0.00275);
#238=CIRCLE('',#5211,0.0037);
#239=CIRCLE('',#5213,0.0037);
#240=CIRCLE('',#5215,0.0037);
#241=CIRCLE('',#5218,0.0045);
#242=CIRCLE('',#5225,0.00370809803768067);
#243=CIRCLE('',#5246,0.00370187262789878);
#244=CIRCLE('',#5251,0.0145);
#245=CIRCLE('',#5253,0.002);
#246=CIRCLE('',#5254,0.002);
#247=CIRCLE('',#5255,0.002);
#248=CIRCLE('',#5256,0.002);
#249=CIRCLE('',#5302,0.00224551892334225);
#250=CIRCLE('',#5303,0.00224551892334225);
#251=CIRCLE('',#5306,0.00216234342181473);
#252=CIRCLE('',#5307,0.00216234342181473);
#253=CIRCLE('',#5309,0.00214211686916433);
#254=CIRCLE('',#5310,0.00214211686916433);
#255=CIRCLE('',#5313,0.0022244942794192);
#256=CIRCLE('',#5314,0.0022244942794192);
#257=CIRCLE('',#5317,0.00113772558784399);
#258=CIRCLE('',#5348,0.00224551892334419);
#259=CIRCLE('',#5349,0.00224551892334419);
#260=CIRCLE('',#5352,0.00216234342181669);
#261=CIRCLE('',#5353,0.00216234342181669);
#262=CIRCLE('',#5355,0.00214211686914403);
#263=CIRCLE('',#5356,0.00214211686914403);
#264=CIRCLE('',#5359,0.00222449427940617);
#265=CIRCLE('',#5360,0.00222449427940617);
#266=CIRCLE('',#5363,0.00113772558782093);
#267=B_SPLINE_CURVE_WITH_KNOTS('',2,(#6558,#6559,#6560),.UNSPECIFIED.,.F.,
 .F.,(3,3),(0.,1.),.PIECEWISE_BEZIER_KNOTS.);
#268=B_SPLINE_CURVE_WITH_KNOTS('',2,(#6563,#6564,#6565),.UNSPECIFIED.,.F.,
 .F.,(3,3),(0.,1.),.PIECEWISE_BEZIER_KNOTS.);
#269=B_SPLINE_CURVE_WITH_KNOTS('',2,(#6567,#6568,#6569),.UNSPECIFIED.,.F.,
 .F.,(3,3),(0.,1.),.PIECEWISE_BEZIER_KNOTS.);
#270=B_SPLINE_CURVE_WITH_KNOTS('',2,(#6571,#6572,#6573),.UNSPECIFIED.,.F.,
 .F.,(3,3),(0.,1.),.PIECEWISE_BEZIER_KNOTS.);
#271=B_SPLINE_CURVE_WITH_KNOTS('',2,(#6577,#6578,#6579),.UNSPECIFIED.,.F.,
 .F.,(3,3),(0.,1.),.PIECEWISE_BEZIER_KNOTS.);
#272=B_SPLINE_CURVE_WITH_KNOTS('',2,(#6581,#6582,#6583),.UNSPECIFIED.,.F.,
 .F.,(3,3),(0.,1.),.PIECEWISE_BEZIER_KNOTS.);
#273=B_SPLINE_CURVE_WITH_KNOTS('',2,(#6585,#6586,#6587),.UNSPECIFIED.,.F.,
 .F.,(3,3),(0.,1.),.PIECEWISE_BEZIER_KNOTS.);
#274=B_SPLINE_CURVE_WITH_KNOTS('',2,(#6589,#6590,#6591),.UNSPECIFIED.,.F.,
 .F.,(3,3),(0.,1.),.PIECEWISE_BEZIER_KNOTS.);
#275=B_SPLINE_CURVE_WITH_KNOTS('',2,(#6595,#6596,#6597),.UNSPECIFIED.,.F.,
 .F.,(3,3),(0.,1.),.PIECEWISE_BEZIER_KNOTS.);
#276=B_SPLINE_CURVE_WITH_KNOTS('',2,(#6601,#6602,#6603),.UNSPECIFIED.,.F.,
 .F.,(3,3),(0.,1.),.PIECEWISE_BEZIER_KNOTS.);
#277=B_SPLINE_CURVE_WITH_KNOTS('',2,(#6605,#6606,#6607),.UNSPECIFIED.,.F.,
 .F.,(3,3),(0.,1.),.PIECEWISE_BEZIER_KNOTS.);
#278=B_SPLINE_CURVE_WITH_KNOTS('',3,(#6683,#6684,#6685,#6686,#6687,#6688,
#6689,#6690,#6691,#6692),.UNSPECIFIED.,.F.,.F.,(4,1,1,1,1,1,1,4),(0.,0.0918211755255344,
0.199100010286223,0.47146947176883,0.707750868905295,0.860742769600118,
0.90996826156288,1.),.UNSPECIFIED.);
#279=B_SPLINE_CURVE_WITH_KNOTS('',2,(#6717,#6718,#6719),.UNSPECIFIED.,.F.,
 .F.,(3,3),(0.,1.),.PIECEWISE_BEZIER_KNOTS.);
#280=B_SPLINE_CURVE_WITH_KNOTS('',2,(#6722,#6723,#6724),.UNSPECIFIED.,.F.,
 .F.,(3,3),(0.,1.),.PIECEWISE_BEZIER_KNOTS.);
#281=B_SPLINE_CURVE_WITH_KNOTS('',2,(#6726,#6727,#6728),.UNSPECIFIED.,.F.,
 .F.,(3,3),(0.,1.),.PIECEWISE_BEZIER_KNOTS.);
#282=B_SPLINE_CURVE_WITH_KNOTS('',2,(#6730,#6731,#6732),.UNSPECIFIED.,.F.,
 .F.,(3,3),(0.,1.),.PIECEWISE_BEZIER_KNOTS.);
#283=B_SPLINE_CURVE_WITH_KNOTS('',2,(#6736,#6737,#6738),.UNSPECIFIED.,.F.,
 .F.,(3,3),(0.,1.),.PIECEWISE_BEZIER_KNOTS.);
#284=B_SPLINE_CURVE_WITH_KNOTS('',2,(#6740,#6741,#6742),.UNSPECIFIED.,.F.,
 .F.,(3,3),(0.,1.),.PIECEWISE_BEZIER_KNOTS.);
#285=B_SPLINE_CURVE_WITH_KNOTS('',2,(#6744,#6745,#6746),.UNSPECIFIED.,.F.,
 .F.,(3,3),(0.,1.),.PIECEWISE_BEZIER_KNOTS.);
#286=B_SPLINE_CURVE_WITH_KNOTS('',2,(#6748,#6749,#6750),.UNSPECIFIED.,.F.,
 .F.,(3,3),(0.,1.),.PIECEWISE_BEZIER_KNOTS.);
#287=B_SPLINE_CURVE_WITH_KNOTS('',2,(#6754,#6755,#6756),.UNSPECIFIED.,.F.,
 .F.,(3,3),(0.,1.),.PIECEWISE_BEZIER_KNOTS.);
#288=B_SPLINE_CURVE_WITH_KNOTS('',2,(#6760,#6761,#6762),.UNSPECIFIED.,.F.,
 .F.,(3,3),(0.,1.),.PIECEWISE_BEZIER_KNOTS.);
#289=B_SPLINE_CURVE_WITH_KNOTS('',2,(#6764,#6765,#6766),.UNSPECIFIED.,.F.,
 .F.,(3,3),(0.,1.),.PIECEWISE_BEZIER_KNOTS.);
#290=B_SPLINE_CURVE_WITH_KNOTS('',3,(#6825,#6826,#6827,#6828,#6829),
 .UNSPECIFIED.,.F.,.F.,(4,1,4),(0.,0.00157901940084517,0.00315803880169034),
 .UNSPECIFIED.);
#291=B_SPLINE_CURVE_WITH_KNOTS('',3,(#6837,#6838,#6839,#6840,#6841),
 .UNSPECIFIED.,.F.,.F.,(4,1,4),(0.,0.00157890433747013,0.00315780867494026),
 .UNSPECIFIED.);
#292=B_SPLINE_CURVE_WITH_KNOTS('',3,(#6855,#6856,#6857,#6858,#6859),
 .UNSPECIFIED.,.F.,.F.,(4,1,4),(0.,0.00157901940084516,0.00315803880169032),
 .UNSPECIFIED.);
#293=B_SPLINE_CURVE_WITH_KNOTS('',3,(#6864,#6865,#6866,#6867,#6868),
 .UNSPECIFIED.,.F.,.F.,(4,1,4),(0.,0.00157890433747012,0.00315780867494024),
 .UNSPECIFIED.);
#294=B_SPLINE_CURVE_WITH_KNOTS('',3,(#6873,#6874,#6875,#6876,#6877),
 .UNSPECIFIED.,.F.,.F.,(4,1,4),(0.,0.00157890433747012,0.00315780867494024),
 .UNSPECIFIED.);
#295=B_SPLINE_CURVE_WITH_KNOTS('',3,(#6878,#6879,#6880,#6881,#6882),
 .UNSPECIFIED.,.F.,.F.,(4,1,4),(0.,0.00157901940084516,0.00315803880169032),
 .UNSPECIFIED.);
#296=B_SPLINE_CURVE_WITH_KNOTS('',3,(#6897,#6898,#6899,#6900,#6901),
 .UNSPECIFIED.,.F.,.F.,(4,1,4),(0.,0.00157901940084517,0.00315803880169034),
 .UNSPECIFIED.);
#297=B_SPLINE_CURVE_WITH_KNOTS('',3,(#6903,#6904,#6905,#6906,#6907),
 .UNSPECIFIED.,.F.,.F.,(4,1,4),(0.,0.00157890433747013,0.00315780867494026),
 .UNSPECIFIED.);
#298=B_SPLINE_CURVE_WITH_KNOTS('',3,(#6938,#6939,#6940,#6941,#6942,#6943,
#6944,#6945,#6946,#6947),.UNSPECIFIED.,.F.,.F.,(4,1,1,1,1,1,1,4),(0.,0.0918211755255344,
0.199100010286223,0.47146947176883,0.707750868905295,0.860742769600118,
0.90996826156288,1.),.UNSPECIFIED.);
#299=B_SPLINE_CURVE_WITH_KNOTS('',3,(#7073,#7074,#7075,#7076,#7077,#7078,
#7079),.UNSPECIFIED.,.F.,.F.,(4,1,1,1,4),(0.,0.00522418833988971,0.0104483766797794,
0.0156725650196691,0.0208967533595588),.UNSPECIFIED.);
#300=B_SPLINE_CURVE_WITH_KNOTS('',3,(#7105,#7106,#7107,#7108,#7109,#7110,
#7111),.UNSPECIFIED.,.F.,.F.,(4,1,1,1,4),(0.,0.00440241263075735,0.0088048252615147,
0.0132072378922721,0.0176096505230294),.UNSPECIFIED.);
#301=B_SPLINE_CURVE_WITH_KNOTS('',2,(#7635,#7636,#7637),.UNSPECIFIED.,.F.,
 .F.,(3,3),(0.,1.),.PIECEWISE_BEZIER_KNOTS.);
#302=B_SPLINE_CURVE_WITH_KNOTS('',2,(#7642,#7643,#7644),.UNSPECIFIED.,.F.,
 .F.,(3,3),(0.,1.),.PIECEWISE_BEZIER_KNOTS.);
#303=B_SPLINE_CURVE_WITH_KNOTS('',2,(#7655,#7656,#7657),.UNSPECIFIED.,.F.,
 .F.,(3,3),(0.,1.),.PIECEWISE_BEZIER_KNOTS.);
#304=B_SPLINE_CURVE_WITH_KNOTS('',2,(#7661,#7662,#7663),.UNSPECIFIED.,.F.,
 .F.,(3,3),(0.,1.),.PIECEWISE_BEZIER_KNOTS.);
#305=B_SPLINE_CURVE_WITH_KNOTS('',2,(#7672,#7673,#7674),.UNSPECIFIED.,.F.,
 .F.,(3,3),(0.,1.),.PIECEWISE_BEZIER_KNOTS.);
#306=B_SPLINE_CURVE_WITH_KNOTS('',2,(#7678,#7679,#7680),.UNSPECIFIED.,.F.,
 .F.,(3,3),(0.,1.),.PIECEWISE_BEZIER_KNOTS.);
#307=B_SPLINE_CURVE_WITH_KNOTS('',2,(#7707,#7708,#7709),.UNSPECIFIED.,.F.,
 .F.,(3,3),(0.,1.),.PIECEWISE_BEZIER_KNOTS.);
#308=B_SPLINE_CURVE_WITH_KNOTS('',2,(#7713,#7714,#7715),.UNSPECIFIED.,.F.,
 .F.,(3,3),(0.,1.),.PIECEWISE_BEZIER_KNOTS.);
#309=B_SPLINE_CURVE_WITH_KNOTS('',2,(#7724,#7725,#7726),.UNSPECIFIED.,.F.,
 .F.,(3,3),(0.,1.),.PIECEWISE_BEZIER_KNOTS.);
#310=B_SPLINE_CURVE_WITH_KNOTS('',2,(#7730,#7731,#7732),.UNSPECIFIED.,.F.,
 .F.,(3,3),(0.,1.),.PIECEWISE_BEZIER_KNOTS.);
#311=B_SPLINE_CURVE_WITH_KNOTS('',2,(#7741,#7742,#7743),.UNSPECIFIED.,.F.,
 .F.,(3,3),(0.,1.),.PIECEWISE_BEZIER_KNOTS.);
#312=B_SPLINE_CURVE_WITH_KNOTS('',2,(#7747,#7748,#7749),.UNSPECIFIED.,.F.,
 .F.,(3,3),(0.,1.),.PIECEWISE_BEZIER_KNOTS.);
#313=B_SPLINE_CURVE_WITH_KNOTS('',2,(#7758,#7759,#7760),.UNSPECIFIED.,.F.,
 .F.,(3,3),(0.,1.),.PIECEWISE_BEZIER_KNOTS.);
#314=B_SPLINE_CURVE_WITH_KNOTS('',2,(#7764,#7765,#7766),.UNSPECIFIED.,.F.,
 .F.,(3,3),(0.,1.),.PIECEWISE_BEZIER_KNOTS.);
#315=B_SPLINE_CURVE_WITH_KNOTS('',2,(#7795,#7796,#7797),.UNSPECIFIED.,.F.,
 .F.,(3,3),(0.,1.),.PIECEWISE_BEZIER_KNOTS.);
#316=B_SPLINE_CURVE_WITH_KNOTS('',2,(#7810,#7811,#7812),.UNSPECIFIED.,.F.,
 .F.,(3,3),(0.,1.),.PIECEWISE_BEZIER_KNOTS.);
#317=B_SPLINE_CURVE_WITH_KNOTS('',2,(#7823,#7824,#7825),.UNSPECIFIED.,.F.,
 .F.,(3,3),(0.,1.),.PIECEWISE_BEZIER_KNOTS.);
#318=B_SPLINE_CURVE_WITH_KNOTS('',2,(#7836,#7837,#7838),.UNSPECIFIED.,.F.,
 .F.,(3,3),(0.,1.),.PIECEWISE_BEZIER_KNOTS.);
#319=B_SPLINE_CURVE_WITH_KNOTS('',2,(#7853,#7854,#7855),.UNSPECIFIED.,.F.,
 .F.,(3,3),(0.,1.),.PIECEWISE_BEZIER_KNOTS.);
#320=B_SPLINE_CURVE_WITH_KNOTS('',2,(#7870,#7871,#7872),.UNSPECIFIED.,.F.,
 .F.,(3,3),(0.,1.),.PIECEWISE_BEZIER_KNOTS.);
#321=B_SPLINE_CURVE_WITH_KNOTS('',2,(#7883,#7884,#7885),.UNSPECIFIED.,.F.,
 .F.,(3,3),(0.,1.),.PIECEWISE_BEZIER_KNOTS.);
#322=B_SPLINE_CURVE_WITH_KNOTS('',2,(#7896,#7897,#7898),.UNSPECIFIED.,.F.,
 .F.,(3,3),(0.,1.),.PIECEWISE_BEZIER_KNOTS.);
#323=B_SPLINE_CURVE_WITH_KNOTS('',2,(#7909,#7910,#7911),.UNSPECIFIED.,.F.,
 .F.,(3,3),(0.,1.),.PIECEWISE_BEZIER_KNOTS.);
#324=B_SPLINE_CURVE_WITH_KNOTS('',2,(#7926,#7927,#7928),.UNSPECIFIED.,.F.,
 .F.,(3,3),(0.,1.),.PIECEWISE_BEZIER_KNOTS.);
#325=B_SPLINE_CURVE_WITH_KNOTS('',2,(#7937,#7938,#7939),.UNSPECIFIED.,.F.,
 .F.,(3,3),(0.,1.),.PIECEWISE_BEZIER_KNOTS.);
#326=B_SPLINE_CURVE_WITH_KNOTS('',2,(#7948,#7949,#7950),.UNSPECIFIED.,.F.,
 .F.,(3,3),(0.,1.),.PIECEWISE_BEZIER_KNOTS.);
#327=B_SPLINE_CURVE_WITH_KNOTS('',2,(#7951,#7952,#7953),.UNSPECIFIED.,.F.,
 .F.,(3,3),(0.,1.),.PIECEWISE_BEZIER_KNOTS.);
#328=B_SPLINE_CURVE_WITH_KNOTS('',2,(#8062,#8063,#8064),.UNSPECIFIED.,.F.,
 .F.,(3,3),(0.,1.),.PIECEWISE_BEZIER_KNOTS.);
#329=B_SPLINE_CURVE_WITH_KNOTS('',2,(#8069,#8070,#8071),.UNSPECIFIED.,.F.,
 .F.,(3,3),(0.,1.),.PIECEWISE_BEZIER_KNOTS.);
#330=B_SPLINE_CURVE_WITH_KNOTS('',2,(#8082,#8083,#8084),.UNSPECIFIED.,.F.,
 .F.,(3,3),(0.,1.),.PIECEWISE_BEZIER_KNOTS.);
#331=B_SPLINE_CURVE_WITH_KNOTS('',2,(#8088,#8089,#8090),.UNSPECIFIED.,.F.,
 .F.,(3,3),(0.,1.),.PIECEWISE_BEZIER_KNOTS.);
#332=B_SPLINE_CURVE_WITH_KNOTS('',2,(#8099,#8100,#8101),.UNSPECIFIED.,.F.,
 .F.,(3,3),(0.,1.),.PIECEWISE_BEZIER_KNOTS.);
#333=B_SPLINE_CURVE_WITH_KNOTS('',2,(#8105,#8106,#8107),.UNSPECIFIED.,.F.,
 .F.,(3,3),(0.,1.),.PIECEWISE_BEZIER_KNOTS.);
#334=B_SPLINE_CURVE_WITH_KNOTS('',2,(#8134,#8135,#8136),.UNSPECIFIED.,.F.,
 .F.,(3,3),(0.,1.),.PIECEWISE_BEZIER_KNOTS.);
#335=B_SPLINE_CURVE_WITH_KNOTS('',2,(#8140,#8141,#8142),.UNSPECIFIED.,.F.,
 .F.,(3,3),(0.,1.),.PIECEWISE_BEZIER_KNOTS.);
#336=B_SPLINE_CURVE_WITH_KNOTS('',2,(#8151,#8152,#8153),.UNSPECIFIED.,.F.,
 .F.,(3,3),(0.,1.),.PIECEWISE_BEZIER_KNOTS.);
#337=B_SPLINE_CURVE_WITH_KNOTS('',2,(#8157,#8158,#8159),.UNSPECIFIED.,.F.,
 .F.,(3,3),(0.,1.),.PIECEWISE_BEZIER_KNOTS.);
#338=B_SPLINE_CURVE_WITH_KNOTS('',2,(#8168,#8169,#8170),.UNSPECIFIED.,.F.,
 .F.,(3,3),(0.,1.),.PIECEWISE_BEZIER_KNOTS.);
#339=B_SPLINE_CURVE_WITH_KNOTS('',2,(#8174,#8175,#8176),.UNSPECIFIED.,.F.,
 .F.,(3,3),(0.,1.),.PIECEWISE_BEZIER_KNOTS.);
#340=B_SPLINE_CURVE_WITH_KNOTS('',2,(#8185,#8186,#8187),.UNSPECIFIED.,.F.,
 .F.,(3,3),(0.,1.),.PIECEWISE_BEZIER_KNOTS.);
#341=B_SPLINE_CURVE_WITH_KNOTS('',2,(#8191,#8192,#8193),.UNSPECIFIED.,.F.,
 .F.,(3,3),(0.,1.),.PIECEWISE_BEZIER_KNOTS.);
#342=B_SPLINE_CURVE_WITH_KNOTS('',2,(#8222,#8223,#8224),.UNSPECIFIED.,.F.,
 .F.,(3,3),(0.,1.),.PIECEWISE_BEZIER_KNOTS.);
#343=B_SPLINE_CURVE_WITH_KNOTS('',2,(#8237,#8238,#8239),.UNSPECIFIED.,.F.,
 .F.,(3,3),(0.,1.),.PIECEWISE_BEZIER_KNOTS.);
#344=B_SPLINE_CURVE_WITH_KNOTS('',2,(#8250,#8251,#8252),.UNSPECIFIED.,.F.,
 .F.,(3,3),(0.,1.),.PIECEWISE_BEZIER_KNOTS.);
#345=B_SPLINE_CURVE_WITH_KNOTS('',2,(#8263,#8264,#8265),.UNSPECIFIED.,.F.,
 .F.,(3,3),(0.,1.),.PIECEWISE_BEZIER_KNOTS.);
#346=B_SPLINE_CURVE_WITH_KNOTS('',2,(#8280,#8281,#8282),.UNSPECIFIED.,.F.,
 .F.,(3,3),(0.,1.),.PIECEWISE_BEZIER_KNOTS.);
#347=B_SPLINE_CURVE_WITH_KNOTS('',2,(#8297,#8298,#8299),.UNSPECIFIED.,.F.,
 .F.,(3,3),(0.,1.),.PIECEWISE_BEZIER_KNOTS.);
#348=B_SPLINE_CURVE_WITH_KNOTS('',2,(#8310,#8311,#8312),.UNSPECIFIED.,.F.,
 .F.,(3,3),(0.,1.),.PIECEWISE_BEZIER_KNOTS.);
#349=B_SPLINE_CURVE_WITH_KNOTS('',2,(#8323,#8324,#8325),.UNSPECIFIED.,.F.,
 .F.,(3,3),(0.,1.),.PIECEWISE_BEZIER_KNOTS.);
#350=B_SPLINE_CURVE_WITH_KNOTS('',2,(#8336,#8337,#8338),.UNSPECIFIED.,.F.,
 .F.,(3,3),(0.,1.),.PIECEWISE_BEZIER_KNOTS.);
#351=B_SPLINE_CURVE_WITH_KNOTS('',2,(#8353,#8354,#8355),.UNSPECIFIED.,.F.,
 .F.,(3,3),(0.,1.),.PIECEWISE_BEZIER_KNOTS.);
#352=B_SPLINE_CURVE_WITH_KNOTS('',2,(#8364,#8365,#8366),.UNSPECIFIED.,.F.,
 .F.,(3,3),(0.,1.),.PIECEWISE_BEZIER_KNOTS.);
#353=B_SPLINE_CURVE_WITH_KNOTS('',2,(#8375,#8376,#8377),.UNSPECIFIED.,.F.,
 .F.,(3,3),(0.,1.),.PIECEWISE_BEZIER_KNOTS.);
#354=B_SPLINE_CURVE_WITH_KNOTS('',2,(#8378,#8379,#8380),.UNSPECIFIED.,.F.,
 .F.,(3,3),(0.,1.),.PIECEWISE_BEZIER_KNOTS.);
#355=ORIENTED_EDGE('',*,*,#1673,.T.);
#356=ORIENTED_EDGE('',*,*,#1674,.T.);
#357=ORIENTED_EDGE('',*,*,#1675,.T.);
#358=ORIENTED_EDGE('',*,*,#1676,.T.);
#359=ORIENTED_EDGE('',*,*,#1677,.T.);
#360=ORIENTED_EDGE('',*,*,#1678,.T.);
#361=ORIENTED_EDGE('',*,*,#1679,.T.);
#362=ORIENTED_EDGE('',*,*,#1680,.T.);
#363=ORIENTED_EDGE('',*,*,#1681,.T.);
#364=ORIENTED_EDGE('',*,*,#1682,.T.);
#365=ORIENTED_EDGE('',*,*,#1683,.T.);
#366=ORIENTED_EDGE('',*,*,#1684,.T.);
#367=ORIENTED_EDGE('',*,*,#1685,.T.);
#368=ORIENTED_EDGE('',*,*,#1686,.T.);
#369=ORIENTED_EDGE('',*,*,#1687,.T.);
#370=ORIENTED_EDGE('',*,*,#1688,.T.);
#371=ORIENTED_EDGE('',*,*,#1689,.T.);
#372=ORIENTED_EDGE('',*,*,#1690,.T.);
#373=ORIENTED_EDGE('',*,*,#1691,.T.);
#374=ORIENTED_EDGE('',*,*,#1692,.T.);
#375=ORIENTED_EDGE('',*,*,#1693,.T.);
#376=ORIENTED_EDGE('',*,*,#1694,.T.);
#377=ORIENTED_EDGE('',*,*,#1695,.T.);
#378=ORIENTED_EDGE('',*,*,#1696,.T.);
#379=ORIENTED_EDGE('',*,*,#1697,.T.);
#380=ORIENTED_EDGE('',*,*,#1698,.T.);
#381=ORIENTED_EDGE('',*,*,#1699,.T.);
#382=ORIENTED_EDGE('',*,*,#1700,.T.);
#383=ORIENTED_EDGE('',*,*,#1701,.T.);
#384=ORIENTED_EDGE('',*,*,#1702,.T.);
#385=ORIENTED_EDGE('',*,*,#1703,.T.);
#386=ORIENTED_EDGE('',*,*,#1704,.T.);
#387=ORIENTED_EDGE('',*,*,#1705,.T.);
#388=ORIENTED_EDGE('',*,*,#1706,.T.);
#389=ORIENTED_EDGE('',*,*,#1707,.T.);
#390=ORIENTED_EDGE('',*,*,#1708,.T.);
#391=ORIENTED_EDGE('',*,*,#1709,.T.);
#392=ORIENTED_EDGE('',*,*,#1710,.T.);
#393=ORIENTED_EDGE('',*,*,#1711,.F.);
#394=ORIENTED_EDGE('',*,*,#1712,.F.);
#395=ORIENTED_EDGE('',*,*,#1713,.F.);
#396=ORIENTED_EDGE('',*,*,#1714,.F.);
#397=ORIENTED_EDGE('',*,*,#1715,.T.);
#398=ORIENTED_EDGE('',*,*,#1716,.T.);
#399=ORIENTED_EDGE('',*,*,#1717,.T.);
#400=ORIENTED_EDGE('',*,*,#1718,.T.);
#401=ORIENTED_EDGE('',*,*,#1719,.F.);
#402=ORIENTED_EDGE('',*,*,#1720,.F.);
#403=ORIENTED_EDGE('',*,*,#1721,.F.);
#404=ORIENTED_EDGE('',*,*,#1722,.F.);
#405=ORIENTED_EDGE('',*,*,#1723,.T.);
#406=ORIENTED_EDGE('',*,*,#1724,.F.);
#407=ORIENTED_EDGE('',*,*,#1725,.T.);
#408=ORIENTED_EDGE('',*,*,#1726,.T.);
#409=ORIENTED_EDGE('',*,*,#1727,.F.);
#410=ORIENTED_EDGE('',*,*,#1728,.F.);
#411=ORIENTED_EDGE('',*,*,#1729,.F.);
#412=ORIENTED_EDGE('',*,*,#1730,.T.);
#413=ORIENTED_EDGE('',*,*,#1731,.F.);
#414=ORIENTED_EDGE('',*,*,#1732,.F.);
#415=ORIENTED_EDGE('',*,*,#1733,.F.);
#416=ORIENTED_EDGE('',*,*,#1734,.F.);
#417=ORIENTED_EDGE('',*,*,#1735,.F.);
#418=ORIENTED_EDGE('',*,*,#1736,.F.);
#419=ORIENTED_EDGE('',*,*,#1737,.T.);
#420=ORIENTED_EDGE('',*,*,#1738,.T.);
#421=ORIENTED_EDGE('',*,*,#1739,.T.);
#422=ORIENTED_EDGE('',*,*,#1740,.T.);
#423=ORIENTED_EDGE('',*,*,#1741,.F.);
#424=ORIENTED_EDGE('',*,*,#1742,.T.);
#425=ORIENTED_EDGE('',*,*,#1743,.T.);
#426=ORIENTED_EDGE('',*,*,#1744,.T.);
#427=ORIENTED_EDGE('',*,*,#1745,.T.);
#428=ORIENTED_EDGE('',*,*,#1746,.F.);
#429=ORIENTED_EDGE('',*,*,#1747,.T.);
#430=ORIENTED_EDGE('',*,*,#1748,.T.);
#431=ORIENTED_EDGE('',*,*,#1749,.T.);
#432=ORIENTED_EDGE('',*,*,#1750,.T.);
#433=ORIENTED_EDGE('',*,*,#1751,.T.);
#434=ORIENTED_EDGE('',*,*,#1752,.T.);
#435=ORIENTED_EDGE('',*,*,#1753,.T.);
#436=ORIENTED_EDGE('',*,*,#1754,.T.);
#437=ORIENTED_EDGE('',*,*,#1755,.T.);
#438=ORIENTED_EDGE('',*,*,#1756,.T.);
#439=ORIENTED_EDGE('',*,*,#1757,.T.);
#440=ORIENTED_EDGE('',*,*,#1758,.T.);
#441=ORIENTED_EDGE('',*,*,#1759,.T.);
#442=ORIENTED_EDGE('',*,*,#1760,.T.);
#443=ORIENTED_EDGE('',*,*,#1761,.T.);
#444=ORIENTED_EDGE('',*,*,#1762,.T.);
#445=ORIENTED_EDGE('',*,*,#1763,.T.);
#446=ORIENTED_EDGE('',*,*,#1764,.T.);
#447=ORIENTED_EDGE('',*,*,#1765,.T.);
#448=ORIENTED_EDGE('',*,*,#1766,.T.);
#449=ORIENTED_EDGE('',*,*,#1767,.T.);
#450=ORIENTED_EDGE('',*,*,#1768,.T.);
#451=ORIENTED_EDGE('',*,*,#1769,.T.);
#452=ORIENTED_EDGE('',*,*,#1770,.T.);
#453=ORIENTED_EDGE('',*,*,#1771,.T.);
#454=ORIENTED_EDGE('',*,*,#1772,.T.);
#455=ORIENTED_EDGE('',*,*,#1773,.T.);
#456=ORIENTED_EDGE('',*,*,#1774,.T.);
#457=ORIENTED_EDGE('',*,*,#1775,.T.);
#458=ORIENTED_EDGE('',*,*,#1776,.T.);
#459=ORIENTED_EDGE('',*,*,#1777,.T.);
#460=ORIENTED_EDGE('',*,*,#1778,.T.);
#461=ORIENTED_EDGE('',*,*,#1779,.F.);
#462=ORIENTED_EDGE('',*,*,#1780,.T.);
#463=ORIENTED_EDGE('',*,*,#1781,.T.);
#464=ORIENTED_EDGE('',*,*,#1782,.T.);
#465=ORIENTED_EDGE('',*,*,#1783,.F.);
#466=ORIENTED_EDGE('',*,*,#1784,.T.);
#467=ORIENTED_EDGE('',*,*,#1785,.T.);
#468=ORIENTED_EDGE('',*,*,#1786,.T.);
#469=ORIENTED_EDGE('',*,*,#1777,.F.);
#470=ORIENTED_EDGE('',*,*,#1787,.T.);
#471=ORIENTED_EDGE('',*,*,#1788,.T.);
#472=ORIENTED_EDGE('',*,*,#1789,.T.);
#473=ORIENTED_EDGE('',*,*,#1790,.F.);
#474=ORIENTED_EDGE('',*,*,#1779,.T.);
#475=ORIENTED_EDGE('',*,*,#1791,.F.);
#476=ORIENTED_EDGE('',*,*,#1792,.F.);
#477=ORIENTED_EDGE('',*,*,#1793,.F.);
#478=ORIENTED_EDGE('',*,*,#1783,.T.);
#479=ORIENTED_EDGE('',*,*,#1794,.F.);
#480=ORIENTED_EDGE('',*,*,#1795,.F.);
#481=ORIENTED_EDGE('',*,*,#1796,.T.);
#482=ORIENTED_EDGE('',*,*,#1797,.T.);
#483=ORIENTED_EDGE('',*,*,#1798,.F.);
#484=ORIENTED_EDGE('',*,*,#1799,.T.);
#485=ORIENTED_EDGE('',*,*,#1800,.F.);
#486=ORIENTED_EDGE('',*,*,#1801,.T.);
#487=ORIENTED_EDGE('',*,*,#1802,.F.);
#488=ORIENTED_EDGE('',*,*,#1803,.F.);
#489=ORIENTED_EDGE('',*,*,#1804,.F.);
#490=ORIENTED_EDGE('',*,*,#1805,.T.);
#491=ORIENTED_EDGE('',*,*,#1802,.T.);
#492=ORIENTED_EDGE('',*,*,#1806,.T.);
#493=ORIENTED_EDGE('',*,*,#1807,.F.);
#494=ORIENTED_EDGE('',*,*,#1808,.F.);
#495=ORIENTED_EDGE('',*,*,#1809,.F.);
#496=ORIENTED_EDGE('',*,*,#1810,.T.);
#497=ORIENTED_EDGE('',*,*,#1804,.T.);
#498=ORIENTED_EDGE('',*,*,#1811,.F.);
#499=ORIENTED_EDGE('',*,*,#1785,.F.);
#500=ORIENTED_EDGE('',*,*,#1812,.T.);
#501=ORIENTED_EDGE('',*,*,#1813,.F.);
#502=ORIENTED_EDGE('',*,*,#1814,.F.);
#503=ORIENTED_EDGE('',*,*,#1807,.T.);
#504=ORIENTED_EDGE('',*,*,#1815,.T.);
#505=ORIENTED_EDGE('',*,*,#1816,.F.);
#506=ORIENTED_EDGE('',*,*,#1817,.T.);
#507=ORIENTED_EDGE('',*,*,#1775,.F.);
#508=ORIENTED_EDGE('',*,*,#1818,.T.);
#509=ORIENTED_EDGE('',*,*,#1809,.T.);
#510=ORIENTED_EDGE('',*,*,#1819,.F.);
#511=ORIENTED_EDGE('',*,*,#1813,.T.);
#512=ORIENTED_EDGE('',*,*,#1820,.T.);
#513=ORIENTED_EDGE('',*,*,#1821,.F.);
#514=ORIENTED_EDGE('',*,*,#1822,.T.);
#515=ORIENTED_EDGE('',*,*,#1823,.F.);
#516=ORIENTED_EDGE('',*,*,#1824,.T.);
#517=ORIENTED_EDGE('',*,*,#1816,.T.);
#518=ORIENTED_EDGE('',*,*,#1825,.T.);
#519=ORIENTED_EDGE('',*,*,#1781,.F.);
#520=ORIENTED_EDGE('',*,*,#1826,.T.);
#521=ORIENTED_EDGE('',*,*,#1823,.T.);
#522=ORIENTED_EDGE('',*,*,#1827,.F.);
#523=ORIENTED_EDGE('',*,*,#1821,.T.);
#524=ORIENTED_EDGE('',*,*,#1828,.T.);
#525=ORIENTED_EDGE('',*,*,#1829,.T.);
#526=ORIENTED_EDGE('',*,*,#1830,.T.);
#527=ORIENTED_EDGE('',*,*,#1831,.T.);
#528=ORIENTED_EDGE('',*,*,#1832,.T.);
#529=ORIENTED_EDGE('',*,*,#1833,.T.);
#530=ORIENTED_EDGE('',*,*,#1834,.T.);
#531=ORIENTED_EDGE('',*,*,#1835,.F.);
#532=ORIENTED_EDGE('',*,*,#1836,.F.);
#533=ORIENTED_EDGE('',*,*,#1837,.F.);
#534=ORIENTED_EDGE('',*,*,#1838,.T.);
#535=ORIENTED_EDGE('',*,*,#1839,.T.);
#536=ORIENTED_EDGE('',*,*,#1840,.T.);
#537=ORIENTED_EDGE('',*,*,#1841,.T.);
#538=ORIENTED_EDGE('',*,*,#1842,.T.);
#539=ORIENTED_EDGE('',*,*,#1843,.F.);
#540=ORIENTED_EDGE('',*,*,#1844,.T.);
#541=ORIENTED_EDGE('',*,*,#1845,.T.);
#542=ORIENTED_EDGE('',*,*,#1846,.F.);
#543=ORIENTED_EDGE('',*,*,#1847,.T.);
#544=ORIENTED_EDGE('',*,*,#1848,.T.);
#545=ORIENTED_EDGE('',*,*,#1734,.T.);
#546=ORIENTED_EDGE('',*,*,#1849,.F.);
#547=ORIENTED_EDGE('',*,*,#1850,.T.);
#548=ORIENTED_EDGE('',*,*,#1851,.T.);
#549=ORIENTED_EDGE('',*,*,#1736,.T.);
#550=ORIENTED_EDGE('',*,*,#1852,.F.);
#551=ORIENTED_EDGE('',*,*,#1853,.F.);
#552=ORIENTED_EDGE('',*,*,#1854,.T.);
#553=ORIENTED_EDGE('',*,*,#1855,.T.);
#554=ORIENTED_EDGE('',*,*,#1712,.T.);
#555=ORIENTED_EDGE('',*,*,#1856,.F.);
#556=ORIENTED_EDGE('',*,*,#1798,.T.);
#557=ORIENTED_EDGE('',*,*,#1857,.T.);
#558=ORIENTED_EDGE('',*,*,#1800,.T.);
#559=ORIENTED_EDGE('',*,*,#1858,.T.);
#560=ORIENTED_EDGE('',*,*,#1859,.T.);
#561=ORIENTED_EDGE('',*,*,#1860,.F.);
#562=ORIENTED_EDGE('',*,*,#1861,.T.);
#563=ORIENTED_EDGE('',*,*,#1862,.F.);
#564=ORIENTED_EDGE('',*,*,#1863,.T.);
#565=ORIENTED_EDGE('',*,*,#1864,.F.);
#566=ORIENTED_EDGE('',*,*,#1865,.F.);
#567=ORIENTED_EDGE('',*,*,#1866,.T.);
#568=ORIENTED_EDGE('',*,*,#1867,.F.);
#569=ORIENTED_EDGE('',*,*,#1868,.F.);
#570=ORIENTED_EDGE('',*,*,#1869,.F.);
#571=ORIENTED_EDGE('',*,*,#1870,.F.);
#572=ORIENTED_EDGE('',*,*,#1871,.T.);
#573=ORIENTED_EDGE('',*,*,#1872,.T.);
#574=ORIENTED_EDGE('',*,*,#1873,.F.);
#575=ORIENTED_EDGE('',*,*,#1874,.T.);
#576=ORIENTED_EDGE('',*,*,#1875,.T.);
#577=ORIENTED_EDGE('',*,*,#1876,.T.);
#578=ORIENTED_EDGE('',*,*,#1877,.F.);
#579=ORIENTED_EDGE('',*,*,#1878,.F.);
#580=ORIENTED_EDGE('',*,*,#1879,.T.);
#581=ORIENTED_EDGE('',*,*,#1880,.F.);
#582=ORIENTED_EDGE('',*,*,#1881,.F.);
#583=ORIENTED_EDGE('',*,*,#1868,.T.);
#584=ORIENTED_EDGE('',*,*,#1882,.T.);
#585=ORIENTED_EDGE('',*,*,#1870,.T.);
#586=ORIENTED_EDGE('',*,*,#1883,.T.);
#587=ORIENTED_EDGE('',*,*,#1814,.T.);
#588=ORIENTED_EDGE('',*,*,#1884,.T.);
#589=ORIENTED_EDGE('',*,*,#1885,.T.);
#590=ORIENTED_EDGE('',*,*,#1886,.T.);
#591=ORIENTED_EDGE('',*,*,#1887,.T.);
#592=ORIENTED_EDGE('',*,*,#1888,.T.);
#593=ORIENTED_EDGE('',*,*,#1889,.T.);
#594=ORIENTED_EDGE('',*,*,#1890,.F.);
#595=ORIENTED_EDGE('',*,*,#1891,.T.);
#596=ORIENTED_EDGE('',*,*,#1892,.T.);
#597=ORIENTED_EDGE('',*,*,#1893,.T.);
#598=ORIENTED_EDGE('',*,*,#1894,.T.);
#599=ORIENTED_EDGE('',*,*,#1895,.T.);
#600=ORIENTED_EDGE('',*,*,#1827,.T.);
#601=ORIENTED_EDGE('',*,*,#1896,.T.);
#602=ORIENTED_EDGE('',*,*,#1897,.F.);
#603=ORIENTED_EDGE('',*,*,#1898,.T.);
#604=ORIENTED_EDGE('',*,*,#1899,.T.);
#605=ORIENTED_EDGE('',*,*,#1803,.T.);
#606=ORIENTED_EDGE('',*,*,#1900,.T.);
#607=ORIENTED_EDGE('',*,*,#1901,.T.);
#608=ORIENTED_EDGE('',*,*,#1902,.F.);
#609=ORIENTED_EDGE('',*,*,#1875,.F.);
#610=ORIENTED_EDGE('',*,*,#1903,.T.);
#611=ORIENTED_EDGE('',*,*,#1904,.T.);
#612=ORIENTED_EDGE('',*,*,#1905,.T.);
#613=ORIENTED_EDGE('',*,*,#1906,.T.);
#614=ORIENTED_EDGE('',*,*,#1907,.T.);
#615=ORIENTED_EDGE('',*,*,#1908,.F.);
#616=ORIENTED_EDGE('',*,*,#1909,.F.);
#617=ORIENTED_EDGE('',*,*,#1877,.T.);
#618=ORIENTED_EDGE('',*,*,#1910,.T.);
#619=ORIENTED_EDGE('',*,*,#1911,.T.);
#620=ORIENTED_EDGE('',*,*,#1912,.F.);
#621=ORIENTED_EDGE('',*,*,#1908,.T.);
#622=ORIENTED_EDGE('',*,*,#1913,.T.);
#623=ORIENTED_EDGE('',*,*,#1871,.F.);
#624=ORIENTED_EDGE('',*,*,#1882,.F.);
#625=ORIENTED_EDGE('',*,*,#1867,.T.);
#626=ORIENTED_EDGE('',*,*,#1914,.T.);
#627=ORIENTED_EDGE('',*,*,#1915,.F.);
#628=ORIENTED_EDGE('',*,*,#1916,.F.);
#629=ORIENTED_EDGE('',*,*,#1917,.T.);
#630=ORIENTED_EDGE('',*,*,#1918,.F.);
#631=ORIENTED_EDGE('',*,*,#1873,.T.);
#632=ORIENTED_EDGE('',*,*,#1919,.T.);
#633=ORIENTED_EDGE('',*,*,#1920,.T.);
#634=ORIENTED_EDGE('',*,*,#1892,.F.);
#635=ORIENTED_EDGE('',*,*,#1921,.T.);
#636=ORIENTED_EDGE('',*,*,#1922,.T.);
#637=ORIENTED_EDGE('',*,*,#1906,.F.);
#638=ORIENTED_EDGE('',*,*,#1923,.T.);
#639=ORIENTED_EDGE('',*,*,#1915,.T.);
#640=ORIENTED_EDGE('',*,*,#1924,.T.);
#641=ORIENTED_EDGE('',*,*,#1925,.F.);
#642=ORIENTED_EDGE('',*,*,#1926,.F.);
#643=ORIENTED_EDGE('',*,*,#1927,.T.);
#644=ORIENTED_EDGE('',*,*,#1928,.T.);
#645=ORIENTED_EDGE('',*,*,#1929,.T.);
#646=ORIENTED_EDGE('',*,*,#1930,.T.);
#647=ORIENTED_EDGE('',*,*,#1931,.T.);
#648=ORIENTED_EDGE('',*,*,#1932,.T.);
#649=ORIENTED_EDGE('',*,*,#1933,.F.);
#650=ORIENTED_EDGE('',*,*,#1934,.F.);
#651=ORIENTED_EDGE('',*,*,#1925,.T.);
#652=ORIENTED_EDGE('',*,*,#1894,.F.);
#653=ORIENTED_EDGE('',*,*,#1935,.T.);
#654=ORIENTED_EDGE('',*,*,#1936,.T.);
#655=ORIENTED_EDGE('',*,*,#1937,.T.);
#656=ORIENTED_EDGE('',*,*,#1938,.F.);
#657=ORIENTED_EDGE('',*,*,#1933,.T.);
#658=ORIENTED_EDGE('',*,*,#1939,.T.);
#659=ORIENTED_EDGE('',*,*,#1940,.F.);
#660=ORIENTED_EDGE('',*,*,#1941,.T.);
#661=ORIENTED_EDGE('',*,*,#1921,.F.);
#662=ORIENTED_EDGE('',*,*,#1895,.F.);
#663=ORIENTED_EDGE('',*,*,#1940,.T.);
#664=ORIENTED_EDGE('',*,*,#1942,.T.);
#665=ORIENTED_EDGE('',*,*,#1819,.T.);
#666=ORIENTED_EDGE('',*,*,#1943,.T.);
#667=ORIENTED_EDGE('',*,*,#1944,.F.);
#668=ORIENTED_EDGE('',*,*,#1945,.F.);
#669=ORIENTED_EDGE('',*,*,#1946,.F.);
#670=ORIENTED_EDGE('',*,*,#1947,.F.);
#671=ORIENTED_EDGE('',*,*,#1948,.F.);
#672=ORIENTED_EDGE('',*,*,#1949,.F.);
#673=ORIENTED_EDGE('',*,*,#1950,.F.);
#674=ORIENTED_EDGE('',*,*,#1951,.F.);
#675=ORIENTED_EDGE('',*,*,#1952,.F.);
#676=ORIENTED_EDGE('',*,*,#1953,.T.);
#677=ORIENTED_EDGE('',*,*,#1954,.T.);
#678=ORIENTED_EDGE('',*,*,#1955,.T.);
#679=ORIENTED_EDGE('',*,*,#1956,.T.);
#680=ORIENTED_EDGE('',*,*,#1897,.T.);
#681=ORIENTED_EDGE('',*,*,#1957,.T.);
#682=ORIENTED_EDGE('',*,*,#1944,.T.);
#683=ORIENTED_EDGE('',*,*,#1958,.T.);
#684=ORIENTED_EDGE('',*,*,#1901,.F.);
#685=ORIENTED_EDGE('',*,*,#1959,.T.);
#686=ORIENTED_EDGE('',*,*,#1891,.F.);
#687=ORIENTED_EDGE('',*,*,#1960,.F.);
#688=ORIENTED_EDGE('',*,*,#1961,.F.);
#689=ORIENTED_EDGE('',*,*,#1962,.T.);
#690=ORIENTED_EDGE('',*,*,#1910,.F.);
#691=ORIENTED_EDGE('',*,*,#1907,.F.);
#692=ORIENTED_EDGE('',*,*,#1876,.F.);
#693=ORIENTED_EDGE('',*,*,#1902,.T.);
#694=ORIENTED_EDGE('',*,*,#1922,.F.);
#695=ORIENTED_EDGE('',*,*,#1941,.F.);
#696=ORIENTED_EDGE('',*,*,#1939,.F.);
#697=ORIENTED_EDGE('',*,*,#1932,.F.);
#698=ORIENTED_EDGE('',*,*,#1924,.F.);
#699=ORIENTED_EDGE('',*,*,#1914,.F.);
#700=ORIENTED_EDGE('',*,*,#1872,.F.);
#701=ORIENTED_EDGE('',*,*,#1913,.F.);
#702=ORIENTED_EDGE('',*,*,#1866,.F.);
#703=ORIENTED_EDGE('',*,*,#1963,.F.);
#704=ORIENTED_EDGE('',*,*,#1964,.F.);
#705=ORIENTED_EDGE('',*,*,#1965,.T.);
#706=ORIENTED_EDGE('',*,*,#1885,.F.);
#707=ORIENTED_EDGE('',*,*,#1966,.T.);
#708=ORIENTED_EDGE('',*,*,#1912,.T.);
#709=ORIENTED_EDGE('',*,*,#1967,.T.);
#710=ORIENTED_EDGE('',*,*,#1878,.T.);
#711=ORIENTED_EDGE('',*,*,#1909,.T.);
#712=ORIENTED_EDGE('',*,*,#1938,.T.);
#713=ORIENTED_EDGE('',*,*,#1968,.T.);
#714=ORIENTED_EDGE('',*,*,#1926,.T.);
#715=ORIENTED_EDGE('',*,*,#1934,.T.);
#716=ORIENTED_EDGE('',*,*,#1969,.T.);
#717=ORIENTED_EDGE('',*,*,#1945,.T.);
#718=ORIENTED_EDGE('',*,*,#1970,.F.);
#719=ORIENTED_EDGE('',*,*,#1929,.F.);
#720=ORIENTED_EDGE('',*,*,#1970,.T.);
#721=ORIENTED_EDGE('',*,*,#1952,.T.);
#722=ORIENTED_EDGE('',*,*,#1971,.F.);
#723=ORIENTED_EDGE('',*,*,#1930,.F.);
#724=ORIENTED_EDGE('',*,*,#1971,.T.);
#725=ORIENTED_EDGE('',*,*,#1951,.T.);
#726=ORIENTED_EDGE('',*,*,#1972,.F.);
#727=ORIENTED_EDGE('',*,*,#1931,.F.);
#728=ORIENTED_EDGE('',*,*,#1972,.T.);
#729=ORIENTED_EDGE('',*,*,#1950,.T.);
#730=ORIENTED_EDGE('',*,*,#1973,.F.);
#731=ORIENTED_EDGE('',*,*,#1919,.F.);
#732=ORIENTED_EDGE('',*,*,#1974,.T.);
#733=ORIENTED_EDGE('',*,*,#1948,.T.);
#734=ORIENTED_EDGE('',*,*,#1975,.F.);
#735=ORIENTED_EDGE('',*,*,#1936,.F.);
#736=ORIENTED_EDGE('',*,*,#1976,.T.);
#737=ORIENTED_EDGE('',*,*,#1946,.T.);
#738=ORIENTED_EDGE('',*,*,#1969,.F.);
#739=ORIENTED_EDGE('',*,*,#1928,.F.);
#740=ORIENTED_EDGE('',*,*,#1949,.T.);
#741=ORIENTED_EDGE('',*,*,#1974,.F.);
#742=ORIENTED_EDGE('',*,*,#1935,.F.);
#743=ORIENTED_EDGE('',*,*,#1893,.F.);
#744=ORIENTED_EDGE('',*,*,#1920,.F.);
#745=ORIENTED_EDGE('',*,*,#1973,.T.);
#746=ORIENTED_EDGE('',*,*,#1947,.T.);
#747=ORIENTED_EDGE('',*,*,#1976,.F.);
#748=ORIENTED_EDGE('',*,*,#1927,.F.);
#749=ORIENTED_EDGE('',*,*,#1968,.F.);
#750=ORIENTED_EDGE('',*,*,#1937,.F.);
#751=ORIENTED_EDGE('',*,*,#1975,.T.);
#752=ORIENTED_EDGE('',*,*,#1977,.F.);
#753=ORIENTED_EDGE('',*,*,#1978,.T.);
#754=ORIENTED_EDGE('',*,*,#1979,.T.);
#755=ORIENTED_EDGE('',*,*,#1980,.F.);
#756=ORIENTED_EDGE('',*,*,#1981,.F.);
#757=ORIENTED_EDGE('',*,*,#1982,.T.);
#758=ORIENTED_EDGE('',*,*,#1977,.T.);
#759=ORIENTED_EDGE('',*,*,#1983,.T.);
#760=ORIENTED_EDGE('',*,*,#1984,.F.);
#761=ORIENTED_EDGE('',*,*,#1985,.T.);
#762=ORIENTED_EDGE('',*,*,#1981,.T.);
#763=ORIENTED_EDGE('',*,*,#1986,.T.);
#764=ORIENTED_EDGE('',*,*,#1987,.F.);
#765=ORIENTED_EDGE('',*,*,#1988,.T.);
#766=ORIENTED_EDGE('',*,*,#1989,.T.);
#767=ORIENTED_EDGE('',*,*,#1990,.F.);
#768=ORIENTED_EDGE('',*,*,#1991,.F.);
#769=ORIENTED_EDGE('',*,*,#1992,.T.);
#770=ORIENTED_EDGE('',*,*,#1987,.T.);
#771=ORIENTED_EDGE('',*,*,#1993,.T.);
#772=ORIENTED_EDGE('',*,*,#1994,.F.);
#773=ORIENTED_EDGE('',*,*,#1995,.T.);
#774=ORIENTED_EDGE('',*,*,#1991,.T.);
#775=ORIENTED_EDGE('',*,*,#1996,.T.);
#776=ORIENTED_EDGE('',*,*,#1989,.F.);
#777=ORIENTED_EDGE('',*,*,#1997,.T.);
#778=ORIENTED_EDGE('',*,*,#1994,.T.);
#779=ORIENTED_EDGE('',*,*,#1998,.F.);
#780=ORIENTED_EDGE('',*,*,#1999,.T.);
#781=ORIENTED_EDGE('',*,*,#1837,.T.);
#782=ORIENTED_EDGE('',*,*,#2000,.T.);
#783=ORIENTED_EDGE('',*,*,#2001,.F.);
#784=ORIENTED_EDGE('',*,*,#2002,.T.);
#785=ORIENTED_EDGE('',*,*,#2003,.F.);
#786=ORIENTED_EDGE('',*,*,#2004,.T.);
#787=ORIENTED_EDGE('',*,*,#2005,.F.);
#788=ORIENTED_EDGE('',*,*,#2006,.F.);
#789=ORIENTED_EDGE('',*,*,#1746,.T.);
#790=ORIENTED_EDGE('',*,*,#2007,.F.);
#791=ORIENTED_EDGE('',*,*,#1836,.T.);
#792=ORIENTED_EDGE('',*,*,#2008,.F.);
#793=ORIENTED_EDGE('',*,*,#1835,.T.);
#794=ORIENTED_EDGE('',*,*,#2009,.T.);
#795=ORIENTED_EDGE('',*,*,#1859,.F.);
#796=ORIENTED_EDGE('',*,*,#2010,.T.);
#797=ORIENTED_EDGE('',*,*,#1863,.F.);
#798=ORIENTED_EDGE('',*,*,#2011,.T.);
#799=ORIENTED_EDGE('',*,*,#1861,.F.);
#800=ORIENTED_EDGE('',*,*,#1979,.F.);
#801=ORIENTED_EDGE('',*,*,#2012,.T.);
#802=ORIENTED_EDGE('',*,*,#1984,.T.);
#803=ORIENTED_EDGE('',*,*,#2013,.F.);
#804=ORIENTED_EDGE('',*,*,#2014,.T.);
#805=ORIENTED_EDGE('',*,*,#2015,.T.);
#806=ORIENTED_EDGE('',*,*,#2016,.T.);
#807=ORIENTED_EDGE('',*,*,#1918,.T.);
#808=ORIENTED_EDGE('',*,*,#2017,.T.);
#809=ORIENTED_EDGE('',*,*,#1916,.T.);
#810=ORIENTED_EDGE('',*,*,#1923,.F.);
#811=ORIENTED_EDGE('',*,*,#1905,.F.);
#812=ORIENTED_EDGE('',*,*,#2018,.T.);
#813=ORIENTED_EDGE('',*,*,#1903,.F.);
#814=ORIENTED_EDGE('',*,*,#1874,.F.);
#815=ORIENTED_EDGE('',*,*,#2008,.T.);
#816=ORIENTED_EDGE('',*,*,#2007,.T.);
#817=ORIENTED_EDGE('',*,*,#1853,.T.);
#818=ORIENTED_EDGE('',*,*,#2006,.T.);
#819=ORIENTED_EDGE('',*,*,#1849,.T.);
#820=ORIENTED_EDGE('',*,*,#2005,.T.);
#821=ORIENTED_EDGE('',*,*,#2003,.T.);
#822=ORIENTED_EDGE('',*,*,#2001,.T.);
#823=ORIENTED_EDGE('',*,*,#1990,.T.);
#824=ORIENTED_EDGE('',*,*,#1998,.T.);
#825=ORIENTED_EDGE('',*,*,#1996,.F.);
#826=ORIENTED_EDGE('',*,*,#1993,.F.);
#827=ORIENTED_EDGE('',*,*,#1980,.T.);
#828=ORIENTED_EDGE('',*,*,#2013,.T.);
#829=ORIENTED_EDGE('',*,*,#1986,.F.);
#830=ORIENTED_EDGE('',*,*,#1983,.F.);
#831=ORIENTED_EDGE('',*,*,#2019,.F.);
#832=ORIENTED_EDGE('',*,*,#1834,.F.);
#833=ORIENTED_EDGE('',*,*,#2020,.F.);
#834=ORIENTED_EDGE('',*,*,#1985,.F.);
#835=ORIENTED_EDGE('',*,*,#2020,.T.);
#836=ORIENTED_EDGE('',*,*,#1833,.F.);
#837=ORIENTED_EDGE('',*,*,#2021,.F.);
#838=ORIENTED_EDGE('',*,*,#1982,.F.);
#839=ORIENTED_EDGE('',*,*,#2019,.T.);
#840=ORIENTED_EDGE('',*,*,#2012,.F.);
#841=ORIENTED_EDGE('',*,*,#2022,.F.);
#842=ORIENTED_EDGE('',*,*,#1831,.F.);
#843=ORIENTED_EDGE('',*,*,#2021,.T.);
#844=ORIENTED_EDGE('',*,*,#1832,.F.);
#845=ORIENTED_EDGE('',*,*,#2022,.T.);
#846=ORIENTED_EDGE('',*,*,#1978,.F.);
#847=ORIENTED_EDGE('',*,*,#1963,.T.);
#848=ORIENTED_EDGE('',*,*,#1865,.T.);
#849=ORIENTED_EDGE('',*,*,#1881,.T.);
#850=ORIENTED_EDGE('',*,*,#1869,.T.);
#851=ORIENTED_EDGE('',*,*,#2023,.F.);
#852=ORIENTED_EDGE('',*,*,#2024,.F.);
#853=ORIENTED_EDGE('',*,*,#2023,.T.);
#854=ORIENTED_EDGE('',*,*,#1880,.T.);
#855=ORIENTED_EDGE('',*,*,#2025,.F.);
#856=ORIENTED_EDGE('',*,*,#2026,.F.);
#857=ORIENTED_EDGE('',*,*,#2025,.T.);
#858=ORIENTED_EDGE('',*,*,#1879,.F.);
#859=ORIENTED_EDGE('',*,*,#1967,.F.);
#860=ORIENTED_EDGE('',*,*,#1911,.F.);
#861=ORIENTED_EDGE('',*,*,#1962,.F.);
#862=ORIENTED_EDGE('',*,*,#2027,.T.);
#863=ORIENTED_EDGE('',*,*,#1890,.T.);
#864=ORIENTED_EDGE('',*,*,#2028,.T.);
#865=ORIENTED_EDGE('',*,*,#2029,.F.);
#866=ORIENTED_EDGE('',*,*,#1960,.T.);
#867=ORIENTED_EDGE('',*,*,#1888,.F.);
#868=ORIENTED_EDGE('',*,*,#2030,.T.);
#869=ORIENTED_EDGE('',*,*,#2031,.T.);
#870=ORIENTED_EDGE('',*,*,#2032,.T.);
#871=ORIENTED_EDGE('',*,*,#2033,.T.);
#872=ORIENTED_EDGE('',*,*,#2034,.T.);
#873=ORIENTED_EDGE('',*,*,#1886,.F.);
#874=ORIENTED_EDGE('',*,*,#1965,.F.);
#875=ORIENTED_EDGE('',*,*,#2031,.F.);
#876=ORIENTED_EDGE('',*,*,#2035,.T.);
#877=ORIENTED_EDGE('',*,*,#2033,.F.);
#878=ORIENTED_EDGE('',*,*,#1964,.T.);
#879=ORIENTED_EDGE('',*,*,#2024,.T.);
#880=ORIENTED_EDGE('',*,*,#2026,.T.);
#881=ORIENTED_EDGE('',*,*,#2027,.F.);
#882=ORIENTED_EDGE('',*,*,#1961,.T.);
#883=ORIENTED_EDGE('',*,*,#2029,.T.);
#884=ORIENTED_EDGE('',*,*,#2036,.T.);
#885=ORIENTED_EDGE('',*,*,#2035,.F.);
#886=ORIENTED_EDGE('',*,*,#2030,.F.);
#887=ORIENTED_EDGE('',*,*,#1887,.F.);
#888=ORIENTED_EDGE('',*,*,#2034,.F.);
#889=ORIENTED_EDGE('',*,*,#2036,.F.);
#890=ORIENTED_EDGE('',*,*,#2028,.F.);
#891=ORIENTED_EDGE('',*,*,#1889,.F.);
#892=ORIENTED_EDGE('',*,*,#2032,.F.);
#893=ORIENTED_EDGE('',*,*,#2037,.F.);
#894=ORIENTED_EDGE('',*,*,#1864,.T.);
#895=ORIENTED_EDGE('',*,*,#2038,.T.);
#896=ORIENTED_EDGE('',*,*,#2016,.F.);
#897=ORIENTED_EDGE('',*,*,#2037,.T.);
#898=ORIENTED_EDGE('',*,*,#2038,.F.);
#899=ORIENTED_EDGE('',*,*,#2039,.F.);
#900=ORIENTED_EDGE('',*,*,#1862,.T.);
#901=ORIENTED_EDGE('',*,*,#2040,.T.);
#902=ORIENTED_EDGE('',*,*,#2015,.F.);
#903=ORIENTED_EDGE('',*,*,#2039,.T.);
#904=ORIENTED_EDGE('',*,*,#2040,.F.);
#905=ORIENTED_EDGE('',*,*,#2041,.F.);
#906=ORIENTED_EDGE('',*,*,#1860,.T.);
#907=ORIENTED_EDGE('',*,*,#2042,.T.);
#908=ORIENTED_EDGE('',*,*,#2014,.F.);
#909=ORIENTED_EDGE('',*,*,#2041,.T.);
#910=ORIENTED_EDGE('',*,*,#2042,.F.);
#911=ORIENTED_EDGE('',*,*,#2043,.F.);
#912=ORIENTED_EDGE('',*,*,#2011,.F.);
#913=ORIENTED_EDGE('',*,*,#2044,.F.);
#914=ORIENTED_EDGE('',*,*,#2010,.F.);
#915=ORIENTED_EDGE('',*,*,#2045,.F.);
#916=ORIENTED_EDGE('',*,*,#2009,.F.);
#917=ORIENTED_EDGE('',*,*,#1829,.F.);
#918=ORIENTED_EDGE('',*,*,#2000,.F.);
#919=ORIENTED_EDGE('',*,*,#2046,.F.);
#920=ORIENTED_EDGE('',*,*,#2002,.F.);
#921=ORIENTED_EDGE('',*,*,#1830,.F.);
#922=ORIENTED_EDGE('',*,*,#2004,.F.);
#923=ORIENTED_EDGE('',*,*,#2047,.T.);
#924=ORIENTED_EDGE('',*,*,#1722,.T.);
#925=ORIENTED_EDGE('',*,*,#2048,.F.);
#926=ORIENTED_EDGE('',*,*,#2049,.F.);
#927=ORIENTED_EDGE('',*,*,#2048,.T.);
#928=ORIENTED_EDGE('',*,*,#1721,.T.);
#929=ORIENTED_EDGE('',*,*,#2050,.F.);
#930=ORIENTED_EDGE('',*,*,#2051,.F.);
#931=ORIENTED_EDGE('',*,*,#2050,.T.);
#932=ORIENTED_EDGE('',*,*,#1720,.T.);
#933=ORIENTED_EDGE('',*,*,#2052,.F.);
#934=ORIENTED_EDGE('',*,*,#2053,.F.);
#935=ORIENTED_EDGE('',*,*,#2052,.T.);
#936=ORIENTED_EDGE('',*,*,#1719,.T.);
#937=ORIENTED_EDGE('',*,*,#2054,.F.);
#938=ORIENTED_EDGE('',*,*,#2055,.F.);
#939=ORIENTED_EDGE('',*,*,#2054,.T.);
#940=ORIENTED_EDGE('',*,*,#1718,.F.);
#941=ORIENTED_EDGE('',*,*,#2056,.F.);
#942=ORIENTED_EDGE('',*,*,#2057,.T.);
#943=ORIENTED_EDGE('',*,*,#2056,.T.);
#944=ORIENTED_EDGE('',*,*,#1717,.F.);
#945=ORIENTED_EDGE('',*,*,#2058,.F.);
#946=ORIENTED_EDGE('',*,*,#2059,.T.);
#947=ORIENTED_EDGE('',*,*,#2058,.T.);
#948=ORIENTED_EDGE('',*,*,#1716,.F.);
#949=ORIENTED_EDGE('',*,*,#2060,.F.);
#950=ORIENTED_EDGE('',*,*,#2061,.T.);
#951=ORIENTED_EDGE('',*,*,#2060,.T.);
#952=ORIENTED_EDGE('',*,*,#1715,.F.);
#953=ORIENTED_EDGE('',*,*,#2062,.F.);
#954=ORIENTED_EDGE('',*,*,#2063,.T.);
#955=ORIENTED_EDGE('',*,*,#2062,.T.);
#956=ORIENTED_EDGE('',*,*,#1714,.T.);
#957=ORIENTED_EDGE('',*,*,#2064,.F.);
#958=ORIENTED_EDGE('',*,*,#2065,.F.);
#959=ORIENTED_EDGE('',*,*,#2064,.T.);
#960=ORIENTED_EDGE('',*,*,#1713,.T.);
#961=ORIENTED_EDGE('',*,*,#1855,.F.);
#962=ORIENTED_EDGE('',*,*,#2066,.F.);
#963=ORIENTED_EDGE('',*,*,#1856,.T.);
#964=ORIENTED_EDGE('',*,*,#1711,.T.);
#965=ORIENTED_EDGE('',*,*,#2067,.F.);
#966=ORIENTED_EDGE('',*,*,#2068,.F.);
#967=ORIENTED_EDGE('',*,*,#2067,.T.);
#968=ORIENTED_EDGE('',*,*,#1741,.T.);
#969=ORIENTED_EDGE('',*,*,#2069,.F.);
#970=ORIENTED_EDGE('',*,*,#2070,.F.);
#971=ORIENTED_EDGE('',*,*,#2069,.T.);
#972=ORIENTED_EDGE('',*,*,#1740,.F.);
#973=ORIENTED_EDGE('',*,*,#2071,.F.);
#974=ORIENTED_EDGE('',*,*,#2072,.T.);
#975=ORIENTED_EDGE('',*,*,#2071,.T.);
#976=ORIENTED_EDGE('',*,*,#1739,.F.);
#977=ORIENTED_EDGE('',*,*,#2073,.F.);
#978=ORIENTED_EDGE('',*,*,#2074,.T.);
#979=ORIENTED_EDGE('',*,*,#2073,.T.);
#980=ORIENTED_EDGE('',*,*,#1738,.F.);
#981=ORIENTED_EDGE('',*,*,#2075,.F.);
#982=ORIENTED_EDGE('',*,*,#2076,.T.);
#983=ORIENTED_EDGE('',*,*,#2075,.T.);
#984=ORIENTED_EDGE('',*,*,#1737,.F.);
#985=ORIENTED_EDGE('',*,*,#1851,.F.);
#986=ORIENTED_EDGE('',*,*,#2077,.T.);
#987=ORIENTED_EDGE('',*,*,#1852,.T.);
#988=ORIENTED_EDGE('',*,*,#1735,.T.);
#989=ORIENTED_EDGE('',*,*,#1848,.F.);
#990=ORIENTED_EDGE('',*,*,#2078,.F.);
#991=ORIENTED_EDGE('',*,*,#1846,.T.);
#992=ORIENTED_EDGE('',*,*,#1733,.T.);
#993=ORIENTED_EDGE('',*,*,#2079,.F.);
#994=ORIENTED_EDGE('',*,*,#2080,.F.);
#995=ORIENTED_EDGE('',*,*,#2079,.T.);
#996=ORIENTED_EDGE('',*,*,#1732,.T.);
#997=ORIENTED_EDGE('',*,*,#2081,.F.);
#998=ORIENTED_EDGE('',*,*,#2082,.F.);
#999=ORIENTED_EDGE('',*,*,#2081,.T.);
#1000=ORIENTED_EDGE('',*,*,#1731,.T.);
#1001=ORIENTED_EDGE('',*,*,#2083,.F.);
#1002=ORIENTED_EDGE('',*,*,#2084,.F.);
#1003=ORIENTED_EDGE('',*,*,#2083,.T.);
#1004=ORIENTED_EDGE('',*,*,#1730,.F.);
#1005=ORIENTED_EDGE('',*,*,#2085,.F.);
#1006=ORIENTED_EDGE('',*,*,#2086,.T.);
#1007=ORIENTED_EDGE('',*,*,#2085,.T.);
#1008=ORIENTED_EDGE('',*,*,#1729,.T.);
#1009=ORIENTED_EDGE('',*,*,#2087,.F.);
#1010=ORIENTED_EDGE('',*,*,#2088,.F.);
#1011=ORIENTED_EDGE('',*,*,#2087,.T.);
#1012=ORIENTED_EDGE('',*,*,#1728,.T.);
#1013=ORIENTED_EDGE('',*,*,#2089,.F.);
#1014=ORIENTED_EDGE('',*,*,#2090,.F.);
#1015=ORIENTED_EDGE('',*,*,#2089,.T.);
#1016=ORIENTED_EDGE('',*,*,#1727,.T.);
#1017=ORIENTED_EDGE('',*,*,#2091,.F.);
#1018=ORIENTED_EDGE('',*,*,#2092,.F.);
#1019=ORIENTED_EDGE('',*,*,#2091,.T.);
#1020=ORIENTED_EDGE('',*,*,#1726,.F.);
#1021=ORIENTED_EDGE('',*,*,#2093,.F.);
#1022=ORIENTED_EDGE('',*,*,#2094,.T.);
#1023=ORIENTED_EDGE('',*,*,#2093,.T.);
#1024=ORIENTED_EDGE('',*,*,#1725,.F.);
#1025=ORIENTED_EDGE('',*,*,#2095,.F.);
#1026=ORIENTED_EDGE('',*,*,#2096,.T.);
#1027=ORIENTED_EDGE('',*,*,#2095,.T.);
#1028=ORIENTED_EDGE('',*,*,#1724,.T.);
#1029=ORIENTED_EDGE('',*,*,#2097,.F.);
#1030=ORIENTED_EDGE('',*,*,#2098,.F.);
#1031=ORIENTED_EDGE('',*,*,#2097,.T.);
#1032=ORIENTED_EDGE('',*,*,#1723,.F.);
#1033=ORIENTED_EDGE('',*,*,#2047,.F.);
#1034=ORIENTED_EDGE('',*,*,#2099,.T.);
#1035=ORIENTED_EDGE('',*,*,#2049,.T.);
#1036=ORIENTED_EDGE('',*,*,#2051,.T.);
#1037=ORIENTED_EDGE('',*,*,#2053,.T.);
#1038=ORIENTED_EDGE('',*,*,#2055,.T.);
#1039=ORIENTED_EDGE('',*,*,#2057,.F.);
#1040=ORIENTED_EDGE('',*,*,#2059,.F.);
#1041=ORIENTED_EDGE('',*,*,#2061,.F.);
#1042=ORIENTED_EDGE('',*,*,#2063,.F.);
#1043=ORIENTED_EDGE('',*,*,#2065,.T.);
#1044=ORIENTED_EDGE('',*,*,#2066,.T.);
#1045=ORIENTED_EDGE('',*,*,#1854,.F.);
#1046=ORIENTED_EDGE('',*,*,#2068,.T.);
#1047=ORIENTED_EDGE('',*,*,#2070,.T.);
#1048=ORIENTED_EDGE('',*,*,#2072,.F.);
#1049=ORIENTED_EDGE('',*,*,#2074,.F.);
#1050=ORIENTED_EDGE('',*,*,#2076,.F.);
#1051=ORIENTED_EDGE('',*,*,#2077,.F.);
#1052=ORIENTED_EDGE('',*,*,#1850,.F.);
#1053=ORIENTED_EDGE('',*,*,#2078,.T.);
#1054=ORIENTED_EDGE('',*,*,#2100,.F.);
#1055=ORIENTED_EDGE('',*,*,#2080,.T.);
#1056=ORIENTED_EDGE('',*,*,#2082,.T.);
#1057=ORIENTED_EDGE('',*,*,#2084,.T.);
#1058=ORIENTED_EDGE('',*,*,#2086,.F.);
#1059=ORIENTED_EDGE('',*,*,#2088,.T.);
#1060=ORIENTED_EDGE('',*,*,#2090,.T.);
#1061=ORIENTED_EDGE('',*,*,#2092,.T.);
#1062=ORIENTED_EDGE('',*,*,#2094,.F.);
#1063=ORIENTED_EDGE('',*,*,#2096,.F.);
#1064=ORIENTED_EDGE('',*,*,#2098,.T.);
#1065=ORIENTED_EDGE('',*,*,#2099,.F.);
#1066=ORIENTED_EDGE('',*,*,#2101,.T.);
#1067=ORIENTED_EDGE('',*,*,#2102,.T.);
#1068=ORIENTED_EDGE('',*,*,#2103,.T.);
#1069=ORIENTED_EDGE('',*,*,#2104,.T.);
#1070=ORIENTED_EDGE('',*,*,#1788,.F.);
#1071=ORIENTED_EDGE('',*,*,#2105,.T.);
#1072=ORIENTED_EDGE('',*,*,#1792,.T.);
#1073=ORIENTED_EDGE('',*,*,#2106,.T.);
#1074=ORIENTED_EDGE('',*,*,#1795,.T.);
#1075=ORIENTED_EDGE('',*,*,#2107,.T.);
#1076=ORIENTED_EDGE('',*,*,#1796,.F.);
#1077=ORIENTED_EDGE('',*,*,#2108,.T.);
#1078=ORIENTED_EDGE('',*,*,#2109,.F.);
#1079=ORIENTED_EDGE('',*,*,#1841,.F.);
#1080=ORIENTED_EDGE('',*,*,#2110,.F.);
#1081=ORIENTED_EDGE('',*,*,#1992,.F.);
#1082=ORIENTED_EDGE('',*,*,#2110,.T.);
#1083=ORIENTED_EDGE('',*,*,#1840,.F.);
#1084=ORIENTED_EDGE('',*,*,#2111,.F.);
#1085=ORIENTED_EDGE('',*,*,#1988,.F.);
#1086=ORIENTED_EDGE('',*,*,#2109,.T.);
#1087=ORIENTED_EDGE('',*,*,#1995,.F.);
#1088=ORIENTED_EDGE('',*,*,#2112,.F.);
#1089=ORIENTED_EDGE('',*,*,#1838,.F.);
#1090=ORIENTED_EDGE('',*,*,#2111,.T.);
#1091=ORIENTED_EDGE('',*,*,#1839,.F.);
#1092=ORIENTED_EDGE('',*,*,#2112,.T.);
#1093=ORIENTED_EDGE('',*,*,#1997,.F.);
#1094=ORIENTED_EDGE('',*,*,#2113,.F.);
#1095=ORIENTED_EDGE('',*,*,#1844,.F.);
#1096=ORIENTED_EDGE('',*,*,#2114,.F.);
#1097=ORIENTED_EDGE('',*,*,#2115,.F.);
#1098=ORIENTED_EDGE('',*,*,#2101,.F.);
#1099=ORIENTED_EDGE('',*,*,#2115,.T.);
#1100=ORIENTED_EDGE('',*,*,#2116,.F.);
#1101=ORIENTED_EDGE('',*,*,#2117,.F.);
#1102=ORIENTED_EDGE('',*,*,#2102,.F.);
#1103=ORIENTED_EDGE('',*,*,#2113,.T.);
#1104=ORIENTED_EDGE('',*,*,#2104,.F.);
#1105=ORIENTED_EDGE('',*,*,#2118,.F.);
#1106=ORIENTED_EDGE('',*,*,#1845,.F.);
#1107=ORIENTED_EDGE('',*,*,#2117,.T.);
#1108=ORIENTED_EDGE('',*,*,#2119,.F.);
#1109=ORIENTED_EDGE('',*,*,#1842,.F.);
#1110=ORIENTED_EDGE('',*,*,#2118,.T.);
#1111=ORIENTED_EDGE('',*,*,#2103,.F.);
#1112=ORIENTED_EDGE('',*,*,#2114,.T.);
#1113=ORIENTED_EDGE('',*,*,#2120,.F.);
#1114=ORIENTED_EDGE('',*,*,#1747,.F.);
#1115=ORIENTED_EDGE('',*,*,#2121,.T.);
#1116=ORIENTED_EDGE('',*,*,#1843,.T.);
#1117=ORIENTED_EDGE('',*,*,#2122,.F.);
#1118=ORIENTED_EDGE('',*,*,#1748,.F.);
#1119=ORIENTED_EDGE('',*,*,#2120,.T.);
#1120=ORIENTED_EDGE('',*,*,#2119,.T.);
#1121=ORIENTED_EDGE('',*,*,#2123,.F.);
#1122=ORIENTED_EDGE('',*,*,#1749,.F.);
#1123=ORIENTED_EDGE('',*,*,#2122,.T.);
#1124=ORIENTED_EDGE('',*,*,#1745,.F.);
#1125=ORIENTED_EDGE('',*,*,#2046,.T.);
#1126=ORIENTED_EDGE('',*,*,#1744,.F.);
#1127=ORIENTED_EDGE('',*,*,#2043,.T.);
#1128=ORIENTED_EDGE('',*,*,#1743,.F.);
#1129=ORIENTED_EDGE('',*,*,#2044,.T.);
#1130=ORIENTED_EDGE('',*,*,#1742,.F.);
#1131=ORIENTED_EDGE('',*,*,#2045,.T.);
#1132=ORIENTED_EDGE('',*,*,#2116,.T.);
#1133=ORIENTED_EDGE('',*,*,#2121,.F.);
#1134=ORIENTED_EDGE('',*,*,#1750,.F.);
#1135=ORIENTED_EDGE('',*,*,#2123,.T.);
#1136=ORIENTED_EDGE('',*,*,#1943,.F.);
#1137=ORIENTED_EDGE('',*,*,#1811,.T.);
#1138=ORIENTED_EDGE('',*,*,#1899,.F.);
#1139=ORIENTED_EDGE('',*,*,#1958,.F.);
#1140=ORIENTED_EDGE('',*,*,#1900,.F.);
#1141=ORIENTED_EDGE('',*,*,#1808,.T.);
#1142=ORIENTED_EDGE('',*,*,#1883,.F.);
#1143=ORIENTED_EDGE('',*,*,#1959,.F.);
#1144=ORIENTED_EDGE('',*,*,#1966,.F.);
#1145=ORIENTED_EDGE('',*,*,#1884,.F.);
#1146=ORIENTED_EDGE('',*,*,#1822,.F.);
#1147=ORIENTED_EDGE('',*,*,#1898,.F.);
#1148=ORIENTED_EDGE('',*,*,#1957,.F.);
#1149=ORIENTED_EDGE('',*,*,#1896,.F.);
#1150=ORIENTED_EDGE('',*,*,#1825,.F.);
#1151=ORIENTED_EDGE('',*,*,#1942,.F.);
#1152=ORIENTED_EDGE('',*,*,#1847,.F.);
#1153=ORIENTED_EDGE('',*,*,#2100,.T.);
#1154=ORIENTED_EDGE('',*,*,#1917,.F.);
#1155=ORIENTED_EDGE('',*,*,#2017,.F.);
#1156=ORIENTED_EDGE('',*,*,#1999,.F.);
#1157=ORIENTED_EDGE('',*,*,#1904,.F.);
#1158=ORIENTED_EDGE('',*,*,#2018,.F.);
#1159=ORIENTED_EDGE('',*,*,#1791,.T.);
#1160=ORIENTED_EDGE('',*,*,#1782,.F.);
#1161=ORIENTED_EDGE('',*,*,#1828,.F.);
#1162=ORIENTED_EDGE('',*,*,#1820,.F.);
#1163=ORIENTED_EDGE('',*,*,#1812,.F.);
#1164=ORIENTED_EDGE('',*,*,#1784,.F.);
#1165=ORIENTED_EDGE('',*,*,#1793,.T.);
#1166=ORIENTED_EDGE('',*,*,#2106,.F.);
#1167=ORIENTED_EDGE('',*,*,#1954,.F.);
#1168=ORIENTED_EDGE('',*,*,#1787,.F.);
#1169=ORIENTED_EDGE('',*,*,#1776,.F.);
#1170=ORIENTED_EDGE('',*,*,#1817,.F.);
#1171=ORIENTED_EDGE('',*,*,#1824,.F.);
#1172=ORIENTED_EDGE('',*,*,#1826,.F.);
#1173=ORIENTED_EDGE('',*,*,#1780,.F.);
#1174=ORIENTED_EDGE('',*,*,#1790,.T.);
#1175=ORIENTED_EDGE('',*,*,#2105,.F.);
#1176=ORIENTED_EDGE('',*,*,#1953,.F.);
#1177=ORIENTED_EDGE('',*,*,#1799,.F.);
#1178=ORIENTED_EDGE('',*,*,#1858,.F.);
#1179=ORIENTED_EDGE('',*,*,#1805,.F.);
#1180=ORIENTED_EDGE('',*,*,#1810,.F.);
#1181=ORIENTED_EDGE('',*,*,#1818,.F.);
#1182=ORIENTED_EDGE('',*,*,#1778,.F.);
#1183=ORIENTED_EDGE('',*,*,#1789,.F.);
#1184=ORIENTED_EDGE('',*,*,#2108,.F.);
#1185=ORIENTED_EDGE('',*,*,#1956,.F.);
#1186=ORIENTED_EDGE('',*,*,#1794,.T.);
#1187=ORIENTED_EDGE('',*,*,#1786,.F.);
#1188=ORIENTED_EDGE('',*,*,#1815,.F.);
#1189=ORIENTED_EDGE('',*,*,#1806,.F.);
#1190=ORIENTED_EDGE('',*,*,#1801,.F.);
#1191=ORIENTED_EDGE('',*,*,#1857,.F.);
#1192=ORIENTED_EDGE('',*,*,#1797,.F.);
#1193=ORIENTED_EDGE('',*,*,#2107,.F.);
#1194=ORIENTED_EDGE('',*,*,#1955,.F.);
#1195=ORIENTED_EDGE('',*,*,#1752,.F.);
#1196=ORIENTED_EDGE('',*,*,#2124,.F.);
#1197=ORIENTED_EDGE('',*,*,#2125,.T.);
#1198=ORIENTED_EDGE('',*,*,#2126,.T.);
#1199=ORIENTED_EDGE('',*,*,#1751,.F.);
#1200=ORIENTED_EDGE('',*,*,#2127,.F.);
#1201=ORIENTED_EDGE('',*,*,#2128,.T.);
#1202=ORIENTED_EDGE('',*,*,#2124,.T.);
#1203=ORIENTED_EDGE('',*,*,#1760,.F.);
#1204=ORIENTED_EDGE('',*,*,#2129,.F.);
#1205=ORIENTED_EDGE('',*,*,#2130,.T.);
#1206=ORIENTED_EDGE('',*,*,#2127,.T.);
#1207=ORIENTED_EDGE('',*,*,#1759,.F.);
#1208=ORIENTED_EDGE('',*,*,#2131,.F.);
#1209=ORIENTED_EDGE('',*,*,#2132,.T.);
#1210=ORIENTED_EDGE('',*,*,#2129,.T.);
#1211=ORIENTED_EDGE('',*,*,#1758,.F.);
#1212=ORIENTED_EDGE('',*,*,#2133,.F.);
#1213=ORIENTED_EDGE('',*,*,#2134,.T.);
#1214=ORIENTED_EDGE('',*,*,#2131,.T.);
#1215=ORIENTED_EDGE('',*,*,#1757,.F.);
#1216=ORIENTED_EDGE('',*,*,#2135,.F.);
#1217=ORIENTED_EDGE('',*,*,#2136,.T.);
#1218=ORIENTED_EDGE('',*,*,#2133,.T.);
#1219=ORIENTED_EDGE('',*,*,#1756,.F.);
#1220=ORIENTED_EDGE('',*,*,#2137,.F.);
#1221=ORIENTED_EDGE('',*,*,#2138,.T.);
#1222=ORIENTED_EDGE('',*,*,#2135,.T.);
#1223=ORIENTED_EDGE('',*,*,#1755,.F.);
#1224=ORIENTED_EDGE('',*,*,#2139,.F.);
#1225=ORIENTED_EDGE('',*,*,#2140,.T.);
#1226=ORIENTED_EDGE('',*,*,#2137,.T.);
#1227=ORIENTED_EDGE('',*,*,#1754,.F.);
#1228=ORIENTED_EDGE('',*,*,#2141,.F.);
#1229=ORIENTED_EDGE('',*,*,#2142,.T.);
#1230=ORIENTED_EDGE('',*,*,#2139,.T.);
#1231=ORIENTED_EDGE('',*,*,#1753,.F.);
#1232=ORIENTED_EDGE('',*,*,#2126,.F.);
#1233=ORIENTED_EDGE('',*,*,#2143,.T.);
#1234=ORIENTED_EDGE('',*,*,#2141,.T.);
#1235=ORIENTED_EDGE('',*,*,#2125,.F.);
#1236=ORIENTED_EDGE('',*,*,#2128,.F.);
#1237=ORIENTED_EDGE('',*,*,#2130,.F.);
#1238=ORIENTED_EDGE('',*,*,#2132,.F.);
#1239=ORIENTED_EDGE('',*,*,#2134,.F.);
#1240=ORIENTED_EDGE('',*,*,#2136,.F.);
#1241=ORIENTED_EDGE('',*,*,#2138,.F.);
#1242=ORIENTED_EDGE('',*,*,#2140,.F.);
#1243=ORIENTED_EDGE('',*,*,#2142,.F.);
#1244=ORIENTED_EDGE('',*,*,#2143,.F.);
#1245=ORIENTED_EDGE('',*,*,#2144,.F.);
#1246=ORIENTED_EDGE('',*,*,#2145,.F.);
#1247=ORIENTED_EDGE('',*,*,#2146,.T.);
#1248=ORIENTED_EDGE('',*,*,#2147,.T.);
#1249=ORIENTED_EDGE('',*,*,#2148,.F.);
#1250=ORIENTED_EDGE('',*,*,#2149,.F.);
#1251=ORIENTED_EDGE('',*,*,#2150,.T.);
#1252=ORIENTED_EDGE('',*,*,#2145,.T.);
#1253=ORIENTED_EDGE('',*,*,#2151,.F.);
#1254=ORIENTED_EDGE('',*,*,#2152,.F.);
#1255=ORIENTED_EDGE('',*,*,#2153,.T.);
#1256=ORIENTED_EDGE('',*,*,#2149,.T.);
#1257=ORIENTED_EDGE('',*,*,#2154,.F.);
#1258=ORIENTED_EDGE('',*,*,#2155,.F.);
#1259=ORIENTED_EDGE('',*,*,#2156,.T.);
#1260=ORIENTED_EDGE('',*,*,#2152,.T.);
#1261=ORIENTED_EDGE('',*,*,#2157,.F.);
#1262=ORIENTED_EDGE('',*,*,#2158,.F.);
#1263=ORIENTED_EDGE('',*,*,#2159,.T.);
#1264=ORIENTED_EDGE('',*,*,#2155,.T.);
#1265=ORIENTED_EDGE('',*,*,#2160,.F.);
#1266=ORIENTED_EDGE('',*,*,#2161,.F.);
#1267=ORIENTED_EDGE('',*,*,#2162,.T.);
#1268=ORIENTED_EDGE('',*,*,#2158,.T.);
#1269=ORIENTED_EDGE('',*,*,#2163,.F.);
#1270=ORIENTED_EDGE('',*,*,#2164,.F.);
#1271=ORIENTED_EDGE('',*,*,#2165,.T.);
#1272=ORIENTED_EDGE('',*,*,#2161,.T.);
#1273=ORIENTED_EDGE('',*,*,#2166,.F.);
#1274=ORIENTED_EDGE('',*,*,#2167,.F.);
#1275=ORIENTED_EDGE('',*,*,#2168,.T.);
#1276=ORIENTED_EDGE('',*,*,#2164,.T.);
#1277=ORIENTED_EDGE('',*,*,#2169,.F.);
#1278=ORIENTED_EDGE('',*,*,#2170,.F.);
#1279=ORIENTED_EDGE('',*,*,#2171,.T.);
#1280=ORIENTED_EDGE('',*,*,#2167,.T.);
#1281=ORIENTED_EDGE('',*,*,#2172,.F.);
#1282=ORIENTED_EDGE('',*,*,#2173,.F.);
#1283=ORIENTED_EDGE('',*,*,#2174,.T.);
#1284=ORIENTED_EDGE('',*,*,#2170,.T.);
#1285=ORIENTED_EDGE('',*,*,#2175,.F.);
#1286=ORIENTED_EDGE('',*,*,#2176,.F.);
#1287=ORIENTED_EDGE('',*,*,#2177,.T.);
#1288=ORIENTED_EDGE('',*,*,#2173,.T.);
#1289=ORIENTED_EDGE('',*,*,#2178,.F.);
#1290=ORIENTED_EDGE('',*,*,#2179,.F.);
#1291=ORIENTED_EDGE('',*,*,#2180,.T.);
#1292=ORIENTED_EDGE('',*,*,#2176,.T.);
#1293=ORIENTED_EDGE('',*,*,#2181,.F.);
#1294=ORIENTED_EDGE('',*,*,#2182,.F.);
#1295=ORIENTED_EDGE('',*,*,#2183,.T.);
#1296=ORIENTED_EDGE('',*,*,#2179,.T.);
#1297=ORIENTED_EDGE('',*,*,#1698,.F.);
#1298=ORIENTED_EDGE('',*,*,#2184,.F.);
#1299=ORIENTED_EDGE('',*,*,#2185,.T.);
#1300=ORIENTED_EDGE('',*,*,#2186,.T.);
#1301=ORIENTED_EDGE('',*,*,#1697,.F.);
#1302=ORIENTED_EDGE('',*,*,#2187,.F.);
#1303=ORIENTED_EDGE('',*,*,#2188,.T.);
#1304=ORIENTED_EDGE('',*,*,#2184,.T.);
#1305=ORIENTED_EDGE('',*,*,#1710,.F.);
#1306=ORIENTED_EDGE('',*,*,#2189,.F.);
#1307=ORIENTED_EDGE('',*,*,#2190,.T.);
#1308=ORIENTED_EDGE('',*,*,#2187,.T.);
#1309=ORIENTED_EDGE('',*,*,#1709,.F.);
#1310=ORIENTED_EDGE('',*,*,#2191,.F.);
#1311=ORIENTED_EDGE('',*,*,#2192,.T.);
#1312=ORIENTED_EDGE('',*,*,#2189,.T.);
#1313=ORIENTED_EDGE('',*,*,#1708,.F.);
#1314=ORIENTED_EDGE('',*,*,#2193,.F.);
#1315=ORIENTED_EDGE('',*,*,#2194,.T.);
#1316=ORIENTED_EDGE('',*,*,#2191,.T.);
#1317=ORIENTED_EDGE('',*,*,#1707,.F.);
#1318=ORIENTED_EDGE('',*,*,#2195,.F.);
#1319=ORIENTED_EDGE('',*,*,#2196,.T.);
#1320=ORIENTED_EDGE('',*,*,#2193,.T.);
#1321=ORIENTED_EDGE('',*,*,#1706,.F.);
#1322=ORIENTED_EDGE('',*,*,#2197,.F.);
#1323=ORIENTED_EDGE('',*,*,#2198,.T.);
#1324=ORIENTED_EDGE('',*,*,#2195,.T.);
#1325=ORIENTED_EDGE('',*,*,#1705,.F.);
#1326=ORIENTED_EDGE('',*,*,#2199,.F.);
#1327=ORIENTED_EDGE('',*,*,#2200,.T.);
#1328=ORIENTED_EDGE('',*,*,#2197,.T.);
#1329=ORIENTED_EDGE('',*,*,#1704,.F.);
#1330=ORIENTED_EDGE('',*,*,#2201,.F.);
#1331=ORIENTED_EDGE('',*,*,#2202,.T.);
#1332=ORIENTED_EDGE('',*,*,#2199,.T.);
#1333=ORIENTED_EDGE('',*,*,#1703,.F.);
#1334=ORIENTED_EDGE('',*,*,#2203,.F.);
#1335=ORIENTED_EDGE('',*,*,#2204,.T.);
#1336=ORIENTED_EDGE('',*,*,#2201,.T.);
#1337=ORIENTED_EDGE('',*,*,#1702,.F.);
#1338=ORIENTED_EDGE('',*,*,#2205,.F.);
#1339=ORIENTED_EDGE('',*,*,#2206,.T.);
#1340=ORIENTED_EDGE('',*,*,#2203,.T.);
#1341=ORIENTED_EDGE('',*,*,#1701,.F.);
#1342=ORIENTED_EDGE('',*,*,#2207,.F.);
#1343=ORIENTED_EDGE('',*,*,#2208,.T.);
#1344=ORIENTED_EDGE('',*,*,#2205,.T.);
#1345=ORIENTED_EDGE('',*,*,#1700,.F.);
#1346=ORIENTED_EDGE('',*,*,#2209,.F.);
#1347=ORIENTED_EDGE('',*,*,#2210,.T.);
#1348=ORIENTED_EDGE('',*,*,#2207,.T.);
#1349=ORIENTED_EDGE('',*,*,#1699,.F.);
#1350=ORIENTED_EDGE('',*,*,#2186,.F.);
#1351=ORIENTED_EDGE('',*,*,#2211,.T.);
#1352=ORIENTED_EDGE('',*,*,#2209,.T.);
#1353=ORIENTED_EDGE('',*,*,#2212,.F.);
#1354=ORIENTED_EDGE('',*,*,#2147,.F.);
#1355=ORIENTED_EDGE('',*,*,#2213,.T.);
#1356=ORIENTED_EDGE('',*,*,#2182,.T.);
#1357=ORIENTED_EDGE('',*,*,#2185,.F.);
#1358=ORIENTED_EDGE('',*,*,#2188,.F.);
#1359=ORIENTED_EDGE('',*,*,#2190,.F.);
#1360=ORIENTED_EDGE('',*,*,#2192,.F.);
#1361=ORIENTED_EDGE('',*,*,#2194,.F.);
#1362=ORIENTED_EDGE('',*,*,#2196,.F.);
#1363=ORIENTED_EDGE('',*,*,#2198,.F.);
#1364=ORIENTED_EDGE('',*,*,#2200,.F.);
#1365=ORIENTED_EDGE('',*,*,#2202,.F.);
#1366=ORIENTED_EDGE('',*,*,#2204,.F.);
#1367=ORIENTED_EDGE('',*,*,#2206,.F.);
#1368=ORIENTED_EDGE('',*,*,#2208,.F.);
#1369=ORIENTED_EDGE('',*,*,#2210,.F.);
#1370=ORIENTED_EDGE('',*,*,#2211,.F.);
#1371=ORIENTED_EDGE('',*,*,#2146,.F.);
#1372=ORIENTED_EDGE('',*,*,#2150,.F.);
#1373=ORIENTED_EDGE('',*,*,#2153,.F.);
#1374=ORIENTED_EDGE('',*,*,#2156,.F.);
#1375=ORIENTED_EDGE('',*,*,#2159,.F.);
#1376=ORIENTED_EDGE('',*,*,#2162,.F.);
#1377=ORIENTED_EDGE('',*,*,#2165,.F.);
#1378=ORIENTED_EDGE('',*,*,#2168,.F.);
#1379=ORIENTED_EDGE('',*,*,#2171,.F.);
#1380=ORIENTED_EDGE('',*,*,#2174,.F.);
#1381=ORIENTED_EDGE('',*,*,#2177,.F.);
#1382=ORIENTED_EDGE('',*,*,#2180,.F.);
#1383=ORIENTED_EDGE('',*,*,#2183,.F.);
#1384=ORIENTED_EDGE('',*,*,#2213,.F.);
#1385=ORIENTED_EDGE('',*,*,#1694,.F.);
#1386=ORIENTED_EDGE('',*,*,#2214,.F.);
#1387=ORIENTED_EDGE('',*,*,#2215,.T.);
#1388=ORIENTED_EDGE('',*,*,#2216,.T.);
#1389=ORIENTED_EDGE('',*,*,#1693,.F.);
#1390=ORIENTED_EDGE('',*,*,#2217,.F.);
#1391=ORIENTED_EDGE('',*,*,#2218,.T.);
#1392=ORIENTED_EDGE('',*,*,#2214,.T.);
#1393=ORIENTED_EDGE('',*,*,#1696,.F.);
#1394=ORIENTED_EDGE('',*,*,#2219,.F.);
#1395=ORIENTED_EDGE('',*,*,#2220,.T.);
#1396=ORIENTED_EDGE('',*,*,#2217,.T.);
#1397=ORIENTED_EDGE('',*,*,#1695,.F.);
#1398=ORIENTED_EDGE('',*,*,#2216,.F.);
#1399=ORIENTED_EDGE('',*,*,#2221,.T.);
#1400=ORIENTED_EDGE('',*,*,#2219,.T.);
#1401=ORIENTED_EDGE('',*,*,#2215,.F.);
#1402=ORIENTED_EDGE('',*,*,#2218,.F.);
#1403=ORIENTED_EDGE('',*,*,#2220,.F.);
#1404=ORIENTED_EDGE('',*,*,#2221,.F.);
#1405=ORIENTED_EDGE('',*,*,#1684,.F.);
#1406=ORIENTED_EDGE('',*,*,#2222,.F.);
#1407=ORIENTED_EDGE('',*,*,#2223,.T.);
#1408=ORIENTED_EDGE('',*,*,#2224,.T.);
#1409=ORIENTED_EDGE('',*,*,#1683,.F.);
#1410=ORIENTED_EDGE('',*,*,#2225,.F.);
#1411=ORIENTED_EDGE('',*,*,#2226,.T.);
#1412=ORIENTED_EDGE('',*,*,#2222,.T.);
#1413=ORIENTED_EDGE('',*,*,#1692,.F.);
#1414=ORIENTED_EDGE('',*,*,#2227,.F.);
#1415=ORIENTED_EDGE('',*,*,#2228,.T.);
#1416=ORIENTED_EDGE('',*,*,#2225,.T.);
#1417=ORIENTED_EDGE('',*,*,#1691,.F.);
#1418=ORIENTED_EDGE('',*,*,#2229,.F.);
#1419=ORIENTED_EDGE('',*,*,#2230,.T.);
#1420=ORIENTED_EDGE('',*,*,#2227,.T.);
#1421=ORIENTED_EDGE('',*,*,#1690,.F.);
#1422=ORIENTED_EDGE('',*,*,#2231,.F.);
#1423=ORIENTED_EDGE('',*,*,#2232,.T.);
#1424=ORIENTED_EDGE('',*,*,#2229,.T.);
#1425=ORIENTED_EDGE('',*,*,#1689,.F.);
#1426=ORIENTED_EDGE('',*,*,#2233,.F.);
#1427=ORIENTED_EDGE('',*,*,#2234,.T.);
#1428=ORIENTED_EDGE('',*,*,#2231,.T.);
#1429=ORIENTED_EDGE('',*,*,#1688,.F.);
#1430=ORIENTED_EDGE('',*,*,#2235,.F.);
#1431=ORIENTED_EDGE('',*,*,#2236,.T.);
#1432=ORIENTED_EDGE('',*,*,#2233,.T.);
#1433=ORIENTED_EDGE('',*,*,#1687,.F.);
#1434=ORIENTED_EDGE('',*,*,#2237,.F.);
#1435=ORIENTED_EDGE('',*,*,#2238,.T.);
#1436=ORIENTED_EDGE('',*,*,#2235,.T.);
#1437=ORIENTED_EDGE('',*,*,#1686,.F.);
#1438=ORIENTED_EDGE('',*,*,#2239,.F.);
#1439=ORIENTED_EDGE('',*,*,#2240,.T.);
#1440=ORIENTED_EDGE('',*,*,#2237,.T.);
#1441=ORIENTED_EDGE('',*,*,#1685,.F.);
#1442=ORIENTED_EDGE('',*,*,#2224,.F.);
#1443=ORIENTED_EDGE('',*,*,#2241,.T.);
#1444=ORIENTED_EDGE('',*,*,#2239,.T.);
#1445=ORIENTED_EDGE('',*,*,#2223,.F.);
#1446=ORIENTED_EDGE('',*,*,#2226,.F.);
#1447=ORIENTED_EDGE('',*,*,#2228,.F.);
#1448=ORIENTED_EDGE('',*,*,#2230,.F.);
#1449=ORIENTED_EDGE('',*,*,#2232,.F.);
#1450=ORIENTED_EDGE('',*,*,#2234,.F.);
#1451=ORIENTED_EDGE('',*,*,#2236,.F.);
#1452=ORIENTED_EDGE('',*,*,#2238,.F.);
#1453=ORIENTED_EDGE('',*,*,#2240,.F.);
#1454=ORIENTED_EDGE('',*,*,#2241,.F.);
#1455=ORIENTED_EDGE('',*,*,#1674,.F.);
#1456=ORIENTED_EDGE('',*,*,#2242,.F.);
#1457=ORIENTED_EDGE('',*,*,#2243,.T.);
#1458=ORIENTED_EDGE('',*,*,#2244,.T.);
#1459=ORIENTED_EDGE('',*,*,#1673,.F.);
#1460=ORIENTED_EDGE('',*,*,#2245,.F.);
#1461=ORIENTED_EDGE('',*,*,#2246,.T.);
#1462=ORIENTED_EDGE('',*,*,#2242,.T.);
#1463=ORIENTED_EDGE('',*,*,#1682,.F.);
#1464=ORIENTED_EDGE('',*,*,#2247,.F.);
#1465=ORIENTED_EDGE('',*,*,#2248,.T.);
#1466=ORIENTED_EDGE('',*,*,#2245,.T.);
#1467=ORIENTED_EDGE('',*,*,#1681,.F.);
#1468=ORIENTED_EDGE('',*,*,#2249,.F.);
#1469=ORIENTED_EDGE('',*,*,#2250,.T.);
#1470=ORIENTED_EDGE('',*,*,#2247,.T.);
#1471=ORIENTED_EDGE('',*,*,#1680,.F.);
#1472=ORIENTED_EDGE('',*,*,#2251,.F.);
#1473=ORIENTED_EDGE('',*,*,#2252,.T.);
#1474=ORIENTED_EDGE('',*,*,#2249,.T.);
#1475=ORIENTED_EDGE('',*,*,#1679,.F.);
#1476=ORIENTED_EDGE('',*,*,#2253,.F.);
#1477=ORIENTED_EDGE('',*,*,#2254,.T.);
#1478=ORIENTED_EDGE('',*,*,#2251,.T.);
#1479=ORIENTED_EDGE('',*,*,#1678,.F.);
#1480=ORIENTED_EDGE('',*,*,#2255,.F.);
#1481=ORIENTED_EDGE('',*,*,#2256,.T.);
#1482=ORIENTED_EDGE('',*,*,#2253,.T.);
#1483=ORIENTED_EDGE('',*,*,#1677,.F.);
#1484=ORIENTED_EDGE('',*,*,#2257,.F.);
#1485=ORIENTED_EDGE('',*,*,#2258,.T.);
#1486=ORIENTED_EDGE('',*,*,#2255,.T.);
#1487=ORIENTED_EDGE('',*,*,#1676,.F.);
#1488=ORIENTED_EDGE('',*,*,#2259,.F.);
#1489=ORIENTED_EDGE('',*,*,#2260,.T.);
#1490=ORIENTED_EDGE('',*,*,#2257,.T.);
#1491=ORIENTED_EDGE('',*,*,#1675,.F.);
#1492=ORIENTED_EDGE('',*,*,#2244,.F.);
#1493=ORIENTED_EDGE('',*,*,#2261,.T.);
#1494=ORIENTED_EDGE('',*,*,#2259,.T.);
#1495=ORIENTED_EDGE('',*,*,#2243,.F.);
#1496=ORIENTED_EDGE('',*,*,#2246,.F.);
#1497=ORIENTED_EDGE('',*,*,#2248,.F.);
#1498=ORIENTED_EDGE('',*,*,#2250,.F.);
#1499=ORIENTED_EDGE('',*,*,#2252,.F.);
#1500=ORIENTED_EDGE('',*,*,#2254,.F.);
#1501=ORIENTED_EDGE('',*,*,#2256,.F.);
#1502=ORIENTED_EDGE('',*,*,#2258,.F.);
#1503=ORIENTED_EDGE('',*,*,#2260,.F.);
#1504=ORIENTED_EDGE('',*,*,#2261,.F.);
#1505=ORIENTED_EDGE('',*,*,#2262,.F.);
#1506=ORIENTED_EDGE('',*,*,#2263,.F.);
#1507=ORIENTED_EDGE('',*,*,#2264,.T.);
#1508=ORIENTED_EDGE('',*,*,#2265,.T.);
#1509=ORIENTED_EDGE('',*,*,#2266,.F.);
#1510=ORIENTED_EDGE('',*,*,#2267,.F.);
#1511=ORIENTED_EDGE('',*,*,#2268,.T.);
#1512=ORIENTED_EDGE('',*,*,#2263,.T.);
#1513=ORIENTED_EDGE('',*,*,#2269,.F.);
#1514=ORIENTED_EDGE('',*,*,#2270,.F.);
#1515=ORIENTED_EDGE('',*,*,#2271,.T.);
#1516=ORIENTED_EDGE('',*,*,#2267,.T.);
#1517=ORIENTED_EDGE('',*,*,#2272,.F.);
#1518=ORIENTED_EDGE('',*,*,#2273,.F.);
#1519=ORIENTED_EDGE('',*,*,#2274,.T.);
#1520=ORIENTED_EDGE('',*,*,#2270,.T.);
#1521=ORIENTED_EDGE('',*,*,#2275,.F.);
#1522=ORIENTED_EDGE('',*,*,#2276,.F.);
#1523=ORIENTED_EDGE('',*,*,#2277,.T.);
#1524=ORIENTED_EDGE('',*,*,#2273,.T.);
#1525=ORIENTED_EDGE('',*,*,#2278,.F.);
#1526=ORIENTED_EDGE('',*,*,#2279,.F.);
#1527=ORIENTED_EDGE('',*,*,#2280,.T.);
#1528=ORIENTED_EDGE('',*,*,#2276,.T.);
#1529=ORIENTED_EDGE('',*,*,#2281,.F.);
#1530=ORIENTED_EDGE('',*,*,#2282,.F.);
#1531=ORIENTED_EDGE('',*,*,#2283,.T.);
#1532=ORIENTED_EDGE('',*,*,#2279,.T.);
#1533=ORIENTED_EDGE('',*,*,#2284,.F.);
#1534=ORIENTED_EDGE('',*,*,#2285,.F.);
#1535=ORIENTED_EDGE('',*,*,#2286,.T.);
#1536=ORIENTED_EDGE('',*,*,#2282,.T.);
#1537=ORIENTED_EDGE('',*,*,#2287,.F.);
#1538=ORIENTED_EDGE('',*,*,#2288,.F.);
#1539=ORIENTED_EDGE('',*,*,#2289,.T.);
#1540=ORIENTED_EDGE('',*,*,#2285,.T.);
#1541=ORIENTED_EDGE('',*,*,#2290,.F.);
#1542=ORIENTED_EDGE('',*,*,#2291,.F.);
#1543=ORIENTED_EDGE('',*,*,#2292,.T.);
#1544=ORIENTED_EDGE('',*,*,#2288,.T.);
#1545=ORIENTED_EDGE('',*,*,#2293,.F.);
#1546=ORIENTED_EDGE('',*,*,#2294,.F.);
#1547=ORIENTED_EDGE('',*,*,#2295,.T.);
#1548=ORIENTED_EDGE('',*,*,#2291,.T.);
#1549=ORIENTED_EDGE('',*,*,#2296,.F.);
#1550=ORIENTED_EDGE('',*,*,#2297,.F.);
#1551=ORIENTED_EDGE('',*,*,#2298,.T.);
#1552=ORIENTED_EDGE('',*,*,#2294,.T.);
#1553=ORIENTED_EDGE('',*,*,#2299,.F.);
#1554=ORIENTED_EDGE('',*,*,#2300,.F.);
#1555=ORIENTED_EDGE('',*,*,#2301,.T.);
#1556=ORIENTED_EDGE('',*,*,#2297,.T.);
#1557=ORIENTED_EDGE('',*,*,#1762,.F.);
#1558=ORIENTED_EDGE('',*,*,#2302,.F.);
#1559=ORIENTED_EDGE('',*,*,#2303,.T.);
#1560=ORIENTED_EDGE('',*,*,#2304,.T.);
#1561=ORIENTED_EDGE('',*,*,#1761,.F.);
#1562=ORIENTED_EDGE('',*,*,#2305,.F.);
#1563=ORIENTED_EDGE('',*,*,#2306,.T.);
#1564=ORIENTED_EDGE('',*,*,#2302,.T.);
#1565=ORIENTED_EDGE('',*,*,#1774,.F.);
#1566=ORIENTED_EDGE('',*,*,#2307,.F.);
#1567=ORIENTED_EDGE('',*,*,#2308,.T.);
#1568=ORIENTED_EDGE('',*,*,#2305,.T.);
#1569=ORIENTED_EDGE('',*,*,#1773,.F.);
#1570=ORIENTED_EDGE('',*,*,#2309,.F.);
#1571=ORIENTED_EDGE('',*,*,#2310,.T.);
#1572=ORIENTED_EDGE('',*,*,#2307,.T.);
#1573=ORIENTED_EDGE('',*,*,#1772,.F.);
#1574=ORIENTED_EDGE('',*,*,#2311,.F.);
#1575=ORIENTED_EDGE('',*,*,#2312,.T.);
#1576=ORIENTED_EDGE('',*,*,#2309,.T.);
#1577=ORIENTED_EDGE('',*,*,#1771,.F.);
#1578=ORIENTED_EDGE('',*,*,#2313,.F.);
#1579=ORIENTED_EDGE('',*,*,#2314,.T.);
#1580=ORIENTED_EDGE('',*,*,#2311,.T.);
#1581=ORIENTED_EDGE('',*,*,#1770,.F.);
#1582=ORIENTED_EDGE('',*,*,#2315,.F.);
#1583=ORIENTED_EDGE('',*,*,#2316,.T.);
#1584=ORIENTED_EDGE('',*,*,#2313,.T.);
#1585=ORIENTED_EDGE('',*,*,#1769,.F.);
#1586=ORIENTED_EDGE('',*,*,#2317,.F.);
#1587=ORIENTED_EDGE('',*,*,#2318,.T.);
#1588=ORIENTED_EDGE('',*,*,#2315,.T.);
#1589=ORIENTED_EDGE('',*,*,#1768,.F.);
#1590=ORIENTED_EDGE('',*,*,#2319,.F.);
#1591=ORIENTED_EDGE('',*,*,#2320,.T.);
#1592=ORIENTED_EDGE('',*,*,#2317,.T.);
#1593=ORIENTED_EDGE('',*,*,#1767,.F.);
#1594=ORIENTED_EDGE('',*,*,#2321,.F.);
#1595=ORIENTED_EDGE('',*,*,#2322,.T.);
#1596=ORIENTED_EDGE('',*,*,#2319,.T.);
#1597=ORIENTED_EDGE('',*,*,#1766,.F.);
#1598=ORIENTED_EDGE('',*,*,#2323,.F.);
#1599=ORIENTED_EDGE('',*,*,#2324,.T.);
#1600=ORIENTED_EDGE('',*,*,#2321,.T.);
#1601=ORIENTED_EDGE('',*,*,#1765,.F.);
#1602=ORIENTED_EDGE('',*,*,#2325,.F.);
#1603=ORIENTED_EDGE('',*,*,#2326,.T.);
#1604=ORIENTED_EDGE('',*,*,#2323,.T.);
#1605=ORIENTED_EDGE('',*,*,#1764,.F.);
#1606=ORIENTED_EDGE('',*,*,#2327,.F.);
#1607=ORIENTED_EDGE('',*,*,#2328,.T.);
#1608=ORIENTED_EDGE('',*,*,#2325,.T.);
#1609=ORIENTED_EDGE('',*,*,#1763,.F.);
#1610=ORIENTED_EDGE('',*,*,#2304,.F.);
#1611=ORIENTED_EDGE('',*,*,#2329,.T.);
#1612=ORIENTED_EDGE('',*,*,#2327,.T.);
#1613=ORIENTED_EDGE('',*,*,#2330,.F.);
#1614=ORIENTED_EDGE('',*,*,#2265,.F.);
#1615=ORIENTED_EDGE('',*,*,#2331,.T.);
#1616=ORIENTED_EDGE('',*,*,#2300,.T.);
#1617=ORIENTED_EDGE('',*,*,#2303,.F.);
#1618=ORIENTED_EDGE('',*,*,#2306,.F.);
#1619=ORIENTED_EDGE('',*,*,#2308,.F.);
#1620=ORIENTED_EDGE('',*,*,#2310,.F.);
#1621=ORIENTED_EDGE('',*,*,#2312,.F.);
#1622=ORIENTED_EDGE('',*,*,#2314,.F.);
#1623=ORIENTED_EDGE('',*,*,#2316,.F.);
#1624=ORIENTED_EDGE('',*,*,#2318,.F.);
#1625=ORIENTED_EDGE('',*,*,#2320,.F.);
#1626=ORIENTED_EDGE('',*,*,#2322,.F.);
#1627=ORIENTED_EDGE('',*,*,#2324,.F.);
#1628=ORIENTED_EDGE('',*,*,#2326,.F.);
#1629=ORIENTED_EDGE('',*,*,#2328,.F.);
#1630=ORIENTED_EDGE('',*,*,#2329,.F.);
#1631=ORIENTED_EDGE('',*,*,#2264,.F.);
#1632=ORIENTED_EDGE('',*,*,#2268,.F.);
#1633=ORIENTED_EDGE('',*,*,#2271,.F.);
#1634=ORIENTED_EDGE('',*,*,#2274,.F.);
#1635=ORIENTED_EDGE('',*,*,#2277,.F.);
#1636=ORIENTED_EDGE('',*,*,#2280,.F.);
#1637=ORIENTED_EDGE('',*,*,#2283,.F.);
#1638=ORIENTED_EDGE('',*,*,#2286,.F.);
#1639=ORIENTED_EDGE('',*,*,#2289,.F.);
#1640=ORIENTED_EDGE('',*,*,#2292,.F.);
#1641=ORIENTED_EDGE('',*,*,#2295,.F.);
#1642=ORIENTED_EDGE('',*,*,#2298,.F.);
#1643=ORIENTED_EDGE('',*,*,#2301,.F.);
#1644=ORIENTED_EDGE('',*,*,#2331,.F.);
#1645=ORIENTED_EDGE('',*,*,#2148,.T.);
#1646=ORIENTED_EDGE('',*,*,#2144,.T.);
#1647=ORIENTED_EDGE('',*,*,#2212,.T.);
#1648=ORIENTED_EDGE('',*,*,#2181,.T.);
#1649=ORIENTED_EDGE('',*,*,#2178,.T.);
#1650=ORIENTED_EDGE('',*,*,#2175,.T.);
#1651=ORIENTED_EDGE('',*,*,#2172,.T.);
#1652=ORIENTED_EDGE('',*,*,#2169,.T.);
#1653=ORIENTED_EDGE('',*,*,#2166,.T.);
#1654=ORIENTED_EDGE('',*,*,#2163,.T.);
#1655=ORIENTED_EDGE('',*,*,#2160,.T.);
#1656=ORIENTED_EDGE('',*,*,#2157,.T.);
#1657=ORIENTED_EDGE('',*,*,#2154,.T.);
#1658=ORIENTED_EDGE('',*,*,#2151,.T.);
#1659=ORIENTED_EDGE('',*,*,#2266,.T.);
#1660=ORIENTED_EDGE('',*,*,#2262,.T.);
#1661=ORIENTED_EDGE('',*,*,#2330,.T.);
#1662=ORIENTED_EDGE('',*,*,#2299,.T.);
#1663=ORIENTED_EDGE('',*,*,#2296,.T.);
#1664=ORIENTED_EDGE('',*,*,#2293,.T.);
#1665=ORIENTED_EDGE('',*,*,#2290,.T.);
#1666=ORIENTED_EDGE('',*,*,#2287,.T.);
#1667=ORIENTED_EDGE('',*,*,#2284,.T.);
#1668=ORIENTED_EDGE('',*,*,#2281,.T.);
#1669=ORIENTED_EDGE('',*,*,#2278,.T.);
#1670=ORIENTED_EDGE('',*,*,#2275,.T.);
#1671=ORIENTED_EDGE('',*,*,#2272,.T.);
#1672=ORIENTED_EDGE('',*,*,#2269,.T.);
#1673=EDGE_CURVE('',#2332,#2333,#2780,.T.);
#1674=EDGE_CURVE('',#2333,#2334,#2781,.T.);
#1675=EDGE_CURVE('',#2334,#2335,#2782,.T.);
#1676=EDGE_CURVE('',#2335,#2336,#2783,.T.);
#1677=EDGE_CURVE('',#2336,#2337,#2784,.T.);
#1678=EDGE_CURVE('',#2337,#2338,#2785,.T.);
#1679=EDGE_CURVE('',#2338,#2339,#2786,.T.);
#1680=EDGE_CURVE('',#2339,#2340,#2787,.T.);
#1681=EDGE_CURVE('',#2340,#2341,#2788,.T.);
#1682=EDGE_CURVE('',#2341,#2332,#2789,.T.);
#1683=EDGE_CURVE('',#2342,#2343,#2790,.T.);
#1684=EDGE_CURVE('',#2343,#2344,#2791,.T.);
#1685=EDGE_CURVE('',#2344,#2345,#2792,.T.);
#1686=EDGE_CURVE('',#2345,#2346,#2793,.T.);
#1687=EDGE_CURVE('',#2346,#2347,#2794,.T.);
#1688=EDGE_CURVE('',#2347,#2348,#2795,.T.);
#1689=EDGE_CURVE('',#2348,#2349,#2796,.T.);
#1690=EDGE_CURVE('',#2349,#2350,#2797,.T.);
#1691=EDGE_CURVE('',#2350,#2351,#2798,.T.);
#1692=EDGE_CURVE('',#2351,#2342,#2799,.T.);
#1693=EDGE_CURVE('',#2352,#2353,#2800,.T.);
#1694=EDGE_CURVE('',#2353,#2354,#2801,.T.);
#1695=EDGE_CURVE('',#2354,#2355,#2802,.T.);
#1696=EDGE_CURVE('',#2355,#2352,#2803,.T.);
#1697=EDGE_CURVE('',#2356,#2357,#267,.T.);
#1698=EDGE_CURVE('',#2357,#2358,#268,.T.);
#1699=EDGE_CURVE('',#2358,#2359,#269,.T.);
#1700=EDGE_CURVE('',#2359,#2360,#270,.T.);
#1701=EDGE_CURVE('',#2360,#2361,#2804,.T.);
#1702=EDGE_CURVE('',#2361,#2362,#271,.T.);
#1703=EDGE_CURVE('',#2362,#2363,#272,.T.);
#1704=EDGE_CURVE('',#2363,#2364,#273,.T.);
#1705=EDGE_CURVE('',#2364,#2365,#274,.T.);
#1706=EDGE_CURVE('',#2365,#2366,#140,.F.);
#1707=EDGE_CURVE('',#2366,#2367,#275,.T.);
#1708=EDGE_CURVE('',#2367,#2368,#2805,.T.);
#1709=EDGE_CURVE('',#2368,#2369,#276,.T.);
#1710=EDGE_CURVE('',#2369,#2356,#277,.T.);
#1711=EDGE_CURVE('',#2370,#2371,#2806,.T.);
#1712=EDGE_CURVE('',#2372,#2370,#141,.T.);
#1713=EDGE_CURVE('',#2373,#2372,#2807,.T.);
#1714=EDGE_CURVE('',#2374,#2373,#2808,.T.);
#1715=EDGE_CURVE('',#2374,#2375,#2809,.T.);
#1716=EDGE_CURVE('',#2375,#2376,#2810,.T.);
#1717=EDGE_CURVE('',#2376,#2377,#2811,.T.);
#1718=EDGE_CURVE('',#2377,#2378,#142,.T.);
#1719=EDGE_CURVE('',#2379,#2378,#2812,.T.);
#1720=EDGE_CURVE('',#2380,#2379,#2813,.T.);
#1721=EDGE_CURVE('',#2381,#2380,#2814,.T.);
#1722=EDGE_CURVE('',#2382,#2381,#2815,.T.);
#1723=EDGE_CURVE('',#2382,#2383,#2816,.T.);
#1724=EDGE_CURVE('',#2384,#2383,#2817,.T.);
#1725=EDGE_CURVE('',#2384,#2385,#2818,.T.);
#1726=EDGE_CURVE('',#2385,#2386,#143,.T.);
#1727=EDGE_CURVE('',#2387,#2386,#2819,.T.);
#1728=EDGE_CURVE('',#2388,#2387,#2820,.T.);
#1729=EDGE_CURVE('',#2389,#2388,#2821,.T.);
#1730=EDGE_CURVE('',#2389,#2390,#2822,.T.);
#1731=EDGE_CURVE('',#2391,#2390,#2823,.T.);
#1732=EDGE_CURVE('',#2392,#2391,#2824,.T.);
#1733=EDGE_CURVE('',#2393,#2392,#2825,.T.);
#1734=EDGE_CURVE('',#2394,#2393,#144,.T.);
#1735=EDGE_CURVE('',#2395,#2394,#2826,.T.);
#1736=EDGE_CURVE('',#2396,#2395,#145,.T.);
#1737=EDGE_CURVE('',#2396,#2397,#2827,.T.);
#1738=EDGE_CURVE('',#2397,#2398,#2828,.T.);
#1739=EDGE_CURVE('',#2398,#2399,#2829,.T.);
#1740=EDGE_CURVE('',#2399,#2400,#2830,.T.);
#1741=EDGE_CURVE('',#2371,#2400,#2831,.T.);
#1742=EDGE_CURVE('',#2401,#2401,#146,.F.);
#1743=EDGE_CURVE('',#2402,#2402,#147,.F.);
#1744=EDGE_CURVE('',#2403,#2403,#148,.F.);
#1745=EDGE_CURVE('',#2404,#2404,#149,.F.);
#1746=EDGE_CURVE('',#2405,#2405,#150,.T.);
#1747=EDGE_CURVE('',#2406,#2407,#2832,.T.);
#1748=EDGE_CURVE('',#2407,#2408,#278,.T.);
#1749=EDGE_CURVE('',#2408,#2409,#2833,.F.);
#1750=EDGE_CURVE('',#2409,#2406,#2834,.T.);
#1751=EDGE_CURVE('',#2410,#2411,#2835,.T.);
#1752=EDGE_CURVE('',#2411,#2412,#2836,.T.);
#1753=EDGE_CURVE('',#2412,#2413,#2837,.T.);
#1754=EDGE_CURVE('',#2413,#2414,#2838,.T.);
#1755=EDGE_CURVE('',#2414,#2415,#2839,.T.);
#1756=EDGE_CURVE('',#2415,#2416,#2840,.T.);
#1757=EDGE_CURVE('',#2416,#2417,#2841,.T.);
#1758=EDGE_CURVE('',#2417,#2418,#2842,.T.);
#1759=EDGE_CURVE('',#2418,#2419,#2843,.T.);
#1760=EDGE_CURVE('',#2419,#2410,#2844,.T.);
#1761=EDGE_CURVE('',#2420,#2421,#279,.T.);
#1762=EDGE_CURVE('',#2421,#2422,#280,.T.);
#1763=EDGE_CURVE('',#2422,#2423,#281,.T.);
#1764=EDGE_CURVE('',#2423,#2424,#282,.T.);
#1765=EDGE_CURVE('',#2424,#2425,#2845,.T.);
#1766=EDGE_CURVE('',#2425,#2426,#283,.T.);
#1767=EDGE_CURVE('',#2426,#2427,#284,.T.);
#1768=EDGE_CURVE('',#2427,#2428,#285,.T.);
#1769=EDGE_CURVE('',#2428,#2429,#286,.T.);
#1770=EDGE_CURVE('',#2429,#2430,#151,.F.);
#1771=EDGE_CURVE('',#2430,#2431,#287,.T.);
#1772=EDGE_CURVE('',#2431,#2432,#2846,.T.);
#1773=EDGE_CURVE('',#2432,#2433,#288,.T.);
#1774=EDGE_CURVE('',#2433,#2420,#289,.T.);
#1775=EDGE_CURVE('',#2434,#2435,#2847,.F.);
#1776=EDGE_CURVE('',#2435,#2436,#152,.F.);
#1777=EDGE_CURVE('',#2436,#2437,#2848,.T.);
#1778=EDGE_CURVE('',#2437,#2434,#153,.F.);
#1779=EDGE_CURVE('',#2438,#2439,#2849,.T.);
#1780=EDGE_CURVE('',#2438,#2440,#154,.F.);
#1781=EDGE_CURVE('',#2440,#2441,#2850,.F.);
#1782=EDGE_CURVE('',#2441,#2439,#155,.F.);
#1783=EDGE_CURVE('',#2442,#2443,#2851,.T.);
#1784=EDGE_CURVE('',#2442,#2444,#156,.F.);
#1785=EDGE_CURVE('',#2444,#2445,#2852,.T.);
#1786=EDGE_CURVE('',#2445,#2443,#157,.F.);
#1787=EDGE_CURVE('',#2436,#2446,#2853,.T.);
#1788=EDGE_CURVE('',#2446,#2447,#2854,.T.);
#1789=EDGE_CURVE('',#2447,#2437,#2855,.F.);
#1790=EDGE_CURVE('',#2438,#2448,#2856,.T.);
#1791=EDGE_CURVE('',#2449,#2439,#2857,.F.);
#1792=EDGE_CURVE('',#2448,#2449,#2858,.T.);
#1793=EDGE_CURVE('',#2442,#2450,#2859,.T.);
#1794=EDGE_CURVE('',#2451,#2443,#2860,.F.);
#1795=EDGE_CURVE('',#2450,#2451,#2861,.T.);
#1796=EDGE_CURVE('',#2452,#2453,#2862,.T.);
#1797=EDGE_CURVE('',#2453,#2454,#2863,.F.);
#1798=EDGE_CURVE('',#2455,#2454,#2864,.T.);
#1799=EDGE_CURVE('',#2455,#2452,#2865,.T.);
#1800=EDGE_CURVE('',#2456,#2457,#2866,.T.);
#1801=EDGE_CURVE('',#2456,#2458,#290,.T.);
#1802=EDGE_CURVE('',#2459,#2458,#158,.T.);
#1803=EDGE_CURVE('',#2460,#2459,#2867,.F.);
#1804=EDGE_CURVE('',#2461,#2460,#159,.T.);
#1805=EDGE_CURVE('',#2461,#2457,#291,.T.);
#1806=EDGE_CURVE('',#2458,#2462,#160,.T.);
#1807=EDGE_CURVE('',#2463,#2462,#161,.T.);
#1808=EDGE_CURVE('',#2459,#2463,#162,.T.);
#1809=EDGE_CURVE('',#2464,#2465,#163,.T.);
#1810=EDGE_CURVE('',#2464,#2461,#164,.T.);
#1811=EDGE_CURVE('',#2465,#2460,#165,.F.);
#1812=EDGE_CURVE('',#2444,#2466,#292,.T.);
#1813=EDGE_CURVE('',#2467,#2466,#166,.T.);
#1814=EDGE_CURVE('',#2463,#2467,#2868,.F.);
#1815=EDGE_CURVE('',#2462,#2445,#293,.T.);
#1816=EDGE_CURVE('',#2468,#2469,#167,.T.);
#1817=EDGE_CURVE('',#2468,#2435,#294,.T.);
#1818=EDGE_CURVE('',#2434,#2464,#295,.T.);
#1819=EDGE_CURVE('',#2469,#2465,#2869,.T.);
#1820=EDGE_CURVE('',#2466,#2470,#168,.T.);
#1821=EDGE_CURVE('',#2471,#2470,#169,.F.);
#1822=EDGE_CURVE('',#2471,#2467,#170,.T.);
#1823=EDGE_CURVE('',#2472,#2473,#171,.F.);
#1824=EDGE_CURVE('',#2472,#2468,#172,.T.);
#1825=EDGE_CURVE('',#2469,#2473,#173,.T.);
#1826=EDGE_CURVE('',#2440,#2472,#296,.T.);
#1827=EDGE_CURVE('',#2471,#2473,#2870,.T.);
#1828=EDGE_CURVE('',#2470,#2441,#297,.T.);
#1829=EDGE_CURVE('',#2474,#2474,#174,.F.);
#1830=EDGE_CURVE('',#2475,#2475,#175,.F.);
#1831=EDGE_CURVE('',#2476,#2477,#2871,.F.);
#1832=EDGE_CURVE('',#2477,#2478,#2872,.F.);
#1833=EDGE_CURVE('',#2478,#2479,#2873,.T.);
#1834=EDGE_CURVE('',#2479,#2476,#2874,.T.);
#1835=EDGE_CURVE('',#2480,#2480,#176,.T.);
#1836=EDGE_CURVE('',#2481,#2481,#177,.T.);
#1837=EDGE_CURVE('',#2482,#2482,#178,.T.);
#1838=EDGE_CURVE('',#2483,#2484,#2875,.T.);
#1839=EDGE_CURVE('',#2484,#2485,#2876,.F.);
#1840=EDGE_CURVE('',#2485,#2486,#2877,.F.);
#1841=EDGE_CURVE('',#2486,#2483,#2878,.T.);
#1842=EDGE_CURVE('',#2487,#2488,#2879,.F.);
#1843=EDGE_CURVE('',#2489,#2488,#298,.T.);
#1844=EDGE_CURVE('',#2489,#2490,#2880,.T.);
#1845=EDGE_CURVE('',#2490,#2487,#2881,.F.);
#1846=EDGE_CURVE('',#2491,#2393,#2882,.T.);
#1847=EDGE_CURVE('',#2491,#2492,#179,.F.);
#1848=EDGE_CURVE('',#2492,#2394,#2883,.T.);
#1849=EDGE_CURVE('',#2493,#2493,#180,.T.);
#1850=EDGE_CURVE('',#2494,#2495,#181,.T.);
#1851=EDGE_CURVE('',#2495,#2396,#2884,.T.);
#1852=EDGE_CURVE('',#2494,#2395,#2885,.T.);
#1853=EDGE_CURVE('',#2496,#2496,#182,.T.);
#1854=EDGE_CURVE('',#2497,#2498,#183,.T.);
#1855=EDGE_CURVE('',#2498,#2372,#2886,.T.);
#1856=EDGE_CURVE('',#2497,#2370,#2887,.T.);
#1857=EDGE_CURVE('',#2454,#2456,#184,.F.);
#1858=EDGE_CURVE('',#2457,#2455,#185,.F.);
#1859=EDGE_CURVE('',#2499,#2499,#186,.T.);
#1860=EDGE_CURVE('',#2500,#2500,#187,.T.);
#1861=EDGE_CURVE('',#2501,#2501,#188,.T.);
#1862=EDGE_CURVE('',#2502,#2502,#189,.T.);
#1863=EDGE_CURVE('',#2503,#2503,#190,.T.);
#1864=EDGE_CURVE('',#2504,#2504,#191,.T.);
#1865=EDGE_CURVE('',#2505,#2506,#2888,.T.);
#1866=EDGE_CURVE('',#2505,#2507,#2889,.T.);
#1867=EDGE_CURVE('',#2508,#2507,#2890,.T.);
#1868=EDGE_CURVE('',#2506,#2508,#2891,.T.);
#1869=EDGE_CURVE('',#2509,#2510,#2892,.T.);
#1870=EDGE_CURVE('',#2511,#2509,#2893,.T.);
#1871=EDGE_CURVE('',#2511,#2512,#2894,.T.);
#1872=EDGE_CURVE('',#2512,#2513,#2895,.T.);
#1873=EDGE_CURVE('',#2514,#2513,#2896,.T.);
#1874=EDGE_CURVE('',#2514,#2515,#2897,.T.);
#1875=EDGE_CURVE('',#2515,#2516,#2898,.T.);
#1876=EDGE_CURVE('',#2516,#2517,#2899,.T.);
#1877=EDGE_CURVE('',#2518,#2517,#2900,.T.);
#1878=EDGE_CURVE('',#2519,#2518,#2901,.T.);
#1879=EDGE_CURVE('',#2519,#2520,#2902,.T.);
#1880=EDGE_CURVE('',#2510,#2520,#2903,.T.);
#1881=EDGE_CURVE('',#2506,#2509,#2904,.T.);
#1882=EDGE_CURVE('',#2508,#2511,#2905,.T.);
#1883=EDGE_CURVE('',#2521,#2463,#2906,.F.);
#1884=EDGE_CURVE('',#2467,#2522,#2907,.T.);
#1885=EDGE_CURVE('',#2522,#2523,#2908,.T.);
#1886=EDGE_CURVE('',#2523,#2524,#2909,.T.);
#1887=EDGE_CURVE('',#2524,#2525,#192,.T.);
#1888=EDGE_CURVE('',#2525,#2526,#2910,.T.);
#1889=EDGE_CURVE('',#2526,#2527,#193,.T.);
#1890=EDGE_CURVE('',#2528,#2527,#2911,.T.);
#1891=EDGE_CURVE('',#2528,#2521,#2912,.T.);
#1892=EDGE_CURVE('',#2529,#2530,#2913,.T.);
#1893=EDGE_CURVE('',#2530,#2531,#2914,.T.);
#1894=EDGE_CURVE('',#2531,#2532,#2915,.T.);
#1895=EDGE_CURVE('',#2532,#2529,#2916,.T.);
#1896=EDGE_CURVE('',#2473,#2533,#2917,.T.);
#1897=EDGE_CURVE('',#2534,#2533,#2918,.T.);
#1898=EDGE_CURVE('',#2534,#2471,#2919,.F.);
#1899=EDGE_CURVE('',#2535,#2460,#2920,.F.);
#1900=EDGE_CURVE('',#2459,#2536,#2921,.T.);
#1901=EDGE_CURVE('',#2536,#2535,#2922,.T.);
#1902=EDGE_CURVE('',#2516,#2537,#2923,.T.);
#1903=EDGE_CURVE('',#2515,#2538,#2924,.T.);
#1904=EDGE_CURVE('',#2538,#2539,#299,.T.);
#1905=EDGE_CURVE('',#2539,#2540,#2925,.T.);
#1906=EDGE_CURVE('',#2540,#2537,#2926,.T.);
#1907=EDGE_CURVE('',#2517,#2541,#2927,.T.);
#1908=EDGE_CURVE('',#2542,#2541,#2928,.T.);
#1909=EDGE_CURVE('',#2518,#2542,#2929,.T.);
#1910=EDGE_CURVE('',#2541,#2543,#2930,.T.);
#1911=EDGE_CURVE('',#2543,#2544,#2931,.T.);
#1912=EDGE_CURVE('',#2542,#2544,#2932,.T.);
#1913=EDGE_CURVE('',#2507,#2512,#2933,.T.);
#1914=EDGE_CURVE('',#2513,#2545,#2934,.T.);
#1915=EDGE_CURVE('',#2546,#2545,#2935,.T.);
#1916=EDGE_CURVE('',#2547,#2546,#2936,.T.);
#1917=EDGE_CURVE('',#2547,#2548,#300,.T.);
#1918=EDGE_CURVE('',#2514,#2548,#2937,.T.);
#1919=EDGE_CURVE('',#2549,#2550,#2938,.T.);
#1920=EDGE_CURVE('',#2550,#2530,#194,.T.);
#1921=EDGE_CURVE('',#2529,#2551,#2939,.T.);
#1922=EDGE_CURVE('',#2551,#2537,#2940,.T.);
#1923=EDGE_CURVE('',#2540,#2546,#2941,.T.);
#1924=EDGE_CURVE('',#2545,#2552,#2942,.T.);
#1925=EDGE_CURVE('',#2553,#2552,#2943,.T.);
#1926=EDGE_CURVE('',#2554,#2553,#2944,.T.);
#1927=EDGE_CURVE('',#2554,#2555,#195,.T.);
#1928=EDGE_CURVE('',#2555,#2556,#2945,.T.);
#1929=EDGE_CURVE('',#2556,#2557,#196,.T.);
#1930=EDGE_CURVE('',#2557,#2558,#2946,.T.);
#1931=EDGE_CURVE('',#2558,#2549,#197,.T.);
#1932=EDGE_CURVE('',#2552,#2559,#2947,.T.);
#1933=EDGE_CURVE('',#2560,#2559,#2948,.T.);
#1934=EDGE_CURVE('',#2553,#2560,#2949,.T.);
#1935=EDGE_CURVE('',#2531,#2561,#198,.T.);
#1936=EDGE_CURVE('',#2561,#2562,#2950,.T.);
#1937=EDGE_CURVE('',#2562,#2563,#199,.T.);
#1938=EDGE_CURVE('',#2560,#2563,#2951,.T.);
#1939=EDGE_CURVE('',#2559,#2564,#2952,.T.);
#1940=EDGE_CURVE('',#2532,#2564,#2953,.T.);
#1941=EDGE_CURVE('',#2564,#2551,#2954,.T.);
#1942=EDGE_CURVE('',#2565,#2469,#2955,.F.);
#1943=EDGE_CURVE('',#2465,#2566,#2956,.T.);
#1944=EDGE_CURVE('',#2565,#2566,#2957,.T.);
#1945=EDGE_CURVE('',#2567,#2568,#200,.T.);
#1946=EDGE_CURVE('',#2569,#2567,#2958,.T.);
#1947=EDGE_CURVE('',#2570,#2569,#201,.T.);
#1948=EDGE_CURVE('',#2571,#2570,#2959,.T.);
#1949=EDGE_CURVE('',#2572,#2571,#202,.T.);
#1950=EDGE_CURVE('',#2573,#2572,#2960,.T.);
#1951=EDGE_CURVE('',#2574,#2573,#203,.T.);
#1952=EDGE_CURVE('',#2568,#2574,#2961,.T.);
#1953=EDGE_CURVE('',#2575,#2575,#204,.T.);
#1954=EDGE_CURVE('',#2576,#2576,#205,.T.);
#1955=EDGE_CURVE('',#2577,#2577,#206,.T.);
#1956=EDGE_CURVE('',#2578,#2578,#207,.T.);
#1957=EDGE_CURVE('',#2533,#2565,#208,.F.);
#1958=EDGE_CURVE('',#2566,#2535,#209,.F.);
#1959=EDGE_CURVE('',#2536,#2521,#210,.F.);
#1960=EDGE_CURVE('',#2579,#2528,#2962,.T.);
#1961=EDGE_CURVE('',#2580,#2579,#2963,.T.);
#1962=EDGE_CURVE('',#2580,#2543,#2964,.T.);
#1963=EDGE_CURVE('',#2581,#2505,#2965,.T.);
#1964=EDGE_CURVE('',#2582,#2581,#2966,.T.);
#1965=EDGE_CURVE('',#2582,#2523,#2967,.T.);
#1966=EDGE_CURVE('',#2522,#2534,#211,.F.);
#1967=EDGE_CURVE('',#2544,#2519,#2968,.T.);
#1968=EDGE_CURVE('',#2563,#2554,#2969,.F.);
#1969=EDGE_CURVE('',#2556,#2567,#2970,.T.);
#1970=EDGE_CURVE('',#2557,#2568,#2971,.T.);
#1971=EDGE_CURVE('',#2558,#2574,#2972,.T.);
#1972=EDGE_CURVE('',#2549,#2573,#2973,.T.);
#1973=EDGE_CURVE('',#2550,#2572,#2974,.T.);
#1974=EDGE_CURVE('',#2561,#2571,#2975,.T.);
#1975=EDGE_CURVE('',#2562,#2570,#2976,.T.);
#1976=EDGE_CURVE('',#2555,#2569,#2977,.T.);
#1977=EDGE_CURVE('',#2583,#2584,#2978,.T.);
#1978=EDGE_CURVE('',#2583,#2585,#2979,.T.);
#1979=EDGE_CURVE('',#2585,#2586,#2980,.T.);
#1980=EDGE_CURVE('',#2584,#2586,#2981,.T.);
#1981=EDGE_CURVE('',#2587,#2588,#2982,.T.);
#1982=EDGE_CURVE('',#2587,#2583,#2983,.F.);
#1983=EDGE_CURVE('',#2584,#2588,#2984,.T.);
#1984=EDGE_CURVE('',#2589,#2590,#2985,.T.);
#1985=EDGE_CURVE('',#2589,#2587,#2986,.F.);
#1986=EDGE_CURVE('',#2588,#2590,#2987,.T.);
#1987=EDGE_CURVE('',#2591,#2592,#2988,.T.);
#1988=EDGE_CURVE('',#2591,#2593,#2989,.T.);
#1989=EDGE_CURVE('',#2593,#2594,#2990,.T.);
#1990=EDGE_CURVE('',#2592,#2594,#2991,.T.);
#1991=EDGE_CURVE('',#2595,#2596,#2992,.T.);
#1992=EDGE_CURVE('',#2595,#2591,#2993,.F.);
#1993=EDGE_CURVE('',#2592,#2596,#2994,.T.);
#1994=EDGE_CURVE('',#2597,#2598,#2995,.T.);
#1995=EDGE_CURVE('',#2597,#2595,#2996,.F.);
#1996=EDGE_CURVE('',#2596,#2598,#2997,.T.);
#1997=EDGE_CURVE('',#2593,#2597,#2998,.T.);
#1998=EDGE_CURVE('',#2594,#2598,#2999,.T.);
#1999=EDGE_CURVE('',#2599,#2599,#212,.F.);
#2000=EDGE_CURVE('',#2600,#2600,#213,.T.);
#2001=EDGE_CURVE('',#2601,#2601,#214,.T.);
#2002=EDGE_CURVE('',#2602,#2602,#215,.T.);
#2003=EDGE_CURVE('',#2603,#2603,#216,.T.);
#2004=EDGE_CURVE('',#2604,#2604,#217,.T.);
#2005=EDGE_CURVE('',#2605,#2605,#218,.T.);
#2006=EDGE_CURVE('',#2606,#2606,#219,.T.);
#2007=EDGE_CURVE('',#2607,#2607,#220,.T.);
#2008=EDGE_CURVE('',#2608,#2608,#221,.T.);
#2009=EDGE_CURVE('',#2609,#2609,#222,.T.);
#2010=EDGE_CURVE('',#2610,#2610,#223,.T.);
#2011=EDGE_CURVE('',#2611,#2611,#224,.T.);
#2012=EDGE_CURVE('',#2585,#2589,#3000,.T.);
#2013=EDGE_CURVE('',#2586,#2590,#3001,.T.);
#2014=EDGE_CURVE('',#2612,#2612,#225,.T.);
#2015=EDGE_CURVE('',#2613,#2613,#226,.T.);
#2016=EDGE_CURVE('',#2614,#2614,#227,.T.);
#2017=EDGE_CURVE('',#2548,#2547,#228,.T.);
#2018=EDGE_CURVE('',#2539,#2538,#229,.T.);
#2019=EDGE_CURVE('',#2476,#2589,#59,.F.);
#2020=EDGE_CURVE('',#2587,#2479,#60,.T.);
#2021=EDGE_CURVE('',#2583,#2478,#61,.T.);
#2022=EDGE_CURVE('',#2477,#2585,#62,.F.);
#2023=EDGE_CURVE('',#2615,#2510,#3002,.T.);
#2024=EDGE_CURVE('',#2581,#2615,#3003,.T.);
#2025=EDGE_CURVE('',#2616,#2520,#3004,.T.);
#2026=EDGE_CURVE('',#2615,#2616,#3005,.T.);
#2027=EDGE_CURVE('',#2580,#2616,#3006,.T.);
#2028=EDGE_CURVE('',#2527,#2617,#3007,.F.);
#2029=EDGE_CURVE('',#2579,#2617,#3008,.T.);
#2030=EDGE_CURVE('',#2525,#2618,#3009,.F.);
#2031=EDGE_CURVE('',#2618,#2619,#3010,.T.);
#2032=EDGE_CURVE('',#2619,#2526,#3011,.T.);
#2033=EDGE_CURVE('',#2582,#2620,#3012,.T.);
#2034=EDGE_CURVE('',#2620,#2524,#3013,.T.);
#2035=EDGE_CURVE('',#2618,#2620,#230,.T.);
#2036=EDGE_CURVE('',#2617,#2619,#231,.T.);
#2037=EDGE_CURVE('',#2621,#2621,#232,.T.);
#2038=EDGE_CURVE('',#2622,#2622,#233,.T.);
#2039=EDGE_CURVE('',#2623,#2623,#234,.T.);
#2040=EDGE_CURVE('',#2624,#2624,#235,.T.);
#2041=EDGE_CURVE('',#2625,#2625,#236,.T.);
#2042=EDGE_CURVE('',#2626,#2626,#237,.T.);
#2043=EDGE_CURVE('',#2627,#2627,#238,.F.);
#2044=EDGE_CURVE('',#2628,#2628,#239,.F.);
#2045=EDGE_CURVE('',#2629,#2629,#240,.F.);
#2046=EDGE_CURVE('',#2630,#2630,#241,.F.);
#2047=EDGE_CURVE('',#2631,#2382,#3014,.T.);
#2048=EDGE_CURVE('',#2632,#2381,#3015,.T.);
#2049=EDGE_CURVE('',#2631,#2632,#3016,.T.);
#2050=EDGE_CURVE('',#2633,#2380,#3017,.T.);
#2051=EDGE_CURVE('',#2632,#2633,#3018,.T.);
#2052=EDGE_CURVE('',#2634,#2379,#3019,.T.);
#2053=EDGE_CURVE('',#2633,#2634,#3020,.T.);
#2054=EDGE_CURVE('',#2635,#2378,#3021,.T.);
#2055=EDGE_CURVE('',#2634,#2635,#3022,.T.);
#2056=EDGE_CURVE('',#2636,#2377,#3023,.T.);
#2057=EDGE_CURVE('',#2636,#2635,#242,.T.);
#2058=EDGE_CURVE('',#2637,#2376,#3024,.T.);
#2059=EDGE_CURVE('',#2637,#2636,#3025,.T.);
#2060=EDGE_CURVE('',#2638,#2375,#3026,.T.);
#2061=EDGE_CURVE('',#2638,#2637,#3027,.T.);
#2062=EDGE_CURVE('',#2639,#2374,#3028,.T.);
#2063=EDGE_CURVE('',#2639,#2638,#3029,.T.);
#2064=EDGE_CURVE('',#2640,#2373,#3030,.T.);
#2065=EDGE_CURVE('',#2639,#2640,#3031,.T.);
#2066=EDGE_CURVE('',#2640,#2498,#3032,.T.);
#2067=EDGE_CURVE('',#2641,#2371,#3033,.T.);
#2068=EDGE_CURVE('',#2497,#2641,#3034,.T.);
#2069=EDGE_CURVE('',#2642,#2400,#3035,.T.);
#2070=EDGE_CURVE('',#2641,#2642,#3036,.T.);
#2071=EDGE_CURVE('',#2643,#2399,#3037,.T.);
#2072=EDGE_CURVE('',#2643,#2642,#3038,.T.);
#2073=EDGE_CURVE('',#2644,#2398,#3039,.T.);
#2074=EDGE_CURVE('',#2644,#2643,#3040,.T.);
#2075=EDGE_CURVE('',#2645,#2397,#3041,.T.);
#2076=EDGE_CURVE('',#2645,#2644,#3042,.T.);
#2077=EDGE_CURVE('',#2495,#2645,#3043,.T.);
#2078=EDGE_CURVE('',#2494,#2492,#3044,.T.);
#2079=EDGE_CURVE('',#2646,#2392,#3045,.T.);
#2080=EDGE_CURVE('',#2491,#2646,#3046,.T.);
#2081=EDGE_CURVE('',#2647,#2391,#3047,.T.);
#2082=EDGE_CURVE('',#2646,#2647,#3048,.T.);
#2083=EDGE_CURVE('',#2648,#2390,#3049,.T.);
#2084=EDGE_CURVE('',#2647,#2648,#3050,.T.);
#2085=EDGE_CURVE('',#2649,#2389,#3051,.T.);
#2086=EDGE_CURVE('',#2649,#2648,#3052,.T.);
#2087=EDGE_CURVE('',#2650,#2388,#3053,.T.);
#2088=EDGE_CURVE('',#2649,#2650,#3054,.T.);
#2089=EDGE_CURVE('',#2651,#2387,#3055,.T.);
#2090=EDGE_CURVE('',#2650,#2651,#3056,.T.);
#2091=EDGE_CURVE('',#2652,#2386,#3057,.T.);
#2092=EDGE_CURVE('',#2651,#2652,#3058,.T.);
#2093=EDGE_CURVE('',#2653,#2385,#3059,.T.);
#2094=EDGE_CURVE('',#2653,#2652,#243,.T.);
#2095=EDGE_CURVE('',#2654,#2384,#3060,.T.);
#2096=EDGE_CURVE('',#2654,#2653,#3061,.T.);
#2097=EDGE_CURVE('',#2655,#2383,#3062,.T.);
#2098=EDGE_CURVE('',#2654,#2655,#3063,.T.);
#2099=EDGE_CURVE('',#2631,#2655,#3064,.T.);
#2100=EDGE_CURVE('',#2491,#2492,#244,.T.);
#2101=EDGE_CURVE('',#2656,#2657,#3065,.F.);
#2102=EDGE_CURVE('',#2657,#2658,#3066,.F.);
#2103=EDGE_CURVE('',#2658,#2659,#3067,.F.);
#2104=EDGE_CURVE('',#2659,#2656,#3068,.F.);
#2105=EDGE_CURVE('',#2446,#2448,#245,.F.);
#2106=EDGE_CURVE('',#2449,#2450,#246,.F.);
#2107=EDGE_CURVE('',#2451,#2453,#247,.F.);
#2108=EDGE_CURVE('',#2452,#2447,#248,.F.);
#2109=EDGE_CURVE('',#2483,#2595,#63,.F.);
#2110=EDGE_CURVE('',#2591,#2486,#64,.T.);
#2111=EDGE_CURVE('',#2593,#2485,#65,.T.);
#2112=EDGE_CURVE('',#2484,#2597,#66,.F.);
#2113=EDGE_CURVE('',#2490,#2656,#67,.T.);
#2114=EDGE_CURVE('',#2660,#2489,#3069,.T.);
#2115=EDGE_CURVE('',#2657,#2660,#68,.F.);
#2116=EDGE_CURVE('',#2661,#2660,#3070,.T.);
#2117=EDGE_CURVE('',#2658,#2661,#69,.F.);
#2118=EDGE_CURVE('',#2487,#2659,#70,.T.);
#2119=EDGE_CURVE('',#2488,#2661,#3071,.F.);
#2120=EDGE_CURVE('',#2407,#2489,#3072,.T.);
#2121=EDGE_CURVE('',#2406,#2660,#3073,.T.);
#2122=EDGE_CURVE('',#2408,#2488,#3074,.T.);
#2123=EDGE_CURVE('',#2409,#2661,#3075,.T.);
#2124=EDGE_CURVE('',#2662,#2411,#3076,.T.);
#2125=EDGE_CURVE('',#2662,#2663,#3077,.T.);
#2126=EDGE_CURVE('',#2663,#2412,#3078,.T.);
#2127=EDGE_CURVE('',#2664,#2410,#3079,.T.);
#2128=EDGE_CURVE('',#2664,#2662,#3080,.T.);
#2129=EDGE_CURVE('',#2665,#2419,#3081,.T.);
#2130=EDGE_CURVE('',#2665,#2664,#3082,.T.);
#2131=EDGE_CURVE('',#2666,#2418,#3083,.T.);
#2132=EDGE_CURVE('',#2666,#2665,#3084,.T.);
#2133=EDGE_CURVE('',#2667,#2417,#3085,.T.);
#2134=EDGE_CURVE('',#2667,#2666,#3086,.T.);
#2135=EDGE_CURVE('',#2668,#2416,#3087,.T.);
#2136=EDGE_CURVE('',#2668,#2667,#3088,.T.);
#2137=EDGE_CURVE('',#2669,#2415,#3089,.T.);
#2138=EDGE_CURVE('',#2669,#2668,#3090,.T.);
#2139=EDGE_CURVE('',#2670,#2414,#3091,.T.);
#2140=EDGE_CURVE('',#2670,#2669,#3092,.T.);
#2141=EDGE_CURVE('',#2671,#2413,#3093,.T.);
#2142=EDGE_CURVE('',#2671,#2670,#3094,.T.);
#2143=EDGE_CURVE('',#2663,#2671,#3095,.T.);
#2144=EDGE_CURVE('',#2672,#2673,#301,.T.);
#2145=EDGE_CURVE('',#2674,#2672,#3096,.T.);
#2146=EDGE_CURVE('',#2674,#2675,#302,.T.);
#2147=EDGE_CURVE('',#2675,#2673,#3097,.T.);
#2148=EDGE_CURVE('',#2676,#2672,#303,.T.);
#2149=EDGE_CURVE('',#2677,#2676,#3098,.T.);
#2150=EDGE_CURVE('',#2677,#2674,#304,.T.);
#2151=EDGE_CURVE('',#2678,#2676,#305,.T.);
#2152=EDGE_CURVE('',#2679,#2678,#3099,.T.);
#2153=EDGE_CURVE('',#2679,#2677,#306,.T.);
#2154=EDGE_CURVE('',#2680,#2678,#249,.T.);
#2155=EDGE_CURVE('',#2681,#2680,#3100,.T.);
#2156=EDGE_CURVE('',#2681,#2679,#250,.T.);
#2157=EDGE_CURVE('',#2682,#2680,#3101,.T.);
#2158=EDGE_CURVE('',#2683,#2682,#3102,.T.);
#2159=EDGE_CURVE('',#2683,#2681,#3103,.T.);
#2160=EDGE_CURVE('',#2684,#2682,#251,.T.);
#2161=EDGE_CURVE('',#2685,#2684,#3104,.T.);
#2162=EDGE_CURVE('',#2685,#2683,#252,.T.);
#2163=EDGE_CURVE('',#2686,#2684,#307,.T.);
#2164=EDGE_CURVE('',#2687,#2686,#3105,.T.);
#2165=EDGE_CURVE('',#2687,#2685,#308,.T.);
#2166=EDGE_CURVE('',#2688,#2686,#309,.T.);
#2167=EDGE_CURVE('',#2689,#2688,#3106,.T.);
#2168=EDGE_CURVE('',#2689,#2687,#310,.T.);
#2169=EDGE_CURVE('',#2690,#2688,#311,.T.);
#2170=EDGE_CURVE('',#2691,#2690,#3107,.T.);
#2171=EDGE_CURVE('',#2691,#2689,#312,.T.);
#2172=EDGE_CURVE('',#2692,#2690,#313,.T.);
#2173=EDGE_CURVE('',#2693,#2692,#3108,.T.);
#2174=EDGE_CURVE('',#2693,#2691,#314,.T.);
#2175=EDGE_CURVE('',#2694,#2692,#253,.T.);
#2176=EDGE_CURVE('',#2695,#2694,#3109,.T.);
#2177=EDGE_CURVE('',#2695,#2693,#254,.T.);
#2178=EDGE_CURVE('',#2696,#2694,#3110,.T.);
#2179=EDGE_CURVE('',#2697,#2696,#3111,.T.);
#2180=EDGE_CURVE('',#2697,#2695,#3112,.T.);
#2181=EDGE_CURVE('',#2698,#2696,#255,.T.);
#2182=EDGE_CURVE('',#2699,#2698,#3113,.T.);
#2183=EDGE_CURVE('',#2699,#2697,#256,.T.);
#2184=EDGE_CURVE('',#2700,#2357,#3114,.T.);
#2185=EDGE_CURVE('',#2700,#2701,#315,.T.);
#2186=EDGE_CURVE('',#2701,#2358,#3115,.T.);
#2187=EDGE_CURVE('',#2702,#2356,#3116,.T.);
#2188=EDGE_CURVE('',#2702,#2700,#316,.T.);
#2189=EDGE_CURVE('',#2703,#2369,#3117,.T.);
#2190=EDGE_CURVE('',#2703,#2702,#317,.T.);
#2191=EDGE_CURVE('',#2704,#2368,#3118,.T.);
#2192=EDGE_CURVE('',#2704,#2703,#318,.T.);
#2193=EDGE_CURVE('',#2705,#2367,#3119,.T.);
#2194=EDGE_CURVE('',#2705,#2704,#3120,.T.);
#2195=EDGE_CURVE('',#2706,#2366,#3121,.T.);
#2196=EDGE_CURVE('',#2706,#2705,#319,.T.);
#2197=EDGE_CURVE('',#2707,#2365,#3122,.T.);
#2198=EDGE_CURVE('',#2707,#2706,#257,.F.);
#2199=EDGE_CURVE('',#2708,#2364,#3123,.T.);
#2200=EDGE_CURVE('',#2708,#2707,#320,.T.);
#2201=EDGE_CURVE('',#2709,#2363,#3124,.T.);
#2202=EDGE_CURVE('',#2709,#2708,#321,.T.);
#2203=EDGE_CURVE('',#2710,#2362,#3125,.T.);
#2204=EDGE_CURVE('',#2710,#2709,#322,.T.);
#2205=EDGE_CURVE('',#2711,#2361,#3126,.T.);
#2206=EDGE_CURVE('',#2711,#2710,#323,.T.);
#2207=EDGE_CURVE('',#2712,#2360,#3127,.T.);
#2208=EDGE_CURVE('',#2712,#2711,#3128,.T.);
#2209=EDGE_CURVE('',#2713,#2359,#3129,.T.);
#2210=EDGE_CURVE('',#2713,#2712,#324,.T.);
#2211=EDGE_CURVE('',#2701,#2713,#325,.T.);
#2212=EDGE_CURVE('',#2673,#2698,#326,.T.);
#2213=EDGE_CURVE('',#2675,#2699,#327,.T.);
#2214=EDGE_CURVE('',#2714,#2353,#3130,.T.);
#2215=EDGE_CURVE('',#2714,#2715,#3131,.T.);
#2216=EDGE_CURVE('',#2715,#2354,#3132,.T.);
#2217=EDGE_CURVE('',#2716,#2352,#3133,.T.);
#2218=EDGE_CURVE('',#2716,#2714,#3134,.T.);
#2219=EDGE_CURVE('',#2717,#2355,#3135,.T.);
#2220=EDGE_CURVE('',#2717,#2716,#3136,.T.);
#2221=EDGE_CURVE('',#2715,#2717,#3137,.T.);
#2222=EDGE_CURVE('',#2718,#2343,#3138,.T.);
#2223=EDGE_CURVE('',#2718,#2719,#3139,.T.);
#2224=EDGE_CURVE('',#2719,#2344,#3140,.T.);
#2225=EDGE_CURVE('',#2720,#2342,#3141,.T.);
#2226=EDGE_CURVE('',#2720,#2718,#3142,.T.);
#2227=EDGE_CURVE('',#2721,#2351,#3143,.T.);
#2228=EDGE_CURVE('',#2721,#2720,#3144,.T.);
#2229=EDGE_CURVE('',#2722,#2350,#3145,.T.);
#2230=EDGE_CURVE('',#2722,#2721,#3146,.T.);
#2231=EDGE_CURVE('',#2723,#2349,#3147,.T.);
#2232=EDGE_CURVE('',#2723,#2722,#3148,.T.);
#2233=EDGE_CURVE('',#2724,#2348,#3149,.T.);
#2234=EDGE_CURVE('',#2724,#2723,#3150,.T.);
#2235=EDGE_CURVE('',#2725,#2347,#3151,.T.);
#2236=EDGE_CURVE('',#2725,#2724,#3152,.T.);
#2237=EDGE_CURVE('',#2726,#2346,#3153,.T.);
#2238=EDGE_CURVE('',#2726,#2725,#3154,.T.);
#2239=EDGE_CURVE('',#2727,#2345,#3155,.T.);
#2240=EDGE_CURVE('',#2727,#2726,#3156,.T.);
#2241=EDGE_CURVE('',#2719,#2727,#3157,.T.);
#2242=EDGE_CURVE('',#2728,#2333,#3158,.T.);
#2243=EDGE_CURVE('',#2728,#2729,#3159,.T.);
#2244=EDGE_CURVE('',#2729,#2334,#3160,.T.);
#2245=EDGE_CURVE('',#2730,#2332,#3161,.T.);
#2246=EDGE_CURVE('',#2730,#2728,#3162,.T.);
#2247=EDGE_CURVE('',#2731,#2341,#3163,.T.);
#2248=EDGE_CURVE('',#2731,#2730,#3164,.T.);
#2249=EDGE_CURVE('',#2732,#2340,#3165,.T.);
#2250=EDGE_CURVE('',#2732,#2731,#3166,.T.);
#2251=EDGE_CURVE('',#2733,#2339,#3167,.T.);
#2252=EDGE_CURVE('',#2733,#2732,#3168,.T.);
#2253=EDGE_CURVE('',#2734,#2338,#3169,.T.);
#2254=EDGE_CURVE('',#2734,#2733,#3170,.T.);
#2255=EDGE_CURVE('',#2735,#2337,#3171,.T.);
#2256=EDGE_CURVE('',#2735,#2734,#3172,.T.);
#2257=EDGE_CURVE('',#2736,#2336,#3173,.T.);
#2258=EDGE_CURVE('',#2736,#2735,#3174,.T.);
#2259=EDGE_CURVE('',#2737,#2335,#3175,.T.);
#2260=EDGE_CURVE('',#2737,#2736,#3176,.T.);
#2261=EDGE_CURVE('',#2729,#2737,#3177,.T.);
#2262=EDGE_CURVE('',#2738,#2739,#328,.T.);
#2263=EDGE_CURVE('',#2740,#2738,#3178,.T.);
#2264=EDGE_CURVE('',#2740,#2741,#329,.T.);
#2265=EDGE_CURVE('',#2741,#2739,#3179,.T.);
#2266=EDGE_CURVE('',#2742,#2738,#330,.T.);
#2267=EDGE_CURVE('',#2743,#2742,#3180,.T.);
#2268=EDGE_CURVE('',#2743,#2740,#331,.T.);
#2269=EDGE_CURVE('',#2744,#2742,#332,.T.);
#2270=EDGE_CURVE('',#2745,#2744,#3181,.T.);
#2271=EDGE_CURVE('',#2745,#2743,#333,.T.);
#2272=EDGE_CURVE('',#2746,#2744,#258,.T.);
#2273=EDGE_CURVE('',#2747,#2746,#3182,.T.);
#2274=EDGE_CURVE('',#2747,#2745,#259,.T.);
#2275=EDGE_CURVE('',#2748,#2746,#3183,.T.);
#2276=EDGE_CURVE('',#2749,#2748,#3184,.T.);
#2277=EDGE_CURVE('',#2749,#2747,#3185,.T.);
#2278=EDGE_CURVE('',#2750,#2748,#260,.T.);
#2279=EDGE_CURVE('',#2751,#2750,#3186,.T.);
#2280=EDGE_CURVE('',#2751,#2749,#261,.T.);
#2281=EDGE_CURVE('',#2752,#2750,#334,.T.);
#2282=EDGE_CURVE('',#2753,#2752,#3187,.T.);
#2283=EDGE_CURVE('',#2753,#2751,#335,.T.);
#2284=EDGE_CURVE('',#2754,#2752,#336,.T.);
#2285=EDGE_CURVE('',#2755,#2754,#3188,.T.);
#2286=EDGE_CURVE('',#2755,#2753,#337,.T.);
#2287=EDGE_CURVE('',#2756,#2754,#338,.T.);
#2288=EDGE_CURVE('',#2757,#2756,#3189,.T.);
#2289=EDGE_CURVE('',#2757,#2755,#339,.T.);
#2290=EDGE_CURVE('',#2758,#2756,#340,.T.);
#2291=EDGE_CURVE('',#2759,#2758,#3190,.T.);
#2292=EDGE_CURVE('',#2759,#2757,#341,.T.);
#2293=EDGE_CURVE('',#2760,#2758,#262,.T.);
#2294=EDGE_CURVE('',#2761,#2760,#3191,.T.);
#2295=EDGE_CURVE('',#2761,#2759,#263,.T.);
#2296=EDGE_CURVE('',#2762,#2760,#3192,.T.);
#2297=EDGE_CURVE('',#2763,#2762,#3193,.T.);
#2298=EDGE_CURVE('',#2763,#2761,#3194,.T.);
#2299=EDGE_CURVE('',#2764,#2762,#264,.T.);
#2300=EDGE_CURVE('',#2765,#2764,#3195,.T.);
#2301=EDGE_CURVE('',#2765,#2763,#265,.T.);
#2302=EDGE_CURVE('',#2766,#2421,#3196,.T.);
#2303=EDGE_CURVE('',#2766,#2767,#342,.T.);
#2304=EDGE_CURVE('',#2767,#2422,#3197,.T.);
#2305=EDGE_CURVE('',#2768,#2420,#3198,.T.);
#2306=EDGE_CURVE('',#2768,#2766,#343,.T.);
#2307=EDGE_CURVE('',#2769,#2433,#3199,.T.);
#2308=EDGE_CURVE('',#2769,#2768,#344,.T.);
#2309=EDGE_CURVE('',#2770,#2432,#3200,.T.);
#2310=EDGE_CURVE('',#2770,#2769,#345,.T.);
#2311=EDGE_CURVE('',#2771,#2431,#3201,.T.);
#2312=EDGE_CURVE('',#2771,#2770,#3202,.T.);
#2313=EDGE_CURVE('',#2772,#2430,#3203,.T.);
#2314=EDGE_CURVE('',#2772,#2771,#346,.T.);
#2315=EDGE_CURVE('',#2773,#2429,#3204,.T.);
#2316=EDGE_CURVE('',#2773,#2772,#266,.F.);
#2317=EDGE_CURVE('',#2774,#2428,#3205,.T.);
#2318=EDGE_CURVE('',#2774,#2773,#347,.T.);
#2319=EDGE_CURVE('',#2775,#2427,#3206,.T.);
#2320=EDGE_CURVE('',#2775,#2774,#348,.T.);
#2321=EDGE_CURVE('',#2776,#2426,#3207,.T.);
#2322=EDGE_CURVE('',#2776,#2775,#349,.T.);
#2323=EDGE_CURVE('',#2777,#2425,#3208,.T.);
#2324=EDGE_CURVE('',#2777,#2776,#350,.T.);
#2325=EDGE_CURVE('',#2778,#2424,#3209,.T.);
#2326=EDGE_CURVE('',#2778,#2777,#3210,.T.);
#2327=EDGE_CURVE('',#2779,#2423,#3211,.T.);
#2328=EDGE_CURVE('',#2779,#2778,#351,.T.);
#2329=EDGE_CURVE('',#2767,#2779,#352,.T.);
#2330=EDGE_CURVE('',#2739,#2764,#353,.T.);
#2331=EDGE_CURVE('',#2741,#2765,#354,.T.);
#2332=VERTEX_POINT('',#6511);
#2333=VERTEX_POINT('',#6512);
#2334=VERTEX_POINT('',#6514);
#2335=VERTEX_POINT('',#6516);
#2336=VERTEX_POINT('',#6518);
#2337=VERTEX_POINT('',#6520);
#2338=VERTEX_POINT('',#6522);
#2339=VERTEX_POINT('',#6524);
#2340=VERTEX_POINT('',#6526);
#2341=VERTEX_POINT('',#6528);
#2342=VERTEX_POINT('',#6531);
#2343=VERTEX_POINT('',#6532);
#2344=VERTEX_POINT('',#6534);
#2345=VERTEX_POINT('',#6536);
#2346=VERTEX_POINT('',#6538);
#2347=VERTEX_POINT('',#6540);
#2348=VERTEX_POINT('',#6542);
#2349=VERTEX_POINT('',#6544);
#2350=VERTEX_POINT('',#6546);
#2351=VERTEX_POINT('',#6548);
#2352=VERTEX_POINT('',#6551);
#2353=VERTEX_POINT('',#6552);
#2354=VERTEX_POINT('',#6554);
#2355=VERTEX_POINT('',#6556);
#2356=VERTEX_POINT('',#6561);
#2357=VERTEX_POINT('',#6562);
#2358=VERTEX_POINT('',#6566);
#2359=VERTEX_POINT('',#6570);
#2360=VERTEX_POINT('',#6574);
#2361=VERTEX_POINT('',#6576);
#2362=VERTEX_POINT('',#6580);
#2363=VERTEX_POINT('',#6584);
#2364=VERTEX_POINT('',#6588);
#2365=VERTEX_POINT('',#6592);
#2366=VERTEX_POINT('',#6594);
#2367=VERTEX_POINT('',#6598);
#2368=VERTEX_POINT('',#6600);
#2369=VERTEX_POINT('',#6604);
#2370=VERTEX_POINT('',#6609);
#2371=VERTEX_POINT('',#6610);
#2372=VERTEX_POINT('',#6612);
#2373=VERTEX_POINT('',#6614);
#2374=VERTEX_POINT('',#6616);
#2375=VERTEX_POINT('',#6618);
#2376=VERTEX_POINT('',#6620);
#2377=VERTEX_POINT('',#6622);
#2378=VERTEX_POINT('',#6624);
#2379=VERTEX_POINT('',#6626);
#2380=VERTEX_POINT('',#6628);
#2381=VERTEX_POINT('',#6630);
#2382=VERTEX_POINT('',#6632);
#2383=VERTEX_POINT('',#6634);
#2384=VERTEX_POINT('',#6636);
#2385=VERTEX_POINT('',#6638);
#2386=VERTEX_POINT('',#6640);
#2387=VERTEX_POINT('',#6642);
#2388=VERTEX_POINT('',#6644);
#2389=VERTEX_POINT('',#6646);
#2390=VERTEX_POINT('',#6648);
#2391=VERTEX_POINT('',#6650);
#2392=VERTEX_POINT('',#6652);
#2393=VERTEX_POINT('',#6654);
#2394=VERTEX_POINT('',#6656);
#2395=VERTEX_POINT('',#6658);
#2396=VERTEX_POINT('',#6660);
#2397=VERTEX_POINT('',#6662);
#2398=VERTEX_POINT('',#6664);
#2399=VERTEX_POINT('',#6666);
#2400=VERTEX_POINT('',#6668);
#2401=VERTEX_POINT('',#6671);
#2402=VERTEX_POINT('',#6673);
#2403=VERTEX_POINT('',#6675);
#2404=VERTEX_POINT('',#6677);
#2405=VERTEX_POINT('',#6679);
#2406=VERTEX_POINT('',#6681);
#2407=VERTEX_POINT('',#6682);
#2408=VERTEX_POINT('',#6693);
#2409=VERTEX_POINT('',#6695);
#2410=VERTEX_POINT('',#6698);
#2411=VERTEX_POINT('',#6699);
#2412=VERTEX_POINT('',#6701);
#2413=VERTEX_POINT('',#6703);
#2414=VERTEX_POINT('',#6705);
#2415=VERTEX_POINT('',#6707);
#2416=VERTEX_POINT('',#6709);
#2417=VERTEX_POINT('',#6711);
#2418=VERTEX_POINT('',#6713);
#2419=VERTEX_POINT('',#6715);
#2420=VERTEX_POINT('',#6720);
#2421=VERTEX_POINT('',#6721);
#2422=VERTEX_POINT('',#6725);
#2423=VERTEX_POINT('',#6729);
#2424=VERTEX_POINT('',#6733);
#2425=VERTEX_POINT('',#6735);
#2426=VERTEX_POINT('',#6739);
#2427=VERTEX_POINT('',#6743);
#2428=VERTEX_POINT('',#6747);
#2429=VERTEX_POINT('',#6751);
#2430=VERTEX_POINT('',#6753);
#2431=VERTEX_POINT('',#6757);
#2432=VERTEX_POINT('',#6759);
#2433=VERTEX_POINT('',#6763);
#2434=VERTEX_POINT('',#6769);
#2435=VERTEX_POINT('',#6770);
#2436=VERTEX_POINT('',#6772);
#2437=VERTEX_POINT('',#6774);
#2438=VERTEX_POINT('',#6778);
#2439=VERTEX_POINT('',#6779);
#2440=VERTEX_POINT('',#6781);
#2441=VERTEX_POINT('',#6783);
#2442=VERTEX_POINT('',#6787);
#2443=VERTEX_POINT('',#6788);
#2444=VERTEX_POINT('',#6790);
#2445=VERTEX_POINT('',#6792);
#2446=VERTEX_POINT('',#6796);
#2447=VERTEX_POINT('',#6798);
#2448=VERTEX_POINT('',#6802);
#2449=VERTEX_POINT('',#6804);
#2450=VERTEX_POINT('',#6808);
#2451=VERTEX_POINT('',#6810);
#2452=VERTEX_POINT('',#6814);
#2453=VERTEX_POINT('',#6815);
#2454=VERTEX_POINT('',#6817);
#2455=VERTEX_POINT('',#6819);
#2456=VERTEX_POINT('',#6823);
#2457=VERTEX_POINT('',#6824);
#2458=VERTEX_POINT('',#6830);
#2459=VERTEX_POINT('',#6832);
#2460=VERTEX_POINT('',#6834);
#2461=VERTEX_POINT('',#6836);
#2462=VERTEX_POINT('',#6844);
#2463=VERTEX_POINT('',#6846);
#2464=VERTEX_POINT('',#6850);
#2465=VERTEX_POINT('',#6851);
#2466=VERTEX_POINT('',#6860);
#2467=VERTEX_POINT('',#6862);
#2468=VERTEX_POINT('',#6871);
#2469=VERTEX_POINT('',#6872);
#2470=VERTEX_POINT('',#6886);
#2471=VERTEX_POINT('',#6888);
#2472=VERTEX_POINT('',#6892);
#2473=VERTEX_POINT('',#6893);
#2474=VERTEX_POINT('',#6910);
#2475=VERTEX_POINT('',#6912);
#2476=VERTEX_POINT('',#6914);
#2477=VERTEX_POINT('',#6915);
#2478=VERTEX_POINT('',#6917);
#2479=VERTEX_POINT('',#6919);
#2480=VERTEX_POINT('',#6922);
#2481=VERTEX_POINT('',#6924);
#2482=VERTEX_POINT('',#6926);
#2483=VERTEX_POINT('',#6928);
#2484=VERTEX_POINT('',#6929);
#2485=VERTEX_POINT('',#6931);
#2486=VERTEX_POINT('',#6933);
#2487=VERTEX_POINT('',#6936);
#2488=VERTEX_POINT('',#6937);
#2489=VERTEX_POINT('',#6948);
#2490=VERTEX_POINT('',#6950);
#2491=VERTEX_POINT('',#6954);
#2492=VERTEX_POINT('',#6956);
#2493=VERTEX_POINT('',#6960);
#2494=VERTEX_POINT('',#6962);
#2495=VERTEX_POINT('',#6963);
#2496=VERTEX_POINT('',#6968);
#2497=VERTEX_POINT('',#6970);
#2498=VERTEX_POINT('',#6971);
#2499=VERTEX_POINT('',#6979);
#2500=VERTEX_POINT('',#6981);
#2501=VERTEX_POINT('',#6984);
#2502=VERTEX_POINT('',#6986);
#2503=VERTEX_POINT('',#6989);
#2504=VERTEX_POINT('',#6991);
#2505=VERTEX_POINT('',#6994);
#2506=VERTEX_POINT('',#6995);
#2507=VERTEX_POINT('',#6997);
#2508=VERTEX_POINT('',#6999);
#2509=VERTEX_POINT('',#7003);
#2510=VERTEX_POINT('',#7004);
#2511=VERTEX_POINT('',#7006);
#2512=VERTEX_POINT('',#7008);
#2513=VERTEX_POINT('',#7010);
#2514=VERTEX_POINT('',#7012);
#2515=VERTEX_POINT('',#7014);
#2516=VERTEX_POINT('',#7016);
#2517=VERTEX_POINT('',#7018);
#2518=VERTEX_POINT('',#7020);
#2519=VERTEX_POINT('',#7022);
#2520=VERTEX_POINT('',#7024);
#2521=VERTEX_POINT('',#7031);
#2522=VERTEX_POINT('',#7033);
#2523=VERTEX_POINT('',#7035);
#2524=VERTEX_POINT('',#7037);
#2525=VERTEX_POINT('',#7039);
#2526=VERTEX_POINT('',#7041);
#2527=VERTEX_POINT('',#7043);
#2528=VERTEX_POINT('',#7045);
#2529=VERTEX_POINT('',#7049);
#2530=VERTEX_POINT('',#7050);
#2531=VERTEX_POINT('',#7052);
#2532=VERTEX_POINT('',#7054);
#2533=VERTEX_POINT('',#7058);
#2534=VERTEX_POINT('',#7060);
#2535=VERTEX_POINT('',#7064);
#2536=VERTEX_POINT('',#7066);
#2537=VERTEX_POINT('',#7070);
#2538=VERTEX_POINT('',#7072);
#2539=VERTEX_POINT('',#7080);
#2540=VERTEX_POINT('',#7082);
#2541=VERTEX_POINT('',#7086);
#2542=VERTEX_POINT('',#7088);
#2543=VERTEX_POINT('',#7092);
#2544=VERTEX_POINT('',#7094);
#2545=VERTEX_POINT('',#7100);
#2546=VERTEX_POINT('',#7102);
#2547=VERTEX_POINT('',#7104);
#2548=VERTEX_POINT('',#7112);
#2549=VERTEX_POINT('',#7116);
#2550=VERTEX_POINT('',#7117);
#2551=VERTEX_POINT('',#7120);
#2552=VERTEX_POINT('',#7124);
#2553=VERTEX_POINT('',#7126);
#2554=VERTEX_POINT('',#7128);
#2555=VERTEX_POINT('',#7130);
#2556=VERTEX_POINT('',#7132);
#2557=VERTEX_POINT('',#7134);
#2558=VERTEX_POINT('',#7136);
#2559=VERTEX_POINT('',#7140);
#2560=VERTEX_POINT('',#7142);
#2561=VERTEX_POINT('',#7146);
#2562=VERTEX_POINT('',#7148);
#2563=VERTEX_POINT('',#7150);
#2564=VERTEX_POINT('',#7153);
#2565=VERTEX_POINT('',#7159);
#2566=VERTEX_POINT('',#7161);
#2567=VERTEX_POINT('',#7164);
#2568=VERTEX_POINT('',#7165);
#2569=VERTEX_POINT('',#7167);
#2570=VERTEX_POINT('',#7169);
#2571=VERTEX_POINT('',#7171);
#2572=VERTEX_POINT('',#7173);
#2573=VERTEX_POINT('',#7175);
#2574=VERTEX_POINT('',#7177);
#2575=VERTEX_POINT('',#7181);
#2576=VERTEX_POINT('',#7183);
#2577=VERTEX_POINT('',#7185);
#2578=VERTEX_POINT('',#7187);
#2579=VERTEX_POINT('',#7192);
#2580=VERTEX_POINT('',#7194);
#2581=VERTEX_POINT('',#7197);
#2582=VERTEX_POINT('',#7199);
#2583=VERTEX_POINT('',#7224);
#2584=VERTEX_POINT('',#7225);
#2585=VERTEX_POINT('',#7227);
#2586=VERTEX_POINT('',#7229);
#2587=VERTEX_POINT('',#7233);
#2588=VERTEX_POINT('',#7234);
#2589=VERTEX_POINT('',#7239);
#2590=VERTEX_POINT('',#7240);
#2591=VERTEX_POINT('',#7245);
#2592=VERTEX_POINT('',#7246);
#2593=VERTEX_POINT('',#7248);
#2594=VERTEX_POINT('',#7250);
#2595=VERTEX_POINT('',#7254);
#2596=VERTEX_POINT('',#7255);
#2597=VERTEX_POINT('',#7260);
#2598=VERTEX_POINT('',#7261);
#2599=VERTEX_POINT('',#7269);
#2600=VERTEX_POINT('',#7272);
#2601=VERTEX_POINT('',#7274);
#2602=VERTEX_POINT('',#7277);
#2603=VERTEX_POINT('',#7279);
#2604=VERTEX_POINT('',#7282);
#2605=VERTEX_POINT('',#7284);
#2606=VERTEX_POINT('',#7287);
#2607=VERTEX_POINT('',#7290);
#2608=VERTEX_POINT('',#7293);
#2609=VERTEX_POINT('',#7296);
#2610=VERTEX_POINT('',#7299);
#2611=VERTEX_POINT('',#7302);
#2612=VERTEX_POINT('',#7308);
#2613=VERTEX_POINT('',#7310);
#2614=VERTEX_POINT('',#7312);
#2615=VERTEX_POINT('',#7325);
#2616=VERTEX_POINT('',#7329);
#2617=VERTEX_POINT('',#7335);
#2618=VERTEX_POINT('',#7339);
#2619=VERTEX_POINT('',#7341);
#2620=VERTEX_POINT('',#7345);
#2621=VERTEX_POINT('',#7354);
#2622=VERTEX_POINT('',#7357);
#2623=VERTEX_POINT('',#7361);
#2624=VERTEX_POINT('',#7364);
#2625=VERTEX_POINT('',#7368);
#2626=VERTEX_POINT('',#7371);
#2627=VERTEX_POINT('',#7375);
#2628=VERTEX_POINT('',#7378);
#2629=VERTEX_POINT('',#7381);
#2630=VERTEX_POINT('',#7385);
#2631=VERTEX_POINT('',#7389);
#2632=VERTEX_POINT('',#7391);
#2633=VERTEX_POINT('',#7395);
#2634=VERTEX_POINT('',#7399);
#2635=VERTEX_POINT('',#7403);
#2636=VERTEX_POINT('',#7407);
#2637=VERTEX_POINT('',#7411);
#2638=VERTEX_POINT('',#7415);
#2639=VERTEX_POINT('',#7419);
#2640=VERTEX_POINT('',#7423);
#2641=VERTEX_POINT('',#7429);
#2642=VERTEX_POINT('',#7433);
#2643=VERTEX_POINT('',#7437);
#2644=VERTEX_POINT('',#7441);
#2645=VERTEX_POINT('',#7445);
#2646=VERTEX_POINT('',#7453);
#2647=VERTEX_POINT('',#7457);
#2648=VERTEX_POINT('',#7461);
#2649=VERTEX_POINT('',#7465);
#2650=VERTEX_POINT('',#7469);
#2651=VERTEX_POINT('',#7473);
#2652=VERTEX_POINT('',#7477);
#2653=VERTEX_POINT('',#7481);
#2654=VERTEX_POINT('',#7485);
#2655=VERTEX_POINT('',#7489);
#2656=VERTEX_POINT('',#7497);
#2657=VERTEX_POINT('',#7498);
#2658=VERTEX_POINT('',#7500);
#2659=VERTEX_POINT('',#7502);
#2660=VERTEX_POINT('',#7519);
#2661=VERTEX_POINT('',#7523);
#2662=VERTEX_POINT('',#7588);
#2663=VERTEX_POINT('',#7590);
#2664=VERTEX_POINT('',#7594);
#2665=VERTEX_POINT('',#7598);
#2666=VERTEX_POINT('',#7602);
#2667=VERTEX_POINT('',#7606);
#2668=VERTEX_POINT('',#7610);
#2669=VERTEX_POINT('',#7614);
#2670=VERTEX_POINT('',#7618);
#2671=VERTEX_POINT('',#7622);
#2672=VERTEX_POINT('',#7638);
#2673=VERTEX_POINT('',#7639);
#2674=VERTEX_POINT('',#7641);
#2675=VERTEX_POINT('',#7645);
#2676=VERTEX_POINT('',#7658);
#2677=VERTEX_POINT('',#7660);
#2678=VERTEX_POINT('',#7675);
#2679=VERTEX_POINT('',#7677);
#2680=VERTEX_POINT('',#7683);
#2681=VERTEX_POINT('',#7685);
#2682=VERTEX_POINT('',#7689);
#2683=VERTEX_POINT('',#7691);
#2684=VERTEX_POINT('',#7695);
#2685=VERTEX_POINT('',#7697);
#2686=VERTEX_POINT('',#7710);
#2687=VERTEX_POINT('',#7712);
#2688=VERTEX_POINT('',#7727);
#2689=VERTEX_POINT('',#7729);
#2690=VERTEX_POINT('',#7744);
#2691=VERTEX_POINT('',#7746);
#2692=VERTEX_POINT('',#7761);
#2693=VERTEX_POINT('',#7763);
#2694=VERTEX_POINT('',#7769);
#2695=VERTEX_POINT('',#7771);
#2696=VERTEX_POINT('',#7775);
#2697=VERTEX_POINT('',#7777);
#2698=VERTEX_POINT('',#7781);
#2699=VERTEX_POINT('',#7783);
#2700=VERTEX_POINT('',#7794);
#2701=VERTEX_POINT('',#7798);
#2702=VERTEX_POINT('',#7809);
#2703=VERTEX_POINT('',#7822);
#2704=VERTEX_POINT('',#7835);
#2705=VERTEX_POINT('',#7841);
#2706=VERTEX_POINT('',#7852);
#2707=VERTEX_POINT('',#7858);
#2708=VERTEX_POINT('',#7869);
#2709=VERTEX_POINT('',#7882);
#2710=VERTEX_POINT('',#7895);
#2711=VERTEX_POINT('',#7908);
#2712=VERTEX_POINT('',#7914);
#2713=VERTEX_POINT('',#7925);
#2714=VERTEX_POINT('',#7957);
#2715=VERTEX_POINT('',#7959);
#2716=VERTEX_POINT('',#7963);
#2717=VERTEX_POINT('',#7967);
#2718=VERTEX_POINT('',#7974);
#2719=VERTEX_POINT('',#7976);
#2720=VERTEX_POINT('',#7980);
#2721=VERTEX_POINT('',#7984);
#2722=VERTEX_POINT('',#7988);
#2723=VERTEX_POINT('',#7992);
#2724=VERTEX_POINT('',#7996);
#2725=VERTEX_POINT('',#8000);
#2726=VERTEX_POINT('',#8004);
#2727=VERTEX_POINT('',#8008);
#2728=VERTEX_POINT('',#8015);
#2729=VERTEX_POINT('',#8017);
#2730=VERTEX_POINT('',#8021);
#2731=VERTEX_POINT('',#8025);
#2732=VERTEX_POINT('',#8029);
#2733=VERTEX_POINT('',#8033);
#2734=VERTEX_POINT('',#8037);
#2735=VERTEX_POINT('',#8041);
#2736=VERTEX_POINT('',#8045);
#2737=VERTEX_POINT('',#8049);
#2738=VERTEX_POINT('',#8065);
#2739=VERTEX_POINT('',#8066);
#2740=VERTEX_POINT('',#8068);
#2741=VERTEX_POINT('',#8072);
#2742=VERTEX_POINT('',#8085);
#2743=VERTEX_POINT('',#8087);
#2744=VERTEX_POINT('',#8102);
#2745=VERTEX_POINT('',#8104);
#2746=VERTEX_POINT('',#8110);
#2747=VERTEX_POINT('',#8112);
#2748=VERTEX_POINT('',#8116);
#2749=VERTEX_POINT('',#8118);
#2750=VERTEX_POINT('',#8122);
#2751=VERTEX_POINT('',#8124);
#2752=VERTEX_POINT('',#8137);
#2753=VERTEX_POINT('',#8139);
#2754=VERTEX_POINT('',#8154);
#2755=VERTEX_POINT('',#8156);
#2756=VERTEX_POINT('',#8171);
#2757=VERTEX_POINT('',#8173);
#2758=VERTEX_POINT('',#8188);
#2759=VERTEX_POINT('',#8190);
#2760=VERTEX_POINT('',#8196);
#2761=VERTEX_POINT('',#8198);
#2762=VERTEX_POINT('',#8202);
#2763=VERTEX_POINT('',#8204);
#2764=VERTEX_POINT('',#8208);
#2765=VERTEX_POINT('',#8210);
#2766=VERTEX_POINT('',#8221);
#2767=VERTEX_POINT('',#8225);
#2768=VERTEX_POINT('',#8236);
#2769=VERTEX_POINT('',#8249);
#2770=VERTEX_POINT('',#8262);
#2771=VERTEX_POINT('',#8268);
#2772=VERTEX_POINT('',#8279);
#2773=VERTEX_POINT('',#8285);
#2774=VERTEX_POINT('',#8296);
#2775=VERTEX_POINT('',#8309);
#2776=VERTEX_POINT('',#8322);
#2777=VERTEX_POINT('',#8335);
#2778=VERTEX_POINT('',#8341);
#2779=VERTEX_POINT('',#8352);
#2780=LINE('',#6510,#3212);
#2781=LINE('',#6513,#3213);
#2782=LINE('',#6515,#3214);
#2783=LINE('',#6517,#3215);
#2784=LINE('',#6519,#3216);
#2785=LINE('',#6521,#3217);
#2786=LINE('',#6523,#3218);
#2787=LINE('',#6525,#3219);
#2788=LINE('',#6527,#3220);
#2789=LINE('',#6529,#3221);
#2790=LINE('',#6530,#3222);
#2791=LINE('',#6533,#3223);
#2792=LINE('',#6535,#3224);
#2793=LINE('',#6537,#3225);
#2794=LINE('',#6539,#3226);
#2795=LINE('',#6541,#3227);
#2796=LINE('',#6543,#3228);
#2797=LINE('',#6545,#3229);
#2798=LINE('',#6547,#3230);
#2799=LINE('',#6549,#3231);
#2800=LINE('',#6550,#3232);
#2801=LINE('',#6553,#3233);
#2802=LINE('',#6555,#3234);
#2803=LINE('',#6557,#3235);
#2804=LINE('',#6575,#3236);
#2805=LINE('',#6599,#3237);
#2806=LINE('',#6608,#3238);
#2807=LINE('',#6613,#3239);
#2808=LINE('',#6615,#3240);
#2809=LINE('',#6617,#3241);
#2810=LINE('',#6619,#3242);
#2811=LINE('',#6621,#3243);
#2812=LINE('',#6625,#3244);
#2813=LINE('',#6627,#3245);
#2814=LINE('',#6629,#3246);
#2815=LINE('',#6631,#3247);
#2816=LINE('',#6633,#3248);
#2817=LINE('',#6635,#3249);
#2818=LINE('',#6637,#3250);
#2819=LINE('',#6641,#3251);
#2820=LINE('',#6643,#3252);
#2821=LINE('',#6645,#3253);
#2822=LINE('',#6647,#3254);
#2823=LINE('',#6649,#3255);
#2824=LINE('',#6651,#3256);
#2825=LINE('',#6653,#3257);
#2826=LINE('',#6657,#3258);
#2827=LINE('',#6661,#3259);
#2828=LINE('',#6663,#3260);
#2829=LINE('',#6665,#3261);
#2830=LINE('',#6667,#3262);
#2831=LINE('',#6669,#3263);
#2832=LINE('',#6680,#3264);
#2833=LINE('',#6694,#3265);
#2834=LINE('',#6696,#3266);
#2835=LINE('',#6697,#3267);
#2836=LINE('',#6700,#3268);
#2837=LINE('',#6702,#3269);
#2838=LINE('',#6704,#3270);
#2839=LINE('',#6706,#3271);
#2840=LINE('',#6708,#3272);
#2841=LINE('',#6710,#3273);
#2842=LINE('',#6712,#3274);
#2843=LINE('',#6714,#3275);
#2844=LINE('',#6716,#3276);
#2845=LINE('',#6734,#3277);
#2846=LINE('',#6758,#3278);
#2847=LINE('',#6768,#3279);
#2848=LINE('',#6773,#3280);
#2849=LINE('',#6777,#3281);
#2850=LINE('',#6782,#3282);
#2851=LINE('',#6786,#3283);
#2852=LINE('',#6791,#3284);
#2853=LINE('',#6795,#3285);
#2854=LINE('',#6797,#3286);
#2855=LINE('',#6799,#3287);
#2856=LINE('',#6801,#3288);
#2857=LINE('',#6803,#3289);
#2858=LINE('',#6805,#3290);
#2859=LINE('',#6807,#3291);
#2860=LINE('',#6809,#3292);
#2861=LINE('',#6811,#3293);
#2862=LINE('',#6813,#3294);
#2863=LINE('',#6816,#3295);
#2864=LINE('',#6818,#3296);
#2865=LINE('',#6820,#3297);
#2866=LINE('',#6822,#3298);
#2867=LINE('',#6833,#3299);
#2868=LINE('',#6863,#3300);
#2869=LINE('',#6883,#3301);
#2870=LINE('',#6902,#3302);
#2871=LINE('',#6913,#3303);
#2872=LINE('',#6916,#3304);
#2873=LINE('',#6918,#3305);
#2874=LINE('',#6920,#3306);
#2875=LINE('',#6927,#3307);
#2876=LINE('',#6930,#3308);
#2877=LINE('',#6932,#3309);
#2878=LINE('',#6934,#3310);
#2879=LINE('',#6935,#3311);
#2880=LINE('',#6949,#3312);
#2881=LINE('',#6951,#3313);
#2882=LINE('',#6953,#3314);
#2883=LINE('',#6957,#3315);
#2884=LINE('',#6964,#3316);
#2885=LINE('',#6965,#3317);
#2886=LINE('',#6972,#3318);
#2887=LINE('',#6973,#3319);
#2888=LINE('',#6993,#3320);
#2889=LINE('',#6996,#3321);
#2890=LINE('',#6998,#3322);
#2891=LINE('',#7000,#3323);
#2892=LINE('',#7002,#3324);
#2893=LINE('',#7005,#3325);
#2894=LINE('',#7007,#3326);
#2895=LINE('',#7009,#3327);
#2896=LINE('',#7011,#3328);
#2897=LINE('',#7013,#3329);
#2898=LINE('',#7015,#3330);
#2899=LINE('',#7017,#3331);
#2900=LINE('',#7019,#3332);
#2901=LINE('',#7021,#3333);
#2902=LINE('',#7023,#3334);
#2903=LINE('',#7025,#3335);
#2904=LINE('',#7027,#3336);
#2905=LINE('',#7028,#3337);
#2906=LINE('',#7030,#3338);
#2907=LINE('',#7032,#3339);
#2908=LINE('',#7034,#3340);
#2909=LINE('',#7036,#3341);
#2910=LINE('',#7040,#3342);
#2911=LINE('',#7044,#3343);
#2912=LINE('',#7046,#3344);
#2913=LINE('',#7048,#3345);
#2914=LINE('',#7051,#3346);
#2915=LINE('',#7053,#3347);
#2916=LINE('',#7055,#3348);
#2917=LINE('',#7057,#3349);
#2918=LINE('',#7059,#3350);
#2919=LINE('',#7061,#3351);
#2920=LINE('',#7063,#3352);
#2921=LINE('',#7065,#3353);
#2922=LINE('',#7067,#3354);
#2923=LINE('',#7069,#3355);
#2924=LINE('',#7071,#3356);
#2925=LINE('',#7081,#3357);
#2926=LINE('',#7083,#3358);
#2927=LINE('',#7085,#3359);
#2928=LINE('',#7087,#3360);
#2929=LINE('',#7089,#3361);
#2930=LINE('',#7091,#3362);
#2931=LINE('',#7093,#3363);
#2932=LINE('',#7095,#3364);
#2933=LINE('',#7097,#3365);
#2934=LINE('',#7099,#3366);
#2935=LINE('',#7101,#3367);
#2936=LINE('',#7103,#3368);
#2937=LINE('',#7113,#3369);
#2938=LINE('',#7115,#3370);
#2939=LINE('',#7119,#3371);
#2940=LINE('',#7121,#3372);
#2941=LINE('',#7122,#3373);
#2942=LINE('',#7123,#3374);
#2943=LINE('',#7125,#3375);
#2944=LINE('',#7127,#3376);
#2945=LINE('',#7131,#3377);
#2946=LINE('',#7135,#3378);
#2947=LINE('',#7139,#3379);
#2948=LINE('',#7141,#3380);
#2949=LINE('',#7143,#3381);
#2950=LINE('',#7147,#3382);
#2951=LINE('',#7151,#3383);
#2952=LINE('',#7152,#3384);
#2953=LINE('',#7154,#3385);
#2954=LINE('',#7156,#3386);
#2955=LINE('',#7158,#3387);
#2956=LINE('',#7160,#3388);
#2957=LINE('',#7162,#3389);
#2958=LINE('',#7166,#3390);
#2959=LINE('',#7170,#3391);
#2960=LINE('',#7174,#3392);
#2961=LINE('',#7178,#3393);
#2962=LINE('',#7191,#3394);
#2963=LINE('',#7193,#3395);
#2964=LINE('',#7195,#3396);
#2965=LINE('',#7196,#3397);
#2966=LINE('',#7198,#3398);
#2967=LINE('',#7200,#3399);
#2968=LINE('',#7203,#3400);
#2969=LINE('',#7205,#3401);
#2970=LINE('',#7207,#3402);
#2971=LINE('',#7208,#3403);
#2972=LINE('',#7210,#3404);
#2973=LINE('',#7212,#3405);
#2974=LINE('',#7214,#3406);
#2975=LINE('',#7216,#3407);
#2976=LINE('',#7217,#3408);
#2977=LINE('',#7219,#3409);
#2978=LINE('',#7223,#3410);
#2979=LINE('',#7226,#3411);
#2980=LINE('',#7228,#3412);
#2981=LINE('',#7230,#3413);
#2982=LINE('',#7232,#3414);
#2983=LINE('',#7235,#3415);
#2984=LINE('',#7236,#3416);
#2985=LINE('',#7238,#3417);
#2986=LINE('',#7241,#3418);
#2987=LINE('',#7242,#3419);
#2988=LINE('',#7244,#3420);
#2989=LINE('',#7247,#3421);
#2990=LINE('',#7249,#3422);
#2991=LINE('',#7251,#3423);
#2992=LINE('',#7253,#3424);
#2993=LINE('',#7256,#3425);
#2994=LINE('',#7257,#3426);
#2995=LINE('',#7259,#3427);
#2996=LINE('',#7262,#3428);
#2997=LINE('',#7263,#3429);
#2998=LINE('',#7265,#3430);
#2999=LINE('',#7266,#3431);
#3000=LINE('',#7304,#3432);
#3001=LINE('',#7305,#3433);
#3002=LINE('',#7324,#3434);
#3003=LINE('',#7326,#3435);
#3004=LINE('',#7328,#3436);
#3005=LINE('',#7330,#3437);
#3006=LINE('',#7332,#3438);
#3007=LINE('',#7334,#3439);
#3008=LINE('',#7336,#3440);
#3009=LINE('',#7338,#3441);
#3010=LINE('',#7340,#3442);
#3011=LINE('',#7342,#3443);
#3012=LINE('',#7344,#3444);
#3013=LINE('',#7346,#3445);
#3014=LINE('',#7388,#3446);
#3015=LINE('',#7390,#3447);
#3016=LINE('',#7392,#3448);
#3017=LINE('',#7394,#3449);
#3018=LINE('',#7396,#3450);
#3019=LINE('',#7398,#3451);
#3020=LINE('',#7400,#3452);
#3021=LINE('',#7402,#3453);
#3022=LINE('',#7404,#3454);
#3023=LINE('',#7406,#3455);
#3024=LINE('',#7410,#3456);
#3025=LINE('',#7412,#3457);
#3026=LINE('',#7414,#3458);
#3027=LINE('',#7416,#3459);
#3028=LINE('',#7418,#3460);
#3029=LINE('',#7420,#3461);
#3030=LINE('',#7422,#3462);
#3031=LINE('',#7424,#3463);
#3032=LINE('',#7426,#3464);
#3033=LINE('',#7428,#3465);
#3034=LINE('',#7430,#3466);
#3035=LINE('',#7432,#3467);
#3036=LINE('',#7434,#3468);
#3037=LINE('',#7436,#3469);
#3038=LINE('',#7438,#3470);
#3039=LINE('',#7440,#3471);
#3040=LINE('',#7442,#3472);
#3041=LINE('',#7444,#3473);
#3042=LINE('',#7446,#3474);
#3043=LINE('',#7448,#3475);
#3044=LINE('',#7450,#3476);
#3045=LINE('',#7452,#3477);
#3046=LINE('',#7454,#3478);
#3047=LINE('',#7456,#3479);
#3048=LINE('',#7458,#3480);
#3049=LINE('',#7460,#3481);
#3050=LINE('',#7462,#3482);
#3051=LINE('',#7464,#3483);
#3052=LINE('',#7466,#3484);
#3053=LINE('',#7468,#3485);
#3054=LINE('',#7470,#3486);
#3055=LINE('',#7472,#3487);
#3056=LINE('',#7474,#3488);
#3057=LINE('',#7476,#3489);
#3058=LINE('',#7478,#3490);
#3059=LINE('',#7480,#3491);
#3060=LINE('',#7484,#3492);
#3061=LINE('',#7486,#3493);
#3062=LINE('',#7488,#3494);
#3063=LINE('',#7490,#3495);
#3064=LINE('',#7492,#3496);
#3065=LINE('',#7496,#3497);
#3066=LINE('',#7499,#3498);
#3067=LINE('',#7501,#3499);
#3068=LINE('',#7503,#3500);
#3069=LINE('',#7518,#3501);
#3070=LINE('',#7522,#3502);
#3071=LINE('',#7528,#3503);
#3072=LINE('',#7530,#3504);
#3073=LINE('',#7531,#3505);
#3074=LINE('',#7568,#3506);
#3075=LINE('',#7570,#3507);
#3076=LINE('',#7587,#3508);
#3077=LINE('',#7589,#3509);
#3078=LINE('',#7591,#3510);
#3079=LINE('',#7593,#3511);
#3080=LINE('',#7595,#3512);
#3081=LINE('',#7597,#3513);
#3082=LINE('',#7599,#3514);
#3083=LINE('',#7601,#3515);
#3084=LINE('',#7603,#3516);
#3085=LINE('',#7605,#3517);
#3086=LINE('',#7607,#3518);
#3087=LINE('',#7609,#3519);
#3088=LINE('',#7611,#3520);
#3089=LINE('',#7613,#3521);
#3090=LINE('',#7615,#3522);
#3091=LINE('',#7617,#3523);
#3092=LINE('',#7619,#3524);
#3093=LINE('',#7621,#3525);
#3094=LINE('',#7623,#3526);
#3095=LINE('',#7625,#3527);
#3096=LINE('',#7640,#3528);
#3097=LINE('',#7646,#3529);
#3098=LINE('',#7659,#3530);
#3099=LINE('',#7676,#3531);
#3100=LINE('',#7684,#3532);
#3101=LINE('',#7688,#3533);
#3102=LINE('',#7690,#3534);
#3103=LINE('',#7692,#3535);
#3104=LINE('',#7696,#3536);
#3105=LINE('',#7711,#3537);
#3106=LINE('',#7728,#3538);
#3107=LINE('',#7745,#3539);
#3108=LINE('',#7762,#3540);
#3109=LINE('',#7770,#3541);
#3110=LINE('',#7774,#3542);
#3111=LINE('',#7776,#3543);
#3112=LINE('',#7778,#3544);
#3113=LINE('',#7782,#3545);
#3114=LINE('',#7793,#3546);
#3115=LINE('',#7799,#3547);
#3116=LINE('',#7808,#3548);
#3117=LINE('',#7821,#3549);
#3118=LINE('',#7834,#3550);
#3119=LINE('',#7840,#3551);
#3120=LINE('',#7842,#3552);
#3121=LINE('',#7851,#3553);
#3122=LINE('',#7857,#3554);
#3123=LINE('',#7868,#3555);
#3124=LINE('',#7881,#3556);
#3125=LINE('',#7894,#3557);
#3126=LINE('',#7907,#3558);
#3127=LINE('',#7913,#3559);
#3128=LINE('',#7915,#3560);
#3129=LINE('',#7924,#3561);
#3130=LINE('',#7956,#3562);
#3131=LINE('',#7958,#3563);
#3132=LINE('',#7960,#3564);
#3133=LINE('',#7962,#3565);
#3134=LINE('',#7964,#3566);
#3135=LINE('',#7966,#3567);
#3136=LINE('',#7968,#3568);
#3137=LINE('',#7970,#3569);
#3138=LINE('',#7973,#3570);
#3139=LINE('',#7975,#3571);
#3140=LINE('',#7977,#3572);
#3141=LINE('',#7979,#3573);
#3142=LINE('',#7981,#3574);
#3143=LINE('',#7983,#3575);
#3144=LINE('',#7985,#3576);
#3145=LINE('',#7987,#3577);
#3146=LINE('',#7989,#3578);
#3147=LINE('',#7991,#3579);
#3148=LINE('',#7993,#3580);
#3149=LINE('',#7995,#3581);
#3150=LINE('',#7997,#3582);
#3151=LINE('',#7999,#3583);
#3152=LINE('',#8001,#3584);
#3153=LINE('',#8003,#3585);
#3154=LINE('',#8005,#3586);
#3155=LINE('',#8007,#3587);
#3156=LINE('',#8009,#3588);
#3157=LINE('',#8011,#3589);
#3158=LINE('',#8014,#3590);
#3159=LINE('',#8016,#3591);
#3160=LINE('',#8018,#3592);
#3161=LINE('',#8020,#3593);
#3162=LINE('',#8022,#3594);
#3163=LINE('',#8024,#3595);
#3164=LINE('',#8026,#3596);
#3165=LINE('',#8028,#3597);
#3166=LINE('',#8030,#3598);
#3167=LINE('',#8032,#3599);
#3168=LINE('',#8034,#3600);
#3169=LINE('',#8036,#3601);
#3170=LINE('',#8038,#3602);
#3171=LINE('',#8040,#3603);
#3172=LINE('',#8042,#3604);
#3173=LINE('',#8044,#3605);
#3174=LINE('',#8046,#3606);
#3175=LINE('',#8048,#3607);
#3176=LINE('',#8050,#3608);
#3177=LINE('',#8052,#3609);
#3178=LINE('',#8067,#3610);
#3179=LINE('',#8073,#3611);
#3180=LINE('',#8086,#3612);
#3181=LINE('',#8103,#3613);
#3182=LINE('',#8111,#3614);
#3183=LINE('',#8115,#3615);
#3184=LINE('',#8117,#3616);
#3185=LINE('',#8119,#3617);
#3186=LINE('',#8123,#3618);
#3187=LINE('',#8138,#3619);
#3188=LINE('',#8155,#3620);
#3189=LINE('',#8172,#3621);
#3190=LINE('',#8189,#3622);
#3191=LINE('',#8197,#3623);
#3192=LINE('',#8201,#3624);
#3193=LINE('',#8203,#3625);
#3194=LINE('',#8205,#3626);
#3195=LINE('',#8209,#3627);
#3196=LINE('',#8220,#3628);
#3197=LINE('',#8226,#3629);
#3198=LINE('',#8235,#3630);
#3199=LINE('',#8248,#3631);
#3200=LINE('',#8261,#3632);
#3201=LINE('',#8267,#3633);
#3202=LINE('',#8269,#3634);
#3203=LINE('',#8278,#3635);
#3204=LINE('',#8284,#3636);
#3205=LINE('',#8295,#3637);
#3206=LINE('',#8308,#3638);
#3207=LINE('',#8321,#3639);
#3208=LINE('',#8334,#3640);
#3209=LINE('',#8340,#3641);
#3210=LINE('',#8342,#3642);
#3211=LINE('',#8351,#3643);
#3212=VECTOR('',#5372,1.);
#3213=VECTOR('',#5373,1.);
#3214=VECTOR('',#5374,1.);
#3215=VECTOR('',#5375,1.);
#3216=VECTOR('',#5376,1.);
#3217=VECTOR('',#5377,1.);
#3218=VECTOR('',#5378,1.);
#3219=VECTOR('',#5379,1.);
#3220=VECTOR('',#5380,1.);
#3221=VECTOR('',#5381,1.);
#3222=VECTOR('',#5382,1.);
#3223=VECTOR('',#5383,1.);
#3224=VECTOR('',#5384,1.);
#3225=VECTOR('',#5385,1.);
#3226=VECTOR('',#5386,1.);
#3227=VECTOR('',#5387,1.);
#3228=VECTOR('',#5388,1.);
#3229=VECTOR('',#5389,1.);
#3230=VECTOR('',#5390,1.);
#3231=VECTOR('',#5391,1.);
#3232=VECTOR('',#5392,1.);
#3233=VECTOR('',#5393,1.);
#3234=VECTOR('',#5394,1.);
#3235=VECTOR('',#5395,1.);
#3236=VECTOR('',#5396,1.);
#3237=VECTOR('',#5399,1.);
#3238=VECTOR('',#5400,1.);
#3239=VECTOR('',#5403,1.);
#3240=VECTOR('',#5404,1.);
#3241=VECTOR('',#5405,1.);
#3242=VECTOR('',#5406,1.);
#3243=VECTOR('',#5407,1.);
#3244=VECTOR('',#5410,1.);
#3245=VECTOR('',#5411,1.);
#3246=VECTOR('',#5412,1.);
#3247=VECTOR('',#5413,1.);
#3248=VECTOR('',#5414,1.);
#3249=VECTOR('',#5415,1.);
#3250=VECTOR('',#5416,1.);
#3251=VECTOR('',#5419,1.);
#3252=VECTOR('',#5420,1.);
#3253=VECTOR('',#5421,1.);
#3254=VECTOR('',#5422,1.);
#3255=VECTOR('',#5423,1.);
#3256=VECTOR('',#5424,1.);
#3257=VECTOR('',#5425,1.);
#3258=VECTOR('',#5428,1.);
#3259=VECTOR('',#5431,1.);
#3260=VECTOR('',#5432,1.);
#3261=VECTOR('',#5433,1.);
#3262=VECTOR('',#5434,1.);
#3263=VECTOR('',#5435,1.);
#3264=VECTOR('',#5446,1.);
#3265=VECTOR('',#5447,1.);
#3266=VECTOR('',#5448,1.);
#3267=VECTOR('',#5449,1.);
#3268=VECTOR('',#5450,1.);
#3269=VECTOR('',#5451,1.);
#3270=VECTOR('',#5452,1.);
#3271=VECTOR('',#5453,1.);
#3272=VECTOR('',#5454,1.);
#3273=VECTOR('',#5455,1.);
#3274=VECTOR('',#5456,1.);
#3275=VECTOR('',#5457,1.);
#3276=VECTOR('',#5458,1.);
#3277=VECTOR('',#5459,1.);
#3278=VECTOR('',#5462,1.);
#3279=VECTOR('',#5465,1.);
#3280=VECTOR('',#5468,1.);
#3281=VECTOR('',#5473,1.);
#3282=VECTOR('',#5476,1.);
#3283=VECTOR('',#5481,1.);
#3284=VECTOR('',#5484,1.);
#3285=VECTOR('',#5489,1.);
#3286=VECTOR('',#5490,1.);
#3287=VECTOR('',#5491,1.);
#3288=VECTOR('',#5494,1.);
#3289=VECTOR('',#5495,1.);
#3290=VECTOR('',#5496,1.);
#3291=VECTOR('',#5499,1.);
#3292=VECTOR('',#5500,1.);
#3293=VECTOR('',#5501,1.);
#3294=VECTOR('',#5504,1.);
#3295=VECTOR('',#5505,1.);
#3296=VECTOR('',#5506,1.);
#3297=VECTOR('',#5507,1.);
#3298=VECTOR('',#5510,1.);
#3299=VECTOR('',#5513,1.);
#3300=VECTOR('',#5536,1.);
#3301=VECTOR('',#5541,1.);
#3302=VECTOR('',#5560,1.);
#3303=VECTOR('',#5567,1.);
#3304=VECTOR('',#5568,1.);
#3305=VECTOR('',#5569,1.);
#3306=VECTOR('',#5570,1.);
#3307=VECTOR('',#5577,1.);
#3308=VECTOR('',#5578,1.);
#3309=VECTOR('',#5579,1.);
#3310=VECTOR('',#5580,1.);
#3311=VECTOR('',#5581,1.);
#3312=VECTOR('',#5582,1.);
#3313=VECTOR('',#5583,1.);
#3314=VECTOR('',#5586,1.);
#3315=VECTOR('',#5589,1.);
#3316=VECTOR('',#5596,1.);
#3317=VECTOR('',#5597,1.);
#3318=VECTOR('',#5604,1.);
#3319=VECTOR('',#5605,1.);
#3320=VECTOR('',#5632,1.);
#3321=VECTOR('',#5633,1.);
#3322=VECTOR('',#5634,1.);
#3323=VECTOR('',#5635,1.);
#3324=VECTOR('',#5638,1.);
#3325=VECTOR('',#5639,1.);
#3326=VECTOR('',#5640,1.);
#3327=VECTOR('',#5641,1.);
#3328=VECTOR('',#5642,1.);
#3329=VECTOR('',#5643,1.);
#3330=VECTOR('',#5644,1.);
#3331=VECTOR('',#5645,1.);
#3332=VECTOR('',#5646,1.);
#3333=VECTOR('',#5647,1.);
#3334=VECTOR('',#5648,1.);
#3335=VECTOR('',#5649,1.);
#3336=VECTOR('',#5652,1.);
#3337=VECTOR('',#5653,1.);
#3338=VECTOR('',#5656,1.);
#3339=VECTOR('',#5657,1.);
#3340=VECTOR('',#5658,1.);
#3341=VECTOR('',#5659,1.);
#3342=VECTOR('',#5662,1.);
#3343=VECTOR('',#5665,1.);
#3344=VECTOR('',#5666,1.);
#3345=VECTOR('',#5669,1.);
#3346=VECTOR('',#5670,1.);
#3347=VECTOR('',#5671,1.);
#3348=VECTOR('',#5672,1.);
#3349=VECTOR('',#5675,1.);
#3350=VECTOR('',#5676,1.);
#3351=VECTOR('',#5677,1.);
#3352=VECTOR('',#5680,1.);
#3353=VECTOR('',#5681,1.);
#3354=VECTOR('',#5682,1.);
#3355=VECTOR('',#5685,1.);
#3356=VECTOR('',#5686,1.);
#3357=VECTOR('',#5687,1.);
#3358=VECTOR('',#5688,1.);
#3359=VECTOR('',#5691,1.);
#3360=VECTOR('',#5692,1.);
#3361=VECTOR('',#5693,1.);
#3362=VECTOR('',#5696,1.);
#3363=VECTOR('',#5697,1.);
#3364=VECTOR('',#5698,1.);
#3365=VECTOR('',#5701,1.);
#3366=VECTOR('',#5704,1.);
#3367=VECTOR('',#5705,1.);
#3368=VECTOR('',#5706,1.);
#3369=VECTOR('',#5707,1.);
#3370=VECTOR('',#5710,1.);
#3371=VECTOR('',#5713,1.);
#3372=VECTOR('',#5714,1.);
#3373=VECTOR('',#5715,1.);
#3374=VECTOR('',#5716,1.);
#3375=VECTOR('',#5717,1.);
#3376=VECTOR('',#5718,1.);
#3377=VECTOR('',#5721,1.);
#3378=VECTOR('',#5724,1.);
#3379=VECTOR('',#5729,1.);
#3380=VECTOR('',#5730,1.);
#3381=VECTOR('',#5731,1.);
#3382=VECTOR('',#5736,1.);
#3383=VECTOR('',#5739,1.);
#3384=VECTOR('',#5740,1.);
#3385=VECTOR('',#5741,1.);
#3386=VECTOR('',#5744,1.);
#3387=VECTOR('',#5747,1.);
#3388=VECTOR('',#5748,1.);
#3389=VECTOR('',#5749,1.);
#3390=VECTOR('',#5752,1.);
#3391=VECTOR('',#5755,1.);
#3392=VECTOR('',#5758,1.);
#3393=VECTOR('',#5761,1.);
#3394=VECTOR('',#5778,1.);
#3395=VECTOR('',#5779,1.);
#3396=VECTOR('',#5780,1.);
#3397=VECTOR('',#5781,1.);
#3398=VECTOR('',#5782,1.);
#3399=VECTOR('',#5783,1.);
#3400=VECTOR('',#5788,1.);
#3401=VECTOR('',#5791,1.);
#3402=VECTOR('',#5794,1.);
#3403=VECTOR('',#5795,1.);
#3404=VECTOR('',#5798,1.);
#3405=VECTOR('',#5801,1.);
#3406=VECTOR('',#5804,1.);
#3407=VECTOR('',#5807,1.);
#3408=VECTOR('',#5808,1.);
#3409=VECTOR('',#5811,1.);
#3410=VECTOR('',#5818,1.);
#3411=VECTOR('',#5819,1.);
#3412=VECTOR('',#5820,1.);
#3413=VECTOR('',#5821,1.);
#3414=VECTOR('',#5824,1.);
#3415=VECTOR('',#5825,1.);
#3416=VECTOR('',#5826,1.);
#3417=VECTOR('',#5829,1.);
#3418=VECTOR('',#5830,1.);
#3419=VECTOR('',#5831,1.);
#3420=VECTOR('',#5834,1.);
#3421=VECTOR('',#5835,1.);
#3422=VECTOR('',#5836,1.);
#3423=VECTOR('',#5837,1.);
#3424=VECTOR('',#5840,1.);
#3425=VECTOR('',#5841,1.);
#3426=VECTOR('',#5842,1.);
#3427=VECTOR('',#5845,1.);
#3428=VECTOR('',#5846,1.);
#3429=VECTOR('',#5847,1.);
#3430=VECTOR('',#5850,1.);
#3431=VECTOR('',#5851,1.);
#3432=VECTOR('',#5900,1.);
#3433=VECTOR('',#5901,1.);
#3434=VECTOR('',#5932,1.);
#3435=VECTOR('',#5933,1.);
#3436=VECTOR('',#5936,1.);
#3437=VECTOR('',#5937,1.);
#3438=VECTOR('',#5940,1.);
#3439=VECTOR('',#5943,1.);
#3440=VECTOR('',#5944,1.);
#3441=VECTOR('',#5947,1.);
#3442=VECTOR('',#5948,1.);
#3443=VECTOR('',#5949,1.);
#3444=VECTOR('',#5952,1.);
#3445=VECTOR('',#5953,1.);
#3446=VECTOR('',#6016,1.);
#3447=VECTOR('',#6017,1.);
#3448=VECTOR('',#6018,1.);
#3449=VECTOR('',#6021,1.);
#3450=VECTOR('',#6022,1.);
#3451=VECTOR('',#6025,1.);
#3452=VECTOR('',#6026,1.);
#3453=VECTOR('',#6029,1.);
#3454=VECTOR('',#6030,1.);
#3455=VECTOR('',#6033,1.);
#3456=VECTOR('',#6038,1.);
#3457=VECTOR('',#6039,1.);
#3458=VECTOR('',#6042,1.);
#3459=VECTOR('',#6043,1.);
#3460=VECTOR('',#6046,1.);
#3461=VECTOR('',#6047,1.);
#3462=VECTOR('',#6050,1.);
#3463=VECTOR('',#6051,1.);
#3464=VECTOR('',#6054,1.);
#3465=VECTOR('',#6057,1.);
#3466=VECTOR('',#6058,1.);
#3467=VECTOR('',#6061,1.);
#3468=VECTOR('',#6062,1.);
#3469=VECTOR('',#6065,1.);
#3470=VECTOR('',#6066,1.);
#3471=VECTOR('',#6069,1.);
#3472=VECTOR('',#6070,1.);
#3473=VECTOR('',#6073,1.);
#3474=VECTOR('',#6074,1.);
#3475=VECTOR('',#6077,1.);
#3476=VECTOR('',#6080,1.);
#3477=VECTOR('',#6083,1.);
#3478=VECTOR('',#6084,1.);
#3479=VECTOR('',#6087,1.);
#3480=VECTOR('',#6088,1.);
#3481=VECTOR('',#6091,1.);
#3482=VECTOR('',#6092,1.);
#3483=VECTOR('',#6095,1.);
#3484=VECTOR('',#6096,1.);
#3485=VECTOR('',#6099,1.);
#3486=VECTOR('',#6100,1.);
#3487=VECTOR('',#6103,1.);
#3488=VECTOR('',#6104,1.);
#3489=VECTOR('',#6107,1.);
#3490=VECTOR('',#6108,1.);
#3491=VECTOR('',#6111,1.);
#3492=VECTOR('',#6116,1.);
#3493=VECTOR('',#6117,1.);
#3494=VECTOR('',#6120,1.);
#3495=VECTOR('',#6121,1.);
#3496=VECTOR('',#6124,1.);
#3497=VECTOR('',#6131,1.);
#3498=VECTOR('',#6132,1.);
#3499=VECTOR('',#6133,1.);
#3500=VECTOR('',#6134,1.);
#3501=VECTOR('',#6163,1.);
#3502=VECTOR('',#6168,1.);
#3503=VECTOR('',#6177,1.);
#3504=VECTOR('',#6180,1.);
#3505=VECTOR('',#6181,1.);
#3506=VECTOR('',#6182,1.);
#3507=VECTOR('',#6185,1.);
#3508=VECTOR('',#6218,1.);
#3509=VECTOR('',#6219,1.);
#3510=VECTOR('',#6220,1.);
#3511=VECTOR('',#6223,1.);
#3512=VECTOR('',#6224,1.);
#3513=VECTOR('',#6227,1.);
#3514=VECTOR('',#6228,1.);
#3515=VECTOR('',#6231,1.);
#3516=VECTOR('',#6232,1.);
#3517=VECTOR('',#6235,1.);
#3518=VECTOR('',#6236,1.);
#3519=VECTOR('',#6239,1.);
#3520=VECTOR('',#6240,1.);
#3521=VECTOR('',#6243,1.);
#3522=VECTOR('',#6244,1.);
#3523=VECTOR('',#6247,1.);
#3524=VECTOR('',#6248,1.);
#3525=VECTOR('',#6251,1.);
#3526=VECTOR('',#6252,1.);
#3527=VECTOR('',#6255,1.);
#3528=VECTOR('',#6258,1.);
#3529=VECTOR('',#6259,1.);
#3530=VECTOR('',#6260,1.);
#3531=VECTOR('',#6261,1.);
#3532=VECTOR('',#6266,1.);
#3533=VECTOR('',#6271,1.);
#3534=VECTOR('',#6272,1.);
#3535=VECTOR('',#6273,1.);
#3536=VECTOR('',#6278,1.);
#3537=VECTOR('',#6281,1.);
#3538=VECTOR('',#6282,1.);
#3539=VECTOR('',#6283,1.);
#3540=VECTOR('',#6284,1.);
#3541=VECTOR('',#6289,1.);
#3542=VECTOR('',#6294,1.);
#3543=VECTOR('',#6295,1.);
#3544=VECTOR('',#6296,1.);
#3545=VECTOR('',#6301,1.);
#3546=VECTOR('',#6304,1.);
#3547=VECTOR('',#6305,1.);
#3548=VECTOR('',#6306,1.);
#3549=VECTOR('',#6307,1.);
#3550=VECTOR('',#6308,1.);
#3551=VECTOR('',#6311,1.);
#3552=VECTOR('',#6312,1.);
#3553=VECTOR('',#6313,1.);
#3554=VECTOR('',#6316,1.);
#3555=VECTOR('',#6319,1.);
#3556=VECTOR('',#6320,1.);
#3557=VECTOR('',#6321,1.);
#3558=VECTOR('',#6322,1.);
#3559=VECTOR('',#6325,1.);
#3560=VECTOR('',#6326,1.);
#3561=VECTOR('',#6327,1.);
#3562=VECTOR('',#6332,1.);
#3563=VECTOR('',#6333,1.);
#3564=VECTOR('',#6334,1.);
#3565=VECTOR('',#6337,1.);
#3566=VECTOR('',#6338,1.);
#3567=VECTOR('',#6341,1.);
#3568=VECTOR('',#6342,1.);
#3569=VECTOR('',#6345,1.);
#3570=VECTOR('',#6350,1.);
#3571=VECTOR('',#6351,1.);
#3572=VECTOR('',#6352,1.);
#3573=VECTOR('',#6355,1.);
#3574=VECTOR('',#6356,1.);
#3575=VECTOR('',#6359,1.);
#3576=VECTOR('',#6360,1.);
#3577=VECTOR('',#6363,1.);
#3578=VECTOR('',#6364,1.);
#3579=VECTOR('',#6367,1.);
#3580=VECTOR('',#6368,1.);
#3581=VECTOR('',#6371,1.);
#3582=VECTOR('',#6372,1.);
#3583=VECTOR('',#6375,1.);
#3584=VECTOR('',#6376,1.);
#3585=VECTOR('',#6379,1.);
#3586=VECTOR('',#6380,1.);
#3587=VECTOR('',#6383,1.);
#3588=VECTOR('',#6384,1.);
#3589=VECTOR('',#6387,1.);
#3590=VECTOR('',#6392,1.);
#3591=VECTOR('',#6393,1.);
#3592=VECTOR('',#6394,1.);
#3593=VECTOR('',#6397,1.);
#3594=VECTOR('',#6398,1.);
#3595=VECTOR('',#6401,1.);
#3596=VECTOR('',#6402,1.);
#3597=VECTOR('',#6405,1.);
#3598=VECTOR('',#6406,1.);
#3599=VECTOR('',#6409,1.);
#3600=VECTOR('',#6410,1.);
#3601=VECTOR('',#6413,1.);
#3602=VECTOR('',#6414,1.);
#3603=VECTOR('',#6417,1.);
#3604=VECTOR('',#6418,1.);
#3605=VECTOR('',#6421,1.);
#3606=VECTOR('',#6422,1.);
#3607=VECTOR('',#6425,1.);
#3608=VECTOR('',#6426,1.);
#3609=VECTOR('',#6429,1.);
#3610=VECTOR('',#6432,1.);
#3611=VECTOR('',#6433,1.);
#3612=VECTOR('',#6434,1.);
#3613=VECTOR('',#6435,1.);
#3614=VECTOR('',#6440,1.);
#3615=VECTOR('',#6445,1.);
#3616=VECTOR('',#6446,1.);
#3617=VECTOR('',#6447,1.);
#3618=VECTOR('',#6452,1.);
#3619=VECTOR('',#6455,1.);
#3620=VECTOR('',#6456,1.);
#3621=VECTOR('',#6457,1.);
#3622=VECTOR('',#6458,1.);
#3623=VECTOR('',#6463,1.);
#3624=VECTOR('',#6468,1.);
#3625=VECTOR('',#6469,1.);
#3626=VECTOR('',#6470,1.);
#3627=VECTOR('',#6475,1.);
#3628=VECTOR('',#6478,1.);
#3629=VECTOR('',#6479,1.);
#3630=VECTOR('',#6480,1.);
#3631=VECTOR('',#6481,1.);
#3632=VECTOR('',#6482,1.);
#3633=VECTOR('',#6485,1.);
#3634=VECTOR('',#6486,1.);
#3635=VECTOR('',#6487,1.);
#3636=VECTOR('',#6490,1.);
#3637=VECTOR('',#6493,1.);
#3638=VECTOR('',#6494,1.);
#3639=VECTOR('',#6495,1.);
#3640=VECTOR('',#6496,1.);
#3641=VECTOR('',#6499,1.);
#3642=VECTOR('',#6500,1.);
#3643=VECTOR('',#6501,1.);
#3644=EDGE_LOOP('',(#355,#356,#357,#358,#359,#360,#361,#362,#363,#364));
#3645=EDGE_LOOP('',(#365,#366,#367,#368,#369,#370,#371,#372,#373,#374));
#3646=EDGE_LOOP('',(#375,#376,#377,#378));
#3647=EDGE_LOOP('',(#379,#380,#381,#382,#383,#384,#385,#386,#387,#388,#389,
#390,#391,#392));
#3648=EDGE_LOOP('',(#393,#394,#395,#396,#397,#398,#399,#400,#401,#402,#403,
#404,#405,#406,#407,#408,#409,#410,#411,#412,#413,#414,#415,#416,#417,#418,
#419,#420,#421,#422,#423));
#3649=EDGE_LOOP('',(#424));
#3650=EDGE_LOOP('',(#425));
#3651=EDGE_LOOP('',(#426));
#3652=EDGE_LOOP('',(#427));
#3653=EDGE_LOOP('',(#428));
#3654=EDGE_LOOP('',(#429,#430,#431,#432));
#3655=EDGE_LOOP('',(#433,#434,#435,#436,#437,#438,#439,#440,#441,#442));
#3656=EDGE_LOOP('',(#443,#444,#445,#446,#447,#448,#449,#450,#451,#452,#453,
#454,#455,#456));
#3657=EDGE_LOOP('',(#457,#458,#459,#460));
#3658=EDGE_LOOP('',(#461,#462,#463,#464));
#3659=EDGE_LOOP('',(#465,#466,#467,#468));
#3660=EDGE_LOOP('',(#469,#470,#471,#472));
#3661=EDGE_LOOP('',(#473,#474,#475,#476));
#3662=EDGE_LOOP('',(#477,#478,#479,#480));
#3663=EDGE_LOOP('',(#481,#482,#483,#484));
#3664=EDGE_LOOP('',(#485,#486,#487,#488,#489,#490));
#3665=EDGE_LOOP('',(#491,#492,#493,#494));
#3666=EDGE_LOOP('',(#495,#496,#497,#498));
#3667=EDGE_LOOP('',(#499,#500,#501,#502,#503,#504));
#3668=EDGE_LOOP('',(#505,#506,#507,#508,#509,#510));
#3669=EDGE_LOOP('',(#511,#512,#513,#514));
#3670=EDGE_LOOP('',(#515,#516,#517,#518));
#3671=EDGE_LOOP('',(#519,#520,#521,#522,#523,#524));
#3672=EDGE_LOOP('',(#525));
#3673=EDGE_LOOP('',(#526));
#3674=EDGE_LOOP('',(#527,#528,#529,#530));
#3675=EDGE_LOOP('',(#531));
#3676=EDGE_LOOP('',(#532));
#3677=EDGE_LOOP('',(#533));
#3678=EDGE_LOOP('',(#534,#535,#536,#537));
#3679=EDGE_LOOP('',(#538,#539,#540,#541));
#3680=EDGE_LOOP('',(#542,#543,#544,#545));
#3681=EDGE_LOOP('',(#546));
#3682=EDGE_LOOP('',(#547,#548,#549,#550));
#3683=EDGE_LOOP('',(#551));
#3684=EDGE_LOOP('',(#552,#553,#554,#555));
#3685=EDGE_LOOP('',(#556,#557,#558,#559));
#3686=EDGE_LOOP('',(#560));
#3687=EDGE_LOOP('',(#561));
#3688=EDGE_LOOP('',(#562));
#3689=EDGE_LOOP('',(#563));
#3690=EDGE_LOOP('',(#564));
#3691=EDGE_LOOP('',(#565));
#3692=EDGE_LOOP('',(#566,#567,#568,#569));
#3693=EDGE_LOOP('',(#570,#571,#572,#573,#574,#575,#576,#577,#578,#579,#580,
#581));
#3694=EDGE_LOOP('',(#582,#583,#584,#585));
#3695=EDGE_LOOP('',(#586,#587,#588,#589,#590,#591,#592,#593,#594,#595));
#3696=EDGE_LOOP('',(#596,#597,#598,#599));
#3697=EDGE_LOOP('',(#600,#601,#602,#603));
#3698=EDGE_LOOP('',(#604,#605,#606,#607));
#3699=EDGE_LOOP('',(#608,#609,#610,#611,#612,#613));
#3700=EDGE_LOOP('',(#614,#615,#616,#617));
#3701=EDGE_LOOP('',(#618,#619,#620,#621));
#3702=EDGE_LOOP('',(#622,#623,#624,#625));
#3703=EDGE_LOOP('',(#626,#627,#628,#629,#630,#631));
#3704=EDGE_LOOP('',(#632,#633,#634,#635,#636,#637,#638,#639,#640,#641,#642,
#643,#644,#645,#646,#647));
#3705=EDGE_LOOP('',(#648,#649,#650,#651));
#3706=EDGE_LOOP('',(#652,#653,#654,#655,#656,#657,#658,#659));
#3707=EDGE_LOOP('',(#660,#661,#662,#663));
#3708=EDGE_LOOP('',(#664,#665,#666,#667));
#3709=EDGE_LOOP('',(#668,#669,#670,#671,#672,#673,#674,#675));
#3710=EDGE_LOOP('',(#676));
#3711=EDGE_LOOP('',(#677));
#3712=EDGE_LOOP('',(#678));
#3713=EDGE_LOOP('',(#679));
#3714=EDGE_LOOP('',(#680,#681,#682,#683,#684,#685,#686,#687,#688,#689,#690,
#691,#692,#693,#694,#695,#696,#697,#698,#699,#700,#701,#702,#703,#704,#705,
#706,#707));
#3715=EDGE_LOOP('',(#708,#709,#710,#711));
#3716=EDGE_LOOP('',(#712,#713,#714,#715));
#3717=EDGE_LOOP('',(#716,#717,#718,#719));
#3718=EDGE_LOOP('',(#720,#721,#722,#723));
#3719=EDGE_LOOP('',(#724,#725,#726,#727));
#3720=EDGE_LOOP('',(#728,#729,#730,#731));
#3721=EDGE_LOOP('',(#732,#733,#734,#735));
#3722=EDGE_LOOP('',(#736,#737,#738,#739));
#3723=EDGE_LOOP('',(#740,#741,#742,#743,#744,#745));
#3724=EDGE_LOOP('',(#746,#747,#748,#749,#750,#751));
#3725=EDGE_LOOP('',(#752,#753,#754,#755));
#3726=EDGE_LOOP('',(#756,#757,#758,#759));
#3727=EDGE_LOOP('',(#760,#761,#762,#763));
#3728=EDGE_LOOP('',(#764,#765,#766,#767));
#3729=EDGE_LOOP('',(#768,#769,#770,#771));
#3730=EDGE_LOOP('',(#772,#773,#774,#775));
#3731=EDGE_LOOP('',(#776,#777,#778,#779));
#3732=EDGE_LOOP('',(#780));
#3733=EDGE_LOOP('',(#781));
#3734=EDGE_LOOP('',(#782));
#3735=EDGE_LOOP('',(#783));
#3736=EDGE_LOOP('',(#784));
#3737=EDGE_LOOP('',(#785));
#3738=EDGE_LOOP('',(#786));
#3739=EDGE_LOOP('',(#787));
#3740=EDGE_LOOP('',(#788));
#3741=EDGE_LOOP('',(#789));
#3742=EDGE_LOOP('',(#790));
#3743=EDGE_LOOP('',(#791));
#3744=EDGE_LOOP('',(#792));
#3745=EDGE_LOOP('',(#793));
#3746=EDGE_LOOP('',(#794));
#3747=EDGE_LOOP('',(#795));
#3748=EDGE_LOOP('',(#796));
#3749=EDGE_LOOP('',(#797));
#3750=EDGE_LOOP('',(#798));
#3751=EDGE_LOOP('',(#799));
#3752=EDGE_LOOP('',(#800,#801,#802,#803));
#3753=EDGE_LOOP('',(#804));
#3754=EDGE_LOOP('',(#805));
#3755=EDGE_LOOP('',(#806));
#3756=EDGE_LOOP('',(#807,#808,#809,#810,#811,#812,#813,#814));
#3757=EDGE_LOOP('',(#815));
#3758=EDGE_LOOP('',(#816));
#3759=EDGE_LOOP('',(#817));
#3760=EDGE_LOOP('',(#818));
#3761=EDGE_LOOP('',(#819));
#3762=EDGE_LOOP('',(#820));
#3763=EDGE_LOOP('',(#821));
#3764=EDGE_LOOP('',(#822));
#3765=EDGE_LOOP('',(#823,#824,#825,#826));
#3766=EDGE_LOOP('',(#827,#828,#829,#830));
#3767=EDGE_LOOP('',(#831,#832,#833,#834));
#3768=EDGE_LOOP('',(#835,#836,#837,#838));
#3769=EDGE_LOOP('',(#839,#840,#841,#842));
#3770=EDGE_LOOP('',(#843,#844,#845,#846));
#3771=EDGE_LOOP('',(#847,#848,#849,#850,#851,#852));
#3772=EDGE_LOOP('',(#853,#854,#855,#856));
#3773=EDGE_LOOP('',(#857,#858,#859,#860,#861,#862));
#3774=EDGE_LOOP('',(#863,#864,#865,#866));
#3775=EDGE_LOOP('',(#867,#868,#869,#870));
#3776=EDGE_LOOP('',(#871,#872,#873,#874));
#3777=EDGE_LOOP('',(#875,#876,#877,#878,#879,#880,#881,#882,#883,#884));
#3778=EDGE_LOOP('',(#885,#886,#887,#888));
#3779=EDGE_LOOP('',(#889,#890,#891,#892));
#3780=EDGE_LOOP('',(#893));
#3781=EDGE_LOOP('',(#894));
#3782=EDGE_LOOP('',(#895));
#3783=EDGE_LOOP('',(#896));
#3784=EDGE_LOOP('',(#897));
#3785=EDGE_LOOP('',(#898));
#3786=EDGE_LOOP('',(#899));
#3787=EDGE_LOOP('',(#900));
#3788=EDGE_LOOP('',(#901));
#3789=EDGE_LOOP('',(#902));
#3790=EDGE_LOOP('',(#903));
#3791=EDGE_LOOP('',(#904));
#3792=EDGE_LOOP('',(#905));
#3793=EDGE_LOOP('',(#906));
#3794=EDGE_LOOP('',(#907));
#3795=EDGE_LOOP('',(#908));
#3796=EDGE_LOOP('',(#909));
#3797=EDGE_LOOP('',(#910));
#3798=EDGE_LOOP('',(#911));
#3799=EDGE_LOOP('',(#912));
#3800=EDGE_LOOP('',(#913));
#3801=EDGE_LOOP('',(#914));
#3802=EDGE_LOOP('',(#915));
#3803=EDGE_LOOP('',(#916));
#3804=EDGE_LOOP('',(#917));
#3805=EDGE_LOOP('',(#918));
#3806=EDGE_LOOP('',(#919));
#3807=EDGE_LOOP('',(#920));
#3808=EDGE_LOOP('',(#921));
#3809=EDGE_LOOP('',(#922));
#3810=EDGE_LOOP('',(#923,#924,#925,#926));
#3811=EDGE_LOOP('',(#927,#928,#929,#930));
#3812=EDGE_LOOP('',(#931,#932,#933,#934));
#3813=EDGE_LOOP('',(#935,#936,#937,#938));
#3814=EDGE_LOOP('',(#939,#940,#941,#942));
#3815=EDGE_LOOP('',(#943,#944,#945,#946));
#3816=EDGE_LOOP('',(#947,#948,#949,#950));
#3817=EDGE_LOOP('',(#951,#952,#953,#954));
#3818=EDGE_LOOP('',(#955,#956,#957,#958));
#3819=EDGE_LOOP('',(#959,#960,#961,#962));
#3820=EDGE_LOOP('',(#963,#964,#965,#966));
#3821=EDGE_LOOP('',(#967,#968,#969,#970));
#3822=EDGE_LOOP('',(#971,#972,#973,#974));
#3823=EDGE_LOOP('',(#975,#976,#977,#978));
#3824=EDGE_LOOP('',(#979,#980,#981,#982));
#3825=EDGE_LOOP('',(#983,#984,#985,#986));
#3826=EDGE_LOOP('',(#987,#988,#989,#990));
#3827=EDGE_LOOP('',(#991,#992,#993,#994));
#3828=EDGE_LOOP('',(#995,#996,#997,#998));
#3829=EDGE_LOOP('',(#999,#1000,#1001,#1002));
#3830=EDGE_LOOP('',(#1003,#1004,#1005,#1006));
#3831=EDGE_LOOP('',(#1007,#1008,#1009,#1010));
#3832=EDGE_LOOP('',(#1011,#1012,#1013,#1014));
#3833=EDGE_LOOP('',(#1015,#1016,#1017,#1018));
#3834=EDGE_LOOP('',(#1019,#1020,#1021,#1022));
#3835=EDGE_LOOP('',(#1023,#1024,#1025,#1026));
#3836=EDGE_LOOP('',(#1027,#1028,#1029,#1030));
#3837=EDGE_LOOP('',(#1031,#1032,#1033,#1034));
#3838=EDGE_LOOP('',(#1035,#1036,#1037,#1038,#1039,#1040,#1041,#1042,#1043,
#1044,#1045,#1046,#1047,#1048,#1049,#1050,#1051,#1052,#1053,#1054,#1055,
#1056,#1057,#1058,#1059,#1060,#1061,#1062,#1063,#1064,#1065));
#3839=EDGE_LOOP('',(#1066,#1067,#1068,#1069));
#3840=EDGE_LOOP('',(#1070,#1071,#1072,#1073,#1074,#1075,#1076,#1077));
#3841=EDGE_LOOP('',(#1078,#1079,#1080,#1081));
#3842=EDGE_LOOP('',(#1082,#1083,#1084,#1085));
#3843=EDGE_LOOP('',(#1086,#1087,#1088,#1089));
#3844=EDGE_LOOP('',(#1090,#1091,#1092,#1093));
#3845=EDGE_LOOP('',(#1094,#1095,#1096,#1097,#1098));
#3846=EDGE_LOOP('',(#1099,#1100,#1101,#1102));
#3847=EDGE_LOOP('',(#1103,#1104,#1105,#1106));
#3848=EDGE_LOOP('',(#1107,#1108,#1109,#1110,#1111));
#3849=EDGE_LOOP('',(#1112,#1113,#1114,#1115));
#3850=EDGE_LOOP('',(#1116,#1117,#1118,#1119));
#3851=EDGE_LOOP('',(#1120,#1121,#1122,#1123));
#3852=EDGE_LOOP('',(#1124));
#3853=EDGE_LOOP('',(#1125));
#3854=EDGE_LOOP('',(#1126));
#3855=EDGE_LOOP('',(#1127));
#3856=EDGE_LOOP('',(#1128));
#3857=EDGE_LOOP('',(#1129));
#3858=EDGE_LOOP('',(#1130));
#3859=EDGE_LOOP('',(#1131));
#3860=EDGE_LOOP('',(#1132,#1133,#1134,#1135));
#3861=EDGE_LOOP('',(#1136,#1137,#1138,#1139));
#3862=EDGE_LOOP('',(#1140,#1141,#1142,#1143));
#3863=EDGE_LOOP('',(#1144,#1145,#1146,#1147));
#3864=EDGE_LOOP('',(#1148,#1149,#1150,#1151));
#3865=EDGE_LOOP('',(#1152,#1153));
#3866=EDGE_LOOP('',(#1154,#1155));
#3867=EDGE_LOOP('',(#1156));
#3868=EDGE_LOOP('',(#1157,#1158));
#3869=EDGE_LOOP('',(#1159,#1160,#1161,#1162,#1163,#1164,#1165,#1166));
#3870=EDGE_LOOP('',(#1167));
#3871=EDGE_LOOP('',(#1168,#1169,#1170,#1171,#1172,#1173,#1174,#1175));
#3872=EDGE_LOOP('',(#1176));
#3873=EDGE_LOOP('',(#1177,#1178,#1179,#1180,#1181,#1182,#1183,#1184));
#3874=EDGE_LOOP('',(#1185));
#3875=EDGE_LOOP('',(#1186,#1187,#1188,#1189,#1190,#1191,#1192,#1193));
#3876=EDGE_LOOP('',(#1194));
#3877=EDGE_LOOP('',(#1195,#1196,#1197,#1198));
#3878=EDGE_LOOP('',(#1199,#1200,#1201,#1202));
#3879=EDGE_LOOP('',(#1203,#1204,#1205,#1206));
#3880=EDGE_LOOP('',(#1207,#1208,#1209,#1210));
#3881=EDGE_LOOP('',(#1211,#1212,#1213,#1214));
#3882=EDGE_LOOP('',(#1215,#1216,#1217,#1218));
#3883=EDGE_LOOP('',(#1219,#1220,#1221,#1222));
#3884=EDGE_LOOP('',(#1223,#1224,#1225,#1226));
#3885=EDGE_LOOP('',(#1227,#1228,#1229,#1230));
#3886=EDGE_LOOP('',(#1231,#1232,#1233,#1234));
#3887=EDGE_LOOP('',(#1235,#1236,#1237,#1238,#1239,#1240,#1241,#1242,#1243,
#1244));
#3888=EDGE_LOOP('',(#1245,#1246,#1247,#1248));
#3889=EDGE_LOOP('',(#1249,#1250,#1251,#1252));
#3890=EDGE_LOOP('',(#1253,#1254,#1255,#1256));
#3891=EDGE_LOOP('',(#1257,#1258,#1259,#1260));
#3892=EDGE_LOOP('',(#1261,#1262,#1263,#1264));
#3893=EDGE_LOOP('',(#1265,#1266,#1267,#1268));
#3894=EDGE_LOOP('',(#1269,#1270,#1271,#1272));
#3895=EDGE_LOOP('',(#1273,#1274,#1275,#1276));
#3896=EDGE_LOOP('',(#1277,#1278,#1279,#1280));
#3897=EDGE_LOOP('',(#1281,#1282,#1283,#1284));
#3898=EDGE_LOOP('',(#1285,#1286,#1287,#1288));
#3899=EDGE_LOOP('',(#1289,#1290,#1291,#1292));
#3900=EDGE_LOOP('',(#1293,#1294,#1295,#1296));
#3901=EDGE_LOOP('',(#1297,#1298,#1299,#1300));
#3902=EDGE_LOOP('',(#1301,#1302,#1303,#1304));
#3903=EDGE_LOOP('',(#1305,#1306,#1307,#1308));
#3904=EDGE_LOOP('',(#1309,#1310,#1311,#1312));
#3905=EDGE_LOOP('',(#1313,#1314,#1315,#1316));
#3906=EDGE_LOOP('',(#1317,#1318,#1319,#1320));
#3907=EDGE_LOOP('',(#1321,#1322,#1323,#1324));
#3908=EDGE_LOOP('',(#1325,#1326,#1327,#1328));
#3909=EDGE_LOOP('',(#1329,#1330,#1331,#1332));
#3910=EDGE_LOOP('',(#1333,#1334,#1335,#1336));
#3911=EDGE_LOOP('',(#1337,#1338,#1339,#1340));
#3912=EDGE_LOOP('',(#1341,#1342,#1343,#1344));
#3913=EDGE_LOOP('',(#1345,#1346,#1347,#1348));
#3914=EDGE_LOOP('',(#1349,#1350,#1351,#1352));
#3915=EDGE_LOOP('',(#1353,#1354,#1355,#1356));
#3916=EDGE_LOOP('',(#1357,#1358,#1359,#1360,#1361,#1362,#1363,#1364,#1365,
#1366,#1367,#1368,#1369,#1370));
#3917=EDGE_LOOP('',(#1371,#1372,#1373,#1374,#1375,#1376,#1377,#1378,#1379,
#1380,#1381,#1382,#1383,#1384));
#3918=EDGE_LOOP('',(#1385,#1386,#1387,#1388));
#3919=EDGE_LOOP('',(#1389,#1390,#1391,#1392));
#3920=EDGE_LOOP('',(#1393,#1394,#1395,#1396));
#3921=EDGE_LOOP('',(#1397,#1398,#1399,#1400));
#3922=EDGE_LOOP('',(#1401,#1402,#1403,#1404));
#3923=EDGE_LOOP('',(#1405,#1406,#1407,#1408));
#3924=EDGE_LOOP('',(#1409,#1410,#1411,#1412));
#3925=EDGE_LOOP('',(#1413,#1414,#1415,#1416));
#3926=EDGE_LOOP('',(#1417,#1418,#1419,#1420));
#3927=EDGE_LOOP('',(#1421,#1422,#1423,#1424));
#3928=EDGE_LOOP('',(#1425,#1426,#1427,#1428));
#3929=EDGE_LOOP('',(#1429,#1430,#1431,#1432));
#3930=EDGE_LOOP('',(#1433,#1434,#1435,#1436));
#3931=EDGE_LOOP('',(#1437,#1438,#1439,#1440));
#3932=EDGE_LOOP('',(#1441,#1442,#1443,#1444));
#3933=EDGE_LOOP('',(#1445,#1446,#1447,#1448,#1449,#1450,#1451,#1452,#1453,
#1454));
#3934=EDGE_LOOP('',(#1455,#1456,#1457,#1458));
#3935=EDGE_LOOP('',(#1459,#1460,#1461,#1462));
#3936=EDGE_LOOP('',(#1463,#1464,#1465,#1466));
#3937=EDGE_LOOP('',(#1467,#1468,#1469,#1470));
#3938=EDGE_LOOP('',(#1471,#1472,#1473,#1474));
#3939=EDGE_LOOP('',(#1475,#1476,#1477,#1478));
#3940=EDGE_LOOP('',(#1479,#1480,#1481,#1482));
#3941=EDGE_LOOP('',(#1483,#1484,#1485,#1486));
#3942=EDGE_LOOP('',(#1487,#1488,#1489,#1490));
#3943=EDGE_LOOP('',(#1491,#1492,#1493,#1494));
#3944=EDGE_LOOP('',(#1495,#1496,#1497,#1498,#1499,#1500,#1501,#1502,#1503,
#1504));
#3945=EDGE_LOOP('',(#1505,#1506,#1507,#1508));
#3946=EDGE_LOOP('',(#1509,#1510,#1511,#1512));
#3947=EDGE_LOOP('',(#1513,#1514,#1515,#1516));
#3948=EDGE_LOOP('',(#1517,#1518,#1519,#1520));
#3949=EDGE_LOOP('',(#1521,#1522,#1523,#1524));
#3950=EDGE_LOOP('',(#1525,#1526,#1527,#1528));
#3951=EDGE_LOOP('',(#1529,#1530,#1531,#1532));
#3952=EDGE_LOOP('',(#1533,#1534,#1535,#1536));
#3953=EDGE_LOOP('',(#1537,#1538,#1539,#1540));
#3954=EDGE_LOOP('',(#1541,#1542,#1543,#1544));
#3955=EDGE_LOOP('',(#1545,#1546,#1547,#1548));
#3956=EDGE_LOOP('',(#1549,#1550,#1551,#1552));
#3957=EDGE_LOOP('',(#1553,#1554,#1555,#1556));
#3958=EDGE_LOOP('',(#1557,#1558,#1559,#1560));
#3959=EDGE_LOOP('',(#1561,#1562,#1563,#1564));
#3960=EDGE_LOOP('',(#1565,#1566,#1567,#1568));
#3961=EDGE_LOOP('',(#1569,#1570,#1571,#1572));
#3962=EDGE_LOOP('',(#1573,#1574,#1575,#1576));
#3963=EDGE_LOOP('',(#1577,#1578,#1579,#1580));
#3964=EDGE_LOOP('',(#1581,#1582,#1583,#1584));
#3965=EDGE_LOOP('',(#1585,#1586,#1587,#1588));
#3966=EDGE_LOOP('',(#1589,#1590,#1591,#1592));
#3967=EDGE_LOOP('',(#1593,#1594,#1595,#1596));
#3968=EDGE_LOOP('',(#1597,#1598,#1599,#1600));
#3969=EDGE_LOOP('',(#1601,#1602,#1603,#1604));
#3970=EDGE_LOOP('',(#1605,#1606,#1607,#1608));
#3971=EDGE_LOOP('',(#1609,#1610,#1611,#1612));
#3972=EDGE_LOOP('',(#1613,#1614,#1615,#1616));
#3973=EDGE_LOOP('',(#1617,#1618,#1619,#1620,#1621,#1622,#1623,#1624,#1625,
#1626,#1627,#1628,#1629,#1630));
#3974=EDGE_LOOP('',(#1631,#1632,#1633,#1634,#1635,#1636,#1637,#1638,#1639,
#1640,#1641,#1642,#1643,#1644));
#3975=EDGE_LOOP('',(#1645,#1646,#1647,#1648,#1649,#1650,#1651,#1652,#1653,
#1654,#1655,#1656,#1657,#1658));
#3976=EDGE_LOOP('',(#1659,#1660,#1661,#1662,#1663,#1664,#1665,#1666,#1667,
#1668,#1669,#1670,#1671,#1672));
#3977=FACE_BOUND('',#3644,.T.);
#3978=FACE_BOUND('',#3645,.T.);
#3979=FACE_BOUND('',#3646,.T.);
#3980=FACE_BOUND('',#3647,.T.);
#3981=FACE_BOUND('',#3648,.T.);
#3982=FACE_BOUND('',#3649,.T.);
#3983=FACE_BOUND('',#3650,.T.);
#3984=FACE_BOUND('',#3651,.T.);
#3985=FACE_BOUND('',#3652,.T.);
#3986=FACE_BOUND('',#3653,.T.);
#3987=FACE_BOUND('',#3654,.T.);
#3988=FACE_BOUND('',#3655,.T.);
#3989=FACE_BOUND('',#3656,.T.);
#3990=FACE_BOUND('',#3657,.T.);
#3991=FACE_BOUND('',#3658,.T.);
#3992=FACE_BOUND('',#3659,.T.);
#3993=FACE_BOUND('',#3660,.T.);
#3994=FACE_BOUND('',#3661,.T.);
#3995=FACE_BOUND('',#3662,.T.);
#3996=FACE_BOUND('',#3663,.T.);
#3997=FACE_BOUND('',#3664,.T.);
#3998=FACE_BOUND('',#3665,.T.);
#3999=FACE_BOUND('',#3666,.T.);
#4000=FACE_BOUND('',#3667,.T.);
#4001=FACE_BOUND('',#3668,.T.);
#4002=FACE_BOUND('',#3669,.T.);
#4003=FACE_BOUND('',#3670,.T.);
#4004=FACE_BOUND('',#3671,.T.);
#4005=FACE_BOUND('',#3672,.T.);
#4006=FACE_BOUND('',#3673,.T.);
#4007=FACE_BOUND('',#3674,.T.);
#4008=FACE_BOUND('',#3675,.T.);
#4009=FACE_BOUND('',#3676,.T.);
#4010=FACE_BOUND('',#3677,.T.);
#4011=FACE_BOUND('',#3678,.T.);
#4012=FACE_BOUND('',#3679,.T.);
#4013=FACE_BOUND('',#3680,.T.);
#4014=FACE_BOUND('',#3681,.T.);
#4015=FACE_BOUND('',#3682,.T.);
#4016=FACE_BOUND('',#3683,.T.);
#4017=FACE_BOUND('',#3684,.T.);
#4018=FACE_BOUND('',#3685,.T.);
#4019=FACE_BOUND('',#3686,.T.);
#4020=FACE_BOUND('',#3687,.T.);
#4021=FACE_BOUND('',#3688,.T.);
#4022=FACE_BOUND('',#3689,.T.);
#4023=FACE_BOUND('',#3690,.T.);
#4024=FACE_BOUND('',#3691,.T.);
#4025=FACE_BOUND('',#3692,.T.);
#4026=FACE_BOUND('',#3693,.T.);
#4027=FACE_BOUND('',#3694,.T.);
#4028=FACE_BOUND('',#3695,.T.);
#4029=FACE_BOUND('',#3696,.T.);
#4030=FACE_BOUND('',#3697,.T.);
#4031=FACE_BOUND('',#3698,.T.);
#4032=FACE_BOUND('',#3699,.T.);
#4033=FACE_BOUND('',#3700,.T.);
#4034=FACE_BOUND('',#3701,.T.);
#4035=FACE_BOUND('',#3702,.T.);
#4036=FACE_BOUND('',#3703,.T.);
#4037=FACE_BOUND('',#3704,.T.);
#4038=FACE_BOUND('',#3705,.T.);
#4039=FACE_BOUND('',#3706,.T.);
#4040=FACE_BOUND('',#3707,.T.);
#4041=FACE_BOUND('',#3708,.T.);
#4042=FACE_BOUND('',#3709,.T.);
#4043=FACE_BOUND('',#3710,.T.);
#4044=FACE_BOUND('',#3711,.T.);
#4045=FACE_BOUND('',#3712,.T.);
#4046=FACE_BOUND('',#3713,.T.);
#4047=FACE_BOUND('',#3714,.T.);
#4048=FACE_BOUND('',#3715,.T.);
#4049=FACE_BOUND('',#3716,.T.);
#4050=FACE_BOUND('',#3717,.T.);
#4051=FACE_BOUND('',#3718,.T.);
#4052=FACE_BOUND('',#3719,.T.);
#4053=FACE_BOUND('',#3720,.T.);
#4054=FACE_BOUND('',#3721,.T.);
#4055=FACE_BOUND('',#3722,.T.);
#4056=FACE_BOUND('',#3723,.T.);
#4057=FACE_BOUND('',#3724,.T.);
#4058=FACE_BOUND('',#3725,.T.);
#4059=FACE_BOUND('',#3726,.T.);
#4060=FACE_BOUND('',#3727,.T.);
#4061=FACE_BOUND('',#3728,.T.);
#4062=FACE_BOUND('',#3729,.T.);
#4063=FACE_BOUND('',#3730,.T.);
#4064=FACE_BOUND('',#3731,.T.);
#4065=FACE_BOUND('',#3732,.T.);
#4066=FACE_BOUND('',#3733,.T.);
#4067=FACE_BOUND('',#3734,.T.);
#4068=FACE_BOUND('',#3735,.T.);
#4069=FACE_BOUND('',#3736,.T.);
#4070=FACE_BOUND('',#3737,.T.);
#4071=FACE_BOUND('',#3738,.T.);
#4072=FACE_BOUND('',#3739,.T.);
#4073=FACE_BOUND('',#3740,.T.);
#4074=FACE_BOUND('',#3741,.T.);
#4075=FACE_BOUND('',#3742,.T.);
#4076=FACE_BOUND('',#3743,.T.);
#4077=FACE_BOUND('',#3744,.T.);
#4078=FACE_BOUND('',#3745,.T.);
#4079=FACE_BOUND('',#3746,.T.);
#4080=FACE_BOUND('',#3747,.T.);
#4081=FACE_BOUND('',#3748,.T.);
#4082=FACE_BOUND('',#3749,.T.);
#4083=FACE_BOUND('',#3750,.T.);
#4084=FACE_BOUND('',#3751,.T.);
#4085=FACE_BOUND('',#3752,.T.);
#4086=FACE_BOUND('',#3753,.T.);
#4087=FACE_BOUND('',#3754,.T.);
#4088=FACE_BOUND('',#3755,.T.);
#4089=FACE_BOUND('',#3756,.T.);
#4090=FACE_BOUND('',#3757,.T.);
#4091=FACE_BOUND('',#3758,.T.);
#4092=FACE_BOUND('',#3759,.T.);
#4093=FACE_BOUND('',#3760,.T.);
#4094=FACE_BOUND('',#3761,.T.);
#4095=FACE_BOUND('',#3762,.T.);
#4096=FACE_BOUND('',#3763,.T.);
#4097=FACE_BOUND('',#3764,.T.);
#4098=FACE_BOUND('',#3765,.T.);
#4099=FACE_BOUND('',#3766,.T.);
#4100=FACE_BOUND('',#3767,.T.);
#4101=FACE_BOUND('',#3768,.T.);
#4102=FACE_BOUND('',#3769,.T.);
#4103=FACE_BOUND('',#3770,.T.);
#4104=FACE_BOUND('',#3771,.T.);
#4105=FACE_BOUND('',#3772,.T.);
#4106=FACE_BOUND('',#3773,.T.);
#4107=FACE_BOUND('',#3774,.T.);
#4108=FACE_BOUND('',#3775,.T.);
#4109=FACE_BOUND('',#3776,.T.);
#4110=FACE_BOUND('',#3777,.T.);
#4111=FACE_BOUND('',#3778,.T.);
#4112=FACE_BOUND('',#3779,.T.);
#4113=FACE_BOUND('',#3780,.T.);
#4114=FACE_BOUND('',#3781,.T.);
#4115=FACE_BOUND('',#3782,.T.);
#4116=FACE_BOUND('',#3783,.T.);
#4117=FACE_BOUND('',#3784,.T.);
#4118=FACE_BOUND('',#3785,.T.);
#4119=FACE_BOUND('',#3786,.T.);
#4120=FACE_BOUND('',#3787,.T.);
#4121=FACE_BOUND('',#3788,.T.);
#4122=FACE_BOUND('',#3789,.T.);
#4123=FACE_BOUND('',#3790,.T.);
#4124=FACE_BOUND('',#3791,.T.);
#4125=FACE_BOUND('',#3792,.T.);
#4126=FACE_BOUND('',#3793,.T.);
#4127=FACE_BOUND('',#3794,.T.);
#4128=FACE_BOUND('',#3795,.T.);
#4129=FACE_BOUND('',#3796,.T.);
#4130=FACE_BOUND('',#3797,.T.);
#4131=FACE_BOUND('',#3798,.T.);
#4132=FACE_BOUND('',#3799,.T.);
#4133=FACE_BOUND('',#3800,.T.);
#4134=FACE_BOUND('',#3801,.T.);
#4135=FACE_BOUND('',#3802,.T.);
#4136=FACE_BOUND('',#3803,.T.);
#4137=FACE_BOUND('',#3804,.T.);
#4138=FACE_BOUND('',#3805,.T.);
#4139=FACE_BOUND('',#3806,.T.);
#4140=FACE_BOUND('',#3807,.T.);
#4141=FACE_BOUND('',#3808,.T.);
#4142=FACE_BOUND('',#3809,.T.);
#4143=FACE_BOUND('',#3810,.T.);
#4144=FACE_BOUND('',#3811,.T.);
#4145=FACE_BOUND('',#3812,.T.);
#4146=FACE_BOUND('',#3813,.T.);
#4147=FACE_BOUND('',#3814,.T.);
#4148=FACE_BOUND('',#3815,.T.);
#4149=FACE_BOUND('',#3816,.T.);
#4150=FACE_BOUND('',#3817,.T.);
#4151=FACE_BOUND('',#3818,.T.);
#4152=FACE_BOUND('',#3819,.T.);
#4153=FACE_BOUND('',#3820,.T.);
#4154=FACE_BOUND('',#3821,.T.);
#4155=FACE_BOUND('',#3822,.T.);
#4156=FACE_BOUND('',#3823,.T.);
#4157=FACE_BOUND('',#3824,.T.);
#4158=FACE_BOUND('',#3825,.T.);
#4159=FACE_BOUND('',#3826,.T.);
#4160=FACE_BOUND('',#3827,.T.);
#4161=FACE_BOUND('',#3828,.T.);
#4162=FACE_BOUND('',#3829,.T.);
#4163=FACE_BOUND('',#3830,.T.);
#4164=FACE_BOUND('',#3831,.T.);
#4165=FACE_BOUND('',#3832,.T.);
#4166=FACE_BOUND('',#3833,.T.);
#4167=FACE_BOUND('',#3834,.T.);
#4168=FACE_BOUND('',#3835,.T.);
#4169=FACE_BOUND('',#3836,.T.);
#4170=FACE_BOUND('',#3837,.T.);
#4171=FACE_BOUND('',#3838,.T.);
#4172=FACE_BOUND('',#3839,.T.);
#4173=FACE_BOUND('',#3840,.T.);
#4174=FACE_BOUND('',#3841,.T.);
#4175=FACE_BOUND('',#3842,.T.);
#4176=FACE_BOUND('',#3843,.T.);
#4177=FACE_BOUND('',#3844,.T.);
#4178=FACE_BOUND('',#3845,.T.);
#4179=FACE_BOUND('',#3846,.T.);
#4180=FACE_BOUND('',#3847,.T.);
#4181=FACE_BOUND('',#3848,.T.);
#4182=FACE_BOUND('',#3849,.T.);
#4183=FACE_BOUND('',#3850,.T.);
#4184=FACE_BOUND('',#3851,.T.);
#4185=FACE_BOUND('',#3852,.T.);
#4186=FACE_BOUND('',#3853,.T.);
#4187=FACE_BOUND('',#3854,.T.);
#4188=FACE_BOUND('',#3855,.T.);
#4189=FACE_BOUND('',#3856,.T.);
#4190=FACE_BOUND('',#3857,.T.);
#4191=FACE_BOUND('',#3858,.T.);
#4192=FACE_BOUND('',#3859,.T.);
#4193=FACE_BOUND('',#3860,.T.);
#4194=FACE_BOUND('',#3861,.T.);
#4195=FACE_BOUND('',#3862,.T.);
#4196=FACE_BOUND('',#3863,.T.);
#4197=FACE_BOUND('',#3864,.T.);
#4198=FACE_BOUND('',#3865,.T.);
#4199=FACE_BOUND('',#3866,.T.);
#4200=FACE_BOUND('',#3867,.T.);
#4201=FACE_BOUND('',#3868,.T.);
#4202=FACE_BOUND('',#3869,.T.);
#4203=FACE_BOUND('',#3870,.T.);
#4204=FACE_BOUND('',#3871,.T.);
#4205=FACE_BOUND('',#3872,.T.);
#4206=FACE_BOUND('',#3873,.T.);
#4207=FACE_BOUND('',#3874,.T.);
#4208=FACE_BOUND('',#3875,.T.);
#4209=FACE_BOUND('',#3876,.T.);
#4210=FACE_BOUND('',#3877,.T.);
#4211=FACE_BOUND('',#3878,.T.);
#4212=FACE_BOUND('',#3879,.T.);
#4213=FACE_BOUND('',#3880,.T.);
#4214=FACE_BOUND('',#3881,.T.);
#4215=FACE_BOUND('',#3882,.T.);
#4216=FACE_BOUND('',#3883,.T.);
#4217=FACE_BOUND('',#3884,.T.);
#4218=FACE_BOUND('',#3885,.T.);
#4219=FACE_BOUND('',#3886,.T.);
#4220=FACE_BOUND('',#3887,.T.);
#4221=FACE_BOUND('',#3888,.T.);
#4222=FACE_BOUND('',#3889,.T.);
#4223=FACE_BOUND('',#3890,.T.);
#4224=FACE_BOUND('',#3891,.T.);
#4225=FACE_BOUND('',#3892,.T.);
#4226=FACE_BOUND('',#3893,.T.);
#4227=FACE_BOUND('',#3894,.T.);
#4228=FACE_BOUND('',#3895,.T.);
#4229=FACE_BOUND('',#3896,.T.);
#4230=FACE_BOUND('',#3897,.T.);
#4231=FACE_BOUND('',#3898,.T.);
#4232=FACE_BOUND('',#3899,.T.);
#4233=FACE_BOUND('',#3900,.T.);
#4234=FACE_BOUND('',#3901,.T.);
#4235=FACE_BOUND('',#3902,.T.);
#4236=FACE_BOUND('',#3903,.T.);
#4237=FACE_BOUND('',#3904,.T.);
#4238=FACE_BOUND('',#3905,.T.);
#4239=FACE_BOUND('',#3906,.T.);
#4240=FACE_BOUND('',#3907,.T.);
#4241=FACE_BOUND('',#3908,.T.);
#4242=FACE_BOUND('',#3909,.T.);
#4243=FACE_BOUND('',#3910,.T.);
#4244=FACE_BOUND('',#3911,.T.);
#4245=FACE_BOUND('',#3912,.T.);
#4246=FACE_BOUND('',#3913,.T.);
#4247=FACE_BOUND('',#3914,.T.);
#4248=FACE_BOUND('',#3915,.T.);
#4249=FACE_BOUND('',#3916,.T.);
#4250=FACE_BOUND('',#3917,.T.);
#4251=FACE_BOUND('',#3918,.T.);
#4252=FACE_BOUND('',#3919,.T.);
#4253=FACE_BOUND('',#3920,.T.);
#4254=FACE_BOUND('',#3921,.T.);
#4255=FACE_BOUND('',#3922,.T.);
#4256=FACE_BOUND('',#3923,.T.);
#4257=FACE_BOUND('',#3924,.T.);
#4258=FACE_BOUND('',#3925,.T.);
#4259=FACE_BOUND('',#3926,.T.);
#4260=FACE_BOUND('',#3927,.T.);
#4261=FACE_BOUND('',#3928,.T.);
#4262=FACE_BOUND('',#3929,.T.);
#4263=FACE_BOUND('',#3930,.T.);
#4264=FACE_BOUND('',#3931,.T.);
#4265=FACE_BOUND('',#3932,.T.);
#4266=FACE_BOUND('',#3933,.T.);
#4267=FACE_BOUND('',#3934,.T.);
#4268=FACE_BOUND('',#3935,.T.);
#4269=FACE_BOUND('',#3936,.T.);
#4270=FACE_BOUND('',#3937,.T.);
#4271=FACE_BOUND('',#3938,.T.);
#4272=FACE_BOUND('',#3939,.T.);
#4273=FACE_BOUND('',#3940,.T.);
#4274=FACE_BOUND('',#3941,.T.);
#4275=FACE_BOUND('',#3942,.T.);
#4276=FACE_BOUND('',#3943,.T.);
#4277=FACE_BOUND('',#3944,.T.);
#4278=FACE_BOUND('',#3945,.T.);
#4279=FACE_BOUND('',#3946,.T.);
#4280=FACE_BOUND('',#3947,.T.);
#4281=FACE_BOUND('',#3948,.T.);
#4282=FACE_BOUND('',#3949,.T.);
#4283=FACE_BOUND('',#3950,.T.);
#4284=FACE_BOUND('',#3951,.T.);
#4285=FACE_BOUND('',#3952,.T.);
#4286=FACE_BOUND('',#3953,.T.);
#4287=FACE_BOUND('',#3954,.T.);
#4288=FACE_BOUND('',#3955,.T.);
#4289=FACE_BOUND('',#3956,.T.);
#4290=FACE_BOUND('',#3957,.T.);
#4291=FACE_BOUND('',#3958,.T.);
#4292=FACE_BOUND('',#3959,.T.);
#4293=FACE_BOUND('',#3960,.T.);
#4294=FACE_BOUND('',#3961,.T.);
#4295=FACE_BOUND('',#3962,.T.);
#4296=FACE_BOUND('',#3963,.T.);
#4297=FACE_BOUND('',#3964,.T.);
#4298=FACE_BOUND('',#3965,.T.);
#4299=FACE_BOUND('',#3966,.T.);
#4300=FACE_BOUND('',#3967,.T.);
#4301=FACE_BOUND('',#3968,.T.);
#4302=FACE_BOUND('',#3969,.T.);
#4303=FACE_BOUND('',#3970,.T.);
#4304=FACE_BOUND('',#3971,.T.);
#4305=FACE_BOUND('',#3972,.T.);
#4306=FACE_BOUND('',#3973,.T.);
#4307=FACE_BOUND('',#3974,.T.);
#4308=FACE_BOUND('',#3975,.T.);
#4309=FACE_BOUND('',#3976,.T.);
#4310=PLANE('',#5015);
#4311=PLANE('',#5028);
#4312=PLANE('',#5031);
#4313=PLANE('',#5034);
#4314=PLANE('',#5037);
#4315=PLANE('',#5038);
#4316=PLANE('',#5039);
#4317=PLANE('',#5040);
#4318=PLANE('',#5065);
#4319=PLANE('',#5079);
#4320=PLANE('',#5082);
#4321=PLANE('',#5085);
#4322=PLANE('',#5088);
#4323=PLANE('',#5091);
#4324=PLANE('',#5092);
#4325=PLANE('',#5093);
#4326=PLANE('',#5094);
#4327=PLANE('',#5097);
#4328=PLANE('',#5098);
#4329=PLANE('',#5099);
#4330=PLANE('',#5100);
#4331=PLANE('',#5101);
#4332=PLANE('',#5102);
#4333=PLANE('',#5103);
#4334=PLANE('',#5104);
#4335=PLANE('',#5105);
#4336=PLANE('',#5110);
#4337=PLANE('',#5111);
#4338=PLANE('',#5114);
#4339=PLANE('',#5115);
#4340=PLANE('',#5120);
#4341=PLANE('',#5129);
#4342=PLANE('',#5130);
#4343=PLANE('',#5132);
#4344=PLANE('',#5134);
#4345=PLANE('',#5135);
#4346=PLANE('',#5136);
#4347=PLANE('',#5139);
#4348=PLANE('',#5140);
#4349=PLANE('',#5141);
#4350=PLANE('',#5142);
#4351=PLANE('',#5143);
#4352=PLANE('',#5144);
#4353=PLANE('',#5145);
#4354=PLANE('',#5169);
#4355=PLANE('',#5170);
#4356=PLANE('',#5184);
#4357=PLANE('',#5185);
#4358=PLANE('',#5186);
#4359=PLANE('',#5187);
#4360=PLANE('',#5188);
#4361=PLANE('',#5189);
#4362=PLANE('',#5190);
#4363=PLANE('',#5199);
#4364=PLANE('',#5204);
#4365=PLANE('',#5209);
#4366=PLANE('',#5220);
#4367=PLANE('',#5221);
#4368=PLANE('',#5222);
#4369=PLANE('',#5223);
#4370=PLANE('',#5226);
#4371=PLANE('',#5227);
#4372=PLANE('',#5228);
#4373=PLANE('',#5229);
#4374=PLANE('',#5230);
#4375=PLANE('',#5231);
#4376=PLANE('',#5232);
#4377=PLANE('',#5233);
#4378=PLANE('',#5234);
#4379=PLANE('',#5235);
#4380=PLANE('',#5236);
#4381=PLANE('',#5237);
#4382=PLANE('',#5238);
#4383=PLANE('',#5239);
#4384=PLANE('',#5240);
#4385=PLANE('',#5241);
#4386=PLANE('',#5242);
#4387=PLANE('',#5243);
#4388=PLANE('',#5244);
#4389=PLANE('',#5247);
#4390=PLANE('',#5248);
#4391=PLANE('',#5249);
#4392=PLANE('',#5250);
#4393=PLANE('',#5252);
#4394=PLANE('',#5273);
#4395=PLANE('',#5274);
#4396=PLANE('',#5279);
#4397=PLANE('',#5290);
#4398=PLANE('',#5291);
#4399=PLANE('',#5292);
#4400=PLANE('',#5293);
#4401=PLANE('',#5294);
#4402=PLANE('',#5295);
#4403=PLANE('',#5296);
#4404=PLANE('',#5297);
#4405=PLANE('',#5298);
#4406=PLANE('',#5299);
#4407=PLANE('',#5300);
#4408=PLANE('',#5304);
#4409=PLANE('',#5311);
#4410=PLANE('',#5315);
#4411=PLANE('',#5318);
#4412=PLANE('',#5319);
#4413=PLANE('',#5320);
#4414=PLANE('',#5321);
#4415=PLANE('',#5322);
#4416=PLANE('',#5323);
#4417=PLANE('',#5324);
#4418=PLANE('',#5325);
#4419=PLANE('',#5326);
#4420=PLANE('',#5327);
#4421=PLANE('',#5328);
#4422=PLANE('',#5329);
#4423=PLANE('',#5330);
#4424=PLANE('',#5331);
#4425=PLANE('',#5332);
#4426=PLANE('',#5333);
#4427=PLANE('',#5334);
#4428=PLANE('',#5335);
#4429=PLANE('',#5336);
#4430=PLANE('',#5337);
#4431=PLANE('',#5338);
#4432=PLANE('',#5339);
#4433=PLANE('',#5340);
#4434=PLANE('',#5341);
#4435=PLANE('',#5342);
#4436=PLANE('',#5343);
#4437=PLANE('',#5344);
#4438=PLANE('',#5345);
#4439=PLANE('',#5346);
#4440=PLANE('',#5350);
#4441=PLANE('',#5357);
#4442=PLANE('',#5361);
#4443=PLANE('',#5364);
#4444=PLANE('',#5365);
#4445=PLANE('',#5366);
#4446=PLANE('',#5367);
#4447=OVER_RIDING_STYLED_ITEM('',(#4746),#4490,#4744);
#4448=OVER_RIDING_STYLED_ITEM('',(#4747),#4507,#4744);
#4449=OVER_RIDING_STYLED_ITEM('',(#4748),#4508,#4744);
#4450=OVER_RIDING_STYLED_ITEM('',(#4749),#4509,#4744);
#4451=OVER_RIDING_STYLED_ITEM('',(#4750),#4553,#4744);
#4452=OVER_RIDING_STYLED_ITEM('',(#4751),#4589,#4744);
#4453=OVER_RIDING_STYLED_ITEM('',(#4752),#4590,#4744);
#4454=OVER_RIDING_STYLED_ITEM('',(#4753),#4591,#4744);
#4455=OVER_RIDING_STYLED_ITEM('',(#4754),#4592,#4744);
#4456=OVER_RIDING_STYLED_ITEM('',(#4755),#4593,#4744);
#4457=OVER_RIDING_STYLED_ITEM('',(#4756),#4594,#4744);
#4458=OVER_RIDING_STYLED_ITEM('',(#4757),#4595,#4744);
#4459=OVER_RIDING_STYLED_ITEM('',(#4758),#4596,#4744);
#4460=OVER_RIDING_STYLED_ITEM('',(#4759),#4597,#4744);
#4461=OVER_RIDING_STYLED_ITEM('',(#4760),#4598,#4744);
#4462=OVER_RIDING_STYLED_ITEM('',(#4761),#4599,#4744);
#4463=OVER_RIDING_STYLED_ITEM('',(#4762),#4600,#4744);
#4464=OVER_RIDING_STYLED_ITEM('',(#4763),#4601,#4744);
#4465=OVER_RIDING_STYLED_ITEM('',(#4764),#4602,#4744);
#4466=OVER_RIDING_STYLED_ITEM('',(#4765),#4603,#4744);
#4467=OVER_RIDING_STYLED_ITEM('',(#4766),#4604,#4744);
#4468=OVER_RIDING_STYLED_ITEM('',(#4767),#4605,#4744);
#4469=OVER_RIDING_STYLED_ITEM('',(#4768),#4606,#4744);
#4470=OVER_RIDING_STYLED_ITEM('',(#4769),#4607,#4744);
#4471=OVER_RIDING_STYLED_ITEM('',(#4770),#4608,#4744);
#4472=OVER_RIDING_STYLED_ITEM('',(#4771),#4609,#4744);
#4473=OVER_RIDING_STYLED_ITEM('',(#4772),#4610,#4744);
#4474=OVER_RIDING_STYLED_ITEM('',(#4773),#4611,#4744);
#4475=OVER_RIDING_STYLED_ITEM('',(#4774),#4612,#4744);
#4476=OVER_RIDING_STYLED_ITEM('',(#4775),#4613,#4744);
#4477=OVER_RIDING_STYLED_ITEM('',(#4776),#4614,#4744);
#4478=OVER_RIDING_STYLED_ITEM('',(#4777),#4615,#4744);
#4479=OVER_RIDING_STYLED_ITEM('',(#4778),#4616,#4744);
#4480=OVER_RIDING_STYLED_ITEM('',(#4779),#4627,#4744);
#4481=OVER_RIDING_STYLED_ITEM('',(#4780),#4628,#4744);
#4482=OVER_RIDING_STYLED_ITEM('',(#4781),#4629,#4744);
#4483=OVER_RIDING_STYLED_ITEM('',(#4782),#4630,#4744);
#4484=OVER_RIDING_STYLED_ITEM('',(#4783),#4631,#4744);
#4485=OVER_RIDING_STYLED_ITEM('',(#4784),#4632,#4744);
#4486=OVER_RIDING_STYLED_ITEM('',(#4785),#4633,#4744);
#4487=OVER_RIDING_STYLED_ITEM('',(#4786),#4634,#4744);
#4488=OVER_RIDING_STYLED_ITEM('',(#4787),#4741,#4744);
#4489=OVER_RIDING_STYLED_ITEM('',(#4788),#4742,#4744);
#4490=ADVANCED_FACE('Face appearance 15',(#3977,#3978,#3979,#3980,#3981,
#3982,#3983,#3984,#3985,#3986,#3987,#3988,#3989),#4310,.T.);
#4491=ADVANCED_FACE('',(#3990),#4311,.T.);
#4492=ADVANCED_FACE('',(#3991),#4312,.T.);
#4493=ADVANCED_FACE('',(#3992),#4313,.T.);
#4494=ADVANCED_FACE('',(#3993),#4314,.T.);
#4495=ADVANCED_FACE('',(#3994),#4315,.F.);
#4496=ADVANCED_FACE('',(#3995),#4316,.F.);
#4497=ADVANCED_FACE('',(#3996),#4317,.T.);
#4498=ADVANCED_FACE('',(#3997),#75,.T.);
#4499=ADVANCED_FACE('',(#3998),#71,.T.);
#4500=ADVANCED_FACE('',(#3999),#72,.T.);
#4501=ADVANCED_FACE('',(#4000),#76,.T.);
#4502=ADVANCED_FACE('',(#4001),#77,.T.);
#4503=ADVANCED_FACE('',(#4002),#73,.T.);
#4504=ADVANCED_FACE('',(#4003),#74,.T.);
#4505=ADVANCED_FACE('',(#4004),#78,.T.);
#4506=ADVANCED_FACE('',(#4005,#4006,#4007,#4008,#4009,#4010,#4011,#4012),
#4318,.T.);
#4507=ADVANCED_FACE('Face appearance 15',(#4013),#79,.F.);
#4508=ADVANCED_FACE('Face appearance 15',(#4014,#4015),#80,.F.);
#4509=ADVANCED_FACE('Face appearance 15',(#4016,#4017),#81,.F.);
#4510=ADVANCED_FACE('',(#4018),#4319,.T.);
#4511=ADVANCED_FACE('',(#4019,#4020),#4320,.F.);
#4512=ADVANCED_FACE('',(#4021,#4022),#4321,.F.);
#4513=ADVANCED_FACE('',(#4023,#4024),#4322,.F.);
#4514=ADVANCED_FACE('',(#4025),#4323,.F.);
#4515=ADVANCED_FACE('',(#4026),#4324,.F.);
#4516=ADVANCED_FACE('',(#4027),#4325,.F.);
#4517=ADVANCED_FACE('Face appearance 8',(#4028),#4326,.F.);
#4518=ADVANCED_FACE('',(#4029),#4327,.F.);
#4519=ADVANCED_FACE('Face appearance 21',(#4030),#4328,.T.);
#4520=ADVANCED_FACE('Face appearance 8',(#4031),#4329,.F.);
#4521=ADVANCED_FACE('',(#4032),#4330,.T.);
#4522=ADVANCED_FACE('',(#4033),#4331,.F.);
#4523=ADVANCED_FACE('',(#4034),#4332,.F.);
#4524=ADVANCED_FACE('',(#4035),#4333,.F.);
#4525=ADVANCED_FACE('',(#4036),#4334,.F.);
#4526=ADVANCED_FACE('',(#4037),#4335,.F.);
#4527=ADVANCED_FACE('',(#4038),#4336,.F.);
#4528=ADVANCED_FACE('',(#4039),#4337,.F.);
#4529=ADVANCED_FACE('',(#4040),#4338,.F.);
#4530=ADVANCED_FACE('',(#4041,#4042),#4339,.T.);
#4531=ADVANCED_FACE('',(#4043,#4044,#4045,#4046,#4047),#4340,.F.);
#4532=ADVANCED_FACE('',(#4048),#4341,.F.);
#4533=ADVANCED_FACE('',(#4049),#4342,.F.);
#4534=ADVANCED_FACE('Face appearance 10',(#4050),#82,.F.);
#4535=ADVANCED_FACE('Face appearance 10',(#4051),#4343,.F.);
#4536=ADVANCED_FACE('Face appearance 10',(#4052),#83,.F.);
#4537=ADVANCED_FACE('Face appearance 10',(#4053),#4344,.F.);
#4538=ADVANCED_FACE('Face appearance 10',(#4054),#4345,.F.);
#4539=ADVANCED_FACE('Face appearance 10',(#4055),#4346,.F.);
#4540=ADVANCED_FACE('Face appearance 10',(#4056),#84,.F.);
#4541=ADVANCED_FACE('Face appearance 10',(#4057),#85,.F.);
#4542=ADVANCED_FACE('',(#4058),#4347,.T.);
#4543=ADVANCED_FACE('',(#4059),#4348,.F.);
#4544=ADVANCED_FACE('',(#4060),#4349,.F.);
#4545=ADVANCED_FACE('',(#4061),#4350,.T.);
#4546=ADVANCED_FACE('',(#4062),#4351,.F.);
#4547=ADVANCED_FACE('',(#4063),#4352,.F.);
#4548=ADVANCED_FACE('',(#4064),#4353,.T.);
#4549=ADVANCED_FACE('',(#4065,#4066),#86,.F.);
#4550=ADVANCED_FACE('',(#4067,#4068),#87,.F.);
#4551=ADVANCED_FACE('',(#4069,#4070),#88,.F.);
#4552=ADVANCED_FACE('',(#4071,#4072),#89,.F.);
#4553=ADVANCED_FACE('Face appearance 15',(#4073,#4074),#90,.F.);
#4554=ADVANCED_FACE('',(#4075,#4076),#91,.F.);
#4555=ADVANCED_FACE('',(#4077,#4078),#92,.F.);
#4556=ADVANCED_FACE('',(#4079,#4080),#93,.F.);
#4557=ADVANCED_FACE('',(#4081,#4082),#94,.F.);
#4558=ADVANCED_FACE('',(#4083,#4084),#95,.F.);
#4559=ADVANCED_FACE('',(#4085),#4354,.T.);
#4560=ADVANCED_FACE('',(#4086,#4087,#4088,#4089,#4090,#4091,#4092,#4093,
#4094,#4095,#4096,#4097,#4098,#4099),#4355,.F.);
#4561=ADVANCED_FACE('',(#4100),#96,.T.);
#4562=ADVANCED_FACE('',(#4101),#97,.T.);
#4563=ADVANCED_FACE('',(#4102),#98,.T.);
#4564=ADVANCED_FACE('',(#4103),#99,.T.);
#4565=ADVANCED_FACE('',(#4104),#4356,.F.);
#4566=ADVANCED_FACE('',(#4105),#4357,.F.);
#4567=ADVANCED_FACE('',(#4106),#4358,.T.);
#4568=ADVANCED_FACE('',(#4107),#4359,.F.);
#4569=ADVANCED_FACE('',(#4108),#4360,.T.);
#4570=ADVANCED_FACE('',(#4109),#4361,.T.);
#4571=ADVANCED_FACE('',(#4110),#4362,.T.);
#4572=ADVANCED_FACE('',(#4111),#100,.T.);
#4573=ADVANCED_FACE('',(#4112),#101,.T.);
#4574=ADVANCED_FACE('',(#4113,#4114),#102,.F.);
#4575=ADVANCED_FACE('',(#4115,#4116),#103,.T.);
#4576=ADVANCED_FACE('',(#4117,#4118),#4363,.F.);
#4577=ADVANCED_FACE('',(#4119,#4120),#104,.F.);
#4578=ADVANCED_FACE('',(#4121,#4122),#105,.T.);
#4579=ADVANCED_FACE('',(#4123,#4124),#4364,.F.);
#4580=ADVANCED_FACE('',(#4125,#4126),#106,.F.);
#4581=ADVANCED_FACE('',(#4127,#4128),#107,.T.);
#4582=ADVANCED_FACE('',(#4129,#4130),#4365,.F.);
#4583=ADVANCED_FACE('',(#4131,#4132),#51,.T.);
#4584=ADVANCED_FACE('',(#4133,#4134),#52,.T.);
#4585=ADVANCED_FACE('',(#4135,#4136),#53,.T.);
#4586=ADVANCED_FACE('',(#4137,#4138),#54,.T.);
#4587=ADVANCED_FACE('',(#4139,#4140),#55,.T.);
#4588=ADVANCED_FACE('',(#4141,#4142),#56,.T.);
#4589=ADVANCED_FACE('Face appearance 15',(#4143),#4366,.F.);
#4590=ADVANCED_FACE('Face appearance 15',(#4144),#4367,.F.);
#4591=ADVANCED_FACE('Face appearance 15',(#4145),#4368,.F.);
#4592=ADVANCED_FACE('Face appearance 15',(#4146),#4369,.F.);
#4593=ADVANCED_FACE('Face appearance 15',(#4147),#108,.T.);
#4594=ADVANCED_FACE('Face appearance 15',(#4148),#4370,.T.);
#4595=ADVANCED_FACE('Face appearance 15',(#4149),#4371,.T.);
#4596=ADVANCED_FACE('Face appearance 15',(#4150),#4372,.T.);
#4597=ADVANCED_FACE('Face appearance 15',(#4151),#4373,.F.);
#4598=ADVANCED_FACE('Face appearance 15',(#4152),#4374,.F.);
#4599=ADVANCED_FACE('Face appearance 15',(#4153),#4375,.F.);
#4600=ADVANCED_FACE('Face appearance 15',(#4154),#4376,.F.);
#4601=ADVANCED_FACE('Face appearance 15',(#4155),#4377,.T.);
#4602=ADVANCED_FACE('Face appearance 15',(#4156),#4378,.T.);
#4603=ADVANCED_FACE('Face appearance 15',(#4157),#4379,.T.);
#4604=ADVANCED_FACE('Face appearance 15',(#4158),#4380,.T.);
#4605=ADVANCED_FACE('Face appearance 15',(#4159),#4381,.F.);
#4606=ADVANCED_FACE('Face appearance 15',(#4160),#4382,.F.);
#4607=ADVANCED_FACE('Face appearance 15',(#4161),#4383,.F.);
#4608=ADVANCED_FACE('Face appearance 15',(#4162),#4384,.F.);
#4609=ADVANCED_FACE('Face appearance 15',(#4163),#4385,.T.);
#4610=ADVANCED_FACE('Face appearance 15',(#4164),#4386,.F.);
#4611=ADVANCED_FACE('Face appearance 15',(#4165),#4387,.F.);
#4612=ADVANCED_FACE('Face appearance 15',(#4166),#4388,.F.);
#4613=ADVANCED_FACE('Face appearance 15',(#4167),#109,.T.);
#4614=ADVANCED_FACE('Face appearance 15',(#4168),#4389,.T.);
#4615=ADVANCED_FACE('Face appearance 15',(#4169),#4390,.F.);
#4616=ADVANCED_FACE('Face appearance 15',(#4170),#4391,.T.);
#4617=ADVANCED_FACE('',(#4171),#4392,.T.);
#4618=ADVANCED_FACE('',(#4172,#4173),#4393,.T.);
#4619=ADVANCED_FACE('Face appearance 30',(#4174),#110,.T.);
#4620=ADVANCED_FACE('Face appearance 30',(#4175),#111,.T.);
#4621=ADVANCED_FACE('Face appearance 30',(#4176),#112,.T.);
#4622=ADVANCED_FACE('Face appearance 30',(#4177),#113,.T.);
#4623=ADVANCED_FACE('',(#4178),#114,.T.);
#4624=ADVANCED_FACE('',(#4179),#115,.T.);
#4625=ADVANCED_FACE('',(#4180),#116,.T.);
#4626=ADVANCED_FACE('',(#4181),#117,.T.);
#4627=ADVANCED_FACE('Face appearance 15',(#4182),#4394,.F.);
#4628=ADVANCED_FACE('Face appearance 15',(#4183),#12,.F.);
#4629=ADVANCED_FACE('Face appearance 15',(#4184),#4395,.F.);
#4630=ADVANCED_FACE('Face appearance 15',(#4185,#4186),#118,.F.);
#4631=ADVANCED_FACE('Face appearance 15',(#4187,#4188),#119,.F.);
#4632=ADVANCED_FACE('Face appearance 15',(#4189,#4190),#120,.F.);
#4633=ADVANCED_FACE('Face appearance 15',(#4191,#4192),#121,.F.);
#4634=ADVANCED_FACE('Face appearance 15',(#4193),#4396,.F.);
#4635=ADVANCED_FACE('',(#4194),#122,.T.);
#4636=ADVANCED_FACE('',(#4195),#123,.T.);
#4637=ADVANCED_FACE('',(#4196),#124,.T.);
#4638=ADVANCED_FACE('',(#4197),#125,.T.);
#4639=ADVANCED_FACE('',(#4198,#4199),#57,.T.);
#4640=ADVANCED_FACE('',(#4200,#4201),#58,.T.);
#4641=ADVANCED_FACE('',(#4202,#4203),#126,.F.);
#4642=ADVANCED_FACE('',(#4204,#4205),#127,.F.);
#4643=ADVANCED_FACE('',(#4206,#4207),#128,.F.);
#4644=ADVANCED_FACE('',(#4208,#4209),#129,.F.);
#4645=ADVANCED_FACE('',(#4210),#4397,.T.);
#4646=ADVANCED_FACE('',(#4211),#4398,.T.);
#4647=ADVANCED_FACE('',(#4212),#4399,.T.);
#4648=ADVANCED_FACE('',(#4213),#4400,.T.);
#4649=ADVANCED_FACE('',(#4214),#4401,.T.);
#4650=ADVANCED_FACE('',(#4215),#4402,.T.);
#4651=ADVANCED_FACE('',(#4216),#4403,.T.);
#4652=ADVANCED_FACE('',(#4217),#4404,.T.);
#4653=ADVANCED_FACE('',(#4218),#4405,.T.);
#4654=ADVANCED_FACE('',(#4219),#4406,.T.);
#4655=ADVANCED_FACE('',(#4220),#4407,.T.);
#4656=ADVANCED_FACE('',(#4221),#13,.T.);
#4657=ADVANCED_FACE('',(#4222),#14,.T.);
#4658=ADVANCED_FACE('',(#4223),#15,.T.);
#4659=ADVANCED_FACE('',(#4224),#130,.T.);
#4660=ADVANCED_FACE('',(#4225),#4408,.T.);
#4661=ADVANCED_FACE('',(#4226),#131,.T.);
#4662=ADVANCED_FACE('',(#4227),#16,.T.);
#4663=ADVANCED_FACE('',(#4228),#17,.T.);
#4664=ADVANCED_FACE('',(#4229),#18,.T.);
#4665=ADVANCED_FACE('',(#4230),#19,.T.);
#4666=ADVANCED_FACE('',(#4231),#132,.T.);
#4667=ADVANCED_FACE('',(#4232),#4409,.T.);
#4668=ADVANCED_FACE('',(#4233),#133,.T.);
#4669=ADVANCED_FACE('',(#4234),#20,.T.);
#4670=ADVANCED_FACE('',(#4235),#21,.T.);
#4671=ADVANCED_FACE('',(#4236),#22,.T.);
#4672=ADVANCED_FACE('',(#4237),#23,.T.);
#4673=ADVANCED_FACE('',(#4238),#4410,.T.);
#4674=ADVANCED_FACE('',(#4239),#24,.T.);
#4675=ADVANCED_FACE('',(#4240),#134,.F.);
#4676=ADVANCED_FACE('',(#4241),#25,.T.);
#4677=ADVANCED_FACE('',(#4242),#26,.T.);
#4678=ADVANCED_FACE('',(#4243),#27,.T.);
#4679=ADVANCED_FACE('',(#4244),#28,.T.);
#4680=ADVANCED_FACE('',(#4245),#4411,.T.);
#4681=ADVANCED_FACE('',(#4246),#29,.T.);
#4682=ADVANCED_FACE('',(#4247),#30,.T.);
#4683=ADVANCED_FACE('',(#4248),#31,.T.);
#4684=ADVANCED_FACE('',(#4249,#4250),#4412,.T.);
#4685=ADVANCED_FACE('',(#4251),#4413,.T.);
#4686=ADVANCED_FACE('',(#4252),#4414,.T.);
#4687=ADVANCED_FACE('',(#4253),#4415,.T.);
#4688=ADVANCED_FACE('',(#4254),#4416,.T.);
#4689=ADVANCED_FACE('',(#4255),#4417,.T.);
#4690=ADVANCED_FACE('',(#4256),#4418,.T.);
#4691=ADVANCED_FACE('',(#4257),#4419,.T.);
#4692=ADVANCED_FACE('',(#4258),#4420,.T.);
#4693=ADVANCED_FACE('',(#4259),#4421,.T.);
#4694=ADVANCED_FACE('',(#4260),#4422,.T.);
#4695=ADVANCED_FACE('',(#4261),#4423,.T.);
#4696=ADVANCED_FACE('',(#4262),#4424,.T.);
#4697=ADVANCED_FACE('',(#4263),#4425,.T.);
#4698=ADVANCED_FACE('',(#4264),#4426,.T.);
#4699=ADVANCED_FACE('',(#4265),#4427,.T.);
#4700=ADVANCED_FACE('',(#4266),#4428,.T.);
#4701=ADVANCED_FACE('',(#4267),#4429,.T.);
#4702=ADVANCED_FACE('',(#4268),#4430,.T.);
#4703=ADVANCED_FACE('',(#4269),#4431,.T.);
#4704=ADVANCED_FACE('',(#4270),#4432,.T.);
#4705=ADVANCED_FACE('',(#4271),#4433,.T.);
#4706=ADVANCED_FACE('',(#4272),#4434,.T.);
#4707=ADVANCED_FACE('',(#4273),#4435,.T.);
#4708=ADVANCED_FACE('',(#4274),#4436,.T.);
#4709=ADVANCED_FACE('',(#4275),#4437,.T.);
#4710=ADVANCED_FACE('',(#4276),#4438,.T.);
#4711=ADVANCED_FACE('',(#4277),#4439,.T.);
#4712=ADVANCED_FACE('',(#4278),#32,.T.);
#4713=ADVANCED_FACE('',(#4279),#33,.T.);
#4714=ADVANCED_FACE('',(#4280),#34,.T.);
#4715=ADVANCED_FACE('',(#4281),#135,.T.);
#4716=ADVANCED_FACE('',(#4282),#4440,.T.);
#4717=ADVANCED_FACE('',(#4283),#136,.T.);
#4718=ADVANCED_FACE('',(#4284),#35,.T.);
#4719=ADVANCED_FACE('',(#4285),#36,.T.);
#4720=ADVANCED_FACE('',(#4286),#37,.T.);
#4721=ADVANCED_FACE('',(#4287),#38,.T.);
#4722=ADVANCED_FACE('',(#4288),#137,.T.);
#4723=ADVANCED_FACE('',(#4289),#4441,.T.);
#4724=ADVANCED_FACE('',(#4290),#138,.T.);
#4725=ADVANCED_FACE('',(#4291),#39,.T.);
#4726=ADVANCED_FACE('',(#4292),#40,.T.);
#4727=ADVANCED_FACE('',(#4293),#41,.T.);
#4728=ADVANCED_FACE('',(#4294),#42,.T.);
#4729=ADVANCED_FACE('',(#4295),#4442,.T.);
#4730=ADVANCED_FACE('',(#4296),#43,.T.);
#4731=ADVANCED_FACE('',(#4297),#139,.F.);
#4732=ADVANCED_FACE('',(#4298),#44,.T.);
#4733=ADVANCED_FACE('',(#4299),#45,.T.);
#4734=ADVANCED_FACE('',(#4300),#46,.T.);
#4735=ADVANCED_FACE('',(#4301),#47,.T.);
#4736=ADVANCED_FACE('',(#4302),#4443,.T.);
#4737=ADVANCED_FACE('',(#4303),#48,.T.);
#4738=ADVANCED_FACE('',(#4304),#49,.T.);
#4739=ADVANCED_FACE('',(#4305),#50,.T.);
#4740=ADVANCED_FACE('',(#4306,#4307),#4444,.T.);
#4741=ADVANCED_FACE('Face appearance 15',(#4308),#4445,.T.);
#4742=ADVANCED_FACE('Face appearance 15',(#4309),#4446,.T.);
#4743=CLOSED_SHELL('',(#4490,#4491,#4492,#4493,#4494,#4495,#4496,#4497,
#4498,#4499,#4500,#4501,#4502,#4503,#4504,#4505,#4506,#4507,#4508,#4509,
#4510,#4511,#4512,#4513,#4514,#4515,#4516,#4517,#4518,#4519,#4520,#4521,
#4522,#4523,#4524,#4525,#4526,#4527,#4528,#4529,#4530,#4531,#4532,#4533,
#4534,#4535,#4536,#4537,#4538,#4539,#4540,#4541,#4542,#4543,#4544,#4545,
#4546,#4547,#4548,#4549,#4550,#4551,#4552,#4553,#4554,#4555,#4556,#4557,
#4558,#4559,#4560,#4561,#4562,#4563,#4564,#4565,#4566,#4567,#4568,#4569,
#4570,#4571,#4572,#4573,#4574,#4575,#4576,#4577,#4578,#4579,#4580,#4581,
#4582,#4583,#4584,#4585,#4586,#4587,#4588,#4589,#4590,#4591,#4592,#4593,
#4594,#4595,#4596,#4597,#4598,#4599,#4600,#4601,#4602,#4603,#4604,#4605,
#4606,#4607,#4608,#4609,#4610,#4611,#4612,#4613,#4614,#4615,#4616,#4617,
#4618,#4619,#4620,#4621,#4622,#4623,#4624,#4625,#4626,#4627,#4628,#4629,
#4630,#4631,#4632,#4633,#4634,#4635,#4636,#4637,#4638,#4639,#4640,#4641,
#4642,#4643,#4644,#4645,#4646,#4647,#4648,#4649,#4650,#4651,#4652,#4653,
#4654,#4655,#4656,#4657,#4658,#4659,#4660,#4661,#4662,#4663,#4664,#4665,
#4666,#4667,#4668,#4669,#4670,#4671,#4672,#4673,#4674,#4675,#4676,#4677,
#4678,#4679,#4680,#4681,#4682,#4683,#4684,#4685,#4686,#4687,#4688,#4689,
#4690,#4691,#4692,#4693,#4694,#4695,#4696,#4697,#4698,#4699,#4700,#4701,
#4702,#4703,#4704,#4705,#4706,#4707,#4708,#4709,#4710,#4711,#4712,#4713,
#4714,#4715,#4716,#4717,#4718,#4719,#4720,#4721,#4722,#4723,#4724,#4725,
#4726,#4727,#4728,#4729,#4730,#4731,#4732,#4733,#4734,#4735,#4736,#4737,
#4738,#4739,#4740,#4741,#4742));
#4744=STYLED_ITEM('',(#4745),#5011);
#4745=PRESENTATION_STYLE_ASSIGNMENT((#4789));
#4746=PRESENTATION_STYLE_ASSIGNMENT((#4790));
#4747=PRESENTATION_STYLE_ASSIGNMENT((#4791));
#4748=PRESENTATION_STYLE_ASSIGNMENT((#4792));
#4749=PRESENTATION_STYLE_ASSIGNMENT((#4793));
#4750=PRESENTATION_STYLE_ASSIGNMENT((#4794));
#4751=PRESENTATION_STYLE_ASSIGNMENT((#4795));
#4752=PRESENTATION_STYLE_ASSIGNMENT((#4796));
#4753=PRESENTATION_STYLE_ASSIGNMENT((#4797));
#4754=PRESENTATION_STYLE_ASSIGNMENT((#4798));
#4755=PRESENTATION_STYLE_ASSIGNMENT((#4799));
#4756=PRESENTATION_STYLE_ASSIGNMENT((#4800));
#4757=PRESENTATION_STYLE_ASSIGNMENT((#4801));
#4758=PRESENTATION_STYLE_ASSIGNMENT((#4802));
#4759=PRESENTATION_STYLE_ASSIGNMENT((#4803));
#4760=PRESENTATION_STYLE_ASSIGNMENT((#4804));
#4761=PRESENTATION_STYLE_ASSIGNMENT((#4805));
#4762=PRESENTATION_STYLE_ASSIGNMENT((#4806));
#4763=PRESENTATION_STYLE_ASSIGNMENT((#4807));
#4764=PRESENTATION_STYLE_ASSIGNMENT((#4808));
#4765=PRESENTATION_STYLE_ASSIGNMENT((#4809));
#4766=PRESENTATION_STYLE_ASSIGNMENT((#4810));
#4767=PRESENTATION_STYLE_ASSIGNMENT((#4811));
#4768=PRESENTATION_STYLE_ASSIGNMENT((#4812));
#4769=PRESENTATION_STYLE_ASSIGNMENT((#4813));
#4770=PRESENTATION_STYLE_ASSIGNMENT((#4814));
#4771=PRESENTATION_STYLE_ASSIGNMENT((#4815));
#4772=PRESENTATION_STYLE_ASSIGNMENT((#4816));
#4773=PRESENTATION_STYLE_ASSIGNMENT((#4817));
#4774=PRESENTATION_STYLE_ASSIGNMENT((#4818));
#4775=PRESENTATION_STYLE_ASSIGNMENT((#4819));
#4776=PRESENTATION_STYLE_ASSIGNMENT((#4820));
#4777=PRESENTATION_STYLE_ASSIGNMENT((#4821));
#4778=PRESENTATION_STYLE_ASSIGNMENT((#4822));
#4779=PRESENTATION_STYLE_ASSIGNMENT((#4823));
#4780=PRESENTATION_STYLE_ASSIGNMENT((#4824));
#4781=PRESENTATION_STYLE_ASSIGNMENT((#4825));
#4782=PRESENTATION_STYLE_ASSIGNMENT((#4826));
#4783=PRESENTATION_STYLE_ASSIGNMENT((#4827));
#4784=PRESENTATION_STYLE_ASSIGNMENT((#4828));
#4785=PRESENTATION_STYLE_ASSIGNMENT((#4829));
#4786=PRESENTATION_STYLE_ASSIGNMENT((#4830));
#4787=PRESENTATION_STYLE_ASSIGNMENT((#4831));
#4788=PRESENTATION_STYLE_ASSIGNMENT((#4832));
#4789=SURFACE_STYLE_USAGE(.BOTH.,#4833);
#4790=SURFACE_STYLE_USAGE(.BOTH.,#4834);
#4791=SURFACE_STYLE_USAGE(.BOTH.,#4835);
#4792=SURFACE_STYLE_USAGE(.BOTH.,#4836);
#4793=SURFACE_STYLE_USAGE(.BOTH.,#4837);
#4794=SURFACE_STYLE_USAGE(.BOTH.,#4838);
#4795=SURFACE_STYLE_USAGE(.BOTH.,#4839);
#4796=SURFACE_STYLE_USAGE(.BOTH.,#4840);
#4797=SURFACE_STYLE_USAGE(.BOTH.,#4841);
#4798=SURFACE_STYLE_USAGE(.BOTH.,#4842);
#4799=SURFACE_STYLE_USAGE(.BOTH.,#4843);
#4800=SURFACE_STYLE_USAGE(.BOTH.,#4844);
#4801=SURFACE_STYLE_USAGE(.BOTH.,#4845);
#4802=SURFACE_STYLE_USAGE(.BOTH.,#4846);
#4803=SURFACE_STYLE_USAGE(.BOTH.,#4847);
#4804=SURFACE_STYLE_USAGE(.BOTH.,#4848);
#4805=SURFACE_STYLE_USAGE(.BOTH.,#4849);
#4806=SURFACE_STYLE_USAGE(.BOTH.,#4850);
#4807=SURFACE_STYLE_USAGE(.BOTH.,#4851);
#4808=SURFACE_STYLE_USAGE(.BOTH.,#4852);
#4809=SURFACE_STYLE_USAGE(.BOTH.,#4853);
#4810=SURFACE_STYLE_USAGE(.BOTH.,#4854);
#4811=SURFACE_STYLE_USAGE(.BOTH.,#4855);
#4812=SURFACE_STYLE_USAGE(.BOTH.,#4856);
#4813=SURFACE_STYLE_USAGE(.BOTH.,#4857);
#4814=SURFACE_STYLE_USAGE(.BOTH.,#4858);
#4815=SURFACE_STYLE_USAGE(.BOTH.,#4859);
#4816=SURFACE_STYLE_USAGE(.BOTH.,#4860);
#4817=SURFACE_STYLE_USAGE(.BOTH.,#4861);
#4818=SURFACE_STYLE_USAGE(.BOTH.,#4862);
#4819=SURFACE_STYLE_USAGE(.BOTH.,#4863);
#4820=SURFACE_STYLE_USAGE(.BOTH.,#4864);
#4821=SURFACE_STYLE_USAGE(.BOTH.,#4865);
#4822=SURFACE_STYLE_USAGE(.BOTH.,#4866);
#4823=SURFACE_STYLE_USAGE(.BOTH.,#4867);
#4824=SURFACE_STYLE_USAGE(.BOTH.,#4868);
#4825=SURFACE_STYLE_USAGE(.BOTH.,#4869);
#4826=SURFACE_STYLE_USAGE(.BOTH.,#4870);
#4827=SURFACE_STYLE_USAGE(.BOTH.,#4871);
#4828=SURFACE_STYLE_USAGE(.BOTH.,#4872);
#4829=SURFACE_STYLE_USAGE(.BOTH.,#4873);
#4830=SURFACE_STYLE_USAGE(.BOTH.,#4874);
#4831=SURFACE_STYLE_USAGE(.BOTH.,#4875);
#4832=SURFACE_STYLE_USAGE(.BOTH.,#4876);
#4833=SURFACE_SIDE_STYLE('',(#4877));
#4834=SURFACE_SIDE_STYLE('',(#4878));
#4835=SURFACE_SIDE_STYLE('',(#4879));
#4836=SURFACE_SIDE_STYLE('',(#4880));
#4837=SURFACE_SIDE_STYLE('',(#4881));
#4838=SURFACE_SIDE_STYLE('',(#4882));
#4839=SURFACE_SIDE_STYLE('',(#4883));
#4840=SURFACE_SIDE_STYLE('',(#4884));
#4841=SURFACE_SIDE_STYLE('',(#4885));
#4842=SURFACE_SIDE_STYLE('',(#4886));
#4843=SURFACE_SIDE_STYLE('',(#4887));
#4844=SURFACE_SIDE_STYLE('',(#4888));
#4845=SURFACE_SIDE_STYLE('',(#4889));
#4846=SURFACE_SIDE_STYLE('',(#4890));
#4847=SURFACE_SIDE_STYLE('',(#4891));
#4848=SURFACE_SIDE_STYLE('',(#4892));
#4849=SURFACE_SIDE_STYLE('',(#4893));
#4850=SURFACE_SIDE_STYLE('',(#4894));
#4851=SURFACE_SIDE_STYLE('',(#4895));
#4852=SURFACE_SIDE_STYLE('',(#4896));
#4853=SURFACE_SIDE_STYLE('',(#4897));
#4854=SURFACE_SIDE_STYLE('',(#4898));
#4855=SURFACE_SIDE_STYLE('',(#4899));
#4856=SURFACE_SIDE_STYLE('',(#4900));
#4857=SURFACE_SIDE_STYLE('',(#4901));
#4858=SURFACE_SIDE_STYLE('',(#4902));
#4859=SURFACE_SIDE_STYLE('',(#4903));
#4860=SURFACE_SIDE_STYLE('',(#4904));
#4861=SURFACE_SIDE_STYLE('',(#4905));
#4862=SURFACE_SIDE_STYLE('',(#4906));
#4863=SURFACE_SIDE_STYLE('',(#4907));
#4864=SURFACE_SIDE_STYLE('',(#4908));
#4865=SURFACE_SIDE_STYLE('',(#4909));
#4866=SURFACE_SIDE_STYLE('',(#4910));
#4867=SURFACE_SIDE_STYLE('',(#4911));
#4868=SURFACE_SIDE_STYLE('',(#4912));
#4869=SURFACE_SIDE_STYLE('',(#4913));
#4870=SURFACE_SIDE_STYLE('',(#4914));
#4871=SURFACE_SIDE_STYLE('',(#4915));
#4872=SURFACE_SIDE_STYLE('',(#4916));
#4873=SURFACE_SIDE_STYLE('',(#4917));
#4874=SURFACE_SIDE_STYLE('',(#4918));
#4875=SURFACE_SIDE_STYLE('',(#4919));
#4876=SURFACE_SIDE_STYLE('',(#4920));
#4877=SURFACE_STYLE_FILL_AREA(#4921);
#4878=SURFACE_STYLE_FILL_AREA(#4922);
#4879=SURFACE_STYLE_FILL_AREA(#4923);
#4880=SURFACE_STYLE_FILL_AREA(#4924);
#4881=SURFACE_STYLE_FILL_AREA(#4925);
#4882=SURFACE_STYLE_FILL_AREA(#4926);
#4883=SURFACE_STYLE_FILL_AREA(#4927);
#4884=SURFACE_STYLE_FILL_AREA(#4928);
#4885=SURFACE_STYLE_FILL_AREA(#4929);
#4886=SURFACE_STYLE_FILL_AREA(#4930);
#4887=SURFACE_STYLE_FILL_AREA(#4931);
#4888=SURFACE_STYLE_FILL_AREA(#4932);
#4889=SURFACE_STYLE_FILL_AREA(#4933);
#4890=SURFACE_STYLE_FILL_AREA(#4934);
#4891=SURFACE_STYLE_FILL_AREA(#4935);
#4892=SURFACE_STYLE_FILL_AREA(#4936);
#4893=SURFACE_STYLE_FILL_AREA(#4937);
#4894=SURFACE_STYLE_FILL_AREA(#4938);
#4895=SURFACE_STYLE_FILL_AREA(#4939);
#4896=SURFACE_STYLE_FILL_AREA(#4940);
#4897=SURFACE_STYLE_FILL_AREA(#4941);
#4898=SURFACE_STYLE_FILL_AREA(#4942);
#4899=SURFACE_STYLE_FILL_AREA(#4943);
#4900=SURFACE_STYLE_FILL_AREA(#4944);
#4901=SURFACE_STYLE_FILL_AREA(#4945);
#4902=SURFACE_STYLE_FILL_AREA(#4946);
#4903=SURFACE_STYLE_FILL_AREA(#4947);
#4904=SURFACE_STYLE_FILL_AREA(#4948);
#4905=SURFACE_STYLE_FILL_AREA(#4949);
#4906=SURFACE_STYLE_FILL_AREA(#4950);
#4907=SURFACE_STYLE_FILL_AREA(#4951);
#4908=SURFACE_STYLE_FILL_AREA(#4952);
#4909=SURFACE_STYLE_FILL_AREA(#4953);
#4910=SURFACE_STYLE_FILL_AREA(#4954);
#4911=SURFACE_STYLE_FILL_AREA(#4955);
#4912=SURFACE_STYLE_FILL_AREA(#4956);
#4913=SURFACE_STYLE_FILL_AREA(#4957);
#4914=SURFACE_STYLE_FILL_AREA(#4958);
#4915=SURFACE_STYLE_FILL_AREA(#4959);
#4916=SURFACE_STYLE_FILL_AREA(#4960);
#4917=SURFACE_STYLE_FILL_AREA(#4961);
#4918=SURFACE_STYLE_FILL_AREA(#4962);
#4919=SURFACE_STYLE_FILL_AREA(#4963);
#4920=SURFACE_STYLE_FILL_AREA(#4964);
#4921=FILL_AREA_STYLE('',(#4965));
#4922=FILL_AREA_STYLE('',(#4966));
#4923=FILL_AREA_STYLE('',(#4967));
#4924=FILL_AREA_STYLE('',(#4968));
#4925=FILL_AREA_STYLE('',(#4969));
#4926=FILL_AREA_STYLE('',(#4970));
#4927=FILL_AREA_STYLE('',(#4971));
#4928=FILL_AREA_STYLE('',(#4972));
#4929=FILL_AREA_STYLE('',(#4973));
#4930=FILL_AREA_STYLE('',(#4974));
#4931=FILL_AREA_STYLE('',(#4975));
#4932=FILL_AREA_STYLE('',(#4976));
#4933=FILL_AREA_STYLE('',(#4977));
#4934=FILL_AREA_STYLE('',(#4978));
#4935=FILL_AREA_STYLE('',(#4979));
#4936=FILL_AREA_STYLE('',(#4980));
#4937=FILL_AREA_STYLE('',(#4981));
#4938=FILL_AREA_STYLE('',(#4982));
#4939=FILL_AREA_STYLE('',(#4983));
#4940=FILL_AREA_STYLE('',(#4984));
#4941=FILL_AREA_STYLE('',(#4985));
#4942=FILL_AREA_STYLE('',(#4986));
#4943=FILL_AREA_STYLE('',(#4987));
#4944=FILL_AREA_STYLE('',(#4988));
#4945=FILL_AREA_STYLE('',(#4989));
#4946=FILL_AREA_STYLE('',(#4990));
#4947=FILL_AREA_STYLE('',(#4991));
#4948=FILL_AREA_STYLE('',(#4992));
#4949=FILL_AREA_STYLE('',(#4993));
#4950=FILL_AREA_STYLE('',(#4994));
#4951=FILL_AREA_STYLE('',(#4995));
#4952=FILL_AREA_STYLE('',(#4996));
#4953=FILL_AREA_STYLE('',(#4997));
#4954=FILL_AREA_STYLE('',(#4998));
#4955=FILL_AREA_STYLE('',(#4999));
#4956=FILL_AREA_STYLE('',(#5000));
#4957=FILL_AREA_STYLE('',(#5001));
#4958=FILL_AREA_STYLE('',(#5002));
#4959=FILL_AREA_STYLE('',(#5003));
#4960=FILL_AREA_STYLE('',(#5004));
#4961=FILL_AREA_STYLE('',(#5005));
#4962=FILL_AREA_STYLE('',(#5006));
#4963=FILL_AREA_STYLE('',(#5007));
#4964=FILL_AREA_STYLE('',(#5008));
#4965=FILL_AREA_STYLE_COLOUR('',#5009);
#4966=FILL_AREA_STYLE_COLOUR('',#5010);
#4967=FILL_AREA_STYLE_COLOUR('',#5010);
#4968=FILL_AREA_STYLE_COLOUR('',#5010);
#4969=FILL_AREA_STYLE_COLOUR('',#5010);
#4970=FILL_AREA_STYLE_COLOUR('',#5010);
#4971=FILL_AREA_STYLE_COLOUR('',#5010);
#4972=FILL_AREA_STYLE_COLOUR('',#5010);
#4973=FILL_AREA_STYLE_COLOUR('',#5010);
#4974=FILL_AREA_STYLE_COLOUR('',#5010);
#4975=FILL_AREA_STYLE_COLOUR('',#5010);
#4976=FILL_AREA_STYLE_COLOUR('',#5010);
#4977=FILL_AREA_STYLE_COLOUR('',#5010);
#4978=FILL_AREA_STYLE_COLOUR('',#5010);
#4979=FILL_AREA_STYLE_COLOUR('',#5010);
#4980=FILL_AREA_STYLE_COLOUR('',#5010);
#4981=FILL_AREA_STYLE_COLOUR('',#5010);
#4982=FILL_AREA_STYLE_COLOUR('',#5010);
#4983=FILL_AREA_STYLE_COLOUR('',#5010);
#4984=FILL_AREA_STYLE_COLOUR('',#5010);
#4985=FILL_AREA_STYLE_COLOUR('',#5010);
#4986=FILL_AREA_STYLE_COLOUR('',#5010);
#4987=FILL_AREA_STYLE_COLOUR('',#5010);
#4988=FILL_AREA_STYLE_COLOUR('',#5010);
#4989=FILL_AREA_STYLE_COLOUR('',#5010);
#4990=FILL_AREA_STYLE_COLOUR('',#5010);
#4991=FILL_AREA_STYLE_COLOUR('',#5010);
#4992=FILL_AREA_STYLE_COLOUR('',#5010);
#4993=FILL_AREA_STYLE_COLOUR('',#5010);
#4994=FILL_AREA_STYLE_COLOUR('',#5010);
#4995=FILL_AREA_STYLE_COLOUR('',#5010);
#4996=FILL_AREA_STYLE_COLOUR('',#5010);
#4997=FILL_AREA_STYLE_COLOUR('',#5010);
#4998=FILL_AREA_STYLE_COLOUR('',#5010);
#4999=FILL_AREA_STYLE_COLOUR('',#5010);
#5000=FILL_AREA_STYLE_COLOUR('',#5010);
#5001=FILL_AREA_STYLE_COLOUR('',#5010);
#5002=FILL_AREA_STYLE_COLOUR('',#5010);
#5003=FILL_AREA_STYLE_COLOUR('',#5010);
#5004=FILL_AREA_STYLE_COLOUR('',#5010);
#5005=FILL_AREA_STYLE_COLOUR('',#5010);
#5006=FILL_AREA_STYLE_COLOUR('',#5010);
#5007=FILL_AREA_STYLE_COLOUR('',#5010);
#5008=FILL_AREA_STYLE_COLOUR('',#5010);
#5009=COLOUR_RGB('',0.901960784313726,0.901960784313726,0.901960784313726);
#5010=COLOUR_RGB('',0.262745098039216,0.282352941176471,0.301960784313725);
#5011=MANIFOLD_SOLID_BREP('Drone Controller - Top',#4743);
#5012=SHAPE_DEFINITION_REPRESENTATION(#8390,#5013);
#5013=SHAPE_REPRESENTATION('Drone Controller - Top',(#5014),#8385);
#5014=AXIS2_PLACEMENT_3D('',#6508,#5368,#5369);
#5015=AXIS2_PLACEMENT_3D('',#6509,#5370,#5371);
#5016=AXIS2_PLACEMENT_3D('',#6593,#5397,#5398);
#5017=AXIS2_PLACEMENT_3D('',#6611,#5401,#5402);
#5018=AXIS2_PLACEMENT_3D('',#6623,#5408,#5409);
#5019=AXIS2_PLACEMENT_3D('',#6639,#5417,#5418);
#5020=AXIS2_PLACEMENT_3D('',#6655,#5426,#5427);
#5021=AXIS2_PLACEMENT_3D('',#6659,#5429,#5430);
#5022=AXIS2_PLACEMENT_3D('',#6670,#5436,#5437);
#5023=AXIS2_PLACEMENT_3D('',#6672,#5438,#5439);
#5024=AXIS2_PLACEMENT_3D('',#6674,#5440,#5441);
#5025=AXIS2_PLACEMENT_3D('',#6676,#5442,#5443);
#5026=AXIS2_PLACEMENT_3D('',#6678,#5444,#5445);
#5027=AXIS2_PLACEMENT_3D('',#6752,#5460,#5461);
#5028=AXIS2_PLACEMENT_3D('',#6767,#5463,#5464);
#5029=AXIS2_PLACEMENT_3D('',#6771,#5466,#5467);
#5030=AXIS2_PLACEMENT_3D('',#6775,#5469,#5470);
#5031=AXIS2_PLACEMENT_3D('',#6776,#5471,#5472);
#5032=AXIS2_PLACEMENT_3D('',#6780,#5474,#5475);
#5033=AXIS2_PLACEMENT_3D('',#6784,#5477,#5478);
#5034=AXIS2_PLACEMENT_3D('',#6785,#5479,#5480);
#5035=AXIS2_PLACEMENT_3D('',#6789,#5482,#5483);
#5036=AXIS2_PLACEMENT_3D('',#6793,#5485,#5486);
#5037=AXIS2_PLACEMENT_3D('',#6794,#5487,#5488);
#5038=AXIS2_PLACEMENT_3D('',#6800,#5492,#5493);
#5039=AXIS2_PLACEMENT_3D('',#6806,#5497,#5498);
#5040=AXIS2_PLACEMENT_3D('',#6812,#5502,#5503);
#5041=AXIS2_PLACEMENT_3D('',#6821,#5508,#5509);
#5042=AXIS2_PLACEMENT_3D('',#6831,#5511,#5512);
#5043=AXIS2_PLACEMENT_3D('',#6835,#5514,#5515);
#5044=AXIS2_PLACEMENT_3D('',#6842,#5516,#5517);
#5045=AXIS2_PLACEMENT_3D('',#6843,#5518,#5519);
#5046=AXIS2_PLACEMENT_3D('',#6845,#5520,#5521);
#5047=AXIS2_PLACEMENT_3D('',#6847,#5522,#5523);
#5048=AXIS2_PLACEMENT_3D('',#6848,#5524,#5525);
#5049=AXIS2_PLACEMENT_3D('',#6849,#5526,#5527);
#5050=AXIS2_PLACEMENT_3D('',#6852,#5528,#5529);
#5051=AXIS2_PLACEMENT_3D('',#6853,#5530,#5531);
#5052=AXIS2_PLACEMENT_3D('',#6854,#5532,#5533);
#5053=AXIS2_PLACEMENT_3D('',#6861,#5534,#5535);
#5054=AXIS2_PLACEMENT_3D('',#6869,#5537,#5538);
#5055=AXIS2_PLACEMENT_3D('',#6870,#5539,#5540);
#5056=AXIS2_PLACEMENT_3D('',#6884,#5542,#5543);
#5057=AXIS2_PLACEMENT_3D('',#6885,#5544,#5545);
#5058=AXIS2_PLACEMENT_3D('',#6887,#5546,#5547);
#5059=AXIS2_PLACEMENT_3D('',#6889,#5548,#5549);
#5060=AXIS2_PLACEMENT_3D('',#6890,#5550,#5551);
#5061=AXIS2_PLACEMENT_3D('',#6891,#5552,#5553);
#5062=AXIS2_PLACEMENT_3D('',#6894,#5554,#5555);
#5063=AXIS2_PLACEMENT_3D('',#6895,#5556,#5557);
#5064=AXIS2_PLACEMENT_3D('',#6896,#5558,#5559);
#5065=AXIS2_PLACEMENT_3D('',#6908,#5561,#5562);
#5066=AXIS2_PLACEMENT_3D('',#6909,#5563,#5564);
#5067=AXIS2_PLACEMENT_3D('',#6911,#5565,#5566);
#5068=AXIS2_PLACEMENT_3D('',#6921,#5571,#5572);
#5069=AXIS2_PLACEMENT_3D('',#6923,#5573,#5574);
#5070=AXIS2_PLACEMENT_3D('',#6925,#5575,#5576);
#5071=AXIS2_PLACEMENT_3D('',#6952,#5584,#5585);
#5072=AXIS2_PLACEMENT_3D('',#6955,#5587,#5588);
#5073=AXIS2_PLACEMENT_3D('',#6958,#5590,#5591);
#5074=AXIS2_PLACEMENT_3D('',#6959,#5592,#5593);
#5075=AXIS2_PLACEMENT_3D('',#6961,#5594,#5595);
#5076=AXIS2_PLACEMENT_3D('',#6966,#5598,#5599);
#5077=AXIS2_PLACEMENT_3D('',#6967,#5600,#5601);
#5078=AXIS2_PLACEMENT_3D('',#6969,#5602,#5603);
#5079=AXIS2_PLACEMENT_3D('',#6974,#5606,#5607);
#5080=AXIS2_PLACEMENT_3D('',#6975,#5608,#5609);
#5081=AXIS2_PLACEMENT_3D('',#6976,#5610,#5611);
#5082=AXIS2_PLACEMENT_3D('',#6977,#5612,#5613);
#5083=AXIS2_PLACEMENT_3D('',#6978,#5614,#5615);
#5084=AXIS2_PLACEMENT_3D('',#6980,#5616,#5617);
#5085=AXIS2_PLACEMENT_3D('',#6982,#5618,#5619);
#5086=AXIS2_PLACEMENT_3D('',#6983,#5620,#5621);
#5087=AXIS2_PLACEMENT_3D('',#6985,#5622,#5623);
#5088=AXIS2_PLACEMENT_3D('',#6987,#5624,#5625);
#5089=AXIS2_PLACEMENT_3D('',#6988,#5626,#5627);
#5090=AXIS2_PLACEMENT_3D('',#6990,#5628,#5629);
#5091=AXIS2_PLACEMENT_3D('',#6992,#5630,#5631);
#5092=AXIS2_PLACEMENT_3D('',#7001,#5636,#5637);
#5093=AXIS2_PLACEMENT_3D('',#7026,#5650,#5651);
#5094=AXIS2_PLACEMENT_3D('',#7029,#5654,#5655);
#5095=AXIS2_PLACEMENT_3D('',#7038,#5660,#5661);
#5096=AXIS2_PLACEMENT_3D('',#7042,#5663,#5664);
#5097=AXIS2_PLACEMENT_3D('',#7047,#5667,#5668);
#5098=AXIS2_PLACEMENT_3D('',#7056,#5673,#5674);
#5099=AXIS2_PLACEMENT_3D('',#7062,#5678,#5679);
#5100=AXIS2_PLACEMENT_3D('',#7068,#5683,#5684);
#5101=AXIS2_PLACEMENT_3D('',#7084,#5689,#5690);
#5102=AXIS2_PLACEMENT_3D('',#7090,#5694,#5695);
#5103=AXIS2_PLACEMENT_3D('',#7096,#5699,#5700);
#5104=AXIS2_PLACEMENT_3D('',#7098,#5702,#5703);
#5105=AXIS2_PLACEMENT_3D('',#7114,#5708,#5709);
#5106=AXIS2_PLACEMENT_3D('',#7118,#5711,#5712);
#5107=AXIS2_PLACEMENT_3D('',#7129,#5719,#5720);
#5108=AXIS2_PLACEMENT_3D('',#7133,#5722,#5723);
#5109=AXIS2_PLACEMENT_3D('',#7137,#5725,#5726);
#5110=AXIS2_PLACEMENT_3D('',#7138,#5727,#5728);
#5111=AXIS2_PLACEMENT_3D('',#7144,#5732,#5733);
#5112=AXIS2_PLACEMENT_3D('',#7145,#5734,#5735);
#5113=AXIS2_PLACEMENT_3D('',#7149,#5737,#5738);
#5114=AXIS2_PLACEMENT_3D('',#7155,#5742,#5743);
#5115=AXIS2_PLACEMENT_3D('',#7157,#5745,#5746);
#5116=AXIS2_PLACEMENT_3D('',#7163,#5750,#5751);
#5117=AXIS2_PLACEMENT_3D('',#7168,#5753,#5754);
#5118=AXIS2_PLACEMENT_3D('',#7172,#5756,#5757);
#5119=AXIS2_PLACEMENT_3D('',#7176,#5759,#5760);
#5120=AXIS2_PLACEMENT_3D('',#7179,#5762,#5763);
#5121=AXIS2_PLACEMENT_3D('',#7180,#5764,#5765);
#5122=AXIS2_PLACEMENT_3D('',#7182,#5766,#5767);
#5123=AXIS2_PLACEMENT_3D('',#7184,#5768,#5769);
#5124=AXIS2_PLACEMENT_3D('',#7186,#5770,#5771);
#5125=AXIS2_PLACEMENT_3D('',#7188,#5772,#5773);
#5126=AXIS2_PLACEMENT_3D('',#7189,#5774,#5775);
#5127=AXIS2_PLACEMENT_3D('',#7190,#5776,#5777);
#5128=AXIS2_PLACEMENT_3D('',#7201,#5784,#5785);
#5129=AXIS2_PLACEMENT_3D('',#7202,#5786,#5787);
#5130=AXIS2_PLACEMENT_3D('',#7204,#5789,#5790);
#5131=AXIS2_PLACEMENT_3D('',#7206,#5792,#5793);
#5132=AXIS2_PLACEMENT_3D('',#7209,#5796,#5797);
#5133=AXIS2_PLACEMENT_3D('',#7211,#5799,#5800);
#5134=AXIS2_PLACEMENT_3D('',#7213,#5802,#5803);
#5135=AXIS2_PLACEMENT_3D('',#7215,#5805,#5806);
#5136=AXIS2_PLACEMENT_3D('',#7218,#5809,#5810);
#5137=AXIS2_PLACEMENT_3D('',#7220,#5812,#5813);
#5138=AXIS2_PLACEMENT_3D('',#7221,#5814,#5815);
#5139=AXIS2_PLACEMENT_3D('',#7222,#5816,#5817);
#5140=AXIS2_PLACEMENT_3D('',#7231,#5822,#5823);
#5141=AXIS2_PLACEMENT_3D('',#7237,#5827,#5828);
#5142=AXIS2_PLACEMENT_3D('',#7243,#5832,#5833);
#5143=AXIS2_PLACEMENT_3D('',#7252,#5838,#5839);
#5144=AXIS2_PLACEMENT_3D('',#7258,#5843,#5844);
#5145=AXIS2_PLACEMENT_3D('',#7264,#5848,#5849);
#5146=AXIS2_PLACEMENT_3D('',#7267,#5852,#5853);
#5147=AXIS2_PLACEMENT_3D('',#7268,#5854,#5855);
#5148=AXIS2_PLACEMENT_3D('',#7270,#5856,#5857);
#5149=AXIS2_PLACEMENT_3D('',#7271,#5858,#5859);
#5150=AXIS2_PLACEMENT_3D('',#7273,#5860,#5861);
#5151=AXIS2_PLACEMENT_3D('',#7275,#5862,#5863);
#5152=AXIS2_PLACEMENT_3D('',#7276,#5864,#5865);
#5153=AXIS2_PLACEMENT_3D('',#7278,#5866,#5867);
#5154=AXIS2_PLACEMENT_3D('',#7280,#5868,#5869);
#5155=AXIS2_PLACEMENT_3D('',#7281,#5870,#5871);
#5156=AXIS2_PLACEMENT_3D('',#7283,#5872,#5873);
#5157=AXIS2_PLACEMENT_3D('',#7285,#5874,#5875);
#5158=AXIS2_PLACEMENT_3D('',#7286,#5876,#5877);
#5159=AXIS2_PLACEMENT_3D('',#7288,#5878,#5879);
#5160=AXIS2_PLACEMENT_3D('',#7289,#5880,#5881);
#5161=AXIS2_PLACEMENT_3D('',#7291,#5882,#5883);
#5162=AXIS2_PLACEMENT_3D('',#7292,#5884,#5885);
#5163=AXIS2_PLACEMENT_3D('',#7294,#5886,#5887);
#5164=AXIS2_PLACEMENT_3D('',#7295,#5888,#5889);
#5165=AXIS2_PLACEMENT_3D('',#7297,#5890,#5891);
#5166=AXIS2_PLACEMENT_3D('',#7298,#5892,#5893);
#5167=AXIS2_PLACEMENT_3D('',#7300,#5894,#5895);
#5168=AXIS2_PLACEMENT_3D('',#7301,#5896,#5897);
#5169=AXIS2_PLACEMENT_3D('',#7303,#5898,#5899);
#5170=AXIS2_PLACEMENT_3D('',#7306,#5902,#5903);
#5171=AXIS2_PLACEMENT_3D('',#7307,#5904,#5905);
#5172=AXIS2_PLACEMENT_3D('',#7309,#5906,#5907);
#5173=AXIS2_PLACEMENT_3D('',#7311,#5908,#5909);
#5174=AXIS2_PLACEMENT_3D('',#7313,#5910,#5911);
#5175=AXIS2_PLACEMENT_3D('',#7314,#5912,#5913);
#5176=AXIS2_PLACEMENT_3D('',#7315,#5914,#5915);
#5177=AXIS2_PLACEMENT_3D('',#7316,#5916,#5917);
#5178=AXIS2_PLACEMENT_3D('',#7317,#5918,#5919);
#5179=AXIS2_PLACEMENT_3D('',#7318,#5920,#5921);
#5180=AXIS2_PLACEMENT_3D('',#7319,#5922,#5923);
#5181=AXIS2_PLACEMENT_3D('',#7320,#5924,#5925);
#5182=AXIS2_PLACEMENT_3D('',#7321,#5926,#5927);
#5183=AXIS2_PLACEMENT_3D('',#7322,#5928,#5929);
#5184=AXIS2_PLACEMENT_3D('',#7323,#5930,#5931);
#5185=AXIS2_PLACEMENT_3D('',#7327,#5934,#5935);
#5186=AXIS2_PLACEMENT_3D('',#7331,#5938,#5939);
#5187=AXIS2_PLACEMENT_3D('',#7333,#5941,#5942);
#5188=AXIS2_PLACEMENT_3D('',#7337,#5945,#5946);
#5189=AXIS2_PLACEMENT_3D('',#7343,#5950,#5951);
#5190=AXIS2_PLACEMENT_3D('',#7347,#5954,#5955);
#5191=AXIS2_PLACEMENT_3D('',#7348,#5956,#5957);
#5192=AXIS2_PLACEMENT_3D('',#7349,#5958,#5959);
#5193=AXIS2_PLACEMENT_3D('',#7350,#5960,#5961);
#5194=AXIS2_PLACEMENT_3D('',#7351,#5962,#5963);
#5195=AXIS2_PLACEMENT_3D('',#7352,#5964,#5965);
#5196=AXIS2_PLACEMENT_3D('',#7353,#5966,#5967);
#5197=AXIS2_PLACEMENT_3D('',#7355,#5968,#5969);
#5198=AXIS2_PLACEMENT_3D('',#7356,#5970,#5971);
#5199=AXIS2_PLACEMENT_3D('',#7358,#5972,#5973);
#5200=AXIS2_PLACEMENT_3D('',#7359,#5974,#5975);
#5201=AXIS2_PLACEMENT_3D('',#7360,#5976,#5977);
#5202=AXIS2_PLACEMENT_3D('',#7362,#5978,#5979);
#5203=AXIS2_PLACEMENT_3D('',#7363,#5980,#5981);
#5204=AXIS2_PLACEMENT_3D('',#7365,#5982,#5983);
#5205=AXIS2_PLACEMENT_3D('',#7366,#5984,#5985);
#5206=AXIS2_PLACEMENT_3D('',#7367,#5986,#5987);
#5207=AXIS2_PLACEMENT_3D('',#7369,#5988,#5989);
#5208=AXIS2_PLACEMENT_3D('',#7370,#5990,#5991);
#5209=AXIS2_PLACEMENT_3D('',#7372,#5992,#5993);
#5210=AXIS2_PLACEMENT_3D('',#7373,#5994,#5995);
#5211=AXIS2_PLACEMENT_3D('',#7374,#5996,#5997);
#5212=AXIS2_PLACEMENT_3D('',#7376,#5998,#5999);
#5213=AXIS2_PLACEMENT_3D('',#7377,#6000,#6001);
#5214=AXIS2_PLACEMENT_3D('',#7379,#6002,#6003);
#5215=AXIS2_PLACEMENT_3D('',#7380,#6004,#6005);
#5216=AXIS2_PLACEMENT_3D('',#7382,#6006,#6007);
#5217=AXIS2_PLACEMENT_3D('',#7383,#6008,#6009);
#5218=AXIS2_PLACEMENT_3D('',#7384,#6010,#6011);
#5219=AXIS2_PLACEMENT_3D('',#7386,#6012,#6013);
#5220=AXIS2_PLACEMENT_3D('',#7387,#6014,#6015);
#5221=AXIS2_PLACEMENT_3D('',#7393,#6019,#6020);
#5222=AXIS2_PLACEMENT_3D('',#7397,#6023,#6024);
#5223=AXIS2_PLACEMENT_3D('',#7401,#6027,#6028);
#5224=AXIS2_PLACEMENT_3D('',#7405,#6031,#6032);
#5225=AXIS2_PLACEMENT_3D('',#7408,#6034,#6035);
#5226=AXIS2_PLACEMENT_3D('',#7409,#6036,#6037);
#5227=AXIS2_PLACEMENT_3D('',#7413,#6040,#6041);
#5228=AXIS2_PLACEMENT_3D('',#7417,#6044,#6045);
#5229=AXIS2_PLACEMENT_3D('',#7421,#6048,#6049);
#5230=AXIS2_PLACEMENT_3D('',#7425,#6052,#6053);
#5231=AXIS2_PLACEMENT_3D('',#7427,#6055,#6056);
#5232=AXIS2_PLACEMENT_3D('',#7431,#6059,#6060);
#5233=AXIS2_PLACEMENT_3D('',#7435,#6063,#6064);
#5234=AXIS2_PLACEMENT_3D('',#7439,#6067,#6068);
#5235=AXIS2_PLACEMENT_3D('',#7443,#6071,#6072);
#5236=AXIS2_PLACEMENT_3D('',#7447,#6075,#6076);
#5237=AXIS2_PLACEMENT_3D('',#7449,#6078,#6079);
#5238=AXIS2_PLACEMENT_3D('',#7451,#6081,#6082);
#5239=AXIS2_PLACEMENT_3D('',#7455,#6085,#6086);
#5240=AXIS2_PLACEMENT_3D('',#7459,#6089,#6090);
#5241=AXIS2_PLACEMENT_3D('',#7463,#6093,#6094);
#5242=AXIS2_PLACEMENT_3D('',#7467,#6097,#6098);
#5243=AXIS2_PLACEMENT_3D('',#7471,#6101,#6102);
#5244=AXIS2_PLACEMENT_3D('',#7475,#6105,#6106);
#5245=AXIS2_PLACEMENT_3D('',#7479,#6109,#6110);
#5246=AXIS2_PLACEMENT_3D('',#7482,#6112,#6113);
#5247=AXIS2_PLACEMENT_3D('',#7483,#6114,#6115);
#5248=AXIS2_PLACEMENT_3D('',#7487,#6118,#6119);
#5249=AXIS2_PLACEMENT_3D('',#7491,#6122,#6123);
#5250=AXIS2_PLACEMENT_3D('',#7493,#6125,#6126);
#5251=AXIS2_PLACEMENT_3D('',#7494,#6127,#6128);
#5252=AXIS2_PLACEMENT_3D('',#7495,#6129,#6130);
#5253=AXIS2_PLACEMENT_3D('',#7504,#6135,#6136);
#5254=AXIS2_PLACEMENT_3D('',#7505,#6137,#6138);
#5255=AXIS2_PLACEMENT_3D('',#7506,#6139,#6140);
#5256=AXIS2_PLACEMENT_3D('',#7507,#6141,#6142);
#5257=AXIS2_PLACEMENT_3D('',#7508,#6143,#6144);
#5258=AXIS2_PLACEMENT_3D('',#7509,#6145,#6146);
#5259=AXIS2_PLACEMENT_3D('',#7510,#6147,#6148);
#5260=AXIS2_PLACEMENT_3D('',#7511,#6149,#6150);
#5261=AXIS2_PLACEMENT_3D('',#7512,#6151,#6152);
#5262=AXIS2_PLACEMENT_3D('',#7513,#6153,#6154);
#5263=AXIS2_PLACEMENT_3D('',#7514,#6155,#6156);
#5264=AXIS2_PLACEMENT_3D('',#7515,#6157,#6158);
#5265=AXIS2_PLACEMENT_3D('',#7516,#6159,#6160);
#5266=AXIS2_PLACEMENT_3D('',#7517,#6161,#6162);
#5267=AXIS2_PLACEMENT_3D('',#7520,#6164,#6165);
#5268=AXIS2_PLACEMENT_3D('',#7521,#6166,#6167);
#5269=AXIS2_PLACEMENT_3D('',#7524,#6169,#6170);
#5270=AXIS2_PLACEMENT_3D('',#7525,#6171,#6172);
#5271=AXIS2_PLACEMENT_3D('',#7526,#6173,#6174);
#5272=AXIS2_PLACEMENT_3D('',#7527,#6175,#6176);
#5273=AXIS2_PLACEMENT_3D('',#7529,#6178,#6179);
#5274=AXIS2_PLACEMENT_3D('',#7569,#6183,#6184);
#5275=AXIS2_PLACEMENT_3D('',#7571,#6186,#6187);
#5276=AXIS2_PLACEMENT_3D('',#7572,#6188,#6189);
#5277=AXIS2_PLACEMENT_3D('',#7573,#6190,#6191);
#5278=AXIS2_PLACEMENT_3D('',#7574,#6192,#6193);
#5279=AXIS2_PLACEMENT_3D('',#7575,#6194,#6195);
#5280=AXIS2_PLACEMENT_3D('',#7576,#6196,#6197);
#5281=AXIS2_PLACEMENT_3D('',#7577,#6198,#6199);
#5282=AXIS2_PLACEMENT_3D('',#7578,#6200,#6201);
#5283=AXIS2_PLACEMENT_3D('',#7579,#6202,#6203);
#5284=AXIS2_PLACEMENT_3D('',#7580,#6204,#6205);
#5285=AXIS2_PLACEMENT_3D('',#7581,#6206,#6207);
#5286=AXIS2_PLACEMENT_3D('',#7582,#6208,#6209);
#5287=AXIS2_PLACEMENT_3D('',#7583,#6210,#6211);
#5288=AXIS2_PLACEMENT_3D('',#7584,#6212,#6213);
#5289=AXIS2_PLACEMENT_3D('',#7585,#6214,#6215);
#5290=AXIS2_PLACEMENT_3D('',#7586,#6216,#6217);
#5291=AXIS2_PLACEMENT_3D('',#7592,#6221,#6222);
#5292=AXIS2_PLACEMENT_3D('',#7596,#6225,#6226);
#5293=AXIS2_PLACEMENT_3D('',#7600,#6229,#6230);
#5294=AXIS2_PLACEMENT_3D('',#7604,#6233,#6234);
#5295=AXIS2_PLACEMENT_3D('',#7608,#6237,#6238);
#5296=AXIS2_PLACEMENT_3D('',#7612,#6241,#6242);
#5297=AXIS2_PLACEMENT_3D('',#7616,#6245,#6246);
#5298=AXIS2_PLACEMENT_3D('',#7620,#6249,#6250);
#5299=AXIS2_PLACEMENT_3D('',#7624,#6253,#6254);
#5300=AXIS2_PLACEMENT_3D('',#7626,#6256,#6257);
#5301=AXIS2_PLACEMENT_3D('',#7681,#6262,#6263);
#5302=AXIS2_PLACEMENT_3D('',#7682,#6264,#6265);
#5303=AXIS2_PLACEMENT_3D('',#7686,#6267,#6268);
#5304=AXIS2_PLACEMENT_3D('',#7687,#6269,#6270);
#5305=AXIS2_PLACEMENT_3D('',#7693,#6274,#6275);
#5306=AXIS2_PLACEMENT_3D('',#7694,#6276,#6277);
#5307=AXIS2_PLACEMENT_3D('',#7698,#6279,#6280);
#5308=AXIS2_PLACEMENT_3D('',#7767,#6285,#6286);
#5309=AXIS2_PLACEMENT_3D('',#7768,#6287,#6288);
#5310=AXIS2_PLACEMENT_3D('',#7772,#6290,#6291);
#5311=AXIS2_PLACEMENT_3D('',#7773,#6292,#6293);
#5312=AXIS2_PLACEMENT_3D('',#7779,#6297,#6298);
#5313=AXIS2_PLACEMENT_3D('',#7780,#6299,#6300);
#5314=AXIS2_PLACEMENT_3D('',#7784,#6302,#6303);
#5315=AXIS2_PLACEMENT_3D('',#7839,#6309,#6310);
#5316=AXIS2_PLACEMENT_3D('',#7856,#6314,#6315);
#5317=AXIS2_PLACEMENT_3D('',#7859,#6317,#6318);
#5318=AXIS2_PLACEMENT_3D('',#7912,#6323,#6324);
#5319=AXIS2_PLACEMENT_3D('',#7954,#6328,#6329);
#5320=AXIS2_PLACEMENT_3D('',#7955,#6330,#6331);
#5321=AXIS2_PLACEMENT_3D('',#7961,#6335,#6336);
#5322=AXIS2_PLACEMENT_3D('',#7965,#6339,#6340);
#5323=AXIS2_PLACEMENT_3D('',#7969,#6343,#6344);
#5324=AXIS2_PLACEMENT_3D('',#7971,#6346,#6347);
#5325=AXIS2_PLACEMENT_3D('',#7972,#6348,#6349);
#5326=AXIS2_PLACEMENT_3D('',#7978,#6353,#6354);
#5327=AXIS2_PLACEMENT_3D('',#7982,#6357,#6358);
#5328=AXIS2_PLACEMENT_3D('',#7986,#6361,#6362);
#5329=AXIS2_PLACEMENT_3D('',#7990,#6365,#6366);
#5330=AXIS2_PLACEMENT_3D('',#7994,#6369,#6370);
#5331=AXIS2_PLACEMENT_3D('',#7998,#6373,#6374);
#5332=AXIS2_PLACEMENT_3D('',#8002,#6377,#6378);
#5333=AXIS2_PLACEMENT_3D('',#8006,#6381,#6382);
#5334=AXIS2_PLACEMENT_3D('',#8010,#6385,#6386);
#5335=AXIS2_PLACEMENT_3D('',#8012,#6388,#6389);
#5336=AXIS2_PLACEMENT_3D('',#8013,#6390,#6391);
#5337=AXIS2_PLACEMENT_3D('',#8019,#6395,#6396);
#5338=AXIS2_PLACEMENT_3D('',#8023,#6399,#6400);
#5339=AXIS2_PLACEMENT_3D('',#8027,#6403,#6404);
#5340=AXIS2_PLACEMENT_3D('',#8031,#6407,#6408);
#5341=AXIS2_PLACEMENT_3D('',#8035,#6411,#6412);
#5342=AXIS2_PLACEMENT_3D('',#8039,#6415,#6416);
#5343=AXIS2_PLACEMENT_3D('',#8043,#6419,#6420);
#5344=AXIS2_PLACEMENT_3D('',#8047,#6423,#6424);
#5345=AXIS2_PLACEMENT_3D('',#8051,#6427,#6428);
#5346=AXIS2_PLACEMENT_3D('',#8053,#6430,#6431);
#5347=AXIS2_PLACEMENT_3D('',#8108,#6436,#6437);
#5348=AXIS2_PLACEMENT_3D('',#8109,#6438,#6439);
#5349=AXIS2_PLACEMENT_3D('',#8113,#6441,#6442);
#5350=AXIS2_PLACEMENT_3D('',#8114,#6443,#6444);
#5351=AXIS2_PLACEMENT_3D('',#8120,#6448,#6449);
#5352=AXIS2_PLACEMENT_3D('',#8121,#6450,#6451);
#5353=AXIS2_PLACEMENT_3D('',#8125,#6453,#6454);
#5354=AXIS2_PLACEMENT_3D('',#8194,#6459,#6460);
#5355=AXIS2_PLACEMENT_3D('',#8195,#6461,#6462);
#5356=AXIS2_PLACEMENT_3D('',#8199,#6464,#6465);
#5357=AXIS2_PLACEMENT_3D('',#8200,#6466,#6467);
#5358=AXIS2_PLACEMENT_3D('',#8206,#6471,#6472);
#5359=AXIS2_PLACEMENT_3D('',#8207,#6473,#6474);
#5360=AXIS2_PLACEMENT_3D('',#8211,#6476,#6477);
#5361=AXIS2_PLACEMENT_3D('',#8266,#6483,#6484);
#5362=AXIS2_PLACEMENT_3D('',#8283,#6488,#6489);
#5363=AXIS2_PLACEMENT_3D('',#8286,#6491,#6492);
#5364=AXIS2_PLACEMENT_3D('',#8339,#6497,#6498);
#5365=AXIS2_PLACEMENT_3D('',#8381,#6502,#6503);
#5366=AXIS2_PLACEMENT_3D('',#8382,#6504,#6505);
#5367=AXIS2_PLACEMENT_3D('',#8383,#6506,#6507);
#5368=DIRECTION('',(0.,0.,1.));
#5369=DIRECTION('',(1.,0.,0.));
#5370=DIRECTION('',(0.,0.,1.));
#5371=DIRECTION('',(1.,0.,0.));
#5372=DIRECTION('',(-1.,0.,0.));
#5373=DIRECTION('',(0.,1.,0.));
#5374=DIRECTION('',(1.,0.,0.));
#5375=DIRECTION('',(0.,-1.,0.));
#5376=DIRECTION('',(-1.,0.,0.));
#5377=DIRECTION('',(0.,-1.,0.));
#5378=DIRECTION('',(1.,0.,0.));
#5379=DIRECTION('',(0.,-1.,0.));
#5380=DIRECTION('',(-1.,0.,0.));
#5381=DIRECTION('',(0.,-1.,0.));
#5382=DIRECTION('',(-1.,0.,0.));
#5383=DIRECTION('',(0.,1.,0.));
#5384=DIRECTION('',(1.,0.,0.));
#5385=DIRECTION('',(0.,-1.,0.));
#5386=DIRECTION('',(-1.,0.,0.));
#5387=DIRECTION('',(0.,-1.,0.));
#5388=DIRECTION('',(1.,0.,0.));
#5389=DIRECTION('',(0.,-1.,0.));
#5390=DIRECTION('',(-1.,0.,0.));
#5391=DIRECTION('',(0.,-1.,0.));
#5392=DIRECTION('',(-1.,0.,0.));
#5393=DIRECTION('',(0.259853227891847,0.965648124294864,0.));
#5394=DIRECTION('',(1.,0.,0.));
#5395=DIRECTION('',(-0.2610684865486,-0.96532028121822,0.));
#5396=DIRECTION('',(0.,1.,0.));
#5397=DIRECTION('',(0.,0.,1.));
#5398=DIRECTION('',(1.,0.,0.));
#5399=DIRECTION('',(0.,-1.,0.));
#5400=DIRECTION('',(0.,1.,0.));
#5401=DIRECTION('',(0.,0.,1.));
#5402=DIRECTION('',(1.,0.,0.));
#5403=DIRECTION('',(0.,-1.,0.));
#5404=DIRECTION('',(-0.999988659934196,0.00476235267607527,0.));
#5405=DIRECTION('',(0.00455852135192717,0.999989609887565,0.));
#5406=DIRECTION('',(0.999977493033702,-0.00670920457525098,0.));
#5407=DIRECTION('',(0.,1.,0.));
#5408=DIRECTION('',(0.,0.,1.));
#5409=DIRECTION('',(1.,0.,0.));
#5410=DIRECTION('',(0.,1.,0.));
#5411=DIRECTION('',(0.999977493033702,-0.00670920457525379,0.));
#5412=DIRECTION('',(0.00476235267607517,0.999988659934196,0.));
#5413=DIRECTION('',(-0.999988659934196,0.00476235267607513,0.));
#5414=DIRECTION('',(0.,1.,0.));
#5415=DIRECTION('',(1.,0.,0.));
#5416=DIRECTION('',(0.,1.,0.));
#5417=DIRECTION('',(0.,0.,1.));
#5418=DIRECTION('',(1.,0.,0.));
#5419=DIRECTION('',(0.,1.,0.));
#5420=DIRECTION('',(-1.,0.,0.));
#5421=DIRECTION('',(0.,1.,0.));
#5422=DIRECTION('',(-0.999988659934196,0.00476235267607517,0.));
#5423=DIRECTION('',(0.00476235267607479,0.999988659934196,0.));
#5424=DIRECTION('',(-1.,0.,0.));
#5425=DIRECTION('',(0.,1.,0.));
#5426=DIRECTION('',(0.,0.,1.));
#5427=DIRECTION('',(1.,0.,0.));
#5428=DIRECTION('',(0.,1.,0.));
#5429=DIRECTION('',(0.,0.,1.));
#5430=DIRECTION('',(1.,0.,0.));
#5431=DIRECTION('',(0.,1.,0.));
#5432=DIRECTION('',(-0.999985028318499,0.00547203242411643,0.));
#5433=DIRECTION('',(-1.,-1.02330240180602E-16,0.));
#5434=DIRECTION('',(0.00455852135192745,0.999989609887565,0.));
#5435=DIRECTION('',(0.999989609887565,-0.00455852135192732,0.));
#5436=DIRECTION('',(0.,0.,1.));
#5437=DIRECTION('',(1.,0.,0.));
#5438=DIRECTION('',(0.,0.,1.));
#5439=DIRECTION('',(1.,0.,0.));
#5440=DIRECTION('',(0.,0.,1.));
#5441=DIRECTION('',(1.,0.,0.));
#5442=DIRECTION('',(0.,0.,1.));
#5443=DIRECTION('',(1.,0.,0.));
#5444=DIRECTION('',(0.,0.,1.));
#5445=DIRECTION('',(1.,0.,0.));
#5446=DIRECTION('',(-1.,-1.62313307693736E-16,0.));
#5447=DIRECTION('',(-1.,-1.62313307693736E-16,0.));
#5448=DIRECTION('',(-2.04085114820801E-16,1.,0.));
#5449=DIRECTION('',(-1.,0.,0.));
#5450=DIRECTION('',(0.,1.,0.));
#5451=DIRECTION('',(1.,0.,0.));
#5452=DIRECTION('',(0.393113360590126,-0.919490013934647,0.));
#5453=DIRECTION('',(0.,1.,0.));
#5454=DIRECTION('',(1.,0.,0.));
#5455=DIRECTION('',(0.,-1.,0.));
#5456=DIRECTION('',(-1.,0.,0.));
#5457=DIRECTION('',(-0.388254894344165,0.921552026213279,0.));
#5458=DIRECTION('',(0.,-1.,0.));
#5459=DIRECTION('',(0.,1.,0.));
#5460=DIRECTION('',(0.,0.,1.));
#5461=DIRECTION('',(1.,0.,0.));
#5462=DIRECTION('',(0.,-1.,0.));
#5463=DIRECTION('',(0.,0.,1.));
#5464=DIRECTION('',(1.,0.,0.));
#5465=DIRECTION('',(-1.,-1.50030138462859E-16,0.));
#5466=DIRECTION('',(0.,0.,1.));
#5467=DIRECTION('',(1.,0.,0.));
#5468=DIRECTION('',(-1.,-1.60436853269531E-16,0.));
#5469=DIRECTION('',(0.,0.,1.));
#5470=DIRECTION('',(1.,0.,0.));
#5471=DIRECTION('',(0.,0.,1.));
#5472=DIRECTION('',(1.,0.,0.));
#5473=DIRECTION('',(-2.01127359533543E-16,1.,0.));
#5474=DIRECTION('',(0.,0.,1.));
#5475=DIRECTION('',(1.,0.,0.));
#5476=DIRECTION('',(9.25185853854297E-17,-1.,0.));
#5477=DIRECTION('',(0.,0.,1.));
#5478=DIRECTION('',(1.,0.,0.));
#5479=DIRECTION('',(0.,0.,1.));
#5480=DIRECTION('',(1.,0.,0.));
#5481=DIRECTION('',(-1.,-1.60436853269531E-16,0.));
#5482=DIRECTION('',(0.,0.,1.));
#5483=DIRECTION('',(1.,0.,0.));
#5484=DIRECTION('',(-1.,-7.50150692314295E-17,0.));
#5485=DIRECTION('',(0.,0.,1.));
#5486=DIRECTION('',(1.,0.,0.));
#5487=DIRECTION('',(-1.60436853269531E-16,1.,0.));
#5488=DIRECTION('',(-1.,-1.60436853269531E-16,0.));
#5489=DIRECTION('',(0.,0.,-1.));
#5490=DIRECTION('',(-1.,-1.60436853269531E-16,0.));
#5491=DIRECTION('',(0.,0.,-1.));
#5492=DIRECTION('',(1.,2.01127359533543E-16,0.));
#5493=DIRECTION('',(-2.01127359533543E-16,1.,0.));
#5494=DIRECTION('',(0.,0.,-1.));
#5495=DIRECTION('',(0.,0.,-1.));
#5496=DIRECTION('',(-2.01127359533543E-16,1.,0.));
#5497=DIRECTION('',(-1.60436853269531E-16,1.,0.));
#5498=DIRECTION('',(-1.,-1.60436853269531E-16,0.));
#5499=DIRECTION('',(0.,0.,-1.));
#5500=DIRECTION('',(0.,0.,-1.));
#5501=DIRECTION('',(-1.,-1.60436853269531E-16,0.));
#5502=DIRECTION('',(1.,2.01127359533543E-16,0.));
#5503=DIRECTION('',(-2.01127359533543E-16,1.,0.));
#5504=DIRECTION('',(-2.01127359533543E-16,1.,0.));
#5505=DIRECTION('',(0.,0.,-1.));
#5506=DIRECTION('',(-2.01127359533543E-16,1.,0.));
#5507=DIRECTION('',(0.,0.,-1.));
#5508=DIRECTION('',(-9.25185853854297E-17,1.,0.));
#5509=DIRECTION('',(-1.,-9.25185853854297E-17,0.));
#5510=DIRECTION('',(9.25185853854297E-17,-1.,0.));
#5511=DIRECTION('',(0.,1.,0.));
#5512=DIRECTION('',(0.,0.,1.));
#5513=DIRECTION('',(9.25185853854297E-17,-1.,0.));
#5514=DIRECTION('',(0.,-1.,0.));
#5515=DIRECTION('',(0.,0.,-1.));
#5516=DIRECTION('',(0.,0.,1.));
#5517=DIRECTION('',(1.,0.,0.));
#5518=DIRECTION('',(0.,0.,-1.));
#5519=DIRECTION('',(-1.,0.,0.));
#5520=DIRECTION('',(1.,0.,0.));
#5521=DIRECTION('',(0.,0.,-1.));
#5522=DIRECTION('',(0.,0.,-1.));
#5523=DIRECTION('',(-1.,0.,0.));
#5524=DIRECTION('',(0.,0.,1.));
#5525=DIRECTION('',(1.,0.,0.));
#5526=DIRECTION('',(1.,0.,0.));
#5527=DIRECTION('',(0.,0.,-1.));
#5528=DIRECTION('',(0.,0.,-1.));
#5529=DIRECTION('',(-1.,0.,0.));
#5530=DIRECTION('',(0.,0.,1.));
#5531=DIRECTION('',(1.,0.,0.));
#5532=DIRECTION('',(1.,7.50150692314295E-17,0.));
#5533=DIRECTION('',(-7.50150692314295E-17,1.,0.));
#5534=DIRECTION('',(1.,0.,0.));
#5535=DIRECTION('',(0.,0.,-1.));
#5536=DIRECTION('',(-1.,-7.50150692314295E-17,0.));
#5537=DIRECTION('',(-1.,-1.50030138462859E-16,0.));
#5538=DIRECTION('',(1.50030138462859E-16,-1.,0.));
#5539=DIRECTION('',(1.,-2.77555756156289E-15,0.));
#5540=DIRECTION('',(2.77555756156289E-15,1.,0.));
#5541=DIRECTION('',(-1.,-1.50030138462859E-16,0.));
#5542=DIRECTION('',(0.,1.,0.));
#5543=DIRECTION('',(0.,0.,1.));
#5544=DIRECTION('',(0.,0.,-1.));
#5545=DIRECTION('',(-1.,0.,0.));
#5546=DIRECTION('',(2.77555756156289E-15,1.,0.));
#5547=DIRECTION('',(-1.,2.77555756156289E-15,0.));
#5548=DIRECTION('',(0.,0.,1.));
#5549=DIRECTION('',(1.,0.,0.));
#5550=DIRECTION('',(0.,-1.,0.));
#5551=DIRECTION('',(0.,0.,-1.));
#5552=DIRECTION('',(0.,-1.,0.));
#5553=DIRECTION('',(0.,0.,-1.));
#5554=DIRECTION('',(0.,0.,-1.));
#5555=DIRECTION('',(-1.,0.,0.));
#5556=DIRECTION('',(0.,0.,1.));
#5557=DIRECTION('',(1.,0.,0.));
#5558=DIRECTION('',(9.25185853854297E-17,-1.,0.));
#5559=DIRECTION('',(1.,9.25185853854297E-17,0.));
#5560=DIRECTION('',(9.25185853854297E-17,-1.,0.));
#5561=DIRECTION('',(0.,0.,1.));
#5562=DIRECTION('',(1.,0.,0.));
#5563=DIRECTION('',(0.,0.,1.));
#5564=DIRECTION('',(1.,0.,0.));
#5565=DIRECTION('',(0.,0.,1.));
#5566=DIRECTION('',(1.,0.,0.));
#5567=DIRECTION('',(-2.66880534765662E-16,1.,0.));
#5568=DIRECTION('',(1.,0.,0.));
#5569=DIRECTION('',(0.,1.,0.));
#5570=DIRECTION('',(1.,0.,0.));
#5571=DIRECTION('',(0.,0.,1.));
#5572=DIRECTION('',(1.,0.,0.));
#5573=DIRECTION('',(0.,0.,1.));
#5574=DIRECTION('',(1.,0.,0.));
#5575=DIRECTION('',(0.,0.,1.));
#5576=DIRECTION('',(1.,0.,0.));
#5577=DIRECTION('',(1.,0.,0.));
#5578=DIRECTION('',(-1.33440267382831E-16,1.,0.));
#5579=DIRECTION('',(1.,0.,0.));
#5580=DIRECTION('',(0.,1.,0.));
#5581=DIRECTION('',(-1.,-1.62313307693736E-16,0.));
#5582=DIRECTION('',(-1.,-1.62313307693736E-16,0.));
#5583=DIRECTION('',(-2.04085114820801E-16,1.,0.));
#5584=DIRECTION('',(0.,0.,-1.));
#5585=DIRECTION('',(-1.,0.,0.));
#5586=DIRECTION('',(0.,0.,1.));
#5587=DIRECTION('',(0.,0.,1.));
#5588=DIRECTION('',(1.,0.,0.));
#5589=DIRECTION('',(0.,0.,1.));
#5590=DIRECTION('',(0.,0.,-1.));
#5591=DIRECTION('',(-1.,0.,0.));
#5592=DIRECTION('',(0.,0.,1.));
#5593=DIRECTION('',(1.,0.,0.));
#5594=DIRECTION('',(0.,0.,1.));
#5595=DIRECTION('',(1.,0.,0.));
#5596=DIRECTION('',(0.,0.,1.));
#5597=DIRECTION('',(0.,0.,1.));
#5598=DIRECTION('',(0.,0.,-1.));
#5599=DIRECTION('',(-1.,0.,0.));
#5600=DIRECTION('',(0.,0.,1.));
#5601=DIRECTION('',(1.,0.,0.));
#5602=DIRECTION('',(0.,0.,1.));
#5603=DIRECTION('',(1.,0.,0.));
#5604=DIRECTION('',(0.,0.,1.));
#5605=DIRECTION('',(0.,0.,1.));
#5606=DIRECTION('',(0.,0.,1.));
#5607=DIRECTION('',(1.,0.,0.));
#5608=DIRECTION('',(0.,0.,1.));
#5609=DIRECTION('',(1.,0.,0.));
#5610=DIRECTION('',(0.,0.,1.));
#5611=DIRECTION('',(1.,0.,0.));
#5612=DIRECTION('',(0.,0.,1.));
#5613=DIRECTION('',(1.,0.,0.));
#5614=DIRECTION('',(0.,0.,1.));
#5615=DIRECTION('',(1.,0.,0.));
#5616=DIRECTION('',(0.,0.,1.));
#5617=DIRECTION('',(1.,0.,0.));
#5618=DIRECTION('',(0.,0.,1.));
#5619=DIRECTION('',(1.,0.,0.));
#5620=DIRECTION('',(0.,0.,1.));
#5621=DIRECTION('',(1.,0.,0.));
#5622=DIRECTION('',(0.,0.,1.));
#5623=DIRECTION('',(1.,0.,0.));
#5624=DIRECTION('',(0.,0.,1.));
#5625=DIRECTION('',(1.,0.,0.));
#5626=DIRECTION('',(0.,0.,1.));
#5627=DIRECTION('',(1.,0.,0.));
#5628=DIRECTION('',(0.,0.,1.));
#5629=DIRECTION('',(1.,0.,0.));
#5630=DIRECTION('',(-0.00538045665253784,0.999985525238346,0.));
#5631=DIRECTION('',(-0.999985525238346,-0.00538045665253784,0.));
#5632=DIRECTION('',(0.,0.,1.));
#5633=DIRECTION('',(0.999985525238346,0.00538045665253784,0.));
#5634=DIRECTION('',(0.,0.,-1.));
#5635=DIRECTION('',(0.999985525238346,0.00538045665253784,0.));
#5636=DIRECTION('',(1.29306478759596E-15,1.,0.));
#5637=DIRECTION('',(-1.,1.29306478759596E-15,0.));
#5638=DIRECTION('',(0.,0.,1.));
#5639=DIRECTION('',(-1.,0.,0.));
#5640=DIRECTION('',(0.,0.,-1.));
#5641=DIRECTION('',(1.,-1.29306478759596E-15,0.));
#5642=DIRECTION('',(0.,0.,-1.));
#5643=DIRECTION('',(-1.,0.,0.));
#5644=DIRECTION('',(0.,0.,-1.));
#5645=DIRECTION('',(1.,0.,0.));
#5646=DIRECTION('',(0.,0.,-1.));
#5647=DIRECTION('',(-1.,0.,0.));
#5648=DIRECTION('',(2.16840434497101E-16,-2.80388730375209E-31,1.));
#5649=DIRECTION('',(-1.,1.29306478759596E-15,0.));
#5650=DIRECTION('',(0.,0.,1.));
#5651=DIRECTION('',(1.,0.,0.));
#5652=DIRECTION('',(7.50150692314295E-17,-1.,0.));
#5653=DIRECTION('',(-2.46761563589658E-7,-0.99999999999997,0.));
#5654=DIRECTION('',(7.50150692314295E-17,-1.,0.));
#5655=DIRECTION('',(1.,7.50150692314295E-17,0.));
#5656=DIRECTION('',(0.,0.,-1.));
#5657=DIRECTION('',(0.,0.,-1.));
#5658=DIRECTION('',(-1.,-7.50150692314295E-17,0.));
#5659=DIRECTION('',(0.,0.,1.));
#5660=DIRECTION('',(7.50150692314295E-17,-1.,0.));
#5661=DIRECTION('',(1.,7.50150692314295E-17,0.));
#5662=DIRECTION('',(-1.,-7.50150692314295E-17,0.));
#5663=DIRECTION('',(7.50150692314295E-17,-1.,0.));
#5664=DIRECTION('',(1.,7.50150692314295E-17,0.));
#5665=DIRECTION('',(1.92747052886312E-16,1.44589335164207E-32,1.));
#5666=DIRECTION('',(-1.,-7.50150692314295E-17,0.));
#5667=DIRECTION('',(0.,0.,1.));
#5668=DIRECTION('',(1.,0.,0.));
#5669=DIRECTION('',(1.,0.,0.));
#5670=DIRECTION('',(0.,-1.,0.));
#5671=DIRECTION('',(-0.999999999998948,1.45087196143102E-6,0.));
#5672=DIRECTION('',(-5.44232325889309E-15,1.,0.));
#5673=DIRECTION('',(1.,9.25185853854297E-17,0.));
#5674=DIRECTION('',(-9.25185853854297E-17,1.,0.));
#5675=DIRECTION('',(0.,0.,-1.));
#5676=DIRECTION('',(9.25185853854297E-17,-1.,0.));
#5677=DIRECTION('',(0.,0.,-1.));
#5678=DIRECTION('',(1.,9.25185853854297E-17,0.));
#5679=DIRECTION('',(-9.25185853854297E-17,1.,0.));
#5680=DIRECTION('',(0.,0.,-1.));
#5681=DIRECTION('',(0.,0.,-1.));
#5682=DIRECTION('',(9.25185853854297E-17,-1.,0.));
#5683=DIRECTION('',(1.,0.,0.));
#5684=DIRECTION('',(0.,0.,-1.));
#5685=DIRECTION('',(0.,-1.,0.));
#5686=DIRECTION('',(0.,-1.,0.));
#5687=DIRECTION('',(0.,-1.,0.));
#5688=DIRECTION('',(0.,0.,-1.));
#5689=DIRECTION('',(-0.999999999998948,1.45087195735922E-6,0.));
#5690=DIRECTION('',(-1.45087195735922E-6,-0.999999999998948,0.));
#5691=DIRECTION('',(1.45087195735922E-6,0.999999999998948,0.));
#5692=DIRECTION('',(0.,0.,-1.));
#5693=DIRECTION('',(1.45087195735922E-6,0.999999999998948,0.));
#5694=DIRECTION('',(-0.00538045665253784,0.999985525238346,0.));
#5695=DIRECTION('',(-0.999985525238346,-0.00538045665253784,0.));
#5696=DIRECTION('',(0.999985525238346,0.00538045665253784,0.));
#5697=DIRECTION('',(2.16840434497101E-16,1.16671744628608E-18,1.));
#5698=DIRECTION('',(0.999985525238346,0.00538045665253784,0.));
#5699=DIRECTION('',(0.999999999999969,-2.46761563589658E-7,0.));
#5700=DIRECTION('',(2.46761563589658E-7,0.99999999999997,0.));
#5701=DIRECTION('',(-2.46761563589658E-7,-0.99999999999997,0.));
#5702=DIRECTION('',(1.,0.,0.));
#5703=DIRECTION('',(0.,0.,-1.));
#5704=DIRECTION('',(0.,-1.,0.));
#5705=DIRECTION('',(0.,0.,-1.));
#5706=DIRECTION('',(0.,-1.,0.));
#5707=DIRECTION('',(0.,-1.,0.));
#5708=DIRECTION('',(0.,-1.,0.));
#5709=DIRECTION('',(0.,0.,-1.));
#5710=DIRECTION('',(4.07830863453545E-19,0.,-1.));
#5711=DIRECTION('',(0.,-1.,0.));
#5712=DIRECTION('',(0.,0.,-1.));
#5713=DIRECTION('',(0.,0.,-1.));
#5714=DIRECTION('',(-1.,0.,0.));
#5715=DIRECTION('',(1.,0.,0.));
#5716=DIRECTION('',(-1.,0.,0.));
#5717=DIRECTION('',(0.,0.,-1.));
#5718=DIRECTION('',(1.,0.,0.));
#5719=DIRECTION('',(0.,-1.,0.));
#5720=DIRECTION('',(0.,0.,-1.));
#5721=DIRECTION('',(9.25185853854292E-14,0.,1.));
#5722=DIRECTION('',(0.,-1.,0.));
#5723=DIRECTION('',(0.,0.,-1.));
#5724=DIRECTION('',(-1.,0.,0.));
#5725=DIRECTION('',(0.,-1.,0.));
#5726=DIRECTION('',(0.,0.,-1.));
#5727=DIRECTION('',(1.,-5.4421403975984E-15,0.));
#5728=DIRECTION('',(5.4421403975984E-15,1.,0.));
#5729=DIRECTION('',(-5.4421403975984E-15,-1.,0.));
#5730=DIRECTION('',(0.,0.,-1.));
#5731=DIRECTION('',(-5.4421403975984E-15,-1.,0.));
#5732=DIRECTION('',(-1.45087196143102E-6,-0.999999999998948,0.));
#5733=DIRECTION('',(0.999999999998948,-1.45087196143102E-6,0.));
#5734=DIRECTION('',(-1.45087196143102E-6,-0.999999999998948,0.));
#5735=DIRECTION('',(0.999999999998948,-1.45087196143102E-6,0.));
#5736=DIRECTION('',(0.999999999998948,-1.45087196143102E-6,0.));
#5737=DIRECTION('',(-1.45087196143102E-6,-0.999999999998948,0.));
#5738=DIRECTION('',(0.999999999998948,-1.45087196143102E-6,0.));
#5739=DIRECTION('',(-0.999999999998948,1.45087196143102E-6,0.));
#5740=DIRECTION('',(-0.999999999998948,1.45087196143102E-6,0.));
#5741=DIRECTION('',(0.,0.,-1.));
#5742=DIRECTION('',(-1.,-5.44232325889309E-15,0.));
#5743=DIRECTION('',(5.44232325889309E-15,-1.,0.));
#5744=DIRECTION('',(-5.44232325889309E-15,1.,0.));
#5745=DIRECTION('',(1.50030138462859E-16,-1.,0.));
#5746=DIRECTION('',(1.,1.50030138462859E-16,0.));
#5747=DIRECTION('',(0.,0.,-1.));
#5748=DIRECTION('',(0.,0.,-1.));
#5749=DIRECTION('',(-1.,-1.50030138462859E-16,0.));
#5750=DIRECTION('',(1.50030138462859E-16,-1.,0.));
#5751=DIRECTION('',(1.,1.50030138462859E-16,0.));
#5752=DIRECTION('',(9.25185853854292E-14,1.38805761757638E-29,1.));
#5753=DIRECTION('',(1.50030138462859E-16,-1.,0.));
#5754=DIRECTION('',(1.,1.50030138462859E-16,0.));
#5755=DIRECTION('',(1.,1.50030138462859E-16,0.));
#5756=DIRECTION('',(1.50030138462859E-16,-1.,0.));
#5757=DIRECTION('',(1.,1.50030138462859E-16,0.));
#5758=DIRECTION('',(4.07830863453545E-19,6.11869209133628E-35,-1.));
#5759=DIRECTION('',(1.50030138462859E-16,-1.,0.));
#5760=DIRECTION('',(1.,1.50030138462859E-16,0.));
#5761=DIRECTION('',(-1.,-1.50030138462859E-16,0.));
#5762=DIRECTION('',(0.,0.,1.));
#5763=DIRECTION('',(1.,0.,0.));
#5764=DIRECTION('',(0.,0.,1.));
#5765=DIRECTION('',(1.,0.,0.));
#5766=DIRECTION('',(0.,0.,1.));
#5767=DIRECTION('',(1.,0.,0.));
#5768=DIRECTION('',(0.,0.,1.));
#5769=DIRECTION('',(1.,0.,0.));
#5770=DIRECTION('',(0.,0.,1.));
#5771=DIRECTION('',(1.,0.,0.));
#5772=DIRECTION('',(0.,0.,1.));
#5773=DIRECTION('',(1.,0.,0.));
#5774=DIRECTION('',(0.,0.,1.));
#5775=DIRECTION('',(1.,0.,0.));
#5776=DIRECTION('',(0.,0.,1.));
#5777=DIRECTION('',(1.,0.,0.));
#5778=DIRECTION('',(7.50150692314295E-17,-1.,0.));
#5779=DIRECTION('',(-1.,-7.50150692314295E-17,0.));
#5780=DIRECTION('',(7.50150692314295E-17,-1.,0.));
#5781=DIRECTION('',(7.50150692314295E-17,-1.,0.));
#5782=DIRECTION('',(-1.,-7.50150692314295E-17,0.));
#5783=DIRECTION('',(7.50150692314295E-17,-1.,0.));
#5784=DIRECTION('',(0.,0.,1.));
#5785=DIRECTION('',(1.,0.,0.));
#5786=DIRECTION('',(0.,0.,1.));
#5787=DIRECTION('',(1.,0.,0.));
#5788=DIRECTION('',(7.50150692314295E-17,-1.,0.));
#5789=DIRECTION('',(0.,0.,1.));
#5790=DIRECTION('',(1.,0.,0.));
#5791=DIRECTION('',(0.,-1.,0.));
#5792=DIRECTION('',(0.,-1.,0.));
#5793=DIRECTION('',(0.,0.,-1.));
#5794=DIRECTION('',(0.,-1.,0.));
#5795=DIRECTION('',(0.,-1.,0.));
#5796=DIRECTION('',(0.,0.,1.));
#5797=DIRECTION('',(1.,0.,0.));
#5798=DIRECTION('',(0.,-1.,0.));
#5799=DIRECTION('',(0.,-1.,0.));
#5800=DIRECTION('',(0.,0.,-1.));
#5801=DIRECTION('',(0.,-1.,0.));
#5802=DIRECTION('',(-1.,0.,-4.07830863453545E-19));
#5803=DIRECTION('',(-4.07830863453545E-19,0.,1.));
#5804=DIRECTION('',(0.,-1.,0.));
#5805=DIRECTION('',(0.,0.,-1.));
#5806=DIRECTION('',(-1.,0.,0.));
#5807=DIRECTION('',(0.,-1.,0.));
#5808=DIRECTION('',(0.,-1.,0.));
#5809=DIRECTION('',(1.,0.,-9.25185853854292E-14));
#5810=DIRECTION('',(-9.25185853854292E-14,0.,-1.));
#5811=DIRECTION('',(0.,-1.,0.));
#5812=DIRECTION('',(0.,-1.,0.));
#5813=DIRECTION('',(0.,0.,-1.));
#5814=DIRECTION('',(0.,-1.,0.));
#5815=DIRECTION('',(0.,0.,-1.));
#5816=DIRECTION('',(0.,1.,0.));
#5817=DIRECTION('',(0.,0.,1.));
#5818=DIRECTION('',(0.,0.,-1.));
#5819=DIRECTION('',(1.,0.,0.));
#5820=DIRECTION('',(0.,0.,-1.));
#5821=DIRECTION('',(1.,0.,0.));
#5822=DIRECTION('',(-1.,0.,0.));
#5823=DIRECTION('',(0.,0.,1.));
#5824=DIRECTION('',(0.,0.,-1.));
#5825=DIRECTION('',(0.,1.,0.));
#5826=DIRECTION('',(0.,1.,0.));
#5827=DIRECTION('',(0.,1.,0.));
#5828=DIRECTION('',(0.,0.,1.));
#5829=DIRECTION('',(0.,0.,-1.));
#5830=DIRECTION('',(1.,0.,0.));
#5831=DIRECTION('',(1.,0.,0.));
#5832=DIRECTION('',(0.,1.,0.));
#5833=DIRECTION('',(0.,0.,1.));
#5834=DIRECTION('',(0.,0.,-1.));
#5835=DIRECTION('',(1.,0.,0.));
#5836=DIRECTION('',(0.,0.,-1.));
#5837=DIRECTION('',(1.,0.,0.));
#5838=DIRECTION('',(-1.,0.,0.));
#5839=DIRECTION('',(0.,0.,1.));
#5840=DIRECTION('',(0.,0.,-1.));
#5841=DIRECTION('',(0.,1.,0.));
#5842=DIRECTION('',(0.,1.,0.));
#5843=DIRECTION('',(0.,1.,0.));
#5844=DIRECTION('',(0.,0.,1.));
#5845=DIRECTION('',(0.,0.,-1.));
#5846=DIRECTION('',(1.,0.,0.));
#5847=DIRECTION('',(1.,0.,0.));
#5848=DIRECTION('',(-1.,-1.33440267382831E-16,0.));
#5849=DIRECTION('',(1.33440267382831E-16,-1.,0.));
#5850=DIRECTION('',(-1.33440267382831E-16,1.,0.));
#5851=DIRECTION('',(-1.33440267382831E-16,1.,0.));
#5852=DIRECTION('',(0.,0.,-1.));
#5853=DIRECTION('',(-1.,0.,0.));
#5854=DIRECTION('',(0.,0.,1.));
#5855=DIRECTION('',(1.,0.,0.));
#5856=DIRECTION('',(0.,0.,-1.));
#5857=DIRECTION('',(-1.,0.,0.));
#5858=DIRECTION('',(0.,0.,1.));
#5859=DIRECTION('',(1.,0.,0.));
#5860=DIRECTION('',(0.,0.,1.));
#5861=DIRECTION('',(1.,0.,0.));
#5862=DIRECTION('',(0.,0.,-1.));
#5863=DIRECTION('',(-1.,0.,0.));
#5864=DIRECTION('',(0.,0.,1.));
#5865=DIRECTION('',(1.,0.,0.));
#5866=DIRECTION('',(0.,0.,1.));
#5867=DIRECTION('',(1.,0.,0.));
#5868=DIRECTION('',(0.,0.,-1.));
#5869=DIRECTION('',(-1.,0.,0.));
#5870=DIRECTION('',(0.,0.,1.));
#5871=DIRECTION('',(1.,0.,0.));
#5872=DIRECTION('',(0.,0.,1.));
#5873=DIRECTION('',(1.,0.,0.));
#5874=DIRECTION('',(0.,0.,-1.));
#5875=DIRECTION('',(-1.,0.,0.));
#5876=DIRECTION('',(0.,0.,1.));
#5877=DIRECTION('',(1.,0.,0.));
#5878=DIRECTION('',(0.,0.,-1.));
#5879=DIRECTION('',(-1.,0.,0.));
#5880=DIRECTION('',(0.,0.,1.));
#5881=DIRECTION('',(1.,0.,0.));
#5882=DIRECTION('',(0.,0.,-1.));
#5883=DIRECTION('',(-1.,0.,0.));
#5884=DIRECTION('',(0.,0.,1.));
#5885=DIRECTION('',(1.,0.,0.));
#5886=DIRECTION('',(0.,0.,-1.));
#5887=DIRECTION('',(-1.,0.,0.));
#5888=DIRECTION('',(0.,0.,1.));
#5889=DIRECTION('',(1.,0.,0.));
#5890=DIRECTION('',(0.,0.,-1.));
#5891=DIRECTION('',(-1.,0.,0.));
#5892=DIRECTION('',(0.,0.,1.));
#5893=DIRECTION('',(1.,0.,0.));
#5894=DIRECTION('',(0.,0.,-1.));
#5895=DIRECTION('',(-1.,0.,0.));
#5896=DIRECTION('',(0.,0.,1.));
#5897=DIRECTION('',(1.,0.,0.));
#5898=DIRECTION('',(-1.,-2.66880534765662E-16,0.));
#5899=DIRECTION('',(2.66880534765662E-16,-1.,0.));
#5900=DIRECTION('',(-2.66880534765662E-16,1.,0.));
#5901=DIRECTION('',(-2.66880534765662E-16,1.,0.));
#5902=DIRECTION('',(0.,0.,1.));
#5903=DIRECTION('',(1.,0.,0.));
#5904=DIRECTION('',(0.,0.,1.));
#5905=DIRECTION('',(1.,0.,0.));
#5906=DIRECTION('',(0.,0.,1.));
#5907=DIRECTION('',(1.,0.,0.));
#5908=DIRECTION('',(0.,0.,1.));
#5909=DIRECTION('',(1.,0.,0.));
#5910=DIRECTION('',(0.,0.,1.));
#5911=DIRECTION('',(1.,0.,0.));
#5912=DIRECTION('',(0.,0.,1.));
#5913=DIRECTION('',(1.,0.,0.));
#5914=DIRECTION('',(-1.,0.,0.));
#5915=DIRECTION('',(0.,0.,1.));
#5916=DIRECTION('',(-0.707106781186548,0.707106781186548,0.));
#5917=DIRECTION('',(0.707106781186548,0.707106781186548,0.));
#5918=DIRECTION('',(-0.707106781186548,-0.707106781186548,0.));
#5919=DIRECTION('',(-0.707106781186548,0.707106781186548,0.));
#5920=DIRECTION('',(0.,-1.,0.));
#5921=DIRECTION('',(0.,0.,-1.));
#5922=DIRECTION('',(0.707106781186548,-0.707106781186548,0.));
#5923=DIRECTION('',(0.707106781186548,0.707106781186548,0.));
#5924=DIRECTION('',(-2.66880534765662E-16,1.,0.));
#5925=DIRECTION('',(-1.,-2.66880534765662E-16,0.));
#5926=DIRECTION('',(0.707106781186548,0.707106781186548,0.));
#5927=DIRECTION('',(0.707106781186548,-0.707106781186548,0.));
#5928=DIRECTION('',(1.,0.,0.));
#5929=DIRECTION('',(0.,0.,-1.));
#5930=DIRECTION('',(1.,7.50150692314295E-17,0.));
#5931=DIRECTION('',(-7.50150692314295E-17,1.,0.));
#5932=DIRECTION('',(7.50150692314295E-17,-1.,0.));
#5933=DIRECTION('',(0.,0.,1.));
#5934=DIRECTION('',(0.,0.,1.));
#5935=DIRECTION('',(1.,0.,0.));
#5936=DIRECTION('',(7.50150692314295E-17,-1.,0.));
#5937=DIRECTION('',(-1.,-7.50150692314295E-17,0.));
#5938=DIRECTION('',(1.,7.50150692314295E-17,-2.16840434497101E-16));
#5939=DIRECTION('',(-2.16840434497101E-16,0.,-1.));
#5940=DIRECTION('',(2.16840434497101E-16,1.62663002059733E-32,1.));
#5941=DIRECTION('',(1.,7.50150692314295E-17,-1.92747052886312E-16));
#5942=DIRECTION('',(-1.92747052886312E-16,0.,-1.));
#5943=DIRECTION('',(7.50150692314295E-17,-1.,0.));
#5944=DIRECTION('',(1.92747052886312E-16,1.44589335164207E-32,1.));
#5945=DIRECTION('',(0.,0.,1.));
#5946=DIRECTION('',(1.,0.,0.));
#5947=DIRECTION('',(7.50150692314295E-17,-1.,0.));
#5948=DIRECTION('',(-1.,-7.50150692314295E-17,0.));
#5949=DIRECTION('',(7.50150692314295E-17,-1.,0.));
#5950=DIRECTION('',(1.,7.50150692314295E-17,0.));
#5951=DIRECTION('',(-7.50150692314295E-17,1.,0.));
#5952=DIRECTION('',(0.,0.,1.));
#5953=DIRECTION('',(7.50150692314295E-17,-1.,0.));
#5954=DIRECTION('',(-7.50150692314295E-17,1.,0.));
#5955=DIRECTION('',(-1.,-7.50150692314295E-17,0.));
#5956=DIRECTION('',(-7.50150692314295E-17,1.,0.));
#5957=DIRECTION('',(-1.,-7.50150692314295E-17,0.));
#5958=DIRECTION('',(-7.50150692314295E-17,1.,0.));
#5959=DIRECTION('',(-1.,-7.50150692314295E-17,0.));
#5960=DIRECTION('',(7.50150692314295E-17,-1.,0.));
#5961=DIRECTION('',(1.,7.50150692314295E-17,0.));
#5962=DIRECTION('',(-7.50150692314295E-17,1.,0.));
#5963=DIRECTION('',(-1.,-7.50150692314295E-17,0.));
#5964=DIRECTION('',(0.,0.,1.));
#5965=DIRECTION('',(1.,0.,0.));
#5966=DIRECTION('',(0.,0.,1.));
#5967=DIRECTION('',(1.,0.,0.));
#5968=DIRECTION('',(0.,0.,1.));
#5969=DIRECTION('',(1.,0.,0.));
#5970=DIRECTION('',(0.,0.,1.));
#5971=DIRECTION('',(1.,0.,0.));
#5972=DIRECTION('',(0.,0.,1.));
#5973=DIRECTION('',(1.,0.,0.));
#5974=DIRECTION('',(0.,0.,1.));
#5975=DIRECTION('',(1.,0.,0.));
#5976=DIRECTION('',(0.,0.,1.));
#5977=DIRECTION('',(1.,0.,0.));
#5978=DIRECTION('',(0.,0.,1.));
#5979=DIRECTION('',(1.,0.,0.));
#5980=DIRECTION('',(0.,0.,1.));
#5981=DIRECTION('',(1.,0.,0.));
#5982=DIRECTION('',(0.,0.,1.));
#5983=DIRECTION('',(1.,0.,0.));
#5984=DIRECTION('',(0.,0.,1.));
#5985=DIRECTION('',(1.,0.,0.));
#5986=DIRECTION('',(0.,0.,1.));
#5987=DIRECTION('',(1.,0.,0.));
#5988=DIRECTION('',(0.,0.,1.));
#5989=DIRECTION('',(1.,0.,0.));
#5990=DIRECTION('',(0.,0.,1.));
#5991=DIRECTION('',(1.,0.,0.));
#5992=DIRECTION('',(0.,0.,1.));
#5993=DIRECTION('',(1.,0.,0.));
#5994=DIRECTION('',(0.,0.,1.));
#5995=DIRECTION('',(1.,0.,0.));
#5996=DIRECTION('',(0.,0.,1.));
#5997=DIRECTION('',(1.,0.,0.));
#5998=DIRECTION('',(0.,0.,1.));
#5999=DIRECTION('',(1.,0.,0.));
#6000=DIRECTION('',(0.,0.,1.));
#6001=DIRECTION('',(1.,0.,0.));
#6002=DIRECTION('',(0.,0.,1.));
#6003=DIRECTION('',(1.,0.,0.));
#6004=DIRECTION('',(0.,0.,1.));
#6005=DIRECTION('',(1.,0.,0.));
#6006=DIRECTION('',(0.,0.,1.));
#6007=DIRECTION('',(1.,0.,0.));
#6008=DIRECTION('',(0.,0.,1.));
#6009=DIRECTION('',(1.,0.,0.));
#6010=DIRECTION('',(0.,0.,1.));
#6011=DIRECTION('',(1.,0.,0.));
#6012=DIRECTION('',(0.,0.,1.));
#6013=DIRECTION('',(1.,0.,0.));
#6014=DIRECTION('',(0.00476235267607513,0.999988659934196,0.));
#6015=DIRECTION('',(-0.999988659934196,0.00476235267607513,0.));
#6016=DIRECTION('',(0.,0.,1.));
#6017=DIRECTION('',(0.,0.,1.));
#6018=DIRECTION('',(-0.999988659934196,0.00476235267607513,0.));
#6019=DIRECTION('',(0.999988659934196,-0.00476235267607517,0.));
#6020=DIRECTION('',(0.00476235267607517,0.999988659934196,0.));
#6021=DIRECTION('',(0.,0.,1.));
#6022=DIRECTION('',(0.00476235267607517,0.999988659934196,0.));
#6023=DIRECTION('',(-0.00670920457525379,-0.999977493033702,0.));
#6024=DIRECTION('',(0.999977493033702,-0.00670920457525379,0.));
#6025=DIRECTION('',(0.,0.,1.));
#6026=DIRECTION('',(0.999977493033702,-0.00670920457525379,0.));
#6027=DIRECTION('',(1.,0.,0.));
#6028=DIRECTION('',(0.,0.,-1.));
#6029=DIRECTION('',(0.,0.,1.));
#6030=DIRECTION('',(0.,1.,0.));
#6031=DIRECTION('',(0.,0.,1.));
#6032=DIRECTION('',(1.,0.,0.));
#6033=DIRECTION('',(0.,0.,1.));
#6034=DIRECTION('',(0.,0.,1.));
#6035=DIRECTION('',(1.,0.,0.));
#6036=DIRECTION('',(1.,0.,0.));
#6037=DIRECTION('',(0.,0.,-1.));
#6038=DIRECTION('',(0.,0.,1.));
#6039=DIRECTION('',(0.,1.,0.));
#6040=DIRECTION('',(-0.00670920457525098,-0.999977493033702,0.));
#6041=DIRECTION('',(0.999977493033702,-0.00670920457525098,0.));
#6042=DIRECTION('',(0.,0.,1.));
#6043=DIRECTION('',(0.999977493033702,-0.00670920457525098,0.));
#6044=DIRECTION('',(0.999989609887565,-0.00455852135192717,0.));
#6045=DIRECTION('',(0.00455852135192717,0.999989609887565,0.));
#6046=DIRECTION('',(0.,0.,1.));
#6047=DIRECTION('',(0.00455852135192717,0.999989609887565,0.));
#6048=DIRECTION('',(0.00476235267607527,0.999988659934196,0.));
#6049=DIRECTION('',(-0.999988659934196,0.00476235267607527,0.));
#6050=DIRECTION('',(0.,0.,1.));
#6051=DIRECTION('',(-0.999988659934196,0.00476235267607527,0.));
#6052=DIRECTION('',(-1.,0.,0.));
#6053=DIRECTION('',(0.,0.,1.));
#6054=DIRECTION('',(0.,-1.,0.));
#6055=DIRECTION('',(1.,0.,0.));
#6056=DIRECTION('',(0.,0.,-1.));
#6057=DIRECTION('',(0.,0.,1.));
#6058=DIRECTION('',(0.,1.,0.));
#6059=DIRECTION('',(-0.00455852135192732,-0.999989609887565,0.));
#6060=DIRECTION('',(0.999989609887565,-0.00455852135192732,0.));
#6061=DIRECTION('',(0.,0.,1.));
#6062=DIRECTION('',(0.999989609887565,-0.00455852135192732,0.));
#6063=DIRECTION('',(0.999989609887565,-0.00455852135192745,0.));
#6064=DIRECTION('',(0.00455852135192745,0.999989609887565,0.));
#6065=DIRECTION('',(0.,0.,1.));
#6066=DIRECTION('',(0.00455852135192745,0.999989609887565,0.));
#6067=DIRECTION('',(-1.02330240180603E-16,1.,0.));
#6068=DIRECTION('',(-1.,-1.02330240180603E-16,0.));
#6069=DIRECTION('',(0.,0.,1.));
#6070=DIRECTION('',(-1.,-1.02330240180602E-16,0.));
#6071=DIRECTION('',(0.00547203242411643,0.999985028318499,0.));
#6072=DIRECTION('',(-0.999985028318499,0.00547203242411643,0.));
#6073=DIRECTION('',(0.,0.,1.));
#6074=DIRECTION('',(-0.999985028318499,0.00547203242411643,0.));
#6075=DIRECTION('',(1.,0.,0.));
#6076=DIRECTION('',(0.,0.,-1.));
#6077=DIRECTION('',(0.,1.,0.));
#6078=DIRECTION('',(1.,0.,0.));
#6079=DIRECTION('',(0.,0.,-1.));
#6080=DIRECTION('',(0.,1.,0.));
#6081=DIRECTION('',(1.,0.,0.));
#6082=DIRECTION('',(0.,0.,-1.));
#6083=DIRECTION('',(0.,0.,1.));
#6084=DIRECTION('',(0.,1.,0.));
#6085=DIRECTION('',(0.,1.,0.));
#6086=DIRECTION('',(0.,0.,1.));
#6087=DIRECTION('',(0.,0.,1.));
#6088=DIRECTION('',(-1.,0.,0.));
#6089=DIRECTION('',(0.999988659934196,-0.00476235267607479,0.));
#6090=DIRECTION('',(0.00476235267607479,0.999988659934196,0.));
#6091=DIRECTION('',(0.,0.,1.));
#6092=DIRECTION('',(0.00476235267607479,0.999988659934196,0.));
#6093=DIRECTION('',(0.00476235267607517,0.999988659934196,0.));
#6094=DIRECTION('',(-0.999988659934196,0.00476235267607517,0.));
#6095=DIRECTION('',(0.,0.,1.));
#6096=DIRECTION('',(-0.999988659934196,0.00476235267607517,0.));
#6097=DIRECTION('',(1.,0.,0.));
#6098=DIRECTION('',(0.,0.,-1.));
#6099=DIRECTION('',(0.,0.,1.));
#6100=DIRECTION('',(0.,1.,0.));
#6101=DIRECTION('',(0.,1.,0.));
#6102=DIRECTION('',(0.,0.,1.));
#6103=DIRECTION('',(0.,0.,1.));
#6104=DIRECTION('',(-1.,0.,0.));
#6105=DIRECTION('',(1.,0.,0.));
#6106=DIRECTION('',(0.,0.,-1.));
#6107=DIRECTION('',(0.,0.,1.));
#6108=DIRECTION('',(0.,1.,0.));
#6109=DIRECTION('',(0.,0.,1.));
#6110=DIRECTION('',(1.,0.,0.));
#6111=DIRECTION('',(0.,0.,1.));
#6112=DIRECTION('',(0.,0.,1.));
#6113=DIRECTION('',(1.,0.,0.));
#6114=DIRECTION('',(1.,0.,0.));
#6115=DIRECTION('',(0.,0.,-1.));
#6116=DIRECTION('',(0.,0.,1.));
#6117=DIRECTION('',(0.,1.,0.));
#6118=DIRECTION('',(0.,-1.,0.));
#6119=DIRECTION('',(0.,0.,-1.));
#6120=DIRECTION('',(0.,0.,1.));
#6121=DIRECTION('',(1.,0.,0.));
#6122=DIRECTION('',(1.,0.,0.));
#6123=DIRECTION('',(0.,0.,-1.));
#6124=DIRECTION('',(0.,1.,0.));
#6125=DIRECTION('',(0.,0.,1.));
#6126=DIRECTION('',(1.,0.,0.));
#6127=DIRECTION('',(0.,0.,1.));
#6128=DIRECTION('',(1.,0.,0.));
#6129=DIRECTION('',(0.,0.,1.));
#6130=DIRECTION('',(1.,0.,0.));
#6131=DIRECTION('',(-1.,-1.62313307693736E-16,0.));
#6132=DIRECTION('',(-2.04085114820801E-16,1.,0.));
#6133=DIRECTION('',(1.,1.62313307693736E-16,0.));
#6134=DIRECTION('',(2.04085114820801E-16,-1.,0.));
#6135=DIRECTION('',(0.,0.,1.));
#6136=DIRECTION('',(1.,0.,0.));
#6137=DIRECTION('',(0.,0.,1.));
#6138=DIRECTION('',(1.,0.,0.));
#6139=DIRECTION('',(0.,0.,1.));
#6140=DIRECTION('',(1.,0.,0.));
#6141=DIRECTION('',(0.,0.,1.));
#6142=DIRECTION('',(1.,0.,0.));
#6143=DIRECTION('',(0.,-1.,0.));
#6144=DIRECTION('',(0.,0.,-1.));
#6145=DIRECTION('',(-0.707106781186548,-0.707106781186548,0.));
#6146=DIRECTION('',(0.707106781186548,-0.707106781186548,0.));
#6147=DIRECTION('',(0.707106781186548,-0.707106781186548,0.));
#6148=DIRECTION('',(0.707106781186548,0.707106781186548,0.));
#6149=DIRECTION('',(1.,0.,0.));
#6150=DIRECTION('',(0.,0.,-1.));
#6151=DIRECTION('',(0.707106781186548,0.707106781186548,0.));
#6152=DIRECTION('',(-0.707106781186548,0.707106781186548,0.));
#6153=DIRECTION('',(-1.,0.,0.));
#6154=DIRECTION('',(0.,0.,1.));
#6155=DIRECTION('',(-0.707106781186548,0.707106781186548,0.));
#6156=DIRECTION('',(0.707106781186548,0.707106781186548,0.));
#6157=DIRECTION('',(-1.33440267382831E-16,1.,0.));
#6158=DIRECTION('',(-1.,-1.33440267382831E-16,0.));
#6159=DIRECTION('',(-1.,-1.62313307693736E-16,0.));
#6160=DIRECTION('',(1.62313307693736E-16,-1.,0.));
#6161=DIRECTION('',(-0.707106781186547,-0.707106781186548,0.));
#6162=DIRECTION('',(0.707106781186548,-0.707106781186547,0.));
#6163=DIRECTION('',(-1.,-1.62313307693736E-16,0.));
#6164=DIRECTION('',(-0.707106781186548,0.707106781186547,0.));
#6165=DIRECTION('',(0.707106781186547,0.707106781186548,0.));
#6166=DIRECTION('',(-2.04085114820801E-16,1.,0.));
#6167=DIRECTION('',(-1.,-2.04085114820801E-16,0.));
#6168=DIRECTION('',(-2.04085114820801E-16,1.,0.));
#6169=DIRECTION('',(0.707106781186547,0.707106781186548,0.));
#6170=DIRECTION('',(-0.707106781186548,0.707106781186547,0.));
#6171=DIRECTION('',(2.04085114820801E-16,-1.,0.));
#6172=DIRECTION('',(1.,2.04085114820801E-16,0.));
#6173=DIRECTION('',(0.707106781186548,-0.707106781186547,0.));
#6174=DIRECTION('',(-0.707106781186547,-0.707106781186548,0.));
#6175=DIRECTION('',(1.,1.62313307693736E-16,0.));
#6176=DIRECTION('',(-1.62313307693736E-16,1.,0.));
#6177=DIRECTION('',(-1.,-1.62313307693736E-16,0.));
#6178=DIRECTION('',(1.62313307693736E-16,-1.,0.));
#6179=DIRECTION('',(1.,1.62313307693736E-16,0.));
#6180=DIRECTION('',(0.,0.,-1.));
#6181=DIRECTION('',(0.,0.,-1.));
#6182=DIRECTION('',(0.,0.,-1.));
#6183=DIRECTION('',(-1.62313307693736E-16,1.,0.));
#6184=DIRECTION('',(-1.,-1.62313307693736E-16,0.));
#6185=DIRECTION('',(0.,0.,-1.));
#6186=DIRECTION('',(0.,0.,-1.));
#6187=DIRECTION('',(-1.,0.,0.));
#6188=DIRECTION('',(0.,0.,-1.));
#6189=DIRECTION('',(-1.,0.,0.));
#6190=DIRECTION('',(0.,0.,-1.));
#6191=DIRECTION('',(-1.,0.,0.));
#6192=DIRECTION('',(0.,0.,-1.));
#6193=DIRECTION('',(-1.,0.,0.));
#6194=DIRECTION('',(-1.,-2.04085114820801E-16,0.));
#6195=DIRECTION('',(2.04085114820801E-16,-1.,0.));
#6196=DIRECTION('',(0.,0.,1.));
#6197=DIRECTION('',(1.,0.,0.));
#6198=DIRECTION('',(0.,0.,-1.));
#6199=DIRECTION('',(-1.,0.,0.));
#6200=DIRECTION('',(0.,0.,1.));
#6201=DIRECTION('',(1.,0.,0.));
#6202=DIRECTION('',(0.,0.,-1.));
#6203=DIRECTION('',(-1.,0.,0.));
#6204=DIRECTION('',(0.,0.,1.));
#6205=DIRECTION('',(1.,0.,0.));
#6206=DIRECTION('',(0.,0.,1.));
#6207=DIRECTION('',(1.,0.,0.));
#6208=DIRECTION('',(0.,0.,-1.));
#6209=DIRECTION('',(-1.,0.,0.));
#6210=DIRECTION('',(0.,0.,-1.));
#6211=DIRECTION('',(-1.,0.,0.));
#6212=DIRECTION('',(0.,0.,-1.));
#6213=DIRECTION('',(-1.,0.,0.));
#6214=DIRECTION('',(0.,0.,-1.));
#6215=DIRECTION('',(-1.,0.,0.));
#6216=DIRECTION('',(1.,0.,0.));
#6217=DIRECTION('',(0.,0.,-1.));
#6218=DIRECTION('',(0.,0.,1.));
#6219=DIRECTION('',(0.,1.,0.));
#6220=DIRECTION('',(0.,0.,1.));
#6221=DIRECTION('',(0.,1.,0.));
#6222=DIRECTION('',(0.,0.,1.));
#6223=DIRECTION('',(0.,0.,1.));
#6224=DIRECTION('',(-1.,0.,0.));
#6225=DIRECTION('',(-1.,0.,0.));
#6226=DIRECTION('',(0.,0.,1.));
#6227=DIRECTION('',(0.,0.,1.));
#6228=DIRECTION('',(0.,-1.,0.));
#6229=DIRECTION('',(0.921552026213279,0.388254894344165,0.));
#6230=DIRECTION('',(-0.388254894344165,0.921552026213279,0.));
#6231=DIRECTION('',(0.,0.,1.));
#6232=DIRECTION('',(-0.388254894344165,0.921552026213279,0.));
#6233=DIRECTION('',(0.,1.,0.));
#6234=DIRECTION('',(0.,0.,1.));
#6235=DIRECTION('',(0.,0.,1.));
#6236=DIRECTION('',(-1.,0.,0.));
#6237=DIRECTION('',(-1.,0.,0.));
#6238=DIRECTION('',(0.,0.,1.));
#6239=DIRECTION('',(0.,0.,1.));
#6240=DIRECTION('',(0.,-1.,0.));
#6241=DIRECTION('',(0.,-1.,0.));
#6242=DIRECTION('',(0.,0.,-1.));
#6243=DIRECTION('',(0.,0.,1.));
#6244=DIRECTION('',(1.,0.,0.));
#6245=DIRECTION('',(1.,0.,0.));
#6246=DIRECTION('',(0.,0.,-1.));
#6247=DIRECTION('',(0.,0.,1.));
#6248=DIRECTION('',(0.,1.,0.));
#6249=DIRECTION('',(-0.919490013934647,-0.393113360590126,0.));
#6250=DIRECTION('',(0.393113360590126,-0.919490013934647,0.));
#6251=DIRECTION('',(0.,0.,1.));
#6252=DIRECTION('',(0.393113360590126,-0.919490013934647,0.));
#6253=DIRECTION('',(0.,-1.,0.));
#6254=DIRECTION('',(0.,0.,-1.));
#6255=DIRECTION('',(1.,0.,0.));
#6256=DIRECTION('',(0.,0.,1.));
#6257=DIRECTION('',(1.,0.,0.));
#6258=DIRECTION('',(0.,0.,1.));
#6259=DIRECTION('',(0.,0.,1.));
#6260=DIRECTION('',(0.,0.,1.));
#6261=DIRECTION('',(0.,0.,1.));
#6262=DIRECTION('',(0.,0.,1.));
#6263=DIRECTION('',(-0.994362970403533,-0.106029633076146,0.));
#6264=DIRECTION('',(0.,0.,1.));
#6265=DIRECTION('',(1.,0.,0.));
#6266=DIRECTION('',(0.,0.,1.));
#6267=DIRECTION('',(0.,0.,1.));
#6268=DIRECTION('',(1.,0.,0.));
#6269=DIRECTION('',(-1.,0.,0.));
#6270=DIRECTION('',(0.,0.,1.));
#6271=DIRECTION('',(0.,-1.,0.));
#6272=DIRECTION('',(0.,0.,1.));
#6273=DIRECTION('',(0.,-1.,0.));
#6274=DIRECTION('',(0.,0.,1.));
#6275=DIRECTION('',(-0.994148217498482,0.108024634433963,0.));
#6276=DIRECTION('',(0.,0.,1.));
#6277=DIRECTION('',(1.,0.,0.));
#6278=DIRECTION('',(0.,0.,1.));
#6279=DIRECTION('',(0.,0.,1.));
#6280=DIRECTION('',(1.,0.,0.));
#6281=DIRECTION('',(0.,0.,1.));
#6282=DIRECTION('',(0.,0.,1.));
#6283=DIRECTION('',(0.,0.,1.));
#6284=DIRECTION('',(0.,0.,1.));
#6285=DIRECTION('',(0.,0.,1.));
#6286=DIRECTION('',(0.994034974415231,0.109061769833936,0.));
#6287=DIRECTION('',(0.,0.,1.));
#6288=DIRECTION('',(1.,0.,0.));
#6289=DIRECTION('',(0.,0.,1.));
#6290=DIRECTION('',(0.,0.,1.));
#6291=DIRECTION('',(1.,0.,0.));
#6292=DIRECTION('',(1.,0.,0.));
#6293=DIRECTION('',(0.,0.,-1.));
#6294=DIRECTION('',(0.,1.,0.));
#6295=DIRECTION('',(0.,0.,1.));
#6296=DIRECTION('',(0.,1.,0.));
#6297=DIRECTION('',(0.,0.,1.));
#6298=DIRECTION('',(0.994253803147355,-0.107048469989162,0.));
#6299=DIRECTION('',(0.,0.,1.));
#6300=DIRECTION('',(1.,0.,0.));
#6301=DIRECTION('',(0.,0.,1.));
#6302=DIRECTION('',(0.,0.,1.));
#6303=DIRECTION('',(1.,0.,0.));
#6304=DIRECTION('',(0.,0.,1.));
#6305=DIRECTION('',(0.,0.,1.));
#6306=DIRECTION('',(0.,0.,1.));
#6307=DIRECTION('',(0.,0.,1.));
#6308=DIRECTION('',(0.,0.,1.));
#6309=DIRECTION('',(-1.,0.,0.));
#6310=DIRECTION('',(0.,0.,1.));
#6311=DIRECTION('',(0.,0.,1.));
#6312=DIRECTION('',(0.,-1.,0.));
#6313=DIRECTION('',(0.,0.,1.));
#6314=DIRECTION('',(0.,0.,1.));
#6315=DIRECTION('',(0.782771315804104,0.622309462529947,0.));
#6316=DIRECTION('',(0.,0.,1.));
#6317=DIRECTION('',(0.,0.,1.));
#6318=DIRECTION('',(1.,0.,0.));
#6319=DIRECTION('',(0.,0.,1.));
#6320=DIRECTION('',(0.,0.,1.));
#6321=DIRECTION('',(0.,0.,1.));
#6322=DIRECTION('',(0.,0.,1.));
#6323=DIRECTION('',(1.,0.,0.));
#6324=DIRECTION('',(0.,0.,-1.));
#6325=DIRECTION('',(0.,0.,1.));
#6326=DIRECTION('',(0.,1.,0.));
#6327=DIRECTION('',(0.,0.,1.));
#6328=DIRECTION('',(0.,0.,1.));
#6329=DIRECTION('',(1.,0.,0.));
#6330=DIRECTION('',(0.965648124294864,-0.259853227891847,0.));
#6331=DIRECTION('',(0.259853227891847,0.965648124294864,0.));
#6332=DIRECTION('',(0.,0.,1.));
#6333=DIRECTION('',(0.259853227891847,0.965648124294864,0.));
#6334=DIRECTION('',(0.,0.,1.));
#6335=DIRECTION('',(0.,1.,0.));
#6336=DIRECTION('',(0.,0.,1.));
#6337=DIRECTION('',(0.,0.,1.));
#6338=DIRECTION('',(-1.,0.,0.));
#6339=DIRECTION('',(-0.96532028121822,0.2610684865486,0.));
#6340=DIRECTION('',(-0.2610684865486,-0.96532028121822,0.));
#6341=DIRECTION('',(0.,0.,1.));
#6342=DIRECTION('',(-0.2610684865486,-0.96532028121822,0.));
#6343=DIRECTION('',(0.,-1.,0.));
#6344=DIRECTION('',(0.,0.,-1.));
#6345=DIRECTION('',(1.,0.,0.));
#6346=DIRECTION('',(0.,0.,1.));
#6347=DIRECTION('',(1.,0.,0.));
#6348=DIRECTION('',(1.,0.,0.));
#6349=DIRECTION('',(0.,0.,-1.));
#6350=DIRECTION('',(0.,0.,1.));
#6351=DIRECTION('',(0.,1.,0.));
#6352=DIRECTION('',(0.,0.,1.));
#6353=DIRECTION('',(0.,1.,0.));
#6354=DIRECTION('',(0.,0.,1.));
#6355=DIRECTION('',(0.,0.,1.));
#6356=DIRECTION('',(-1.,0.,0.));
#6357=DIRECTION('',(-1.,0.,0.));
#6358=DIRECTION('',(0.,0.,1.));
#6359=DIRECTION('',(0.,0.,1.));
#6360=DIRECTION('',(0.,-1.,0.));
#6361=DIRECTION('',(0.,1.,0.));
#6362=DIRECTION('',(0.,0.,1.));
#6363=DIRECTION('',(0.,0.,1.));
#6364=DIRECTION('',(-1.,0.,0.));
#6365=DIRECTION('',(-1.,0.,0.));
#6366=DIRECTION('',(0.,0.,1.));
#6367=DIRECTION('',(0.,0.,1.));
#6368=DIRECTION('',(0.,-1.,0.));
#6369=DIRECTION('',(0.,-1.,0.));
#6370=DIRECTION('',(0.,0.,-1.));
#6371=DIRECTION('',(0.,0.,1.));
#6372=DIRECTION('',(1.,0.,0.));
#6373=DIRECTION('',(-1.,0.,0.));
#6374=DIRECTION('',(0.,0.,1.));
#6375=DIRECTION('',(0.,0.,1.));
#6376=DIRECTION('',(0.,-1.,0.));
#6377=DIRECTION('',(0.,1.,0.));
#6378=DIRECTION('',(0.,0.,1.));
#6379=DIRECTION('',(0.,0.,1.));
#6380=DIRECTION('',(-1.,0.,0.));
#6381=DIRECTION('',(-1.,0.,0.));
#6382=DIRECTION('',(0.,0.,1.));
#6383=DIRECTION('',(0.,0.,1.));
#6384=DIRECTION('',(0.,-1.,0.));
#6385=DIRECTION('',(0.,-1.,0.));
#6386=DIRECTION('',(0.,0.,-1.));
#6387=DIRECTION('',(1.,0.,0.));
#6388=DIRECTION('',(0.,0.,1.));
#6389=DIRECTION('',(1.,0.,0.));
#6390=DIRECTION('',(1.,0.,0.));
#6391=DIRECTION('',(0.,0.,-1.));
#6392=DIRECTION('',(0.,0.,1.));
#6393=DIRECTION('',(0.,1.,0.));
#6394=DIRECTION('',(0.,0.,1.));
#6395=DIRECTION('',(0.,1.,0.));
#6396=DIRECTION('',(0.,0.,1.));
#6397=DIRECTION('',(0.,0.,1.));
#6398=DIRECTION('',(-1.,0.,0.));
#6399=DIRECTION('',(-1.,0.,0.));
#6400=DIRECTION('',(0.,0.,1.));
#6401=DIRECTION('',(0.,0.,1.));
#6402=DIRECTION('',(0.,-1.,0.));
#6403=DIRECTION('',(0.,1.,0.));
#6404=DIRECTION('',(0.,0.,1.));
#6405=DIRECTION('',(0.,0.,1.));
#6406=DIRECTION('',(-1.,0.,0.));
#6407=DIRECTION('',(-1.,0.,0.));
#6408=DIRECTION('',(0.,0.,1.));
#6409=DIRECTION('',(0.,0.,1.));
#6410=DIRECTION('',(0.,-1.,0.));
#6411=DIRECTION('',(0.,-1.,0.));
#6412=DIRECTION('',(0.,0.,-1.));
#6413=DIRECTION('',(0.,0.,1.));
#6414=DIRECTION('',(1.,0.,0.));
#6415=DIRECTION('',(-1.,0.,0.));
#6416=DIRECTION('',(0.,0.,1.));
#6417=DIRECTION('',(0.,0.,1.));
#6418=DIRECTION('',(0.,-1.,0.));
#6419=DIRECTION('',(0.,1.,0.));
#6420=DIRECTION('',(0.,0.,1.));
#6421=DIRECTION('',(0.,0.,1.));
#6422=DIRECTION('',(-1.,0.,0.));
#6423=DIRECTION('',(-1.,0.,0.));
#6424=DIRECTION('',(0.,0.,1.));
#6425=DIRECTION('',(0.,0.,1.));
#6426=DIRECTION('',(0.,-1.,0.));
#6427=DIRECTION('',(0.,-1.,0.));
#6428=DIRECTION('',(0.,0.,-1.));
#6429=DIRECTION('',(1.,0.,0.));
#6430=DIRECTION('',(0.,0.,1.));
#6431=DIRECTION('',(1.,0.,0.));
#6432=DIRECTION('',(0.,0.,1.));
#6433=DIRECTION('',(0.,0.,1.));
#6434=DIRECTION('',(0.,0.,1.));
#6435=DIRECTION('',(0.,0.,1.));
#6436=DIRECTION('',(0.,0.,1.));
#6437=DIRECTION('',(-0.994362970403544,-0.106029633076048,0.));
#6438=DIRECTION('',(0.,0.,1.));
#6439=DIRECTION('',(1.,0.,0.));
#6440=DIRECTION('',(0.,0.,1.));
#6441=DIRECTION('',(0.,0.,1.));
#6442=DIRECTION('',(1.,0.,0.));
#6443=DIRECTION('',(-1.,0.,0.));
#6444=DIRECTION('',(0.,0.,1.));
#6445=DIRECTION('',(0.,-1.,0.));
#6446=DIRECTION('',(0.,0.,1.));
#6447=DIRECTION('',(0.,-1.,0.));
#6448=DIRECTION('',(0.,0.,1.));
#6449=DIRECTION('',(-0.994148217498493,0.108024634433861,0.));
#6450=DIRECTION('',(0.,0.,1.));
#6451=DIRECTION('',(1.,0.,0.));
#6452=DIRECTION('',(0.,0.,1.));
#6453=DIRECTION('',(0.,0.,1.));
#6454=DIRECTION('',(1.,0.,0.));
#6455=DIRECTION('',(0.,0.,1.));
#6456=DIRECTION('',(0.,0.,1.));
#6457=DIRECTION('',(0.,0.,1.));
#6458=DIRECTION('',(0.,0.,1.));
#6459=DIRECTION('',(0.,0.,1.));
#6460=DIRECTION('',(0.994034974415293,0.109061769833372,0.));
#6461=DIRECTION('',(0.,0.,1.));
#6462=DIRECTION('',(1.,0.,0.));
#6463=DIRECTION('',(0.,0.,1.));
#6464=DIRECTION('',(0.,0.,1.));
#6465=DIRECTION('',(1.,0.,0.));
#6466=DIRECTION('',(1.,0.,0.));
#6467=DIRECTION('',(0.,0.,-1.));
#6468=DIRECTION('',(0.,1.,0.));
#6469=DIRECTION('',(0.,0.,1.));
#6470=DIRECTION('',(0.,1.,0.));
#6471=DIRECTION('',(0.,0.,1.));
#6472=DIRECTION('',(0.994253803147352,-0.107048469989194,0.));
#6473=DIRECTION('',(0.,0.,1.));
#6474=DIRECTION('',(1.,0.,0.));
#6475=DIRECTION('',(0.,0.,1.));
#6476=DIRECTION('',(0.,0.,1.));
#6477=DIRECTION('',(1.,0.,0.));
#6478=DIRECTION('',(0.,0.,1.));
#6479=DIRECTION('',(0.,0.,1.));
#6480=DIRECTION('',(0.,0.,1.));
#6481=DIRECTION('',(0.,0.,1.));
#6482=DIRECTION('',(0.,0.,1.));
#6483=DIRECTION('',(-1.,0.,0.));
#6484=DIRECTION('',(0.,0.,1.));
#6485=DIRECTION('',(0.,0.,1.));
#6486=DIRECTION('',(0.,-1.,0.));
#6487=DIRECTION('',(0.,0.,1.));
#6488=DIRECTION('',(0.,0.,1.));
#6489=DIRECTION('',(0.782771315804017,0.622309462530057,0.));
#6490=DIRECTION('',(0.,0.,1.));
#6491=DIRECTION('',(0.,0.,1.));
#6492=DIRECTION('',(1.,0.,0.));
#6493=DIRECTION('',(0.,0.,1.));
#6494=DIRECTION('',(0.,0.,1.));
#6495=DIRECTION('',(0.,0.,1.));
#6496=DIRECTION('',(0.,0.,1.));
#6497=DIRECTION('',(1.,0.,0.));
#6498=DIRECTION('',(0.,0.,-1.));
#6499=DIRECTION('',(0.,0.,1.));
#6500=DIRECTION('',(0.,1.,0.));
#6501=DIRECTION('',(0.,0.,1.));
#6502=DIRECTION('',(0.,0.,1.));
#6503=DIRECTION('',(1.,0.,0.));
#6504=DIRECTION('',(0.,0.,1.));
#6505=DIRECTION('',(1.,0.,0.));
#6506=DIRECTION('',(0.,0.,1.));
#6507=DIRECTION('',(1.,0.,0.));
#6508=CARTESIAN_POINT('',(0.,0.,0.));
#6509=CARTESIAN_POINT('',(0.006,5.00000000000084E-5,0.0321));
#6510=CARTESIAN_POINT('',(0.0318814655871732,-0.0577588582896757,0.0321));
#6511=CARTESIAN_POINT('',(0.0322492475325489,-0.0577588582896757,0.0321));
#6512=CARTESIAN_POINT('',(0.0315136836417976,-0.0577588582896757,0.0321));
#6513=CARTESIAN_POINT('',(0.0315136836417976,-0.0551218159593475,0.0321));
#6514=CARTESIAN_POINT('',(0.0315136836417976,-0.0524847736290192,0.0321));
#6515=CARTESIAN_POINT('',(0.0325325871502173,-0.0524847736290192,0.0321));
#6516=CARTESIAN_POINT('',(0.0335514906586369,-0.0524847736290192,0.0321));
#6517=CARTESIAN_POINT('',(0.0335514906586369,-0.0527482743865636,0.0321));
#6518=CARTESIAN_POINT('',(0.0335514906586369,-0.053011775144108,0.0321));
#6519=CARTESIAN_POINT('',(0.0329003690955929,-0.053011775144108,0.0321));
#6520=CARTESIAN_POINT('',(0.0322492475325489,-0.053011775144108,0.0321));
#6521=CARTESIAN_POINT('',(0.0322492475325489,-0.0538907892542174,0.0321));
#6522=CARTESIAN_POINT('',(0.0322492475325489,-0.0547698033643268,0.0321));
#6523=CARTESIAN_POINT('',(0.032753866743908,-0.0547698033643268,0.0321));
#6524=CARTESIAN_POINT('',(0.0332584859552671,-0.0547698033643268,0.0321));
#6525=CARTESIAN_POINT('',(0.0332584859552671,-0.0550302519895444,0.0321));
#6526=CARTESIAN_POINT('',(0.0332584859552671,-0.055290700614762,0.0321));
#6527=CARTESIAN_POINT('',(0.032753866743908,-0.055290700614762,0.0321));
#6528=CARTESIAN_POINT('',(0.0322492475325489,-0.055290700614762,0.0321));
#6529=CARTESIAN_POINT('',(0.0322492475325489,-0.0565247794522188,0.0321));
#6530=CARTESIAN_POINT('',(0.029335987226648,-0.0577588582896757,0.0321));
#6531=CARTESIAN_POINT('',(0.0297037691720237,-0.0577588582896757,0.0321));
#6532=CARTESIAN_POINT('',(0.0289682052812724,-0.0577588582896757,0.0321));
#6533=CARTESIAN_POINT('',(0.0289682052812724,-0.0551218159593475,0.0321));
#6534=CARTESIAN_POINT('',(0.0289682052812724,-0.0524847736290192,0.0321));
#6535=CARTESIAN_POINT('',(0.029987108789692,-0.0524847736290192,0.0321));
#6536=CARTESIAN_POINT('',(0.0310060122981117,-0.0524847736290192,0.0321));
#6537=CARTESIAN_POINT('',(0.0310060122981117,-0.0527482743865636,0.0321));
#6538=CARTESIAN_POINT('',(0.0310060122981117,-0.053011775144108,0.0321));
#6539=CARTESIAN_POINT('',(0.0303548907350677,-0.053011775144108,0.0321));
#6540=CARTESIAN_POINT('',(0.0297037691720237,-0.053011775144108,0.0321));
#6541=CARTESIAN_POINT('',(0.0297037691720237,-0.0538907892542174,0.0321));
#6542=CARTESIAN_POINT('',(0.0297037691720237,-0.0547698033643268,0.0321));
#6543=CARTESIAN_POINT('',(0.0302083883833828,-0.0547698033643268,0.0321));
#6544=CARTESIAN_POINT('',(0.0307130075947419,-0.0547698033643268,0.0321));
#6545=CARTESIAN_POINT('',(0.0307130075947419,-0.0550302519895444,0.0321));
#6546=CARTESIAN_POINT('',(0.0307130075947419,-0.055290700614762,0.0321));
#6547=CARTESIAN_POINT('',(0.0302083883833828,-0.055290700614762,0.0321));
#6548=CARTESIAN_POINT('',(0.0297037691720237,-0.055290700614762,0.0321));
#6549=CARTESIAN_POINT('',(0.0297037691720237,-0.0565247794522188,0.0321));
#6550=CARTESIAN_POINT('',(0.0231335456499327,-0.0577588582896757,0.0321));
#6551=CARTESIAN_POINT('',(0.023432654617956,-0.0577588582896757,0.0321));
#6552=CARTESIAN_POINT('',(0.0228344366819094,-0.0577588582896757,0.0321));
#6553=CARTESIAN_POINT('',(0.0235440574478831,-0.0551218159593475,0.0321));
#6554=CARTESIAN_POINT('',(0.0242536782138569,-0.0524847736290192,0.0321));
#6555=CARTESIAN_POINT('',(0.0245563480029281,-0.0524847736290192,0.0321));
#6556=CARTESIAN_POINT('',(0.0248590177919993,-0.0524847736290192,0.0321));
#6557=CARTESIAN_POINT('',(0.0241458362049777,-0.0551218159593475,0.0321));
#6558=CARTESIAN_POINT('',(0.0276527362484351,-0.0576062516733373,0.0321));
#6559=CARTESIAN_POINT('',(0.0273404013736624,-0.0578178661813266,0.0321));
#6560=CARTESIAN_POINT('',(0.0268062782164778,-0.0578178661813266,0.0321));
#6561=CARTESIAN_POINT('',(0.0276527362484351,-0.0576062516733373,0.0321));
#6562=CARTESIAN_POINT('',(0.0268062782164778,-0.0578178661813266,0.0321));
#6563=CARTESIAN_POINT('',(0.0268062782164778,-0.0578178661813266,0.0321));
#6564=CARTESIAN_POINT('',(0.0262721550592933,-0.0578178661813266,0.0321));
#6565=CARTESIAN_POINT('',(0.025953207231146,-0.057609303805664,0.0321));
#6566=CARTESIAN_POINT('',(0.025953207231146,-0.057609303805664,0.0321));
#6567=CARTESIAN_POINT('',(0.025953207231146,-0.057609303805664,0.0321));
#6568=CARTESIAN_POINT('',(0.0256342594029987,-0.0574007414300015,0.0321));
#6569=CARTESIAN_POINT('',(0.0254974221370152,-0.0570131206245019,0.0321));
#6570=CARTESIAN_POINT('',(0.0254974221370152,-0.0570131206245019,0.0321));
#6571=CARTESIAN_POINT('',(0.0254974221370152,-0.0570131206245019,0.0321));
#6572=CARTESIAN_POINT('',(0.0253605848710317,-0.0566254998190022,0.0321));
#6573=CARTESIAN_POINT('',(0.0253605848710317,-0.056104602568567,0.0321));
#6574=CARTESIAN_POINT('',(0.0253605848710317,-0.056104602568567,0.0321));
#6575=CARTESIAN_POINT('',(0.0253605848710317,-0.0551055379202714,0.0321));
#6576=CARTESIAN_POINT('',(0.0253605848710317,-0.0541064732719757,0.0321));
#6577=CARTESIAN_POINT('',(0.0253605848710317,-0.0541064732719757,0.0321));
#6578=CARTESIAN_POINT('',(0.0253605848710317,-0.0535855760215405,0.0321));
#6579=CARTESIAN_POINT('',(0.025500474269342,-0.0532111811227902,0.0321));
#6580=CARTESIAN_POINT('',(0.025500474269342,-0.0532111811227902,0.0321));
#6581=CARTESIAN_POINT('',(0.025500474269342,-0.0532111811227902,0.0321));
#6582=CARTESIAN_POINT('',(0.0256403636676522,-0.0528367862240399,0.0321));
#6583=CARTESIAN_POINT('',(0.0259562593634728,-0.0526378889340788,0.0321));
#6584=CARTESIAN_POINT('',(0.0259562593634728,-0.0526378889340788,0.0321));
#6585=CARTESIAN_POINT('',(0.0259562593634728,-0.0526378889340788,0.0321));
#6586=CARTESIAN_POINT('',(0.0262721550592933,-0.0524389916441177,0.0321));
#6587=CARTESIAN_POINT('',(0.0268062782164778,-0.0524389916441177,0.0321));
#6588=CARTESIAN_POINT('',(0.0268062782164778,-0.0524389916441177,0.0321));
#6589=CARTESIAN_POINT('',(0.0268062782164778,-0.0524389916441177,0.0321));
#6590=CARTESIAN_POINT('',(0.0273404013736624,-0.0524389916441177,0.0321));
#6591=CARTESIAN_POINT('',(0.0276527362484351,-0.0526409410664056,0.0321));
#6592=CARTESIAN_POINT('',(0.0276527362484351,-0.0526409410664056,0.0321));
#6593=CARTESIAN_POINT('',(0.0270312452378251,-0.0535933639957632,0.0321));
#6594=CARTESIAN_POINT('',(0.028104960521518,-0.053214233255117,0.0321));
#6595=CARTESIAN_POINT('',(0.028104960521518,-0.053214233255117,0.0321));
#6596=CARTESIAN_POINT('',(0.0282448499198282,-0.0535855760215405,0.0321));
#6597=CARTESIAN_POINT('',(0.0282448499198282,-0.0541064732719757,0.0321));
#6598=CARTESIAN_POINT('',(0.0282448499198282,-0.0541064732719757,0.0321));
#6599=CARTESIAN_POINT('',(0.0282448499198282,-0.0551090987413193,0.0321));
#6600=CARTESIAN_POINT('',(0.0282448499198282,-0.0561117242106628,0.0321));
#6601=CARTESIAN_POINT('',(0.0282448499198282,-0.0561117242106628,0.0321));
#6602=CARTESIAN_POINT('',(0.0282448499198282,-0.0566254998190022,0.0321));
#6603=CARTESIAN_POINT('',(0.028104960521518,-0.0570100684921751,0.0321));
#6604=CARTESIAN_POINT('',(0.028104960521518,-0.0570100684921751,0.0321));
#6605=CARTESIAN_POINT('',(0.028104960521518,-0.0570100684921751,0.0321));
#6606=CARTESIAN_POINT('',(0.0279650711232078,-0.057394637165348,0.0321));
#6607=CARTESIAN_POINT('',(0.0276527362484351,-0.0576062516733373,0.0321));
#6608=CARTESIAN_POINT('',(0.0259194270349672,-0.0188835581743383,0.0321));
#6609=CARTESIAN_POINT('',(0.0259194270349672,-0.0461898100000015,0.0321));
#6610=CARTESIAN_POINT('',(0.0259194270349672,0.00842269365132488,0.0321));
#6611=CARTESIAN_POINT('',(0.02445,-0.0485143065452576,0.0321));
#6612=CARTESIAN_POINT('',(0.0224194270349672,-0.0466597787256555,0.0321));
#6613=CARTESIAN_POINT('',(0.0224194270349672,0.0119861802195992,0.0321));
#6614=CARTESIAN_POINT('',(0.0224194270349672,0.0120496667878734,0.0321));
#6615=CARTESIAN_POINT('',(0.0260416118732905,0.0120324164705957,0.0321));
#6616=CARTESIAN_POINT('',(0.0296637967116138,0.0120151661533179,0.0321));
#6617=CARTESIAN_POINT('',(0.0297412992143161,0.0290166654245324,0.0321));
#6618=CARTESIAN_POINT('',(0.0298188017170184,0.046018164695747,0.0321));
#6619=CARTESIAN_POINT('',(0.0308170317747541,0.0460114672153365,0.0321));
#6620=CARTESIAN_POINT('',(0.0318152618324897,0.046004769734926,0.0321));
#6621=CARTESIAN_POINT('',(0.0318152618324897,0.0485054097404839,0.0321));
#6622=CARTESIAN_POINT('',(0.0318152618324897,0.0487524815257045,0.0321));
#6623=CARTESIAN_POINT('',(0.0339,0.0518190525472164,0.0321));
#6624=CARTESIAN_POINT('',(0.0353145876811208,0.0483913809250401,0.0321));
#6625=CARTESIAN_POINT('',(0.0353145876811208,0.0453486867831767,0.0321));
#6626=CARTESIAN_POINT('',(0.0353145876811208,0.0424810330659588,0.0321));
#6627=CARTESIAN_POINT('',(0.0343045771281874,0.0424878095859005,0.0321));
#6628=CARTESIAN_POINT('',(0.0332945665752541,0.0424945861058422,0.0321));
#6629=CARTESIAN_POINT('',(0.0332219493517568,0.0272465763610006,0.0321));
#6630=CARTESIAN_POINT('',(0.0331493321282596,0.0119985666161591,0.0321));
#6631=CARTESIAN_POINT('',(0.0411151538124582,0.011960630133742,0.0321));
#6632=CARTESIAN_POINT('',(0.0490809754966569,0.0119226936513249,0.0321));
#6633=CARTESIAN_POINT('',(0.0490809754966569,0.0243984036885727,0.0321));
#6634=CARTESIAN_POINT('',(0.0490809754966569,0.0368741137258205,0.0321));
#6635=CARTESIAN_POINT('',(0.0400428413965207,0.0368741137258205,0.0321));
#6636=CARTESIAN_POINT('',(0.0399218972162657,0.0368741137258205,0.0321));
#6637=CARTESIAN_POINT('',(0.0399218972162657,0.0427231445448509,0.0321));
#6638=CARTESIAN_POINT('',(0.0399218972162657,0.0485721753638813,0.0321));
#6639=CARTESIAN_POINT('',(0.0417,0.0518190525472164,0.0321));
#6640=CARTESIAN_POINT('',(0.0435218972162657,0.0485965455283645,0.0321));
#6641=CARTESIAN_POINT('',(0.0435218972162657,0.0445353296270925,0.0321));
#6642=CARTESIAN_POINT('',(0.0435218972162657,0.0404741137258205,0.0321));
#6643=CARTESIAN_POINT('',(0.0481014363564613,0.0404741137258205,0.0321));
#6644=CARTESIAN_POINT('',(0.0526809754966569,0.0404741137258205,0.0321));
#6645=CARTESIAN_POINT('',(0.0526809754966569,0.024389810944195,0.0321));
#6646=CARTESIAN_POINT('',(0.0526809754966569,0.00830550816256955,0.0321));
#6647=CARTESIAN_POINT('',(0.0429065815776413,0.00835205780148275,0.0321));
#6648=CARTESIAN_POINT('',(0.0331321876586257,0.00839860744039596,0.0321));
#6649=CARTESIAN_POINT('',(0.0331145992186784,0.00470542432491015,0.0321));
#6650=CARTESIAN_POINT('',(0.033097010778731,0.00101224120942434,0.0321));
#6651=CARTESIAN_POINT('',(0.0499612093286788,0.00101224120942434,0.0321));
#6652=CARTESIAN_POINT('',(0.0505034378236941,0.00101224120942434,0.0321));
#6653=CARTESIAN_POINT('',(0.0505034378236941,-0.0225921525303307,0.0321));
#6654=CARTESIAN_POINT('',(0.0505034378236941,-0.00450961926171281,0.0321));
#6655=CARTESIAN_POINT('',(0.0631,-0.0116913057863712,0.0321));
#6656=CARTESIAN_POINT('',(0.0505034378236941,-0.0188729923110296,0.0321));
#6657=CARTESIAN_POINT('',(0.0505034378236941,-0.0225921525303307,0.0321));
#6658=CARTESIAN_POINT('',(0.0505034378236941,-0.0461965462700858,0.0321));
#6659=CARTESIAN_POINT('',(0.04875,-0.0483150258660317,0.0321));
#6660=CARTESIAN_POINT('',(0.0470973035803321,-0.0461170507650769,0.0321));
#6661=CARTESIAN_POINT('',(0.0470973035803321,-0.0243038149516034,0.0321));
#6662=CARTESIAN_POINT('',(0.0470973035803321,-0.00249057913812976,0.0321));
#6663=CARTESIAN_POINT('',(0.0468235980585258,-0.00248908139021597,0.0321));
#6664=CARTESIAN_POINT('',(0.0465498925367194,-0.00248758364230218,0.0321));
#6665=CARTESIAN_POINT('',(0.0380737887334096,-0.00248758364230218,0.0321));
#6666=CARTESIAN_POINT('',(0.0295976849301,-0.00248758364230218,0.0321));
#6667=CARTESIAN_POINT('',(0.0296225138204099,0.00295905802462372,0.0321));
#6668=CARTESIAN_POINT('',(0.0296473427107198,0.00840569969154963,0.0321));
#6669=CARTESIAN_POINT('',(0.0277833848728435,0.00841419667143725,0.0321));
#6670=CARTESIAN_POINT('',(0.0339,0.0518190525472164,0.0321));
#6671=CARTESIAN_POINT('',(0.0376,0.0518190525472164,0.0321));
#6672=CARTESIAN_POINT('',(0.0417,0.0518190525472164,0.0321));
#6673=CARTESIAN_POINT('',(0.0454,0.0518190525472164,0.0321));
#6674=CARTESIAN_POINT('',(0.0493,0.0518190525472164,0.0321));
#6675=CARTESIAN_POINT('',(0.053,0.0518190525472164,0.0321));
#6676=CARTESIAN_POINT('',(0.039,0.0276765339076519,0.0321));
#6677=CARTESIAN_POINT('',(0.0435,0.0276765339076519,0.0321));
#6678=CARTESIAN_POINT('',(0.03665,-0.0485143065452576,0.0321));
#6679=CARTESIAN_POINT('',(0.0394,-0.0485143065452576,0.0321));
#6680=CARTESIAN_POINT('',(-2.41035261925198E-17,0.063,0.0321));
#6681=CARTESIAN_POINT('',(0.0805,0.063,0.0321));
#6682=CARTESIAN_POINT('',(0.0242982363976328,0.063,0.0321));
#6683=CARTESIAN_POINT('',(0.0213352982347782,0.0751,0.0321));
#6684=CARTESIAN_POINT('',(0.0180931493287412,0.0735991344866662,0.0321));
#6685=CARTESIAN_POINT('',(0.0110630511313822,0.0703447398719957,0.0321));
#6686=CARTESIAN_POINT('',(0.0339341634035766,0.0671207083011775,0.0321));
#6687=CARTESIAN_POINT('',(0.0106285080037001,-0.00311792876173491,0.0321));
#6688=CARTESIAN_POINT('',(0.0242518595272449,-0.045755268754119,0.0321));
#6689=CARTESIAN_POINT('',(0.00628444299461789,-0.0677938263387763,0.0321));
#6690=CARTESIAN_POINT('',(0.0103216319200082,-0.0691087928404758,0.0321));
#6691=CARTESIAN_POINT('',(0.012600472971299,-0.0726867809002961,0.0321));
#6692=CARTESIAN_POINT('',(0.0140737754409836,-0.075,0.0321));
#6693=CARTESIAN_POINT('',(0.010449837282253,-0.063,0.0321));
#6694=CARTESIAN_POINT('',(0.0855,-0.063,0.0321));
#6695=CARTESIAN_POINT('',(0.0805,-0.063,0.0321));
#6696=CARTESIAN_POINT('',(0.0805,1.64288517430744E-17,0.0321));
#6697=CARTESIAN_POINT('',(0.0199303327729888,-0.0577588582896757,0.0321));
#6698=CARTESIAN_POINT('',(0.0202431763364827,-0.0577588582896757,0.0321));
#6699=CARTESIAN_POINT('',(0.0196174892094951,-0.0577588582896757,0.0321));
#6700=CARTESIAN_POINT('',(0.0196174892094951,-0.0551218159593475,0.0321));
#6701=CARTESIAN_POINT('',(0.0196174892094951,-0.0524847736290192,0.0321));
#6702=CARTESIAN_POINT('',(0.0198682727490113,-0.0524847736290192,0.0321));
#6703=CARTESIAN_POINT('',(0.0201190562885274,-0.0524847736290192,0.0321));
#6704=CARTESIAN_POINT('',(0.020867846086028,-0.0542361888958634,0.0321));
#6705=CARTESIAN_POINT('',(0.0216166358835286,-0.0559876041627075,0.0321));
#6706=CARTESIAN_POINT('',(0.0216166358835286,-0.0542361888958634,0.0321));
#6707=CARTESIAN_POINT('',(0.0216166358835286,-0.0524847736290192,0.0321));
#6708=CARTESIAN_POINT('',(0.0219228664936478,-0.0524847736290192,0.0321));
#6709=CARTESIAN_POINT('',(0.0222290971037669,-0.0524847736290192,0.0321));
#6710=CARTESIAN_POINT('',(0.0222290971037669,-0.0551218159593475,0.0321));
#6711=CARTESIAN_POINT('',(0.0222290971037669,-0.0577588582896757,0.0321));
#6712=CARTESIAN_POINT('',(0.0219945916033268,-0.0577588582896757,0.0321));
#6713=CARTESIAN_POINT('',(0.0217600861028867,-0.0577588582896757,0.0321));
#6714=CARTESIAN_POINT('',(0.0210016312196847,-0.0559586089056032,0.0321));
#6715=CARTESIAN_POINT('',(0.0202431763364827,-0.0541583595215308,0.0321));
#6716=CARTESIAN_POINT('',(0.0202431763364827,-0.0559586089056032,0.0321));
#6717=CARTESIAN_POINT('',(0.0183020201766577,-0.0576062516733373,0.0321));
#6718=CARTESIAN_POINT('',(0.017989685301885,-0.0578178661813266,0.0321));
#6719=CARTESIAN_POINT('',(0.0174555621447005,-0.0578178661813266,0.0321));
#6720=CARTESIAN_POINT('',(0.0183020201766577,-0.0576062516733373,0.0321));
#6721=CARTESIAN_POINT('',(0.0174555621447005,-0.0578178661813266,0.0321));
#6722=CARTESIAN_POINT('',(0.0174555621447005,-0.0578178661813266,0.0321));
#6723=CARTESIAN_POINT('',(0.0169214389875159,-0.0578178661813266,0.0321));
#6724=CARTESIAN_POINT('',(0.0166024911593687,-0.057609303805664,0.0321));
#6725=CARTESIAN_POINT('',(0.0166024911593687,-0.057609303805664,0.0321));
#6726=CARTESIAN_POINT('',(0.0166024911593687,-0.057609303805664,0.0321));
#6727=CARTESIAN_POINT('',(0.0162835433312213,-0.0574007414300015,0.0321));
#6728=CARTESIAN_POINT('',(0.0161467060652378,-0.0570131206245019,0.0321));
#6729=CARTESIAN_POINT('',(0.0161467060652378,-0.0570131206245019,0.0321));
#6730=CARTESIAN_POINT('',(0.0161467060652378,-0.0570131206245019,0.0321));
#6731=CARTESIAN_POINT('',(0.0160098687992544,-0.0566254998190022,0.0321));
#6732=CARTESIAN_POINT('',(0.0160098687992544,-0.056104602568567,0.0321));
#6733=CARTESIAN_POINT('',(0.0160098687992544,-0.056104602568567,0.0321));
#6734=CARTESIAN_POINT('',(0.0160098687992544,-0.0551055379202714,0.0321));
#6735=CARTESIAN_POINT('',(0.0160098687992544,-0.0541064732719757,0.0321));
#6736=CARTESIAN_POINT('',(0.0160098687992544,-0.0541064732719757,0.0321));
#6737=CARTESIAN_POINT('',(0.0160098687992544,-0.0535855760215405,0.0321));
#6738=CARTESIAN_POINT('',(0.0161497581975646,-0.0532111811227902,0.0321));
#6739=CARTESIAN_POINT('',(0.0161497581975646,-0.0532111811227902,0.0321));
#6740=CARTESIAN_POINT('',(0.0161497581975646,-0.0532111811227902,0.0321));
#6741=CARTESIAN_POINT('',(0.0162896475958749,-0.0528367862240399,0.0321));
#6742=CARTESIAN_POINT('',(0.0166055432916954,-0.0526378889340788,0.0321));
#6743=CARTESIAN_POINT('',(0.0166055432916954,-0.0526378889340788,0.0321));
#6744=CARTESIAN_POINT('',(0.0166055432916954,-0.0526378889340788,0.0321));
#6745=CARTESIAN_POINT('',(0.0169214389875159,-0.0524389916441177,0.0321));
#6746=CARTESIAN_POINT('',(0.0174555621447005,-0.0524389916441177,0.0321));
#6747=CARTESIAN_POINT('',(0.0174555621447005,-0.0524389916441177,0.0321));
#6748=CARTESIAN_POINT('',(0.0174555621447005,-0.0524389916441177,0.0321));
#6749=CARTESIAN_POINT('',(0.017989685301885,-0.0524389916441177,0.0321));
#6750=CARTESIAN_POINT('',(0.0183020201766577,-0.0526409410664056,0.0321));
#6751=CARTESIAN_POINT('',(0.0183020201766577,-0.0526409410664056,0.0321));
#6752=CARTESIAN_POINT('',(0.0176805291660662,-0.0535933639957487,0.0321));
#6753=CARTESIAN_POINT('',(0.0187542444497407,-0.053214233255117,0.0321));
#6754=CARTESIAN_POINT('',(0.0187542444497407,-0.053214233255117,0.0321));
#6755=CARTESIAN_POINT('',(0.0188941338480509,-0.0535855760215405,0.0321));
#6756=CARTESIAN_POINT('',(0.0188941338480509,-0.0541064732719757,0.0321));
#6757=CARTESIAN_POINT('',(0.0188941338480509,-0.0541064732719757,0.0321));
#6758=CARTESIAN_POINT('',(0.0188941338480509,-0.0551090987413193,0.0321));
#6759=CARTESIAN_POINT('',(0.0188941338480509,-0.0561117242106628,0.0321));
#6760=CARTESIAN_POINT('',(0.0188941338480509,-0.0561117242106628,0.0321));
#6761=CARTESIAN_POINT('',(0.0188941338480509,-0.0566254998190022,0.0321));
#6762=CARTESIAN_POINT('',(0.0187542444497407,-0.0570100684921751,0.0321));
#6763=CARTESIAN_POINT('',(0.0187542444497407,-0.0570100684921751,0.0321));
#6764=CARTESIAN_POINT('',(0.0187542444497407,-0.0570100684921751,0.0321));
#6765=CARTESIAN_POINT('',(0.0186143550514304,-0.057394637165348,0.0321));
#6766=CARTESIAN_POINT('',(0.0183020201766577,-0.0576062516733373,0.0321));
#6767=CARTESIAN_POINT('',(-1.38777878078145E-17,0.,0.032));
#6768=CARTESIAN_POINT('',(-3.37567811541433E-18,-0.07,0.032));
#6769=CARTESIAN_POINT('',(-0.0855,-0.07,0.032));
#6770=CARTESIAN_POINT('',(0.0855,-0.07,0.032));
#6771=CARTESIAN_POINT('',(0.0875,-0.07,0.032));
#6772=CARTESIAN_POINT('',(0.0857679491924311,-0.069,0.032));
#6773=CARTESIAN_POINT('',(1.38777878078145E-17,-0.069,0.032));
#6774=CARTESIAN_POINT('',(-0.0857679491924311,-0.069,0.032));
#6775=CARTESIAN_POINT('',(-0.0875,-0.07,0.032));
#6776=CARTESIAN_POINT('',(-1.38777878078145E-17,0.,0.032));
#6777=CARTESIAN_POINT('',(0.0865,2.77555756156289E-17,0.032));
#6778=CARTESIAN_POINT('',(0.0865,-0.0682679491924311,0.032));
#6779=CARTESIAN_POINT('',(0.0865,0.0682679491924311,0.032));
#6780=CARTESIAN_POINT('',(0.0875,-0.07,0.032));
#6781=CARTESIAN_POINT('',(0.0875,-0.068,0.032));
#6782=CARTESIAN_POINT('',(0.0875,8.0953762212251E-18,0.032));
#6783=CARTESIAN_POINT('',(0.0875,0.068,0.032));
#6784=CARTESIAN_POINT('',(0.0875,0.07,0.032));
#6785=CARTESIAN_POINT('',(-1.38777878078145E-17,0.,0.032));
#6786=CARTESIAN_POINT('',(-1.38777878078145E-17,0.069,0.032));
#6787=CARTESIAN_POINT('',(0.0857679491924311,0.069,0.032));
#6788=CARTESIAN_POINT('',(-0.0857679491924311,0.069,0.032));
#6789=CARTESIAN_POINT('',(0.0875,0.07,0.032));
#6790=CARTESIAN_POINT('',(0.0855,0.07,0.032));
#6791=CARTESIAN_POINT('',(-0.0875,0.07,0.032));
#6792=CARTESIAN_POINT('',(-0.0855,0.07,0.032));
#6793=CARTESIAN_POINT('',(-0.0875,0.07,0.032));
#6794=CARTESIAN_POINT('',(1.38777878078145E-17,-0.069,0.0315));
#6795=CARTESIAN_POINT('',(0.0857679491924311,-0.069,0.033));
#6796=CARTESIAN_POINT('',(0.0857679491924311,-0.069,0.0315));
#6797=CARTESIAN_POINT('',(1.38777878078145E-17,-0.069,0.0315));
#6798=CARTESIAN_POINT('',(-0.0857679491924311,-0.069,0.0315));
#6799=CARTESIAN_POINT('',(-0.0857679491924311,-0.069,0.033));
#6800=CARTESIAN_POINT('',(0.0865,2.77555756156289E-17,0.0315));
#6801=CARTESIAN_POINT('',(0.0865,-0.0682679491924311,0.033));
#6802=CARTESIAN_POINT('',(0.0865,-0.0682679491924311,0.0315));
#6803=CARTESIAN_POINT('',(0.0865,0.0682679491924311,0.033));
#6804=CARTESIAN_POINT('',(0.0865,0.0682679491924311,0.0315));
#6805=CARTESIAN_POINT('',(0.0865,2.77555756156289E-17,0.0315));
#6806=CARTESIAN_POINT('',(-1.38777878078145E-17,0.069,0.0315));
#6807=CARTESIAN_POINT('',(0.0857679491924311,0.069,0.033));
#6808=CARTESIAN_POINT('',(0.0857679491924311,0.069,0.0315));
#6809=CARTESIAN_POINT('',(-0.0857679491924311,0.069,0.033));
#6810=CARTESIAN_POINT('',(-0.0857679491924311,0.069,0.0315));
#6811=CARTESIAN_POINT('',(-1.38777878078145E-17,0.069,0.0315));
#6812=CARTESIAN_POINT('',(-0.0865,-1.38777878078145E-17,0.0315));
#6813=CARTESIAN_POINT('',(-0.0865,-1.38777878078145E-17,0.0315));
#6814=CARTESIAN_POINT('',(-0.0865,-0.0682679491924311,0.0315));
#6815=CARTESIAN_POINT('',(-0.0865,0.0682679491924311,0.0315));
#6816=CARTESIAN_POINT('',(-0.0865,0.0682679491924311,0.033));
#6817=CARTESIAN_POINT('',(-0.0865,0.0682679491924311,0.032));
#6818=CARTESIAN_POINT('',(-0.0865,-1.38777878078145E-17,0.032));
#6819=CARTESIAN_POINT('',(-0.0865,-0.0682679491924311,0.032));
#6820=CARTESIAN_POINT('',(-0.0865,-0.0682679491924311,0.033));
#6821=CARTESIAN_POINT('',(-0.0875,-8.0953762212251E-18,0.027));
#6822=CARTESIAN_POINT('',(-0.0875,-0.07,0.032));
#6823=CARTESIAN_POINT('',(-0.0875,0.068,0.032));
#6824=CARTESIAN_POINT('',(-0.0875,-0.068,0.032));
#6825=CARTESIAN_POINT('',(-0.0875,0.068,0.032));
#6826=CARTESIAN_POINT('',(-0.088034304270857,0.068,0.032));
#6827=CARTESIAN_POINT('',(-0.0890617942264431,0.0684392843728115,0.031800222069196));
#6828=CARTESIAN_POINT('',(-0.0895,0.0694656156698114,0.0315825756949559));
#6829=CARTESIAN_POINT('',(-0.0895,0.07,0.0315825756949559));
#6830=CARTESIAN_POINT('',(-0.0895,0.07,0.0315825756949559));
#6831=CARTESIAN_POINT('',(-0.0875,0.07,0.027));
#6832=CARTESIAN_POINT('',(-0.0925,0.07,0.027));
#6833=CARTESIAN_POINT('',(-0.0925,0.07,0.027));
#6834=CARTESIAN_POINT('',(-0.0925,-0.07,0.027));
#6835=CARTESIAN_POINT('',(-0.0875,-0.07,0.027));
#6836=CARTESIAN_POINT('',(-0.0895,-0.07,0.0315825756949559));
#6837=CARTESIAN_POINT('',(-0.0895,-0.07,0.0315825756949559));
#6838=CARTESIAN_POINT('',(-0.0895,-0.0694656209541637,0.0315825756949559));
#6839=CARTESIAN_POINT('',(-0.0890624260053073,-0.0684399267937831,0.0318000319021476));
#6840=CARTESIAN_POINT('',(-0.0880343300717869,-0.068,0.032));
#6841=CARTESIAN_POINT('',(-0.0875,-0.068,0.032));
#6842=CARTESIAN_POINT('',(-0.0875,0.07,0.027));
#6843=CARTESIAN_POINT('',(-0.0875,0.07,0.0315825756949559));
#6844=CARTESIAN_POINT('',(-0.0875,0.072,0.0315825756949559));
#6845=CARTESIAN_POINT('',(-0.0875,0.07,0.027));
#6846=CARTESIAN_POINT('',(-0.0875,0.075,0.027));
#6847=CARTESIAN_POINT('',(-0.0875,0.07,0.027));
#6848=CARTESIAN_POINT('',(-0.0875,-0.07,0.027));
#6849=CARTESIAN_POINT('',(-0.0875,-0.07,0.027));
#6850=CARTESIAN_POINT('',(-0.0875,-0.072,0.0315825756949559));
#6851=CARTESIAN_POINT('',(-0.0875,-0.075,0.027));
#6852=CARTESIAN_POINT('',(-0.0875,-0.07,0.0315825756949559));
#6853=CARTESIAN_POINT('',(-0.0875,-0.07,0.027));
#6854=CARTESIAN_POINT('',(-1.91288426540145E-17,0.07,0.027));
#6855=CARTESIAN_POINT('',(0.0855,0.07,0.032));
#6856=CARTESIAN_POINT('',(0.0855,0.070534304270857,0.032));
#6857=CARTESIAN_POINT('',(0.0859392843728115,0.0715617942264431,0.031800222069196));
#6858=CARTESIAN_POINT('',(0.0869656156698114,0.072,0.0315825756949559));
#6859=CARTESIAN_POINT('',(0.0875,0.072,0.0315825756949559));
#6860=CARTESIAN_POINT('',(0.0875,0.072,0.0315825756949559));
#6861=CARTESIAN_POINT('',(0.0875,0.07,0.027));
#6862=CARTESIAN_POINT('',(0.0875,0.075,0.027));
#6863=CARTESIAN_POINT('',(0.0925,0.075,0.027));
#6864=CARTESIAN_POINT('',(-0.0875,0.072,0.0315825756949559));
#6865=CARTESIAN_POINT('',(-0.0869656209541637,0.072,0.0315825756949559));
#6866=CARTESIAN_POINT('',(-0.085939926793783,0.0715624260053073,0.0318000319021476));
#6867=CARTESIAN_POINT('',(-0.0855,0.0705343300717869,0.032));
#6868=CARTESIAN_POINT('',(-0.0855,0.07,0.032));
#6869=CARTESIAN_POINT('',(-7.50150692314295E-19,-0.07,0.027));
#6870=CARTESIAN_POINT('',(0.0875,-0.07,0.027));
#6871=CARTESIAN_POINT('',(0.0875,-0.072,0.0315825756949559));
#6872=CARTESIAN_POINT('',(0.0875,-0.075,0.027));
#6873=CARTESIAN_POINT('',(0.0875,-0.072,0.0315825756949559));
#6874=CARTESIAN_POINT('',(0.0869656209541637,-0.072,0.0315825756949559));
#6875=CARTESIAN_POINT('',(0.085939926793783,-0.0715624260053072,0.0318000319021476));
#6876=CARTESIAN_POINT('',(0.0855,-0.0705343300717869,0.032));
#6877=CARTESIAN_POINT('',(0.0855,-0.07,0.032));
#6878=CARTESIAN_POINT('',(-0.0855,-0.07,0.032));
#6879=CARTESIAN_POINT('',(-0.0855,-0.070534304270857,0.032));
#6880=CARTESIAN_POINT('',(-0.0859392843728115,-0.0715617942264431,0.031800222069196));
#6881=CARTESIAN_POINT('',(-0.0869656156698114,-0.072,0.0315825756949559));
#6882=CARTESIAN_POINT('',(-0.0875,-0.072,0.0315825756949559));
#6883=CARTESIAN_POINT('',(0.,-0.075,0.027));
#6884=CARTESIAN_POINT('',(0.0875,0.07,0.027));
#6885=CARTESIAN_POINT('',(0.0875,0.07,0.0315825756949559));
#6886=CARTESIAN_POINT('',(0.0895,0.07,0.0315825756949559));
#6887=CARTESIAN_POINT('',(0.0875,0.07,0.027));
#6888=CARTESIAN_POINT('',(0.0925,0.07,0.027));
#6889=CARTESIAN_POINT('',(0.0875,0.07,0.027));
#6890=CARTESIAN_POINT('',(0.0875,-0.07,0.027));
#6891=CARTESIAN_POINT('',(0.0875,-0.07,0.027));
#6892=CARTESIAN_POINT('',(0.0895,-0.07,0.0315825756949559));
#6893=CARTESIAN_POINT('',(0.0925,-0.07,0.027));
#6894=CARTESIAN_POINT('',(0.0875,-0.07,0.0315825756949559));
#6895=CARTESIAN_POINT('',(0.0875,-0.07,0.027));
#6896=CARTESIAN_POINT('',(0.0875,1.34151948808873E-17,0.027));
#6897=CARTESIAN_POINT('',(0.0875,-0.068,0.032));
#6898=CARTESIAN_POINT('',(0.088034304270857,-0.068,0.032));
#6899=CARTESIAN_POINT('',(0.0890617942264431,-0.0684392843728115,0.031800222069196));
#6900=CARTESIAN_POINT('',(0.0895,-0.0694656156698115,0.0315825756949559));
#6901=CARTESIAN_POINT('',(0.0895,-0.07,0.0315825756949559));
#6902=CARTESIAN_POINT('',(0.0925,1.38777878078145E-17,0.027));
#6903=CARTESIAN_POINT('',(0.0895,0.07,0.0315825756949559));
#6904=CARTESIAN_POINT('',(0.0895,0.0694656209541637,0.0315825756949559));
#6905=CARTESIAN_POINT('',(0.0890624260053073,0.0684399267937831,0.0318000319021476));
#6906=CARTESIAN_POINT('',(0.0880343300717869,0.068,0.032));
#6907=CARTESIAN_POINT('',(0.0875,0.068,0.032));
#6908=CARTESIAN_POINT('',(-1.38777878078145E-17,0.,0.032));
#6909=CARTESIAN_POINT('',(-0.0346,0.0276765339076519,0.032));
#6910=CARTESIAN_POINT('',(-0.0301,0.0276765339076519,0.032));
#6911=CARTESIAN_POINT('',(0.0023,0.0276765339076519,0.032));
#6912=CARTESIAN_POINT('',(0.0068,0.0276765339076519,0.032));
#6913=CARTESIAN_POINT('',(0.0188200753871558,5.02271178365423E-18,0.032));
#6914=CARTESIAN_POINT('',(0.0188200753871558,0.060264874941895,0.032));
#6915=CARTESIAN_POINT('',(0.0188200753871558,0.037264874941895,0.032));
#6916=CARTESIAN_POINT('',(-1.38777878078145E-17,0.037264874941895,0.032));
#6917=CARTESIAN_POINT('',(-0.0161799246128442,0.037264874941895,0.032));
#6918=CARTESIAN_POINT('',(-0.0161799246128442,0.055264874941895,0.032));
#6919=CARTESIAN_POINT('',(-0.0161799246128442,0.060264874941895,0.032));
#6920=CARTESIAN_POINT('',(0.0138200753871558,0.060264874941895,0.032));
#6921=CARTESIAN_POINT('',(-0.03325,0.0581958070166224,0.032));
#6922=CARTESIAN_POINT('',(-0.0305,0.0581958070166224,0.032));
#6923=CARTESIAN_POINT('',(-0.04525,0.0581958070166224,0.032));
#6924=CARTESIAN_POINT('',(-0.0425,0.0581958070166224,0.032));
#6925=CARTESIAN_POINT('',(-0.064,-0.0131913057863712,0.032));
#6926=CARTESIAN_POINT('',(-0.0495,-0.0131913057863712,0.032));
#6927=CARTESIAN_POINT('',(0.0103689326970222,0.00724287781898573,0.032));
#6928=CARTESIAN_POINT('',(-0.0136310673029778,0.00724287781898573,0.032));
#6929=CARTESIAN_POINT('',(0.0153689326970222,0.00724287781898573,0.032));
#6930=CARTESIAN_POINT('',(0.0153689326970222,2.05083448847939E-18,0.032));
#6931=CARTESIAN_POINT('',(0.0153689326970222,-0.0287571221810143,0.032));
#6932=CARTESIAN_POINT('',(-1.38777878078145E-17,-0.0287571221810143,0.032));
#6933=CARTESIAN_POINT('',(-0.0136310673029778,-0.0287571221810143,0.032));
#6934=CARTESIAN_POINT('',(-0.0136310673029778,0.00224287781898573,0.032));
#6935=CARTESIAN_POINT('',(0.0855,-0.063,0.032));
#6936=CARTESIAN_POINT('',(-0.0805,-0.063,0.032));
#6937=CARTESIAN_POINT('',(0.010449837282253,-0.063,0.032));
#6938=CARTESIAN_POINT('',(0.0213352982347782,0.0751,0.032));
#6939=CARTESIAN_POINT('',(0.0180931493287412,0.0735991344866662,0.032));
#6940=CARTESIAN_POINT('',(0.0110630511313822,0.0703447398719957,0.032));
#6941=CARTESIAN_POINT('',(0.0339341634035766,0.0671207083011775,0.032));
#6942=CARTESIAN_POINT('',(0.0106285080037001,-0.00311792876173491,0.032));
#6943=CARTESIAN_POINT('',(0.0242518595272449,-0.045755268754119,0.032));
#6944=CARTESIAN_POINT('',(0.00628444299461789,-0.0677938263387763,0.032));
#6945=CARTESIAN_POINT('',(0.0103216319200082,-0.0691087928404758,0.032));
#6946=CARTESIAN_POINT('',(0.012600472971299,-0.0726867809002961,0.032));
#6947=CARTESIAN_POINT('',(0.0140737754409836,-0.075,0.032));
#6948=CARTESIAN_POINT('',(0.0242982363976328,0.063,0.032));
#6949=CARTESIAN_POINT('',(-2.41035261925198E-17,0.063,0.032));
#6950=CARTESIAN_POINT('',(-0.0805,0.063,0.032));
#6951=CARTESIAN_POINT('',(-0.0805,-0.068,0.032));
#6952=CARTESIAN_POINT('',(0.0631,-0.0116913057863712,0.0295));
#6953=CARTESIAN_POINT('',(0.0505034378236941,-0.00450961926171281,0.0315));
#6954=CARTESIAN_POINT('',(0.0505034378236941,-0.00450961926171281,0.0315));
#6955=CARTESIAN_POINT('',(0.0631,-0.0116913057863712,0.0315));
#6956=CARTESIAN_POINT('',(0.0505034378236941,-0.0188729923110296,0.0315));
#6957=CARTESIAN_POINT('',(0.0505034378236941,-0.0188729923110296,0.0315));
#6958=CARTESIAN_POINT('',(0.04875,-0.0483150258660317,0.0295));
#6959=CARTESIAN_POINT('',(0.04875,-0.0483150258660317,0.0265));
#6960=CARTESIAN_POINT('',(0.0515,-0.0483150258660317,0.0265));
#6961=CARTESIAN_POINT('',(0.04875,-0.0483150258660317,0.0315));
#6962=CARTESIAN_POINT('',(0.0505034378236941,-0.0461965462700858,0.0315));
#6963=CARTESIAN_POINT('',(0.0470973035803321,-0.0461170507650769,0.0315));
#6964=CARTESIAN_POINT('',(0.0470973035803321,-0.0461170507650769,0.0315));
#6965=CARTESIAN_POINT('',(0.0505034378236941,-0.0461965462700858,0.0315));
#6966=CARTESIAN_POINT('',(0.02445,-0.0485143065452576,0.0295));
#6967=CARTESIAN_POINT('',(0.02445,-0.0485143065452576,0.0265));
#6968=CARTESIAN_POINT('',(0.0272,-0.0485143065452576,0.0265));
#6969=CARTESIAN_POINT('',(0.02445,-0.0485143065452576,0.0315));
#6970=CARTESIAN_POINT('',(0.0259194270349672,-0.0461898100000015,0.0315));
#6971=CARTESIAN_POINT('',(0.0224194270349672,-0.0466597787256555,0.0315));
#6972=CARTESIAN_POINT('',(0.0224194270349672,-0.0466597787256555,0.0315));
#6973=CARTESIAN_POINT('',(0.0259194270349672,-0.0461898100000015,0.0315));
#6974=CARTESIAN_POINT('',(-1.38777878078145E-17,0.,0.032));
#6975=CARTESIAN_POINT('',(-0.0875,0.07,0.032));
#6976=CARTESIAN_POINT('',(-0.0875,-0.07,0.032));
#6977=CARTESIAN_POINT('',(-1.38777878078145E-17,0.,0.0265));
#6978=CARTESIAN_POINT('',(0.0339,0.0518190525472164,0.0265));
#6979=CARTESIAN_POINT('',(0.0361,0.0518190525472164,0.0265));
#6980=CARTESIAN_POINT('',(0.0339,0.0518190525472164,0.0265));
#6981=CARTESIAN_POINT('',(0.03615,0.0518190525472164,0.0265));
#6982=CARTESIAN_POINT('',(-1.38777878078145E-17,0.,0.0265));
#6983=CARTESIAN_POINT('',(0.0493,0.0518190525472164,0.0265));
#6984=CARTESIAN_POINT('',(0.0515,0.0518190525472164,0.0265));
#6985=CARTESIAN_POINT('',(0.0493,0.0518190525472164,0.0265));
#6986=CARTESIAN_POINT('',(0.05155,0.0518190525472164,0.0265));
#6987=CARTESIAN_POINT('',(-1.38777878078145E-17,0.,0.0265));
#6988=CARTESIAN_POINT('',(0.0417,0.0518190525472164,0.0265));
#6989=CARTESIAN_POINT('',(0.0439,0.0518190525472164,0.0265));
#6990=CARTESIAN_POINT('',(0.0417,0.0518190525472164,0.0265));
#6991=CARTESIAN_POINT('',(0.04395,0.0518190525472164,0.0265));
#6992=CARTESIAN_POINT('',(-2.01693375454365E-5,0.0705527327957561,0.0135));
#6993=CARTESIAN_POINT('',(0.00784263669563647,0.0705950388951557,0.0135));
#6994=CARTESIAN_POINT('',(0.00784263669563647,0.0705950388951557,0.013));
#6995=CARTESIAN_POINT('',(0.00784263669563647,0.0705950388951557,0.0135));
#6996=CARTESIAN_POINT('',(-2.01693375454365E-5,0.0705527327957561,0.013));
#6997=CARTESIAN_POINT('',(0.0590350478887558,0.0708704814314842,0.013));
#6998=CARTESIAN_POINT('',(0.0590350478887558,0.0708704814314842,0.0135));
#6999=CARTESIAN_POINT('',(0.0590350478887558,0.0708704814314842,0.0135));
#7000=CARTESIAN_POINT('',(-2.01693375454365E-5,0.0705527327957561,0.0135));
#7001=CARTESIAN_POINT('',(0.0697675232200733,0.065,0.0135));
#7002=CARTESIAN_POINT('',(0.00784263669563647,0.065,0.0135));
#7003=CARTESIAN_POINT('',(0.00784263669563647,0.065,0.0135));
#7004=CARTESIAN_POINT('',(0.00784263669563647,0.065,0.021));
#7005=CARTESIAN_POINT('',(0.,0.065,0.0135));
#7006=CARTESIAN_POINT('',(0.0590350464401466,0.065,0.0135));
#7007=CARTESIAN_POINT('',(0.0590350464401466,0.065,0.0135));
#7008=CARTESIAN_POINT('',(0.0590350464401466,0.065,0.013));
#7009=CARTESIAN_POINT('',(0.0697675232200733,0.065,0.013));
#7010=CARTESIAN_POINT('',(0.0805,0.065,0.013));
#7011=CARTESIAN_POINT('',(0.0805,0.065,0.0135));
#7012=CARTESIAN_POINT('',(0.0805,0.065,0.0265));
#7013=CARTESIAN_POINT('',(0.,0.065,0.0265));
#7014=CARTESIAN_POINT('',(-0.0805,0.065,0.0265));
#7015=CARTESIAN_POINT('',(-0.0805,0.065,0.0135));
#7016=CARTESIAN_POINT('',(-0.0805,0.065,0.013));
#7017=CARTESIAN_POINT('',(-0.0697876970795692,0.065,0.013));
#7018=CARTESIAN_POINT('',(-0.0590753941591384,0.065,0.013));
#7019=CARTESIAN_POINT('',(-0.0590753941591384,0.065,0.0135));
#7020=CARTESIAN_POINT('',(-0.0590753941591384,0.065,0.0135));
#7021=CARTESIAN_POINT('',(0.,0.065,0.0135));
#7022=CARTESIAN_POINT('',(-0.00515736330436353,0.065,0.0135));
#7023=CARTESIAN_POINT('',(-0.00515736330436353,0.065,0.0135));
#7024=CARTESIAN_POINT('',(-0.00515736330436353,0.065,0.021));
#7025=CARTESIAN_POINT('',(0.0697675232200733,0.065,0.021));
#7026=CARTESIAN_POINT('',(-1.38777878078145E-17,0.,0.0135));
#7027=CARTESIAN_POINT('',(0.00784263669563647,5.88315934680121E-19,0.0135));
#7028=CARTESIAN_POINT('',(0.0590350471644512,0.0679352407157421,0.0135));
#7029=CARTESIAN_POINT('',(0.,0.075,0.0135));
#7030=CARTESIAN_POINT('',(-0.0875,0.075,0.0135));
#7031=CARTESIAN_POINT('',(-0.0875,0.075,0.013));
#7032=CARTESIAN_POINT('',(0.0875,0.075,0.013));
#7033=CARTESIAN_POINT('',(0.0875,0.075,0.013));
#7034=CARTESIAN_POINT('',(0.,0.075,0.013));
#7035=CARTESIAN_POINT('',(0.00834263669563647,0.075,0.013));
#7036=CARTESIAN_POINT('',(0.00834263669563647,0.075,0.017));
#7037=CARTESIAN_POINT('',(0.00834263669563647,0.075,0.0205));
#7038=CARTESIAN_POINT('',(0.00734263669563647,0.075,0.0205));
#7039=CARTESIAN_POINT('',(0.00734263669563647,0.075,0.0215));
#7040=CARTESIAN_POINT('',(0.00134263669563647,0.075,0.0215));
#7041=CARTESIAN_POINT('',(-0.00465736330436353,0.075,0.0215));
#7042=CARTESIAN_POINT('',(-0.00465736330436353,0.075,0.0205));
#7043=CARTESIAN_POINT('',(-0.00565736330436353,0.075,0.0205));
#7044=CARTESIAN_POINT('',(-0.00565736330436353,0.075,0.017));
#7045=CARTESIAN_POINT('',(-0.00565736330436353,0.075,0.013));
#7046=CARTESIAN_POINT('',(0.,0.075,0.013));
#7047=CARTESIAN_POINT('',(-1.38777878078145E-17,0.,0.0135));
#7048=CARTESIAN_POINT('',(-0.0107324928194284,-0.065,0.0135));
#7049=CARTESIAN_POINT('',(-0.0590755827724934,-0.065,0.0135));
#7050=CARTESIAN_POINT('',(-0.00242525725561734,-0.065,0.0135));
#7051=CARTESIAN_POINT('',(-0.00242525725561734,0.02267,0.0135));
#7052=CARTESIAN_POINT('',(-0.00242525725561734,-0.0701000320290999,0.0135));
#7053=CARTESIAN_POINT('',(-2.02842056751251E-5,-0.0701000355184078,0.0135));
#7054=CARTESIAN_POINT('',(-0.0590755827724934,-0.070099949836731,0.0135));
#7055=CARTESIAN_POINT('',(-0.0590755827724934,-0.0675499749183655,0.0135));
#7056=CARTESIAN_POINT('',(0.0925,1.38777878078145E-17,0.0135));
#7057=CARTESIAN_POINT('',(0.0925,-0.07,0.0135));
#7058=CARTESIAN_POINT('',(0.0925,-0.07,0.013));
#7059=CARTESIAN_POINT('',(0.0925,1.38777878078145E-17,0.013));
#7060=CARTESIAN_POINT('',(0.0925,0.07,0.013));
#7061=CARTESIAN_POINT('',(0.0925,0.07,0.032));
#7062=CARTESIAN_POINT('',(-0.0925,-1.38777878078145E-17,0.0135));
#7063=CARTESIAN_POINT('',(-0.0925,-0.07,0.032));
#7064=CARTESIAN_POINT('',(-0.0925,-0.07,0.013));
#7065=CARTESIAN_POINT('',(-0.0925,0.07,0.0135));
#7066=CARTESIAN_POINT('',(-0.0925,0.07,0.013));
#7067=CARTESIAN_POINT('',(-0.0925,-1.38777878078145E-17,0.013));
#7068=CARTESIAN_POINT('',(-0.0805,0.,0.0135));
#7069=CARTESIAN_POINT('',(-0.0805,0.,0.013));
#7070=CARTESIAN_POINT('',(-0.0805,-0.065,0.013));
#7071=CARTESIAN_POINT('',(-0.0805,0.,0.0265));
#7072=CARTESIAN_POINT('',(-0.0805,-0.00279900094095795,0.0265));
#7073=CARTESIAN_POINT('',(-0.0805,-0.00279900094095795,0.0265));
#7074=CARTESIAN_POINT('',(-0.0805,-0.00454902195406338,0.0265));
#7075=CARTESIAN_POINT('',(-0.0805,-0.00798956935343016,0.0270219162442642));
#7076=CARTESIAN_POINT('',(-0.0805,-0.0132018185775534,0.0277393995992287));
#7077=CARTESIAN_POINT('',(-0.0805,-0.0183960055962686,0.027020477683412));
#7078=CARTESIAN_POINT('',(-0.0805,-0.0218354499014816,0.0265));
#7079=CARTESIAN_POINT('',(-0.0805,-0.0235836106317845,0.0265));
#7080=CARTESIAN_POINT('',(-0.0805,-0.0235836106317845,0.0265));
#7081=CARTESIAN_POINT('',(-0.0805,0.,0.0265));
#7082=CARTESIAN_POINT('',(-0.0805,-0.065,0.0265));
#7083=CARTESIAN_POINT('',(-0.0805,-0.065,0.0135));
#7084=CARTESIAN_POINT('',(-0.0590753903614925,0.067617492080014,0.0135));
#7085=CARTESIAN_POINT('',(-0.0590753903614925,0.067617492080014,0.013));
#7086=CARTESIAN_POINT('',(-0.0590753865638466,0.0702349841600281,0.013));
#7087=CARTESIAN_POINT('',(-0.0590753865638466,0.0702349841600281,0.0135));
#7088=CARTESIAN_POINT('',(-0.0590753865638466,0.0702349841600281,0.0135));
#7089=CARTESIAN_POINT('',(-0.0590753903614925,0.067617492080014,0.0135));
#7090=CARTESIAN_POINT('',(-2.01693375454365E-5,0.0705527327957561,0.0135));
#7091=CARTESIAN_POINT('',(-2.01693375454365E-5,0.0705527327957561,0.013));
#7092=CARTESIAN_POINT('',(-0.00515736330436353,0.0705250919462073,0.013));
#7093=CARTESIAN_POINT('',(-0.00515736330436353,0.0705250919462073,0.0135));
#7094=CARTESIAN_POINT('',(-0.00515736330436353,0.0705250919462073,0.0135));
#7095=CARTESIAN_POINT('',(-2.01693375454365E-5,0.0705527327957561,0.0135));
#7096=CARTESIAN_POINT('',(0.0590350471644512,0.0679352407157421,0.0135));
#7097=CARTESIAN_POINT('',(0.0590350471644512,0.0679352407157421,0.013));
#7098=CARTESIAN_POINT('',(0.0805,0.,0.0135));
#7099=CARTESIAN_POINT('',(0.0805,0.,0.013));
#7100=CARTESIAN_POINT('',(0.0805,-0.065,0.013));
#7101=CARTESIAN_POINT('',(0.0805,-0.065,0.0135));
#7102=CARTESIAN_POINT('',(0.0805,-0.065,0.0265));
#7103=CARTESIAN_POINT('',(0.0805,0.,0.0265));
#7104=CARTESIAN_POINT('',(0.0805,-0.0204941462370439,0.0265));
#7105=CARTESIAN_POINT('',(0.0805,-0.0204941462370439,0.0265));
#7106=CARTESIAN_POINT('',(0.0805,-0.019025232427938,0.0265));
#7107=CARTESIAN_POINT('',(0.0805,-0.0160995162307514,0.0267619396921372));
#7108=CARTESIAN_POINT('',(0.0805,-0.0117038781368349,0.0270622349866637));
#7109=CARTESIAN_POINT('',(0.0805,-0.00729200914148888,0.026763389461575));
#7110=CARTESIAN_POINT('',(0.0805,-0.00436206349239238,0.0265));
#7111=CARTESIAN_POINT('',(0.0805,-0.0028884653356985,0.0265));
#7112=CARTESIAN_POINT('',(0.0805,-0.0028884653356985,0.0265));
#7113=CARTESIAN_POINT('',(0.0805,0.,0.0265));
#7114=CARTESIAN_POINT('',(0.0697675071805716,-0.065,0.0135));
#7115=CARTESIAN_POINT('',(-0.003165,-0.065,0.0135));
#7116=CARTESIAN_POINT('',(-0.003165,-0.065,0.015125));
#7117=CARTESIAN_POINT('',(-0.00316500000000005,-0.065,0.014525));
#7118=CARTESIAN_POINT('',(-0.002085,-0.065,0.014525));
#7119=CARTESIAN_POINT('',(-0.0590755827724934,-0.065,0.0135));
#7120=CARTESIAN_POINT('',(-0.0590755827724934,-0.065,0.013));
#7121=CARTESIAN_POINT('',(-0.0697877913862467,-0.065,0.013));
#7122=CARTESIAN_POINT('',(-0.0107324928194284,-0.065,0.0265));
#7123=CARTESIAN_POINT('',(0.0697675071805716,-0.065,0.013));
#7124=CARTESIAN_POINT('',(0.0590350143611431,-0.065,0.013));
#7125=CARTESIAN_POINT('',(0.0590350143611431,-0.065,0.0135));
#7126=CARTESIAN_POINT('',(0.0590350143611431,-0.065,0.0135));
#7127=CARTESIAN_POINT('',(-0.0107324928194284,-0.065,0.0135));
#7128=CARTESIAN_POINT('',(0.00463525725561717,-0.065,0.0135));
#7129=CARTESIAN_POINT('',(0.004295,-0.065,0.014525));
#7130=CARTESIAN_POINT('',(0.005375,-0.065,0.014525));
#7131=CARTESIAN_POINT('',(0.00537499999999989,-0.065,0.013500000000006));
#7132=CARTESIAN_POINT('',(0.005375,-0.065,0.015125));
#7133=CARTESIAN_POINT('',(0.00429500000000015,-0.065,0.015125));
#7134=CARTESIAN_POINT('',(0.004295,-0.065,0.016205));
#7135=CARTESIAN_POINT('',(0.0697675071805716,-0.065,0.016205));
#7136=CARTESIAN_POINT('',(-0.002085,-0.065,0.016205));
#7137=CARTESIAN_POINT('',(-0.002085,-0.065,0.015125));
#7138=CARTESIAN_POINT('',(0.0590350143611431,-0.0675500606000423,0.0135));
#7139=CARTESIAN_POINT('',(0.0590350143611431,-0.0675500606000423,0.013));
#7140=CARTESIAN_POINT('',(0.0590350143611431,-0.0701001212000847,0.013));
#7141=CARTESIAN_POINT('',(0.0590350143611431,-0.0701001212000847,0.0135));
#7142=CARTESIAN_POINT('',(0.0590350143611431,-0.0701001212000847,0.0135));
#7143=CARTESIAN_POINT('',(0.0590350143611431,-0.0675500606000423,0.0135));
#7144=CARTESIAN_POINT('',(-2.02842056751251E-5,-0.0701000355184078,0.0135));
#7145=CARTESIAN_POINT('',(-0.002085,-0.0701000325227696,0.014525));
#7146=CARTESIAN_POINT('',(-0.002085,-0.0701000371510511,0.013445));
#7147=CARTESIAN_POINT('',(-2.02842056751251E-5,-0.0701000355184078,0.013445));
#7148=CARTESIAN_POINT('',(0.004295,-0.0701000417793327,0.013445));
#7149=CARTESIAN_POINT('',(0.004295,-0.0701000417793327,0.014525));
#7150=CARTESIAN_POINT('',(0.00463525725561717,-0.0701000422730024,0.0135));
#7151=CARTESIAN_POINT('',(-2.02842056751251E-5,-0.0701000355184078,0.0135));
#7152=CARTESIAN_POINT('',(-2.02842056751251E-5,-0.0701000355184078,0.013));
#7153=CARTESIAN_POINT('',(-0.0590755827724934,-0.070099949836731,0.013));
#7154=CARTESIAN_POINT('',(-0.0590755827724934,-0.070099949836731,0.0135));
#7155=CARTESIAN_POINT('',(-0.0590755827724934,-0.0675499749183655,0.0135));
#7156=CARTESIAN_POINT('',(-0.0590755827724934,-0.0675499749183655,0.013));
#7157=CARTESIAN_POINT('',(0.,-0.075,0.0135));
#7158=CARTESIAN_POINT('',(0.0875,-0.075,0.0135));
#7159=CARTESIAN_POINT('',(0.0875,-0.075,0.013));
#7160=CARTESIAN_POINT('',(-0.0875,-0.075,0.013));
#7161=CARTESIAN_POINT('',(-0.0875,-0.075,0.013));
#7162=CARTESIAN_POINT('',(0.,-0.075,0.013));
#7163=CARTESIAN_POINT('',(0.00429500000000015,-0.075,0.015125));
#7164=CARTESIAN_POINT('',(0.005375,-0.075,0.015125));
#7165=CARTESIAN_POINT('',(0.004295,-0.075,0.016205));
#7166=CARTESIAN_POINT('',(0.0053749999999999,-0.075,0.0134999999999995));
#7167=CARTESIAN_POINT('',(0.005375,-0.075,0.014525));
#7168=CARTESIAN_POINT('',(0.004295,-0.075,0.014525));
#7169=CARTESIAN_POINT('',(0.004295,-0.075,0.013445));
#7170=CARTESIAN_POINT('',(0.,-0.075,0.013445));
#7171=CARTESIAN_POINT('',(-0.002085,-0.075,0.013445));
#7172=CARTESIAN_POINT('',(-0.002085,-0.075,0.014525));
#7173=CARTESIAN_POINT('',(-0.00316500000000005,-0.075,0.014525));
#7174=CARTESIAN_POINT('',(-0.003165,-0.075,0.0135));
#7175=CARTESIAN_POINT('',(-0.003165,-0.075,0.015125));
#7176=CARTESIAN_POINT('',(-0.002085,-0.075,0.015125));
#7177=CARTESIAN_POINT('',(-0.002085,-0.075,0.016205));
#7178=CARTESIAN_POINT('',(0.,-0.075,0.016205));
#7179=CARTESIAN_POINT('',(-1.38777878078145E-17,0.,0.013));
#7180=CARTESIAN_POINT('',(0.0875,-0.07,0.013));
#7181=CARTESIAN_POINT('',(0.0895,-0.07,0.013));
#7182=CARTESIAN_POINT('',(0.0875,0.07,0.013));
#7183=CARTESIAN_POINT('',(0.0895,0.07,0.013));
#7184=CARTESIAN_POINT('',(-0.0875,0.07,0.013));
#7185=CARTESIAN_POINT('',(-0.0855,0.07,0.013));
#7186=CARTESIAN_POINT('',(-0.0875,-0.07,0.013));
#7187=CARTESIAN_POINT('',(-0.0855,-0.07,0.013));
#7188=CARTESIAN_POINT('',(0.0875,-0.07,0.013));
#7189=CARTESIAN_POINT('',(-0.0875,-0.07,0.013));
#7190=CARTESIAN_POINT('',(-0.0875,0.07,0.013));
#7191=CARTESIAN_POINT('',(-0.00565736330436353,0.077,0.013));
#7192=CARTESIAN_POINT('',(-0.00565736330436353,0.077,0.013));
#7193=CARTESIAN_POINT('',(-1.50030138462859E-19,0.077,0.013));
#7194=CARTESIAN_POINT('',(-0.00515736330436353,0.077,0.013));
#7195=CARTESIAN_POINT('',(-0.00515736330436353,0.077,0.013));
#7196=CARTESIAN_POINT('',(0.00784263669563647,0.077,0.013));
#7197=CARTESIAN_POINT('',(0.00784263669563647,0.077,0.013));
#7198=CARTESIAN_POINT('',(-1.50030138462859E-19,0.077,0.013));
#7199=CARTESIAN_POINT('',(0.00834263669563647,0.077,0.013));
#7200=CARTESIAN_POINT('',(0.00834263669563647,0.077,0.013));
#7201=CARTESIAN_POINT('',(0.0875,0.07,0.013));
#7202=CARTESIAN_POINT('',(-1.38777878078145E-17,0.,0.0135));
#7203=CARTESIAN_POINT('',(-0.00515736330436353,-3.86879965328463E-19,0.0135));
#7204=CARTESIAN_POINT('',(-1.38777878078145E-17,0.,0.0135));
#7205=CARTESIAN_POINT('',(0.00463525725561717,0.02267,0.0135));
#7206=CARTESIAN_POINT('',(0.00429500000000015,0.02267,0.015125));
#7207=CARTESIAN_POINT('',(0.005375,0.02267,0.015125));
#7208=CARTESIAN_POINT('',(0.004295,0.02267,0.016205));
#7209=CARTESIAN_POINT('',(0.001105,0.02267,0.016205));
#7210=CARTESIAN_POINT('',(-0.002085,0.02267,0.016205));
#7211=CARTESIAN_POINT('',(-0.002085,0.02267,0.015125));
#7212=CARTESIAN_POINT('',(-0.003165,0.02267,0.015125));
#7213=CARTESIAN_POINT('',(-0.003165,0.02267,0.015125));
#7214=CARTESIAN_POINT('',(-0.00316500000000005,0.02267,0.014525));
#7215=CARTESIAN_POINT('',(-0.002085,0.02267,0.013445));
#7216=CARTESIAN_POINT('',(-0.002085,0.02267,0.013445));
#7217=CARTESIAN_POINT('',(0.004295,0.02267,0.013445));
#7218=CARTESIAN_POINT('',(0.005375,0.02267,0.014825));
#7219=CARTESIAN_POINT('',(0.005375,0.02267,0.014525));
#7220=CARTESIAN_POINT('',(-0.002085,0.02267,0.014525));
#7221=CARTESIAN_POINT('',(0.004295,0.02267,0.014525));
#7222=CARTESIAN_POINT('',(0.00132007538715578,0.042264874941895,0.0295));
#7223=CARTESIAN_POINT('',(-0.0111799246128442,0.042264874941895,0.0295));
#7224=CARTESIAN_POINT('',(-0.0111799246128442,0.042264874941895,0.027));
#7225=CARTESIAN_POINT('',(-0.0111799246128442,0.042264874941895,0.0265));
#7226=CARTESIAN_POINT('',(0.00132007538715578,0.042264874941895,0.027));
#7227=CARTESIAN_POINT('',(0.0138200753871558,0.042264874941895,0.027));
#7228=CARTESIAN_POINT('',(0.0138200753871558,0.042264874941895,0.0295));
#7229=CARTESIAN_POINT('',(0.0138200753871558,0.042264874941895,0.0265));
#7230=CARTESIAN_POINT('',(0.00132007538715578,0.042264874941895,0.0265));
#7231=CARTESIAN_POINT('',(-0.0111799246128442,0.048764874941895,0.0295));
#7232=CARTESIAN_POINT('',(-0.0111799246128442,0.055264874941895,0.0295));
#7233=CARTESIAN_POINT('',(-0.0111799246128442,0.055264874941895,0.027));
#7234=CARTESIAN_POINT('',(-0.0111799246128442,0.055264874941895,0.0265));
#7235=CARTESIAN_POINT('',(-0.0111799246128442,0.042264874941895,0.027));
#7236=CARTESIAN_POINT('',(-0.0111799246128442,0.048764874941895,0.0265));
#7237=CARTESIAN_POINT('',(0.00132007538715578,0.055264874941895,0.0295));
#7238=CARTESIAN_POINT('',(0.0138200753871558,0.055264874941895,0.0295));
#7239=CARTESIAN_POINT('',(0.0138200753871558,0.055264874941895,0.027));
#7240=CARTESIAN_POINT('',(0.0138200753871558,0.055264874941895,0.0265));
#7241=CARTESIAN_POINT('',(-0.0111799246128442,0.055264874941895,0.027));
#7242=CARTESIAN_POINT('',(0.00132007538715578,0.055264874941895,0.0265));
#7243=CARTESIAN_POINT('',(0.000868932697022217,-0.0237571221810143,0.0295));
#7244=CARTESIAN_POINT('',(-0.00863106730297778,-0.0237571221810143,0.0295));
#7245=CARTESIAN_POINT('',(-0.00863106730297778,-0.0237571221810143,0.027));
#7246=CARTESIAN_POINT('',(-0.00863106730297778,-0.0237571221810143,0.0265));
#7247=CARTESIAN_POINT('',(0.000868932697022217,-0.0237571221810143,0.027));
#7248=CARTESIAN_POINT('',(0.0103689326970222,-0.0237571221810143,0.027));
#7249=CARTESIAN_POINT('',(0.0103689326970222,-0.0237571221810143,0.0295));
#7250=CARTESIAN_POINT('',(0.0103689326970222,-0.0237571221810143,0.0265));
#7251=CARTESIAN_POINT('',(0.000868932697022217,-0.0237571221810143,0.0265));
#7252=CARTESIAN_POINT('',(-0.00863106730297778,-0.0107571221810143,0.0295));
#7253=CARTESIAN_POINT('',(-0.00863106730297779,0.00224287781898573,0.0295));
#7254=CARTESIAN_POINT('',(-0.00863106730297779,0.00224287781898573,0.027));
#7255=CARTESIAN_POINT('',(-0.00863106730297779,0.00224287781898573,0.0265));
#7256=CARTESIAN_POINT('',(-0.00863106730297778,-0.0237571221810143,0.027));
#7257=CARTESIAN_POINT('',(-0.00863106730297778,-0.0107571221810143,0.0265));
#7258=CARTESIAN_POINT('',(0.000868932697022212,0.00224287781898573,0.0295));
#7259=CARTESIAN_POINT('',(0.0103689326970222,0.00224287781898573,0.0295));
#7260=CARTESIAN_POINT('',(0.0103689326970222,0.00224287781898573,0.027));
#7261=CARTESIAN_POINT('',(0.0103689326970222,0.00224287781898573,0.0265));
#7262=CARTESIAN_POINT('',(-0.00863106730297779,0.00224287781898573,0.027));
#7263=CARTESIAN_POINT('',(0.000868932697022212,0.00224287781898573,0.0265));
#7264=CARTESIAN_POINT('',(0.0103689326970222,-0.0107571221810143,0.0295));
#7265=CARTESIAN_POINT('',(0.0103689326970222,-0.0107571221810143,0.027));
#7266=CARTESIAN_POINT('',(0.0103689326970222,-0.0107571221810143,0.0265));
#7267=CARTESIAN_POINT('',(-0.064,-0.0131913057863712,0.0295));
#7268=CARTESIAN_POINT('',(-0.064,-0.0131913057863712,0.0315));
#7269=CARTESIAN_POINT('',(-0.0495,-0.0131913057863712,0.0315));
#7270=CARTESIAN_POINT('',(-0.0346,0.0276765339076519,0.0295));
#7271=CARTESIAN_POINT('',(-0.0346,0.0276765339076519,0.0305));
#7272=CARTESIAN_POINT('',(-0.0316,0.0276765339076519,0.0305));
#7273=CARTESIAN_POINT('',(-0.0346,0.0276765339076519,0.0265));
#7274=CARTESIAN_POINT('',(-0.0316,0.0276765339076519,0.0265));
#7275=CARTESIAN_POINT('',(0.039,0.0276765339076519,0.0295));
#7276=CARTESIAN_POINT('',(0.039,0.0276765339076519,0.0305));
#7277=CARTESIAN_POINT('',(0.042,0.0276765339076519,0.0305));
#7278=CARTESIAN_POINT('',(0.039,0.0276765339076519,0.0265));
#7279=CARTESIAN_POINT('',(0.042,0.0276765339076519,0.0265));
#7280=CARTESIAN_POINT('',(0.0023,0.0276765339076519,0.0295));
#7281=CARTESIAN_POINT('',(0.0023,0.0276765339076519,0.0305));
#7282=CARTESIAN_POINT('',(0.0053,0.0276765339076519,0.0305));
#7283=CARTESIAN_POINT('',(0.0023,0.0276765339076519,0.0265));
#7284=CARTESIAN_POINT('',(0.0053,0.0276765339076519,0.0265));
#7285=CARTESIAN_POINT('',(0.03665,-0.0485143065452576,0.0295));
#7286=CARTESIAN_POINT('',(0.03665,-0.0485143065452576,0.0265));
#7287=CARTESIAN_POINT('',(0.0394,-0.0485143065452576,0.0265));
#7288=CARTESIAN_POINT('',(-0.04525,0.0581958070166224,0.0295));
#7289=CARTESIAN_POINT('',(-0.04525,0.0581958070166224,0.0265));
#7290=CARTESIAN_POINT('',(-0.0425,0.0581958070166224,0.0265));
#7291=CARTESIAN_POINT('',(-0.03325,0.0581958070166224,0.0295));
#7292=CARTESIAN_POINT('',(-0.03325,0.0581958070166224,0.0265));
#7293=CARTESIAN_POINT('',(-0.0305,0.0581958070166224,0.0265));
#7294=CARTESIAN_POINT('',(0.0339,0.0518190525472164,0.0295));
#7295=CARTESIAN_POINT('',(0.0339,0.0518190525472164,0.0305));
#7296=CARTESIAN_POINT('',(0.0361,0.0518190525472164,0.0305));
#7297=CARTESIAN_POINT('',(0.0417,0.0518190525472164,0.0295));
#7298=CARTESIAN_POINT('',(0.0417,0.0518190525472164,0.0305));
#7299=CARTESIAN_POINT('',(0.0439,0.0518190525472164,0.0305));
#7300=CARTESIAN_POINT('',(0.0493,0.0518190525472164,0.0295));
#7301=CARTESIAN_POINT('',(0.0493,0.0518190525472164,0.0305));
#7302=CARTESIAN_POINT('',(0.0515,0.0518190525472164,0.0305));
#7303=CARTESIAN_POINT('',(0.0138200753871558,0.048764874941895,0.0295));
#7304=CARTESIAN_POINT('',(0.0138200753871558,0.048764874941895,0.027));
#7305=CARTESIAN_POINT('',(0.0138200753871558,0.048764874941895,0.0265));
#7306=CARTESIAN_POINT('',(-1.38777878078145E-17,0.,0.0265));
#7307=CARTESIAN_POINT('',(0.0339,0.0518190525472164,0.0265));
#7308=CARTESIAN_POINT('',(0.03665,0.0518190525472164,0.0265));
#7309=CARTESIAN_POINT('',(0.0493,0.0518190525472164,0.0265));
#7310=CARTESIAN_POINT('',(0.05205,0.0518190525472164,0.0265));
#7311=CARTESIAN_POINT('',(0.0417,0.0518190525472164,0.0265));
#7312=CARTESIAN_POINT('',(0.04445,0.0518190525472164,0.0265));
#7313=CARTESIAN_POINT('',(0.0631,-0.0116913057863712,0.0265));
#7314=CARTESIAN_POINT('',(-0.064,-0.0131913057863712,0.0265));
#7315=CARTESIAN_POINT('',(-1.38777878078145E-17,0.060264874941895,0.027));
#7316=CARTESIAN_POINT('',(0.0188200753871558,0.060264874941895,0.027));
#7317=CARTESIAN_POINT('',(-0.0161799246128442,0.060264874941895,0.027));
#7318=CARTESIAN_POINT('',(-0.0161799246128442,0.,0.027));
#7319=CARTESIAN_POINT('',(-0.0161799246128442,0.037264874941895,0.027));
#7320=CARTESIAN_POINT('',(0.0188200753871558,0.048764874941895,0.027));
#7321=CARTESIAN_POINT('',(0.0188200753871558,0.037264874941895,0.027));
#7322=CARTESIAN_POINT('',(0.00132007538715578,0.037264874941895,0.027));
#7323=CARTESIAN_POINT('',(0.00784263669563647,0.077,0.017));
#7324=CARTESIAN_POINT('',(0.00784263669563647,0.077,0.021));
#7325=CARTESIAN_POINT('',(0.00784263669563647,0.077,0.021));
#7326=CARTESIAN_POINT('',(0.00784263669563647,0.077,0.017));
#7327=CARTESIAN_POINT('',(0.00134263669563647,0.077,0.021));
#7328=CARTESIAN_POINT('',(-0.00515736330436353,0.077,0.021));
#7329=CARTESIAN_POINT('',(-0.00515736330436353,0.077,0.021));
#7330=CARTESIAN_POINT('',(0.00134263669563647,0.077,0.021));
#7331=CARTESIAN_POINT('',(-0.00515736330436353,0.077,0.017));
#7332=CARTESIAN_POINT('',(-0.00515736330436353,0.077,0.017));
#7333=CARTESIAN_POINT('',(-0.00565736330436353,0.077,0.017));
#7334=CARTESIAN_POINT('',(-0.00565736330436353,0.077,0.0205));
#7335=CARTESIAN_POINT('',(-0.00565736330436353,0.077,0.0205));
#7336=CARTESIAN_POINT('',(-0.00565736330436353,0.077,0.017));
#7337=CARTESIAN_POINT('',(0.00134263669563647,0.077,0.0215));
#7338=CARTESIAN_POINT('',(0.00734263669563647,0.077,0.0215));
#7339=CARTESIAN_POINT('',(0.00734263669563647,0.077,0.0215));
#7340=CARTESIAN_POINT('',(0.00134263669563647,0.077,0.0215));
#7341=CARTESIAN_POINT('',(-0.00465736330436353,0.077,0.0215));
#7342=CARTESIAN_POINT('',(-0.00465736330436353,0.075,0.0215));
#7343=CARTESIAN_POINT('',(0.00834263669563647,0.077,0.017));
#7344=CARTESIAN_POINT('',(0.00834263669563647,0.077,0.017));
#7345=CARTESIAN_POINT('',(0.00834263669563647,0.077,0.0205));
#7346=CARTESIAN_POINT('',(0.00834263669563647,0.077,0.0205));
#7347=CARTESIAN_POINT('',(-1.96539481386345E-17,0.077,0.02225));
#7348=CARTESIAN_POINT('',(0.00734263669563647,0.077,0.0205));
#7349=CARTESIAN_POINT('',(-0.00465736330436353,0.077,0.0205));
#7350=CARTESIAN_POINT('',(0.00734263669563647,0.077,0.0205));
#7351=CARTESIAN_POINT('',(-0.00465736330436353,0.077,0.0205));
#7352=CARTESIAN_POINT('',(0.0417,0.0518190525472164,0.019));
#7353=CARTESIAN_POINT('',(0.0417,0.0518190525472164,0.019));
#7354=CARTESIAN_POINT('',(0.04395,0.0518190525472164,0.019));
#7355=CARTESIAN_POINT('',(0.0417,0.0518190525472164,0.019));
#7356=CARTESIAN_POINT('',(0.0417,0.0518190525472164,0.019));
#7357=CARTESIAN_POINT('',(0.04445,0.0518190525472164,0.019));
#7358=CARTESIAN_POINT('',(-1.38777878078145E-17,0.,0.019));
#7359=CARTESIAN_POINT('',(0.0493,0.0518190525472164,0.019));
#7360=CARTESIAN_POINT('',(0.0493,0.0518190525472164,0.019));
#7361=CARTESIAN_POINT('',(0.05155,0.0518190525472164,0.019));
#7362=CARTESIAN_POINT('',(0.0493,0.0518190525472164,0.019));
#7363=CARTESIAN_POINT('',(0.0493,0.0518190525472164,0.019));
#7364=CARTESIAN_POINT('',(0.05205,0.0518190525472164,0.019));
#7365=CARTESIAN_POINT('',(-1.38777878078145E-17,0.,0.019));
#7366=CARTESIAN_POINT('',(0.0339,0.0518190525472164,0.019));
#7367=CARTESIAN_POINT('',(0.0339,0.0518190525472164,0.019));
#7368=CARTESIAN_POINT('',(0.03615,0.0518190525472164,0.019));
#7369=CARTESIAN_POINT('',(0.0339,0.0518190525472164,0.019));
#7370=CARTESIAN_POINT('',(0.0339,0.0518190525472164,0.019));
#7371=CARTESIAN_POINT('',(0.03665,0.0518190525472164,0.019));
#7372=CARTESIAN_POINT('',(-1.38777878078145E-17,0.,0.019));
#7373=CARTESIAN_POINT('',(0.0493,0.0518190525472164,0.0305));
#7374=CARTESIAN_POINT('',(0.0493,0.0518190525472164,0.032));
#7375=CARTESIAN_POINT('',(0.053,0.0518190525472164,0.032));
#7376=CARTESIAN_POINT('',(0.0417,0.0518190525472164,0.0305));
#7377=CARTESIAN_POINT('',(0.0417,0.0518190525472164,0.032));
#7378=CARTESIAN_POINT('',(0.0454,0.0518190525472164,0.032));
#7379=CARTESIAN_POINT('',(0.0339,0.0518190525472164,0.0305));
#7380=CARTESIAN_POINT('',(0.0339,0.0518190525472164,0.032));
#7381=CARTESIAN_POINT('',(0.0376,0.0518190525472164,0.032));
#7382=CARTESIAN_POINT('',(-0.0346,0.0276765339076519,0.0305));
#7383=CARTESIAN_POINT('',(0.039,0.0276765339076519,0.0305));
#7384=CARTESIAN_POINT('',(0.039,0.0276765339076519,0.032));
#7385=CARTESIAN_POINT('',(0.0435,0.0276765339076519,0.032));
#7386=CARTESIAN_POINT('',(0.0023,0.0276765339076519,0.0305));
#7387=CARTESIAN_POINT('',(0.0411151538124582,0.011960630133742,0.0315));
#7388=CARTESIAN_POINT('',(0.0490809754966569,0.0119226936513249,0.0315));
#7389=CARTESIAN_POINT('',(0.0490809754966569,0.0119226936513249,0.0315));
#7390=CARTESIAN_POINT('',(0.0331493321282596,0.0119985666161591,0.0315));
#7391=CARTESIAN_POINT('',(0.0331493321282596,0.0119985666161591,0.0315));
#7392=CARTESIAN_POINT('',(0.0411151538124582,0.011960630133742,0.0315));
#7393=CARTESIAN_POINT('',(0.0332219493517568,0.0272465763610006,0.0315));
#7394=CARTESIAN_POINT('',(0.0332945665752541,0.0424945861058422,0.0315));
#7395=CARTESIAN_POINT('',(0.0332945665752541,0.0424945861058422,0.0315));
#7396=CARTESIAN_POINT('',(0.0332219493517568,0.0272465763610006,0.0315));
#7397=CARTESIAN_POINT('',(0.0343045771281874,0.0424878095859005,0.0315));
#7398=CARTESIAN_POINT('',(0.0353145876811208,0.0424810330659588,0.0315));
#7399=CARTESIAN_POINT('',(0.0353145876811208,0.0424810330659588,0.0315));
#7400=CARTESIAN_POINT('',(0.0343045771281874,0.0424878095859005,0.0315));
#7401=CARTESIAN_POINT('',(0.0353145876811208,0.0453486867831767,0.0315));
#7402=CARTESIAN_POINT('',(0.0353145876811208,0.0483913809250401,0.0315));
#7403=CARTESIAN_POINT('',(0.0353145876811208,0.0483913809250401,0.0315));
#7404=CARTESIAN_POINT('',(0.0353145876811208,0.0453486867831767,0.0315));
#7405=CARTESIAN_POINT('',(0.0339,0.0518190525472164,0.0315));
#7406=CARTESIAN_POINT('',(0.0318152618324897,0.0487524815257045,0.0315));
#7407=CARTESIAN_POINT('',(0.0318152618324897,0.0487524815257045,0.0315));
#7408=CARTESIAN_POINT('',(0.0339,0.0518190525472164,0.0315));
#7409=CARTESIAN_POINT('',(0.0318152618324897,0.0485054097404839,0.0315));
#7410=CARTESIAN_POINT('',(0.0318152618324897,0.046004769734926,0.0315));
#7411=CARTESIAN_POINT('',(0.0318152618324897,0.046004769734926,0.0315));
#7412=CARTESIAN_POINT('',(0.0318152618324897,0.0485054097404839,0.0315));
#7413=CARTESIAN_POINT('',(0.0308170317747541,0.0460114672153365,0.0315));
#7414=CARTESIAN_POINT('',(0.0298188017170184,0.046018164695747,0.0315));
#7415=CARTESIAN_POINT('',(0.0298188017170184,0.046018164695747,0.0315));
#7416=CARTESIAN_POINT('',(0.0308170317747541,0.0460114672153365,0.0315));
#7417=CARTESIAN_POINT('',(0.0297412992143161,0.0290166654245324,0.0315));
#7418=CARTESIAN_POINT('',(0.0296637967116138,0.0120151661533179,0.0315));
#7419=CARTESIAN_POINT('',(0.0296637967116138,0.0120151661533179,0.0315));
#7420=CARTESIAN_POINT('',(0.0297412992143161,0.0290166654245324,0.0315));
#7421=CARTESIAN_POINT('',(0.0260416118732905,0.0120324164705957,0.0315));
#7422=CARTESIAN_POINT('',(0.0224194270349672,0.0120496667878734,0.0315));
#7423=CARTESIAN_POINT('',(0.0224194270349672,0.0120496667878734,0.0315));
#7424=CARTESIAN_POINT('',(0.0260416118732905,0.0120324164705957,0.0315));
#7425=CARTESIAN_POINT('',(0.0224194270349672,0.0119861802195992,0.0315));
#7426=CARTESIAN_POINT('',(0.0224194270349672,0.0119861802195992,0.0315));
#7427=CARTESIAN_POINT('',(0.0259194270349672,-0.0188835581743383,0.0315));
#7428=CARTESIAN_POINT('',(0.0259194270349672,0.00842269365132488,0.0315));
#7429=CARTESIAN_POINT('',(0.0259194270349672,0.00842269365132488,0.0315));
#7430=CARTESIAN_POINT('',(0.0259194270349672,-0.0188835581743383,0.0315));
#7431=CARTESIAN_POINT('',(0.0277833848728435,0.00841419667143725,0.0315));
#7432=CARTESIAN_POINT('',(0.0296473427107198,0.00840569969154963,0.0315));
#7433=CARTESIAN_POINT('',(0.0296473427107198,0.00840569969154963,0.0315));
#7434=CARTESIAN_POINT('',(0.0277833848728435,0.00841419667143725,0.0315));
#7435=CARTESIAN_POINT('',(0.0296225138204099,0.00295905802462372,0.0315));
#7436=CARTESIAN_POINT('',(0.0295976849301,-0.00248758364230218,0.0315));
#7437=CARTESIAN_POINT('',(0.0295976849301,-0.00248758364230218,0.0315));
#7438=CARTESIAN_POINT('',(0.0296225138204099,0.00295905802462372,0.0315));
#7439=CARTESIAN_POINT('',(0.0380737887334096,-0.00248758364230218,0.0315));
#7440=CARTESIAN_POINT('',(0.0465498925367194,-0.00248758364230218,0.0315));
#7441=CARTESIAN_POINT('',(0.0465498925367194,-0.00248758364230218,0.0315));
#7442=CARTESIAN_POINT('',(0.0380737887334096,-0.00248758364230218,0.0315));
#7443=CARTESIAN_POINT('',(0.0468235980585258,-0.00248908139021597,0.0315));
#7444=CARTESIAN_POINT('',(0.0470973035803321,-0.00249057913812976,0.0315));
#7445=CARTESIAN_POINT('',(0.0470973035803321,-0.00249057913812976,0.0315));
#7446=CARTESIAN_POINT('',(0.0468235980585258,-0.00248908139021597,0.0315));
#7447=CARTESIAN_POINT('',(0.0470973035803321,-0.0243038149516034,0.0315));
#7448=CARTESIAN_POINT('',(0.0470973035803321,-0.0243038149516034,0.0315));
#7449=CARTESIAN_POINT('',(0.0505034378236941,-0.0225921525303307,0.0315));
#7450=CARTESIAN_POINT('',(0.0505034378236941,-0.0225921525303307,0.0315));
#7451=CARTESIAN_POINT('',(0.0505034378236941,-0.0225921525303307,0.0315));
#7452=CARTESIAN_POINT('',(0.0505034378236941,0.00101224120942434,0.0315));
#7453=CARTESIAN_POINT('',(0.0505034378236941,0.00101224120942434,0.0315));
#7454=CARTESIAN_POINT('',(0.0505034378236941,-0.0225921525303307,0.0315));
#7455=CARTESIAN_POINT('',(0.0499612093286788,0.00101224120942434,0.0315));
#7456=CARTESIAN_POINT('',(0.033097010778731,0.00101224120942434,0.0315));
#7457=CARTESIAN_POINT('',(0.033097010778731,0.00101224120942434,0.0315));
#7458=CARTESIAN_POINT('',(0.0499612093286788,0.00101224120942434,0.0315));
#7459=CARTESIAN_POINT('',(0.0331145992186784,0.00470542432491015,0.0315));
#7460=CARTESIAN_POINT('',(0.0331321876586257,0.00839860744039596,0.0315));
#7461=CARTESIAN_POINT('',(0.0331321876586257,0.00839860744039596,0.0315));
#7462=CARTESIAN_POINT('',(0.0331145992186784,0.00470542432491015,0.0315));
#7463=CARTESIAN_POINT('',(0.0429065815776413,0.00835205780148275,0.0315));
#7464=CARTESIAN_POINT('',(0.0526809754966569,0.00830550816256955,0.0315));
#7465=CARTESIAN_POINT('',(0.0526809754966569,0.00830550816256955,0.0315));
#7466=CARTESIAN_POINT('',(0.0429065815776413,0.00835205780148275,0.0315));
#7467=CARTESIAN_POINT('',(0.0526809754966569,0.024389810944195,0.0315));
#7468=CARTESIAN_POINT('',(0.0526809754966569,0.0404741137258205,0.0315));
#7469=CARTESIAN_POINT('',(0.0526809754966569,0.0404741137258205,0.0315));
#7470=CARTESIAN_POINT('',(0.0526809754966569,0.024389810944195,0.0315));
#7471=CARTESIAN_POINT('',(0.0481014363564613,0.0404741137258205,0.0315));
#7472=CARTESIAN_POINT('',(0.0435218972162657,0.0404741137258205,0.0315));
#7473=CARTESIAN_POINT('',(0.0435218972162657,0.0404741137258205,0.0315));
#7474=CARTESIAN_POINT('',(0.0481014363564613,0.0404741137258205,0.0315));
#7475=CARTESIAN_POINT('',(0.0435218972162657,0.0445353296270925,0.0315));
#7476=CARTESIAN_POINT('',(0.0435218972162657,0.0485965455283645,0.0315));
#7477=CARTESIAN_POINT('',(0.0435218972162657,0.0485965455283645,0.0315));
#7478=CARTESIAN_POINT('',(0.0435218972162657,0.0445353296270925,0.0315));
#7479=CARTESIAN_POINT('',(0.0417,0.0518190525472164,0.0315));
#7480=CARTESIAN_POINT('',(0.0399218972162657,0.0485721753638813,0.0315));
#7481=CARTESIAN_POINT('',(0.0399218972162657,0.0485721753638813,0.0315));
#7482=CARTESIAN_POINT('',(0.0417,0.0518190525472164,0.0315));
#7483=CARTESIAN_POINT('',(0.0399218972162657,0.0427231445448509,0.0315));
#7484=CARTESIAN_POINT('',(0.0399218972162657,0.0368741137258205,0.0315));
#7485=CARTESIAN_POINT('',(0.0399218972162657,0.0368741137258205,0.0315));
#7486=CARTESIAN_POINT('',(0.0399218972162657,0.0427231445448509,0.0315));
#7487=CARTESIAN_POINT('',(0.0400428413965207,0.0368741137258205,0.0315));
#7488=CARTESIAN_POINT('',(0.0490809754966569,0.0368741137258205,0.0315));
#7489=CARTESIAN_POINT('',(0.0490809754966569,0.0368741137258205,0.0315));
#7490=CARTESIAN_POINT('',(0.0400428413965207,0.0368741137258205,0.0315));
#7491=CARTESIAN_POINT('',(0.0490809754966569,0.0243984036885727,0.0315));
#7492=CARTESIAN_POINT('',(0.0490809754966569,0.0243984036885727,0.0315));
#7493=CARTESIAN_POINT('',(-1.38777878078145E-17,0.,0.0315));
#7494=CARTESIAN_POINT('',(0.0631,-0.0116913057863712,0.0315));
#7495=CARTESIAN_POINT('',(-1.38777878078145E-17,0.,0.0315));
#7496=CARTESIAN_POINT('',(-1.05794920374198E-17,0.0651794494717703,0.0315));
#7497=CARTESIAN_POINT('',(-0.0826794494717703,0.0651794494717703,0.0315));
#7498=CARTESIAN_POINT('',(0.0826794494717703,0.0651794494717704,0.0315));
#7499=CARTESIAN_POINT('',(0.0826794494717703,2.38125388426741E-17,0.0315));
#7500=CARTESIAN_POINT('',(0.0826794494717703,-0.0651794494717703,0.0315));
#7501=CARTESIAN_POINT('',(1.34199749220602E-17,-0.0651794494717703,0.0315));
#7502=CARTESIAN_POINT('',(-0.0826794494717703,-0.0651794494717703,0.0315));
#7503=CARTESIAN_POINT('',(-0.0826794494717703,-6.36326152549561E-18,0.0315));
#7504=CARTESIAN_POINT('',(0.0875,-0.07,0.0315));
#7505=CARTESIAN_POINT('',(0.0875,0.07,0.0315));
#7506=CARTESIAN_POINT('',(-0.0875,0.07,0.0315));
#7507=CARTESIAN_POINT('',(-0.0875,-0.07,0.0315));
#7508=CARTESIAN_POINT('',(-0.0136310673029778,0.,0.027));
#7509=CARTESIAN_POINT('',(-0.0136310673029778,0.00724287781898573,0.027));
#7510=CARTESIAN_POINT('',(-0.0136310673029778,-0.0287571221810143,0.027));
#7511=CARTESIAN_POINT('',(0.000868932697022217,-0.0287571221810143,0.027));
#7512=CARTESIAN_POINT('',(0.0153689326970222,-0.0287571221810143,0.027));
#7513=CARTESIAN_POINT('',(-1.38777878078145E-17,0.00724287781898573,0.027));
#7514=CARTESIAN_POINT('',(0.0153689326970222,0.00724287781898573,0.027));
#7515=CARTESIAN_POINT('',(0.0153689326970222,-0.0107571221810143,0.027));
#7516=CARTESIAN_POINT('',(-2.41035261925198E-17,0.063,0.027));
#7517=CARTESIAN_POINT('',(-0.0805,0.063,0.027));
#7518=CARTESIAN_POINT('',(-2.41035261925198E-17,0.063,0.032));
#7519=CARTESIAN_POINT('',(0.0805,0.063,0.032));
#7520=CARTESIAN_POINT('',(0.0805,0.063,0.027));
#7521=CARTESIAN_POINT('',(0.0805,1.64288517430744E-17,0.027));
#7522=CARTESIAN_POINT('',(0.0805,1.64288517430744E-17,0.032));
#7523=CARTESIAN_POINT('',(0.0805,-0.063,0.032));
#7524=CARTESIAN_POINT('',(0.0805,-0.063,0.027));
#7525=CARTESIAN_POINT('',(-0.0805,1.020425574104E-18,0.027));
#7526=CARTESIAN_POINT('',(-0.0805,-0.063,0.027));
#7527=CARTESIAN_POINT('',(1.30662212693458E-17,-0.063,0.027));
#7528=CARTESIAN_POINT('',(0.0855,-0.063,0.032));
#7529=CARTESIAN_POINT('',(-2.41035261925198E-17,0.063,0.0321));
#7530=CARTESIAN_POINT('',(0.0242982363976328,0.063,0.0321));
#7531=CARTESIAN_POINT('',(0.0805,0.063,0.0321));
#7532=CARTESIAN_POINT('',(0.0242982363998506,0.0629999999843201,0.0321));
#7533=CARTESIAN_POINT('',(0.0242982363998506,0.0629999999843201,0.032));
#7534=CARTESIAN_POINT('',(0.0255576706904787,0.059631011542884,0.0321));
#7535=CARTESIAN_POINT('',(0.0255576706904787,0.059631011542884,0.032));
#7536=CARTESIAN_POINT('',(0.0258367654938509,0.0500837054321088,0.0321));
#7537=CARTESIAN_POINT('',(0.0258367654938509,0.0500837054321088,0.032));
#7538=CARTESIAN_POINT('',(0.0230816819223525,0.0338955749224311,0.0321));
#7539=CARTESIAN_POINT('',(0.0230816819223525,0.0338955749224311,0.032));
#7540=CARTESIAN_POINT('',(0.0205129605454106,0.0200545596767937,0.0321));
#7541=CARTESIAN_POINT('',(0.0205129605454106,0.0200545596767937,0.032));
#7542=CARTESIAN_POINT('',(0.0187776401191609,0.00964341096556841,0.0321));
#7543=CARTESIAN_POINT('',(0.0187776401191609,0.00964341096556841,0.032));
#7544=CARTESIAN_POINT('',(0.0176111475564277,-0.000380475606549132,0.0321));
#7545=CARTESIAN_POINT('',(0.0176111475564277,-0.000380475606549132,0.032));
#7546=CARTESIAN_POINT('',(0.0173755880674898,-0.00961007178617798,0.0321));
#7547=CARTESIAN_POINT('',(0.0173755880674898,-0.00961007178617798,0.032));
#7548=CARTESIAN_POINT('',(0.0177155933891253,-0.0181300393847892,0.0321));
#7549=CARTESIAN_POINT('',(0.0177155933891253,-0.0181300393847892,0.032));
#7550=CARTESIAN_POINT('',(0.0182899076593502,-0.0260153366636461,0.0321));
#7551=CARTESIAN_POINT('',(0.0182899076593502,-0.0260153366636461,0.032));
#7552=CARTESIAN_POINT('',(0.0187538593859634,-0.0333433834608772,0.0321));
#7553=CARTESIAN_POINT('',(0.0187538593859634,-0.0333433834608772,0.032));
#7554=CARTESIAN_POINT('',(0.0187623271963955,-0.0401914568573618,0.0321));
#7555=CARTESIAN_POINT('',(0.0187623271963955,-0.0401914568573618,0.032));
#7556=CARTESIAN_POINT('',(0.0181065585908712,-0.0455610289646478,0.0321));
#7557=CARTESIAN_POINT('',(0.0181065585908712,-0.0455610289646478,0.032));
#7558=CARTESIAN_POINT('',(0.0170040901642867,-0.0496959389574833,0.0321));
#7559=CARTESIAN_POINT('',(0.0170040901642867,-0.0496959389574833,0.032));
#7560=CARTESIAN_POINT('',(0.0154879021342296,-0.0537255811241813,0.0321));
#7561=CARTESIAN_POINT('',(0.0154879021342296,-0.0537255811241813,0.032));
#7562=CARTESIAN_POINT('',(0.0131077903043502,-0.0584384701730363,0.0321));
#7563=CARTESIAN_POINT('',(0.0131077903043502,-0.0584384701730363,0.032));
#7564=CARTESIAN_POINT('',(0.0112370822292927,-0.0616189920302519,0.0321));
#7565=CARTESIAN_POINT('',(0.0112370822292927,-0.0616189920302519,0.032));
#7566=CARTESIAN_POINT('',(0.0104498372820043,-0.063000000000644,0.0321));
#7567=CARTESIAN_POINT('',(0.0104498372820043,-0.063000000000644,0.032));
#7568=CARTESIAN_POINT('',(0.010449837282253,-0.063,0.0321));
#7569=CARTESIAN_POINT('',(0.0855,-0.063,0.0321));
#7570=CARTESIAN_POINT('',(0.0805,-0.063,0.0321));
#7571=CARTESIAN_POINT('',(0.039,0.0276765339076519,0.0321));
#7572=CARTESIAN_POINT('',(0.0493,0.0518190525472164,0.0321));
#7573=CARTESIAN_POINT('',(0.0417,0.0518190525472164,0.0321));
#7574=CARTESIAN_POINT('',(0.0339,0.0518190525472164,0.0321));
#7575=CARTESIAN_POINT('',(0.0805,1.64288517430744E-17,0.0321));
#7576=CARTESIAN_POINT('',(-0.0875,-0.07,0.0135));
#7577=CARTESIAN_POINT('',(-0.0875,0.07,0.0135));
#7578=CARTESIAN_POINT('',(0.0875,0.07,0.0135));
#7579=CARTESIAN_POINT('',(0.0875,-0.07,0.0135));
#7580=CARTESIAN_POINT('',(0.0631,-0.0116913057863712,0.0315));
#7581=CARTESIAN_POINT('',(-0.064,-0.0131913057863712,0.0315));
#7582=CARTESIAN_POINT('',(0.0875,0.07,0.033));
#7583=CARTESIAN_POINT('',(0.0875,-0.07,0.033));
#7584=CARTESIAN_POINT('',(-0.0875,-0.07,0.033));
#7585=CARTESIAN_POINT('',(-0.0875,0.07,0.033));
#7586=CARTESIAN_POINT('',(0.0196174892094951,-0.0551218159593475,0.0316));
#7587=CARTESIAN_POINT('',(0.0196174892094951,-0.0577588582896757,0.0316));
#7588=CARTESIAN_POINT('',(0.0196174892094951,-0.0577588582896757,0.0316));
#7589=CARTESIAN_POINT('',(0.0196174892094951,-0.0551218159593475,0.0316));
#7590=CARTESIAN_POINT('',(0.0196174892094951,-0.0524847736290192,0.0316));
#7591=CARTESIAN_POINT('',(0.0196174892094951,-0.0524847736290192,0.0316));
#7592=CARTESIAN_POINT('',(0.0199303327729888,-0.0577588582896757,0.0316));
#7593=CARTESIAN_POINT('',(0.0202431763364827,-0.0577588582896757,0.0316));
#7594=CARTESIAN_POINT('',(0.0202431763364827,-0.0577588582896757,0.0316));
#7595=CARTESIAN_POINT('',(0.0199303327729888,-0.0577588582896757,0.0316));
#7596=CARTESIAN_POINT('',(0.0202431763364827,-0.0559586089056032,0.0316));
#7597=CARTESIAN_POINT('',(0.0202431763364827,-0.0541583595215308,0.0316));
#7598=CARTESIAN_POINT('',(0.0202431763364827,-0.0541583595215308,0.0316));
#7599=CARTESIAN_POINT('',(0.0202431763364827,-0.0559586089056032,0.0316));
#7600=CARTESIAN_POINT('',(0.0210016312196847,-0.0559586089056032,0.0316));
#7601=CARTESIAN_POINT('',(0.0217600861028867,-0.0577588582896757,0.0316));
#7602=CARTESIAN_POINT('',(0.0217600861028867,-0.0577588582896757,0.0316));
#7603=CARTESIAN_POINT('',(0.0210016312196847,-0.0559586089056032,0.0316));
#7604=CARTESIAN_POINT('',(0.0219945916033268,-0.0577588582896757,0.0316));
#7605=CARTESIAN_POINT('',(0.0222290971037669,-0.0577588582896757,0.0316));
#7606=CARTESIAN_POINT('',(0.0222290971037669,-0.0577588582896757,0.0316));
#7607=CARTESIAN_POINT('',(0.0219945916033268,-0.0577588582896757,0.0316));
#7608=CARTESIAN_POINT('',(0.0222290971037669,-0.0551218159593475,0.0316));
#7609=CARTESIAN_POINT('',(0.0222290971037669,-0.0524847736290192,0.0316));
#7610=CARTESIAN_POINT('',(0.0222290971037669,-0.0524847736290192,0.0316));
#7611=CARTESIAN_POINT('',(0.0222290971037669,-0.0551218159593475,0.0316));
#7612=CARTESIAN_POINT('',(0.0219228664936478,-0.0524847736290192,0.0316));
#7613=CARTESIAN_POINT('',(0.0216166358835286,-0.0524847736290192,0.0316));
#7614=CARTESIAN_POINT('',(0.0216166358835286,-0.0524847736290192,0.0316));
#7615=CARTESIAN_POINT('',(0.0219228664936478,-0.0524847736290192,0.0316));
#7616=CARTESIAN_POINT('',(0.0216166358835286,-0.0542361888958634,0.0316));
#7617=CARTESIAN_POINT('',(0.0216166358835286,-0.0559876041627075,0.0316));
#7618=CARTESIAN_POINT('',(0.0216166358835286,-0.0559876041627075,0.0316));
#7619=CARTESIAN_POINT('',(0.0216166358835286,-0.0542361888958634,0.0316));
#7620=CARTESIAN_POINT('',(0.020867846086028,-0.0542361888958634,0.0316));
#7621=CARTESIAN_POINT('',(0.0201190562885274,-0.0524847736290192,0.0316));
#7622=CARTESIAN_POINT('',(0.0201190562885274,-0.0524847736290192,0.0316));
#7623=CARTESIAN_POINT('',(0.020867846086028,-0.0542361888958634,0.0316));
#7624=CARTESIAN_POINT('',(0.0198682727490113,-0.0524847736290192,0.0316));
#7625=CARTESIAN_POINT('',(0.0198682727490113,-0.0524847736290192,0.0316));
#7626=CARTESIAN_POINT('',(0.0454749186411265,1.38777878078145E-17,0.0316));
#7627=CARTESIAN_POINT('',(0.0268062782164778,-0.0572379610392405,0.0316));
#7628=CARTESIAN_POINT('',(0.0268062782164778,-0.0572379610392405,0.0321));
#7629=CARTESIAN_POINT('',(0.027001614685391,-0.0572379610392405,0.0316));
#7630=CARTESIAN_POINT('',(0.027001614685391,-0.0572379610392405,0.0321));
#7631=CARTESIAN_POINT('',(0.0271491344145182,-0.0571977746302714,0.0316));
#7632=CARTESIAN_POINT('',(0.0271491344145182,-0.0571977746302714,0.0321));
#7633=CARTESIAN_POINT('',(0.0272488374038593,-0.0571174018123331,0.0316));
#7634=CARTESIAN_POINT('',(0.0272488374038593,-0.0571174018123331,0.0321));
#7635=CARTESIAN_POINT('',(0.0268062782164778,-0.0572379610392405,0.0321));
#7636=CARTESIAN_POINT('',(0.0270992829198477,-0.0572379610392405,0.0321));
#7637=CARTESIAN_POINT('',(0.0272488374038593,-0.0571174018123331,0.0321));
#7638=CARTESIAN_POINT('',(0.0268062782164778,-0.0572379610392405,0.0321));
#7639=CARTESIAN_POINT('',(0.0272488374038593,-0.0571174018123331,0.0321));
#7640=CARTESIAN_POINT('',(0.0268062782164778,-0.0572379610392405,0.0316));
#7641=CARTESIAN_POINT('',(0.0268062782164778,-0.0572379610392405,0.0316));
#7642=CARTESIAN_POINT('',(0.0268062782164778,-0.0572379610392405,0.0316));
#7643=CARTESIAN_POINT('',(0.0270992829198477,-0.0572379610392405,0.0316));
#7644=CARTESIAN_POINT('',(0.0272488374038593,-0.0571174018123331,0.0316));
#7645=CARTESIAN_POINT('',(0.0272488374038593,-0.0571174018123331,0.0316));
#7646=CARTESIAN_POINT('',(0.0272488374038593,-0.0571174018123331,0.0316));
#7647=CARTESIAN_POINT('',(0.0263601582080485,-0.0571174018123331,0.0316));
#7648=CARTESIAN_POINT('',(0.0263601582080485,-0.0571174018123331,0.0321));
#7649=CARTESIAN_POINT('',(0.0264622350780882,-0.0571977746302714,0.0316));
#7650=CARTESIAN_POINT('',(0.0264622350780882,-0.0571977746302714,0.0321));
#7651=CARTESIAN_POINT('',(0.0266109417475646,-0.0572379610392405,0.0316));
#7652=CARTESIAN_POINT('',(0.0266109417475646,-0.0572379610392405,0.0321));
#7653=CARTESIAN_POINT('',(0.0268062782164778,-0.0572379610392405,0.0316));
#7654=CARTESIAN_POINT('',(0.0268062782164778,-0.0572379610392405,0.0321));
#7655=CARTESIAN_POINT('',(0.0263601582080485,-0.0571174018123331,0.0321));
#7656=CARTESIAN_POINT('',(0.026513273513108,-0.0572379610392405,0.0321));
#7657=CARTESIAN_POINT('',(0.0268062782164778,-0.0572379610392405,0.0321));
#7658=CARTESIAN_POINT('',(0.0263601582080485,-0.0571174018123331,0.0321));
#7659=CARTESIAN_POINT('',(0.0263601582080485,-0.0571174018123331,0.0316));
#7660=CARTESIAN_POINT('',(0.0263601582080485,-0.0571174018123331,0.0316));
#7661=CARTESIAN_POINT('',(0.0263601582080485,-0.0571174018123331,0.0316));
#7662=CARTESIAN_POINT('',(0.026513273513108,-0.0572379610392405,0.0316));
#7663=CARTESIAN_POINT('',(0.0268062782164778,-0.0572379610392405,0.0316));
#7664=CARTESIAN_POINT('',(0.0261551566534339,-0.0567786151240618,0.0316));
#7665=CARTESIAN_POINT('',(0.0261551566534339,-0.0567786151240618,0.0321));
#7666=CARTESIAN_POINT('',(0.0261897474864706,-0.0569241000983045,0.0316));
#7667=CARTESIAN_POINT('',(0.0261897474864706,-0.0569241000983045,0.0321));
#7668=CARTESIAN_POINT('',(0.0262580813380088,-0.0570370289943949,0.0316));
#7669=CARTESIAN_POINT('',(0.0262580813380088,-0.0570370289943949,0.0321));
#7670=CARTESIAN_POINT('',(0.0263601582080485,-0.0571174018123331,0.0316));
#7671=CARTESIAN_POINT('',(0.0263601582080485,-0.0571174018123331,0.0321));
#7672=CARTESIAN_POINT('',(0.0261551566534339,-0.0567786151240618,0.0321));
#7673=CARTESIAN_POINT('',(0.0262070429029889,-0.0569968425854258,0.0321));
#7674=CARTESIAN_POINT('',(0.0263601582080485,-0.0571174018123331,0.0321));
#7675=CARTESIAN_POINT('',(0.0261551566534339,-0.0567786151240618,0.0321));
#7676=CARTESIAN_POINT('',(0.0261551566534339,-0.0567786151240618,0.0316));
#7677=CARTESIAN_POINT('',(0.0261551566534339,-0.0567786151240618,0.0316));
#7678=CARTESIAN_POINT('',(0.0261551566534339,-0.0567786151240618,0.0316));
#7679=CARTESIAN_POINT('',(0.0262070429029889,-0.0569968425854258,0.0316));
#7680=CARTESIAN_POINT('',(0.0263601582080485,-0.0571174018123331,0.0316));
#7681=CARTESIAN_POINT('',(0.0283491416580355,-0.0563035976647454,0.0316));
#7682=CARTESIAN_POINT('',(0.0283491416580355,-0.0563035976647454,0.0321));
#7683=CARTESIAN_POINT('',(0.0261035925085818,-0.0562673881532708,0.0321));
#7684=CARTESIAN_POINT('',(0.0261032704038788,-0.056267382959328,0.0316));
#7685=CARTESIAN_POINT('',(0.0261035925085818,-0.0562673881532708,0.03160000025));
#7686=CARTESIAN_POINT('',(0.0283491416580355,-0.0563035976647454,0.0316));
#7687=CARTESIAN_POINT('',(0.0261032704038788,-0.0551116421849249,0.0316));
#7688=CARTESIAN_POINT('',(0.0261032704038788,-0.0551116421849249,0.0321));
#7689=CARTESIAN_POINT('',(0.0261036294275985,-0.0539558949253699,0.0321));
#7690=CARTESIAN_POINT('',(0.0261032704038788,-0.0539559014105218,0.0316));
#7691=CARTESIAN_POINT('',(0.0261036294275985,-0.0539558949253699,0.0316));
#7692=CARTESIAN_POINT('',(0.0261032704038788,-0.0551116421849249,0.0316));
#7693=CARTESIAN_POINT('',(0.0282659791918349,-0.0539168357605972,0.0316));
#7694=CARTESIAN_POINT('',(0.0282659791918349,-0.0539168357605972,0.0321));
#7695=CARTESIAN_POINT('',(0.0261551566534339,-0.0534512821991627,0.0321));
#7696=CARTESIAN_POINT('',(0.0261551566534339,-0.0534512821991627,0.0316));
#7697=CARTESIAN_POINT('',(0.0261551566534339,-0.0534512821991627,0.0316));
#7698=CARTESIAN_POINT('',(0.0282659791918349,-0.0539168357605972,0.0316));
#7699=CARTESIAN_POINT('',(0.0263601582080485,-0.0531257214176407,0.0316));
#7700=CARTESIAN_POINT('',(0.0263601582080485,-0.0531257214176407,0.0321));
#7701=CARTESIAN_POINT('',(0.0262580813380088,-0.0532016855999958,0.0316));
#7702=CARTESIAN_POINT('',(0.0262580813380088,-0.0532016855999958,0.0321));
#7703=CARTESIAN_POINT('',(0.0261897474864706,-0.0533102058605032,0.0316));
#7704=CARTESIAN_POINT('',(0.0261897474864706,-0.0533102058605032,0.0321));
#7705=CARTESIAN_POINT('',(0.0261551566534339,-0.0534512821991627,0.0316));
#7706=CARTESIAN_POINT('',(0.0261551566534339,-0.0534512821991627,0.0321));
#7707=CARTESIAN_POINT('',(0.0263601582080485,-0.0531257214176407,0.0321));
#7708=CARTESIAN_POINT('',(0.0262070429029889,-0.0532396676911734,0.0321));
#7709=CARTESIAN_POINT('',(0.0261551566534339,-0.0534512821991627,0.0321));
#7710=CARTESIAN_POINT('',(0.0263601582080485,-0.0531257214176407,0.0321));
#7711=CARTESIAN_POINT('',(0.0263601582080485,-0.0531257214176407,0.0316));
#7712=CARTESIAN_POINT('',(0.0263601582080485,-0.0531257214176407,0.0316));
#7713=CARTESIAN_POINT('',(0.0263601582080485,-0.0531257214176407,0.0316));
#7714=CARTESIAN_POINT('',(0.0262070429029889,-0.0532396676911734,0.0316));
#7715=CARTESIAN_POINT('',(0.0261551566534339,-0.0534512821991627,0.0316));
#7716=CARTESIAN_POINT('',(0.0268062782164778,-0.053011775144108,0.0316));
#7717=CARTESIAN_POINT('',(0.0268062782164778,-0.053011775144108,0.0321));
#7718=CARTESIAN_POINT('',(0.0266109417475646,-0.053011775144108,0.0316));
#7719=CARTESIAN_POINT('',(0.0266109417475646,-0.053011775144108,0.0321));
#7720=CARTESIAN_POINT('',(0.0264622350780882,-0.0530497572352856,0.0316));
#7721=CARTESIAN_POINT('',(0.0264622350780882,-0.0530497572352856,0.0321));
#7722=CARTESIAN_POINT('',(0.0263601582080485,-0.0531257214176407,0.0316));
#7723=CARTESIAN_POINT('',(0.0263601582080485,-0.0531257214176407,0.0321));
#7724=CARTESIAN_POINT('',(0.0268062782164778,-0.053011775144108,0.0321));
#7725=CARTESIAN_POINT('',(0.026513273513108,-0.053011775144108,0.0321));
#7726=CARTESIAN_POINT('',(0.0263601582080485,-0.0531257214176407,0.0321));
#7727=CARTESIAN_POINT('',(0.0268062782164778,-0.053011775144108,0.0321));
#7728=CARTESIAN_POINT('',(0.0268062782164778,-0.053011775144108,0.0316));
#7729=CARTESIAN_POINT('',(0.0268062782164778,-0.053011775144108,0.0316));
#7730=CARTESIAN_POINT('',(0.0268062782164778,-0.053011775144108,0.0316));
#7731=CARTESIAN_POINT('',(0.026513273513108,-0.053011775144108,0.0316));
#7732=CARTESIAN_POINT('',(0.0263601582080485,-0.0531257214176407,0.0316));
#7733=CARTESIAN_POINT('',(0.0272488374038593,-0.0531257214176407,0.0316));
#7734=CARTESIAN_POINT('',(0.0272488374038593,-0.0531257214176407,0.0321));
#7735=CARTESIAN_POINT('',(0.0271491344145182,-0.0530497572352856,0.0316));
#7736=CARTESIAN_POINT('',(0.0271491344145182,-0.0530497572352856,0.0321));
#7737=CARTESIAN_POINT('',(0.027001614685391,-0.053011775144108,0.0316));
#7738=CARTESIAN_POINT('',(0.027001614685391,-0.053011775144108,0.0321));
#7739=CARTESIAN_POINT('',(0.0268062782164778,-0.053011775144108,0.0316));
#7740=CARTESIAN_POINT('',(0.0268062782164778,-0.053011775144108,0.0321));
#7741=CARTESIAN_POINT('',(0.0272488374038593,-0.0531257214176407,0.0321));
#7742=CARTESIAN_POINT('',(0.0270992829198477,-0.053011775144108,0.0321));
#7743=CARTESIAN_POINT('',(0.0268062782164778,-0.053011775144108,0.0321));
#7744=CARTESIAN_POINT('',(0.0272488374038593,-0.0531257214176407,0.0321));
#7745=CARTESIAN_POINT('',(0.0272488374038593,-0.0531257214176407,0.0316));
#7746=CARTESIAN_POINT('',(0.0272488374038593,-0.0531257214176407,0.0316));
#7747=CARTESIAN_POINT('',(0.0272488374038593,-0.0531257214176407,0.0316));
#7748=CARTESIAN_POINT('',(0.0270992829198477,-0.053011775144108,0.0316));
#7749=CARTESIAN_POINT('',(0.0268062782164778,-0.053011775144108,0.0316));
#7750=CARTESIAN_POINT('',(0.0274507868261472,-0.0534512821991627,0.0316));
#7751=CARTESIAN_POINT('',(0.0274507868261472,-0.0534512821991627,0.0321));
#7752=CARTESIAN_POINT('',(0.0274158568672964,-0.0533102058605032,0.0316));
#7753=CARTESIAN_POINT('',(0.0274158568672964,-0.0533102058605032,0.0321));
#7754=CARTESIAN_POINT('',(0.0273485403932004,-0.0532016855999958,0.0316));
#7755=CARTESIAN_POINT('',(0.0273485403932004,-0.0532016855999958,0.0321));
#7756=CARTESIAN_POINT('',(0.0272488374038593,-0.0531257214176407,0.0316));
#7757=CARTESIAN_POINT('',(0.0272488374038593,-0.0531257214176407,0.0321));
#7758=CARTESIAN_POINT('',(0.0274507868261472,-0.0534512821991627,0.0321));
#7759=CARTESIAN_POINT('',(0.027398391887871,-0.0532396676911734,0.0321));
#7760=CARTESIAN_POINT('',(0.0272488374038593,-0.0531257214176407,0.0321));
#7761=CARTESIAN_POINT('',(0.0274507868261472,-0.0534512821991627,0.0321));
#7762=CARTESIAN_POINT('',(0.0274507868261472,-0.0534512821991627,0.0316));
#7763=CARTESIAN_POINT('',(0.0274507868261472,-0.0534512821991627,0.0316));
#7764=CARTESIAN_POINT('',(0.0274507868261472,-0.0534512821991627,0.0316));
#7765=CARTESIAN_POINT('',(0.027398391887871,-0.0532396676911734,0.0316));
#7766=CARTESIAN_POINT('',(0.0272488374038593,-0.0531257214176407,0.0316));
#7767=CARTESIAN_POINT('',(0.0253606961595989,-0.0539168725555123,0.0316));
#7768=CARTESIAN_POINT('',(0.0253606961595989,-0.0539168725555123,0.0321));
#7769=CARTESIAN_POINT('',(0.0275028197279061,-0.0539558948154386,0.0321));
#7770=CARTESIAN_POINT('',(0.0275031817644234,-0.0539559014105218,0.0316));
#7771=CARTESIAN_POINT('',(0.0275028197279061,-0.0539558948154386,0.03160000025));
#7772=CARTESIAN_POINT('',(0.0253606961595989,-0.0539168725555123,0.0316));
#7773=CARTESIAN_POINT('',(0.0275031817644234,-0.0551116421849249,0.0316));
#7774=CARTESIAN_POINT('',(0.0275031817644234,-0.0551116421849249,0.0321));
#7775=CARTESIAN_POINT('',(0.0275028569868485,-0.0562673882404169,0.0321));
#7776=CARTESIAN_POINT('',(0.0275031817644234,-0.056267382959328,0.0316));
#7777=CARTESIAN_POINT('',(0.0275028569868485,-0.0562673882404169,0.0316));
#7778=CARTESIAN_POINT('',(0.0275031817644234,-0.0551116421849249,0.0316));
#7779=CARTESIAN_POINT('',(0.0252783319587939,-0.0563035604253678,0.0316));
#7780=CARTESIAN_POINT('',(0.0252783319587939,-0.0563035604253678,0.0321));
#7781=CARTESIAN_POINT('',(0.0274507868261472,-0.0567786151240618,0.0321));
#7782=CARTESIAN_POINT('',(0.0274507868261472,-0.0567786151240618,0.0316));
#7783=CARTESIAN_POINT('',(0.0274507868261472,-0.0567786151240618,0.0316));
#7784=CARTESIAN_POINT('',(0.0252783319587939,-0.0563035604253678,0.0316));
#7785=CARTESIAN_POINT('',(0.0268062782164778,-0.0578178661813266,0.0316));
#7786=CARTESIAN_POINT('',(0.0268062782164778,-0.0578178661813266,0.0321));
#7787=CARTESIAN_POINT('',(0.0264501961116882,-0.0578178661813266,0.0316));
#7788=CARTESIAN_POINT('',(0.0264501961116882,-0.0578178661813266,0.0321));
#7789=CARTESIAN_POINT('',(0.0261658391165775,-0.0577483453894391,0.0316));
#7790=CARTESIAN_POINT('',(0.0261658391165775,-0.0577483453894391,0.0321));
#7791=CARTESIAN_POINT('',(0.025953207231146,-0.057609303805664,0.0316));
#7792=CARTESIAN_POINT('',(0.025953207231146,-0.057609303805664,0.0321));
#7793=CARTESIAN_POINT('',(0.0268062782164778,-0.0578178661813266,0.0316));
#7794=CARTESIAN_POINT('',(0.0268062782164778,-0.0578178661813266,0.0316));
#7795=CARTESIAN_POINT('',(0.0268062782164778,-0.0578178661813266,0.0316));
#7796=CARTESIAN_POINT('',(0.0262721550592933,-0.0578178661813266,0.0316));
#7797=CARTESIAN_POINT('',(0.025953207231146,-0.057609303805664,0.0316));
#7798=CARTESIAN_POINT('',(0.025953207231146,-0.057609303805664,0.0316));
#7799=CARTESIAN_POINT('',(0.025953207231146,-0.057609303805664,0.0316));
#7800=CARTESIAN_POINT('',(0.0276527362484351,-0.0576062516733373,0.0316));
#7801=CARTESIAN_POINT('',(0.0276527362484351,-0.0576062516733373,0.0321));
#7802=CARTESIAN_POINT('',(0.0274445129985866,-0.0577473280119968,0.0316));
#7803=CARTESIAN_POINT('',(0.0274445129985866,-0.0577473280119968,0.0321));
#7804=CARTESIAN_POINT('',(0.0271623603212675,-0.0578178661813266,0.0316));
#7805=CARTESIAN_POINT('',(0.0271623603212675,-0.0578178661813266,0.0321));
#7806=CARTESIAN_POINT('',(0.0268062782164778,-0.0578178661813266,0.0316));
#7807=CARTESIAN_POINT('',(0.0268062782164778,-0.0578178661813266,0.0321));
#7808=CARTESIAN_POINT('',(0.0276527362484351,-0.0576062516733373,0.0316));
#7809=CARTESIAN_POINT('',(0.0276527362484351,-0.0576062516733373,0.0316));
#7810=CARTESIAN_POINT('',(0.0276527362484351,-0.0576062516733373,0.0316));
#7811=CARTESIAN_POINT('',(0.0273404013736624,-0.0578178661813266,0.0316));
#7812=CARTESIAN_POINT('',(0.0268062782164778,-0.0578178661813266,0.0316));
#7813=CARTESIAN_POINT('',(0.028104960521518,-0.0570100684921751,0.0316));
#7814=CARTESIAN_POINT('',(0.028104960521518,-0.0570100684921751,0.0321));
#7815=CARTESIAN_POINT('',(0.0280117009226445,-0.0572664476076237,0.0316));
#7816=CARTESIAN_POINT('',(0.0280117009226445,-0.0572664476076237,0.0321));
#7817=CARTESIAN_POINT('',(0.0278609594982835,-0.0574651753346778,0.0316));
#7818=CARTESIAN_POINT('',(0.0278609594982835,-0.0574651753346778,0.0321));
#7819=CARTESIAN_POINT('',(0.0276527362484351,-0.0576062516733373,0.0316));
#7820=CARTESIAN_POINT('',(0.0276527362484351,-0.0576062516733373,0.0321));
#7821=CARTESIAN_POINT('',(0.028104960521518,-0.0570100684921751,0.0316));
#7822=CARTESIAN_POINT('',(0.028104960521518,-0.0570100684921751,0.0316));
#7823=CARTESIAN_POINT('',(0.028104960521518,-0.0570100684921751,0.0316));
#7824=CARTESIAN_POINT('',(0.0279650711232078,-0.057394637165348,0.0316));
#7825=CARTESIAN_POINT('',(0.0276527362484351,-0.0576062516733373,0.0316));
#7826=CARTESIAN_POINT('',(0.0282448499198282,-0.0561117242106628,0.0316));
#7827=CARTESIAN_POINT('',(0.0282448499198282,-0.0561117242106628,0.0321));
#7828=CARTESIAN_POINT('',(0.0282448499198282,-0.0564542412828891,0.0316));
#7829=CARTESIAN_POINT('',(0.0282448499198282,-0.0564542412828891,0.0321));
#7830=CARTESIAN_POINT('',(0.0281982201203915,-0.0567536893767265,0.0316));
#7831=CARTESIAN_POINT('',(0.0281982201203915,-0.0567536893767265,0.0321));
#7832=CARTESIAN_POINT('',(0.028104960521518,-0.0570100684921751,0.0316));
#7833=CARTESIAN_POINT('',(0.028104960521518,-0.0570100684921751,0.0321));
#7834=CARTESIAN_POINT('',(0.0282448499198282,-0.0561117242106628,0.0316));
#7835=CARTESIAN_POINT('',(0.0282448499198282,-0.0561117242106628,0.0316));
#7836=CARTESIAN_POINT('',(0.0282448499198282,-0.0561117242106628,0.0316));
#7837=CARTESIAN_POINT('',(0.0282448499198282,-0.0566254998190022,0.0316));
#7838=CARTESIAN_POINT('',(0.028104960521518,-0.0570100684921751,0.0316));
#7839=CARTESIAN_POINT('',(0.0282448499198282,-0.0551090987413193,0.0316));
#7840=CARTESIAN_POINT('',(0.0282448499198282,-0.0541064732719757,0.0316));
#7841=CARTESIAN_POINT('',(0.0282448499198282,-0.0541064732719757,0.0316));
#7842=CARTESIAN_POINT('',(0.0282448499198282,-0.0551090987413193,0.0316));
#7843=CARTESIAN_POINT('',(0.028104960521518,-0.053214233255117,0.0316));
#7844=CARTESIAN_POINT('',(0.028104960521518,-0.053214233255117,0.0321));
#7845=CARTESIAN_POINT('',(0.0281982201203915,-0.0534617950993993,0.0316));
#7846=CARTESIAN_POINT('',(0.0281982201203915,-0.0534617950993993,0.0321));
#7847=CARTESIAN_POINT('',(0.0282448499198282,-0.0537592084383522,0.0316));
#7848=CARTESIAN_POINT('',(0.0282448499198282,-0.0537592084383522,0.0321));
#7849=CARTESIAN_POINT('',(0.0282448499198282,-0.0541064732719757,0.0316));
#7850=CARTESIAN_POINT('',(0.0282448499198282,-0.0541064732719757,0.0321));
#7851=CARTESIAN_POINT('',(0.028104960521518,-0.053214233255117,0.0316));
#7852=CARTESIAN_POINT('',(0.028104960521518,-0.053214233255117,0.0316));
#7853=CARTESIAN_POINT('',(0.028104960521518,-0.053214233255117,0.0316));
#7854=CARTESIAN_POINT('',(0.0282448499198282,-0.0535855760215405,0.0316));
#7855=CARTESIAN_POINT('',(0.0282448499198282,-0.0541064732719757,0.0316));
#7856=CARTESIAN_POINT('',(0.0270312452378251,-0.0535933639957632,0.0316));
#7857=CARTESIAN_POINT('',(0.0276527362484351,-0.0526409410664056,0.0316));
#7858=CARTESIAN_POINT('',(0.0276527362484351,-0.0526409410664056,0.0316));
#7859=CARTESIAN_POINT('',(0.0270312452378251,-0.0535933639957632,0.0316));
#7860=CARTESIAN_POINT('',(0.0268062782164778,-0.0524389916441177,0.0316));
#7861=CARTESIAN_POINT('',(0.0268062782164778,-0.0524389916441177,0.0321));
#7862=CARTESIAN_POINT('',(0.0271623603212675,-0.0524389916441177,0.0316));
#7863=CARTESIAN_POINT('',(0.0271623603212675,-0.0524389916441177,0.0321));
#7864=CARTESIAN_POINT('',(0.0274445129985866,-0.0525063081182137,0.0316));
#7865=CARTESIAN_POINT('',(0.0274445129985866,-0.0525063081182137,0.0321));
#7866=CARTESIAN_POINT('',(0.0276527362484351,-0.0526409410664056,0.0316));
#7867=CARTESIAN_POINT('',(0.0276527362484351,-0.0526409410664056,0.0321));
#7868=CARTESIAN_POINT('',(0.0268062782164778,-0.0524389916441177,0.0316));
#7869=CARTESIAN_POINT('',(0.0268062782164778,-0.0524389916441177,0.0316));
#7870=CARTESIAN_POINT('',(0.0268062782164778,-0.0524389916441177,0.0316));
#7871=CARTESIAN_POINT('',(0.0273404013736624,-0.0524389916441177,0.0316));
#7872=CARTESIAN_POINT('',(0.0276527362484351,-0.0526409410664056,0.0316));
#7873=CARTESIAN_POINT('',(0.0259562593634728,-0.0526378889340788,0.0316));
#7874=CARTESIAN_POINT('',(0.0259562593634728,-0.0526378889340788,0.0321));
#7875=CARTESIAN_POINT('',(0.0261668564940198,-0.0525052907407714,0.0316));
#7876=CARTESIAN_POINT('',(0.0261668564940198,-0.0525052907407714,0.0321));
#7877=CARTESIAN_POINT('',(0.0264501961116882,-0.0524389916441177,0.0316));
#7878=CARTESIAN_POINT('',(0.0264501961116882,-0.0524389916441177,0.0321));
#7879=CARTESIAN_POINT('',(0.0268062782164778,-0.0524389916441177,0.0316));
#7880=CARTESIAN_POINT('',(0.0268062782164778,-0.0524389916441177,0.0321));
#7881=CARTESIAN_POINT('',(0.0259562593634728,-0.0526378889340788,0.0316));
#7882=CARTESIAN_POINT('',(0.0259562593634728,-0.0526378889340788,0.0316));
#7883=CARTESIAN_POINT('',(0.0259562593634728,-0.0526378889340788,0.0316));
#7884=CARTESIAN_POINT('',(0.0262721550592933,-0.0524389916441177,0.0316));
#7885=CARTESIAN_POINT('',(0.0268062782164778,-0.0524389916441177,0.0316));
#7886=CARTESIAN_POINT('',(0.025500474269342,-0.0532111811227902,0.0316));
#7887=CARTESIAN_POINT('',(0.025500474269342,-0.0532111811227902,0.0321));
#7888=CARTESIAN_POINT('',(0.0255937338682154,-0.0529615845236233,0.0316));
#7889=CARTESIAN_POINT('',(0.0255937338682154,-0.0529615845236233,0.0321));
#7890=CARTESIAN_POINT('',(0.0257456622329257,-0.0527704871273862,0.0316));
#7891=CARTESIAN_POINT('',(0.0257456622329257,-0.0527704871273862,0.0321));
#7892=CARTESIAN_POINT('',(0.0259562593634728,-0.0526378889340788,0.0316));
#7893=CARTESIAN_POINT('',(0.0259562593634728,-0.0526378889340788,0.0321));
#7894=CARTESIAN_POINT('',(0.025500474269342,-0.0532111811227902,0.0316));
#7895=CARTESIAN_POINT('',(0.025500474269342,-0.0532111811227902,0.0316));
#7896=CARTESIAN_POINT('',(0.025500474269342,-0.0532111811227902,0.0316));
#7897=CARTESIAN_POINT('',(0.0256403636676522,-0.0528367862240399,0.0316));
#7898=CARTESIAN_POINT('',(0.0259562593634728,-0.0526378889340788,0.0316));
#7899=CARTESIAN_POINT('',(0.0253605848710317,-0.0541064732719757,0.0316));
#7900=CARTESIAN_POINT('',(0.0253605848710317,-0.0541064732719757,0.0321));
#7901=CARTESIAN_POINT('',(0.0253605848710317,-0.0537592084383522,0.0316));
#7902=CARTESIAN_POINT('',(0.0253605848710317,-0.0537592084383522,0.0321));
#7903=CARTESIAN_POINT('',(0.0254072146704685,-0.0534607777219571,0.0316));
#7904=CARTESIAN_POINT('',(0.0254072146704685,-0.0534607777219571,0.0321));
#7905=CARTESIAN_POINT('',(0.025500474269342,-0.0532111811227902,0.0316));
#7906=CARTESIAN_POINT('',(0.025500474269342,-0.0532111811227902,0.0321));
#7907=CARTESIAN_POINT('',(0.0253605848710317,-0.0541064732719757,0.0316));
#7908=CARTESIAN_POINT('',(0.0253605848710317,-0.0541064732719757,0.0316));
#7909=CARTESIAN_POINT('',(0.0253605848710317,-0.0541064732719757,0.0316));
#7910=CARTESIAN_POINT('',(0.0253605848710317,-0.0535855760215405,0.0316));
#7911=CARTESIAN_POINT('',(0.025500474269342,-0.0532111811227902,0.0316));
#7912=CARTESIAN_POINT('',(0.0253605848710317,-0.0551055379202714,0.0316));
#7913=CARTESIAN_POINT('',(0.0253605848710317,-0.056104602568567,0.0316));
#7914=CARTESIAN_POINT('',(0.0253605848710317,-0.056104602568567,0.0316));
#7915=CARTESIAN_POINT('',(0.0253605848710317,-0.0551055379202714,0.0316));
#7916=CARTESIAN_POINT('',(0.0254974221370152,-0.0570131206245019,0.0316));
#7917=CARTESIAN_POINT('',(0.0254974221370152,-0.0570131206245019,0.0321));
#7918=CARTESIAN_POINT('',(0.0254061972930262,-0.0567547067541688,0.0316));
#7919=CARTESIAN_POINT('',(0.0254061972930262,-0.0567547067541688,0.0321));
#7920=CARTESIAN_POINT('',(0.0253605848710317,-0.0564518674021905,0.0316));
#7921=CARTESIAN_POINT('',(0.0253605848710317,-0.0564518674021905,0.0321));
#7922=CARTESIAN_POINT('',(0.0253605848710317,-0.056104602568567,0.0316));
#7923=CARTESIAN_POINT('',(0.0253605848710317,-0.056104602568567,0.0321));
#7924=CARTESIAN_POINT('',(0.0254974221370152,-0.0570131206245019,0.0316));
#7925=CARTESIAN_POINT('',(0.0254974221370152,-0.0570131206245019,0.0316));
#7926=CARTESIAN_POINT('',(0.0254974221370152,-0.0570131206245019,0.0316));
#7927=CARTESIAN_POINT('',(0.0253605848710317,-0.0566254998190022,0.0316));
#7928=CARTESIAN_POINT('',(0.0253605848710317,-0.056104602568567,0.0316));
#7929=CARTESIAN_POINT('',(0.025953207231146,-0.057609303805664,0.0316));
#7930=CARTESIAN_POINT('',(0.025953207231146,-0.057609303805664,0.0321));
#7931=CARTESIAN_POINT('',(0.0257405753457144,-0.057470262221889,0.0316));
#7932=CARTESIAN_POINT('',(0.0257405753457144,-0.057470262221889,0.0321));
#7933=CARTESIAN_POINT('',(0.0255886469810041,-0.057271534494835,0.0316));
#7934=CARTESIAN_POINT('',(0.0255886469810041,-0.057271534494835,0.0321));
#7935=CARTESIAN_POINT('',(0.0254974221370152,-0.0570131206245019,0.0316));
#7936=CARTESIAN_POINT('',(0.0254974221370152,-0.0570131206245019,0.0321));
#7937=CARTESIAN_POINT('',(0.025953207231146,-0.057609303805664,0.0316));
#7938=CARTESIAN_POINT('',(0.0256342594029987,-0.0574007414300015,0.0316));
#7939=CARTESIAN_POINT('',(0.0254974221370152,-0.0570131206245019,0.0316));
#7940=CARTESIAN_POINT('',(0.0272488374038593,-0.0571174018123331,0.0316));
#7941=CARTESIAN_POINT('',(0.0272488374038593,-0.0571174018123331,0.0321));
#7942=CARTESIAN_POINT('',(0.0273485403932004,-0.0570370289943949,0.0316));
#7943=CARTESIAN_POINT('',(0.0273485403932004,-0.0570370289943949,0.0321));
#7944=CARTESIAN_POINT('',(0.0274158568672964,-0.0569241000983045,0.0316));
#7945=CARTESIAN_POINT('',(0.0274158568672964,-0.0569241000983045,0.0321));
#7946=CARTESIAN_POINT('',(0.0274507868261472,-0.0567786151240618,0.0316));
#7947=CARTESIAN_POINT('',(0.0274507868261472,-0.0567786151240618,0.0321));
#7948=CARTESIAN_POINT('',(0.0272488374038593,-0.0571174018123331,0.0321));
#7949=CARTESIAN_POINT('',(0.027398391887871,-0.0569968425854258,0.0321));
#7950=CARTESIAN_POINT('',(0.0274507868261472,-0.0567786151240618,0.0321));
#7951=CARTESIAN_POINT('',(0.0272488374038593,-0.0571174018123331,0.0316));
#7952=CARTESIAN_POINT('',(0.027398391887871,-0.0569968425854258,0.0316));
#7953=CARTESIAN_POINT('',(0.0274507868261472,-0.0567786151240618,0.0316));
#7954=CARTESIAN_POINT('',(0.0454749186411265,1.38777878078145E-17,0.0316));
#7955=CARTESIAN_POINT('',(0.0235440574478831,-0.0551218159593475,0.0316));
#7956=CARTESIAN_POINT('',(0.0228344366819094,-0.0577588582896757,0.0316));
#7957=CARTESIAN_POINT('',(0.0228344366819094,-0.0577588582896757,0.0316));
#7958=CARTESIAN_POINT('',(0.0235440574478831,-0.0551218159593475,0.0316));
#7959=CARTESIAN_POINT('',(0.0242536782138569,-0.0524847736290192,0.0316));
#7960=CARTESIAN_POINT('',(0.0242536782138569,-0.0524847736290192,0.0316));
#7961=CARTESIAN_POINT('',(0.0231335456499327,-0.0577588582896757,0.0316));
#7962=CARTESIAN_POINT('',(0.023432654617956,-0.0577588582896757,0.0316));
#7963=CARTESIAN_POINT('',(0.023432654617956,-0.0577588582896757,0.0316));
#7964=CARTESIAN_POINT('',(0.0231335456499327,-0.0577588582896757,0.0316));
#7965=CARTESIAN_POINT('',(0.0241458362049777,-0.0551218159593475,0.0316));
#7966=CARTESIAN_POINT('',(0.0248590177919993,-0.0524847736290192,0.0316));
#7967=CARTESIAN_POINT('',(0.0248590177919993,-0.0524847736290192,0.0316));
#7968=CARTESIAN_POINT('',(0.0241458362049777,-0.0551218159593475,0.0316));
#7969=CARTESIAN_POINT('',(0.0245563480029281,-0.0524847736290192,0.0316));
#7970=CARTESIAN_POINT('',(0.0245563480029281,-0.0524847736290192,0.0316));
#7971=CARTESIAN_POINT('',(0.0454749186411265,1.38777878078145E-17,0.0316));
#7972=CARTESIAN_POINT('',(0.0289682052812724,-0.0551218159593475,0.0316));
#7973=CARTESIAN_POINT('',(0.0289682052812724,-0.0577588582896757,0.0316));
#7974=CARTESIAN_POINT('',(0.0289682052812724,-0.0577588582896757,0.0316));
#7975=CARTESIAN_POINT('',(0.0289682052812724,-0.0551218159593475,0.0316));
#7976=CARTESIAN_POINT('',(0.0289682052812724,-0.0524847736290192,0.0316));
#7977=CARTESIAN_POINT('',(0.0289682052812724,-0.0524847736290192,0.0316));
#7978=CARTESIAN_POINT('',(0.029335987226648,-0.0577588582896757,0.0316));
#7979=CARTESIAN_POINT('',(0.0297037691720237,-0.0577588582896757,0.0316));
#7980=CARTESIAN_POINT('',(0.0297037691720237,-0.0577588582896757,0.0316));
#7981=CARTESIAN_POINT('',(0.029335987226648,-0.0577588582896757,0.0316));
#7982=CARTESIAN_POINT('',(0.0297037691720237,-0.0565247794522188,0.0316));
#7983=CARTESIAN_POINT('',(0.0297037691720237,-0.055290700614762,0.0316));
#7984=CARTESIAN_POINT('',(0.0297037691720237,-0.055290700614762,0.0316));
#7985=CARTESIAN_POINT('',(0.0297037691720237,-0.0565247794522188,0.0316));
#7986=CARTESIAN_POINT('',(0.0302083883833828,-0.055290700614762,0.0316));
#7987=CARTESIAN_POINT('',(0.0307130075947419,-0.055290700614762,0.0316));
#7988=CARTESIAN_POINT('',(0.0307130075947419,-0.055290700614762,0.0316));
#7989=CARTESIAN_POINT('',(0.0302083883833828,-0.055290700614762,0.0316));
#7990=CARTESIAN_POINT('',(0.0307130075947419,-0.0550302519895444,0.0316));
#7991=CARTESIAN_POINT('',(0.0307130075947419,-0.0547698033643268,0.0316));
#7992=CARTESIAN_POINT('',(0.0307130075947419,-0.0547698033643268,0.0316));
#7993=CARTESIAN_POINT('',(0.0307130075947419,-0.0550302519895444,0.0316));
#7994=CARTESIAN_POINT('',(0.0302083883833828,-0.0547698033643268,0.0316));
#7995=CARTESIAN_POINT('',(0.0297037691720237,-0.0547698033643268,0.0316));
#7996=CARTESIAN_POINT('',(0.0297037691720237,-0.0547698033643268,0.0316));
#7997=CARTESIAN_POINT('',(0.0302083883833828,-0.0547698033643268,0.0316));
#7998=CARTESIAN_POINT('',(0.0297037691720237,-0.0538907892542174,0.0316));
#7999=CARTESIAN_POINT('',(0.0297037691720237,-0.053011775144108,0.0316));
#8000=CARTESIAN_POINT('',(0.0297037691720237,-0.053011775144108,0.0316));
#8001=CARTESIAN_POINT('',(0.0297037691720237,-0.0538907892542174,0.0316));
#8002=CARTESIAN_POINT('',(0.0303548907350677,-0.053011775144108,0.0316));
#8003=CARTESIAN_POINT('',(0.0310060122981117,-0.053011775144108,0.0316));
#8004=CARTESIAN_POINT('',(0.0310060122981117,-0.053011775144108,0.0316));
#8005=CARTESIAN_POINT('',(0.0303548907350677,-0.053011775144108,0.0316));
#8006=CARTESIAN_POINT('',(0.0310060122981117,-0.0527482743865636,0.0316));
#8007=CARTESIAN_POINT('',(0.0310060122981117,-0.0524847736290192,0.0316));
#8008=CARTESIAN_POINT('',(0.0310060122981117,-0.0524847736290192,0.0316));
#8009=CARTESIAN_POINT('',(0.0310060122981117,-0.0527482743865636,0.0316));
#8010=CARTESIAN_POINT('',(0.029987108789692,-0.0524847736290192,0.0316));
#8011=CARTESIAN_POINT('',(0.029987108789692,-0.0524847736290192,0.0316));
#8012=CARTESIAN_POINT('',(0.0454749186411265,1.38777878078145E-17,0.0316));
#8013=CARTESIAN_POINT('',(0.0315136836417976,-0.0551218159593475,0.0316));
#8014=CARTESIAN_POINT('',(0.0315136836417976,-0.0577588582896757,0.0316));
#8015=CARTESIAN_POINT('',(0.0315136836417976,-0.0577588582896757,0.0316));
#8016=CARTESIAN_POINT('',(0.0315136836417976,-0.0551218159593475,0.0316));
#8017=CARTESIAN_POINT('',(0.0315136836417976,-0.0524847736290192,0.0316));
#8018=CARTESIAN_POINT('',(0.0315136836417976,-0.0524847736290192,0.0316));
#8019=CARTESIAN_POINT('',(0.0318814655871732,-0.0577588582896757,0.0316));
#8020=CARTESIAN_POINT('',(0.0322492475325489,-0.0577588582896757,0.0316));
#8021=CARTESIAN_POINT('',(0.0322492475325489,-0.0577588582896757,0.0316));
#8022=CARTESIAN_POINT('',(0.0318814655871732,-0.0577588582896757,0.0316));
#8023=CARTESIAN_POINT('',(0.0322492475325489,-0.0565247794522188,0.0316));
#8024=CARTESIAN_POINT('',(0.0322492475325489,-0.055290700614762,0.0316));
#8025=CARTESIAN_POINT('',(0.0322492475325489,-0.055290700614762,0.0316));
#8026=CARTESIAN_POINT('',(0.0322492475325489,-0.0565247794522188,0.0316));
#8027=CARTESIAN_POINT('',(0.032753866743908,-0.055290700614762,0.0316));
#8028=CARTESIAN_POINT('',(0.0332584859552671,-0.055290700614762,0.0316));
#8029=CARTESIAN_POINT('',(0.0332584859552671,-0.055290700614762,0.0316));
#8030=CARTESIAN_POINT('',(0.032753866743908,-0.055290700614762,0.0316));
#8031=CARTESIAN_POINT('',(0.0332584859552671,-0.0550302519895444,0.0316));
#8032=CARTESIAN_POINT('',(0.0332584859552671,-0.0547698033643268,0.0316));
#8033=CARTESIAN_POINT('',(0.0332584859552671,-0.0547698033643268,0.0316));
#8034=CARTESIAN_POINT('',(0.0332584859552671,-0.0550302519895444,0.0316));
#8035=CARTESIAN_POINT('',(0.032753866743908,-0.0547698033643268,0.0316));
#8036=CARTESIAN_POINT('',(0.0322492475325489,-0.0547698033643268,0.0316));
#8037=CARTESIAN_POINT('',(0.0322492475325489,-0.0547698033643268,0.0316));
#8038=CARTESIAN_POINT('',(0.032753866743908,-0.0547698033643268,0.0316));
#8039=CARTESIAN_POINT('',(0.0322492475325489,-0.0538907892542174,0.0316));
#8040=CARTESIAN_POINT('',(0.0322492475325489,-0.053011775144108,0.0316));
#8041=CARTESIAN_POINT('',(0.0322492475325489,-0.053011775144108,0.0316));
#8042=CARTESIAN_POINT('',(0.0322492475325489,-0.0538907892542174,0.0316));
#8043=CARTESIAN_POINT('',(0.0329003690955929,-0.053011775144108,0.0316));
#8044=CARTESIAN_POINT('',(0.0335514906586369,-0.053011775144108,0.0316));
#8045=CARTESIAN_POINT('',(0.0335514906586369,-0.053011775144108,0.0316));
#8046=CARTESIAN_POINT('',(0.0329003690955929,-0.053011775144108,0.0316));
#8047=CARTESIAN_POINT('',(0.0335514906586369,-0.0527482743865636,0.0316));
#8048=CARTESIAN_POINT('',(0.0335514906586369,-0.0524847736290192,0.0316));
#8049=CARTESIAN_POINT('',(0.0335514906586369,-0.0524847736290192,0.0316));
#8050=CARTESIAN_POINT('',(0.0335514906586369,-0.0527482743865636,0.0316));
#8051=CARTESIAN_POINT('',(0.0325325871502173,-0.0524847736290192,0.0316));
#8052=CARTESIAN_POINT('',(0.0325325871502173,-0.0524847736290192,0.0316));
#8053=CARTESIAN_POINT('',(0.0454749186411265,1.38777878078145E-17,0.0316));
#8054=CARTESIAN_POINT('',(0.0174555621447005,-0.0572379610392405,0.0316));
#8055=CARTESIAN_POINT('',(0.0174555621447005,-0.0572379610392405,0.0321));
#8056=CARTESIAN_POINT('',(0.0176508986136137,-0.0572379610392405,0.0316));
#8057=CARTESIAN_POINT('',(0.0176508986136137,-0.0572379610392405,0.0321));
#8058=CARTESIAN_POINT('',(0.0177984183427409,-0.0571977746302714,0.0316));
#8059=CARTESIAN_POINT('',(0.0177984183427409,-0.0571977746302714,0.0321));
#8060=CARTESIAN_POINT('',(0.017898121332082,-0.0571174018123331,0.0316));
#8061=CARTESIAN_POINT('',(0.017898121332082,-0.0571174018123331,0.0321));
#8062=CARTESIAN_POINT('',(0.0174555621447005,-0.0572379610392405,0.0321));
#8063=CARTESIAN_POINT('',(0.0177485668480703,-0.0572379610392405,0.0321));
#8064=CARTESIAN_POINT('',(0.017898121332082,-0.0571174018123331,0.0321));
#8065=CARTESIAN_POINT('',(0.0174555621447005,-0.0572379610392405,0.0321));
#8066=CARTESIAN_POINT('',(0.017898121332082,-0.0571174018123331,0.0321));
#8067=CARTESIAN_POINT('',(0.0174555621447005,-0.0572379610392405,0.0316));
#8068=CARTESIAN_POINT('',(0.0174555621447005,-0.0572379610392405,0.0316));
#8069=CARTESIAN_POINT('',(0.0174555621447005,-0.0572379610392405,0.0316));
#8070=CARTESIAN_POINT('',(0.0177485668480703,-0.0572379610392405,0.0316));
#8071=CARTESIAN_POINT('',(0.017898121332082,-0.0571174018123331,0.0316));
#8072=CARTESIAN_POINT('',(0.017898121332082,-0.0571174018123331,0.0316));
#8073=CARTESIAN_POINT('',(0.017898121332082,-0.0571174018123331,0.0316));
#8074=CARTESIAN_POINT('',(0.0170094421362712,-0.0571174018123331,0.0316));
#8075=CARTESIAN_POINT('',(0.0170094421362712,-0.0571174018123331,0.0321));
#8076=CARTESIAN_POINT('',(0.0171115190063108,-0.0571977746302714,0.0316));
#8077=CARTESIAN_POINT('',(0.0171115190063108,-0.0571977746302714,0.0321));
#8078=CARTESIAN_POINT('',(0.0172602256757873,-0.0572379610392405,0.0316));
#8079=CARTESIAN_POINT('',(0.0172602256757873,-0.0572379610392405,0.0321));
#8080=CARTESIAN_POINT('',(0.0174555621447005,-0.0572379610392405,0.0316));
#8081=CARTESIAN_POINT('',(0.0174555621447005,-0.0572379610392405,0.0321));
#8082=CARTESIAN_POINT('',(0.0170094421362712,-0.0571174018123331,0.0321));
#8083=CARTESIAN_POINT('',(0.0171625574413307,-0.0572379610392405,0.0321));
#8084=CARTESIAN_POINT('',(0.0174555621447005,-0.0572379610392405,0.0321));
#8085=CARTESIAN_POINT('',(0.0170094421362712,-0.0571174018123331,0.0321));
#8086=CARTESIAN_POINT('',(0.0170094421362712,-0.0571174018123331,0.0316));
#8087=CARTESIAN_POINT('',(0.0170094421362712,-0.0571174018123331,0.0316));
#8088=CARTESIAN_POINT('',(0.0170094421362712,-0.0571174018123331,0.0316));
#8089=CARTESIAN_POINT('',(0.0171625574413307,-0.0572379610392405,0.0316));
#8090=CARTESIAN_POINT('',(0.0174555621447005,-0.0572379610392405,0.0316));
#8091=CARTESIAN_POINT('',(0.0168044405816565,-0.0567786151240618,0.0316));
#8092=CARTESIAN_POINT('',(0.0168044405816565,-0.0567786151240618,0.0321));
#8093=CARTESIAN_POINT('',(0.0168390314146932,-0.0569241000983045,0.0316));
#8094=CARTESIAN_POINT('',(0.0168390314146932,-0.0569241000983045,0.0321));
#8095=CARTESIAN_POINT('',(0.0169073652662314,-0.0570370289943949,0.0316));
#8096=CARTESIAN_POINT('',(0.0169073652662314,-0.0570370289943949,0.0321));
#8097=CARTESIAN_POINT('',(0.0170094421362712,-0.0571174018123331,0.0316));
#8098=CARTESIAN_POINT('',(0.0170094421362712,-0.0571174018123331,0.0321));
#8099=CARTESIAN_POINT('',(0.0168044405816565,-0.0567786151240618,0.0321));
#8100=CARTESIAN_POINT('',(0.0168563268312116,-0.0569968425854258,0.0321));
#8101=CARTESIAN_POINT('',(0.0170094421362712,-0.0571174018123331,0.0321));
#8102=CARTESIAN_POINT('',(0.0168044405816565,-0.0567786151240618,0.0321));
#8103=CARTESIAN_POINT('',(0.0168044405816565,-0.0567786151240618,0.0316));
#8104=CARTESIAN_POINT('',(0.0168044405816565,-0.0567786151240618,0.0316));
#8105=CARTESIAN_POINT('',(0.0168044405816565,-0.0567786151240618,0.0316));
#8106=CARTESIAN_POINT('',(0.0168563268312116,-0.0569968425854258,0.0316));
#8107=CARTESIAN_POINT('',(0.0170094421362712,-0.0571174018123331,0.0316));
#8108=CARTESIAN_POINT('',(0.0189984255862601,-0.0563035976647454,0.0316));
#8109=CARTESIAN_POINT('',(0.0189984255862601,-0.0563035976647454,0.0321));
#8110=CARTESIAN_POINT('',(0.0167528764368045,-0.0562673881532708,0.0321));
#8111=CARTESIAN_POINT('',(0.0167525543321014,-0.056267382959328,0.0316));
#8112=CARTESIAN_POINT('',(0.0167528764368045,-0.0562673881532708,0.03160000025));
#8113=CARTESIAN_POINT('',(0.0189984255862601,-0.0563035976647454,0.0316));
#8114=CARTESIAN_POINT('',(0.0167525543321014,-0.0551116421849249,0.0316));
#8115=CARTESIAN_POINT('',(0.0167525543321014,-0.0551116421849249,0.0321));
#8116=CARTESIAN_POINT('',(0.0167529133558212,-0.0539558949253699,0.0321));
#8117=CARTESIAN_POINT('',(0.0167525543321014,-0.0539559014105218,0.0316));
#8118=CARTESIAN_POINT('',(0.0167529133558212,-0.0539558949253699,0.0316));
#8119=CARTESIAN_POINT('',(0.0167525543321014,-0.0551116421849249,0.0316));
#8120=CARTESIAN_POINT('',(0.0189152631200596,-0.0539168357605972,0.0316));
#8121=CARTESIAN_POINT('',(0.0189152631200596,-0.0539168357605972,0.0321));
#8122=CARTESIAN_POINT('',(0.0168044405816565,-0.0534512821991627,0.0321));
#8123=CARTESIAN_POINT('',(0.0168044405816565,-0.0534512821991627,0.0316));
#8124=CARTESIAN_POINT('',(0.0168044405816565,-0.0534512821991627,0.0316));
#8125=CARTESIAN_POINT('',(0.0189152631200596,-0.0539168357605972,0.0316));
#8126=CARTESIAN_POINT('',(0.0170094421362712,-0.0531257214176407,0.0316));
#8127=CARTESIAN_POINT('',(0.0170094421362712,-0.0531257214176407,0.0321));
#8128=CARTESIAN_POINT('',(0.0169073652662314,-0.0532016855999958,0.0316));
#8129=CARTESIAN_POINT('',(0.0169073652662314,-0.0532016855999958,0.0321));
#8130=CARTESIAN_POINT('',(0.0168390314146932,-0.0533102058605032,0.0316));
#8131=CARTESIAN_POINT('',(0.0168390314146932,-0.0533102058605032,0.0321));
#8132=CARTESIAN_POINT('',(0.0168044405816565,-0.0534512821991627,0.0316));
#8133=CARTESIAN_POINT('',(0.0168044405816565,-0.0534512821991627,0.0321));
#8134=CARTESIAN_POINT('',(0.0170094421362712,-0.0531257214176407,0.0321));
#8135=CARTESIAN_POINT('',(0.0168563268312116,-0.0532396676911734,0.0321));
#8136=CARTESIAN_POINT('',(0.0168044405816565,-0.0534512821991627,0.0321));
#8137=CARTESIAN_POINT('',(0.0170094421362712,-0.0531257214176407,0.0321));
#8138=CARTESIAN_POINT('',(0.0170094421362712,-0.0531257214176407,0.0316));
#8139=CARTESIAN_POINT('',(0.0170094421362712,-0.0531257214176407,0.0316));
#8140=CARTESIAN_POINT('',(0.0170094421362712,-0.0531257214176407,0.0316));
#8141=CARTESIAN_POINT('',(0.0168563268312116,-0.0532396676911734,0.0316));
#8142=CARTESIAN_POINT('',(0.0168044405816565,-0.0534512821991627,0.0316));
#8143=CARTESIAN_POINT('',(0.0174555621447005,-0.053011775144108,0.0316));
#8144=CARTESIAN_POINT('',(0.0174555621447005,-0.053011775144108,0.0321));
#8145=CARTESIAN_POINT('',(0.0172602256757873,-0.053011775144108,0.0316));
#8146=CARTESIAN_POINT('',(0.0172602256757873,-0.053011775144108,0.0321));
#8147=CARTESIAN_POINT('',(0.0171115190063108,-0.0530497572352856,0.0316));
#8148=CARTESIAN_POINT('',(0.0171115190063108,-0.0530497572352856,0.0321));
#8149=CARTESIAN_POINT('',(0.0170094421362712,-0.0531257214176407,0.0316));
#8150=CARTESIAN_POINT('',(0.0170094421362712,-0.0531257214176407,0.0321));
#8151=CARTESIAN_POINT('',(0.0174555621447005,-0.053011775144108,0.0321));
#8152=CARTESIAN_POINT('',(0.0171625574413307,-0.053011775144108,0.0321));
#8153=CARTESIAN_POINT('',(0.0170094421362712,-0.0531257214176407,0.0321));
#8154=CARTESIAN_POINT('',(0.0174555621447005,-0.053011775144108,0.0321));
#8155=CARTESIAN_POINT('',(0.0174555621447005,-0.053011775144108,0.0316));
#8156=CARTESIAN_POINT('',(0.0174555621447005,-0.053011775144108,0.0316));
#8157=CARTESIAN_POINT('',(0.0174555621447005,-0.053011775144108,0.0316));
#8158=CARTESIAN_POINT('',(0.0171625574413307,-0.053011775144108,0.0316));
#8159=CARTESIAN_POINT('',(0.0170094421362712,-0.0531257214176407,0.0316));
#8160=CARTESIAN_POINT('',(0.017898121332082,-0.0531257214176407,0.0316));
#8161=CARTESIAN_POINT('',(0.017898121332082,-0.0531257214176407,0.0321));
#8162=CARTESIAN_POINT('',(0.0177984183427409,-0.0530497572352856,0.0316));
#8163=CARTESIAN_POINT('',(0.0177984183427409,-0.0530497572352856,0.0321));
#8164=CARTESIAN_POINT('',(0.0176508986136137,-0.053011775144108,0.0316));
#8165=CARTESIAN_POINT('',(0.0176508986136137,-0.053011775144108,0.0321));
#8166=CARTESIAN_POINT('',(0.0174555621447005,-0.053011775144108,0.0316));
#8167=CARTESIAN_POINT('',(0.0174555621447005,-0.053011775144108,0.0321));
#8168=CARTESIAN_POINT('',(0.017898121332082,-0.0531257214176407,0.0321));
#8169=CARTESIAN_POINT('',(0.0177485668480703,-0.053011775144108,0.0321));
#8170=CARTESIAN_POINT('',(0.0174555621447005,-0.053011775144108,0.0321));
#8171=CARTESIAN_POINT('',(0.017898121332082,-0.0531257214176407,0.0321));
#8172=CARTESIAN_POINT('',(0.017898121332082,-0.0531257214176407,0.0316));
#8173=CARTESIAN_POINT('',(0.017898121332082,-0.0531257214176407,0.0316));
#8174=CARTESIAN_POINT('',(0.017898121332082,-0.0531257214176407,0.0316));
#8175=CARTESIAN_POINT('',(0.0177485668480703,-0.053011775144108,0.0316));
#8176=CARTESIAN_POINT('',(0.0174555621447005,-0.053011775144108,0.0316));
#8177=CARTESIAN_POINT('',(0.0181000707543699,-0.0534512821991627,0.0316));
#8178=CARTESIAN_POINT('',(0.0181000707543699,-0.0534512821991627,0.0321));
#8179=CARTESIAN_POINT('',(0.0180651407955191,-0.0533102058605032,0.0316));
#8180=CARTESIAN_POINT('',(0.0180651407955191,-0.0533102058605032,0.0321));
#8181=CARTESIAN_POINT('',(0.0179978243214231,-0.0532016855999958,0.0316));
#8182=CARTESIAN_POINT('',(0.0179978243214231,-0.0532016855999958,0.0321));
#8183=CARTESIAN_POINT('',(0.017898121332082,-0.0531257214176407,0.0316));
#8184=CARTESIAN_POINT('',(0.017898121332082,-0.0531257214176407,0.0321));
#8185=CARTESIAN_POINT('',(0.0181000707543699,-0.0534512821991627,0.0321));
#8186=CARTESIAN_POINT('',(0.0180476758160937,-0.0532396676911734,0.0321));
#8187=CARTESIAN_POINT('',(0.017898121332082,-0.0531257214176407,0.0321));
#8188=CARTESIAN_POINT('',(0.0181000707543699,-0.0534512821991627,0.0321));
#8189=CARTESIAN_POINT('',(0.0181000707543699,-0.0534512821991627,0.0316));
#8190=CARTESIAN_POINT('',(0.0181000707543699,-0.0534512821991627,0.0316));
#8191=CARTESIAN_POINT('',(0.0181000707543699,-0.0534512821991627,0.0316));
#8192=CARTESIAN_POINT('',(0.0180476758160937,-0.0532396676911734,0.0316));
#8193=CARTESIAN_POINT('',(0.017898121332082,-0.0531257214176407,0.0316));
#8194=CARTESIAN_POINT('',(0.0160099800878417,-0.0539168725555088,0.0316));
#8195=CARTESIAN_POINT('',(0.0160099800878417,-0.0539168725555088,0.0321));
#8196=CARTESIAN_POINT('',(0.0181521036561287,-0.0539558948154386,0.0321));
#8197=CARTESIAN_POINT('',(0.0181524656926461,-0.0539559014105218,0.0316));
#8198=CARTESIAN_POINT('',(0.0181521036561287,-0.0539558948154386,0.03160000025));
#8199=CARTESIAN_POINT('',(0.0160099800878417,-0.0539168725555088,0.0316));
#8200=CARTESIAN_POINT('',(0.0181524656926461,-0.0551116421849249,0.0316));
#8201=CARTESIAN_POINT('',(0.0181524656926461,-0.0551116421849249,0.0321));
#8202=CARTESIAN_POINT('',(0.0181521409150711,-0.0562673882404169,0.0321));
#8203=CARTESIAN_POINT('',(0.0181524656926461,-0.056267382959328,0.0316));
#8204=CARTESIAN_POINT('',(0.0181521409150711,-0.0562673882404169,0.0316));
#8205=CARTESIAN_POINT('',(0.0181524656926461,-0.0551116421849249,0.0316));
#8206=CARTESIAN_POINT('',(0.0159276158870296,-0.0563035604253691,0.0316));
#8207=CARTESIAN_POINT('',(0.0159276158870296,-0.0563035604253691,0.0321));
#8208=CARTESIAN_POINT('',(0.0181000707543699,-0.0567786151240618,0.0321));
#8209=CARTESIAN_POINT('',(0.0181000707543699,-0.0567786151240618,0.0316));
#8210=CARTESIAN_POINT('',(0.0181000707543699,-0.0567786151240618,0.0316));
#8211=CARTESIAN_POINT('',(0.0159276158870296,-0.0563035604253691,0.0316));
#8212=CARTESIAN_POINT('',(0.0174555621447005,-0.0578178661813266,0.0316));
#8213=CARTESIAN_POINT('',(0.0174555621447005,-0.0578178661813266,0.0321));
#8214=CARTESIAN_POINT('',(0.0170994800399108,-0.0578178661813266,0.0316));
#8215=CARTESIAN_POINT('',(0.0170994800399108,-0.0578178661813266,0.0321));
#8216=CARTESIAN_POINT('',(0.0168151230448002,-0.0577483453894391,0.0316));
#8217=CARTESIAN_POINT('',(0.0168151230448002,-0.0577483453894391,0.0321));
#8218=CARTESIAN_POINT('',(0.0166024911593687,-0.057609303805664,0.0316));
#8219=CARTESIAN_POINT('',(0.0166024911593687,-0.057609303805664,0.0321));
#8220=CARTESIAN_POINT('',(0.0174555621447005,-0.0578178661813266,0.0316));
#8221=CARTESIAN_POINT('',(0.0174555621447005,-0.0578178661813266,0.0316));
#8222=CARTESIAN_POINT('',(0.0174555621447005,-0.0578178661813266,0.0316));
#8223=CARTESIAN_POINT('',(0.0169214389875159,-0.0578178661813266,0.0316));
#8224=CARTESIAN_POINT('',(0.0166024911593687,-0.057609303805664,0.0316));
#8225=CARTESIAN_POINT('',(0.0166024911593687,-0.057609303805664,0.0316));
#8226=CARTESIAN_POINT('',(0.0166024911593687,-0.057609303805664,0.0316));
#8227=CARTESIAN_POINT('',(0.0183020201766577,-0.0576062516733373,0.0316));
#8228=CARTESIAN_POINT('',(0.0183020201766577,-0.0576062516733373,0.0321));
#8229=CARTESIAN_POINT('',(0.0180937969268093,-0.0577473280119968,0.0316));
#8230=CARTESIAN_POINT('',(0.0180937969268093,-0.0577473280119968,0.0321));
#8231=CARTESIAN_POINT('',(0.0178116442494902,-0.0578178661813266,0.0316));
#8232=CARTESIAN_POINT('',(0.0178116442494902,-0.0578178661813266,0.0321));
#8233=CARTESIAN_POINT('',(0.0174555621447005,-0.0578178661813266,0.0316));
#8234=CARTESIAN_POINT('',(0.0174555621447005,-0.0578178661813266,0.0321));
#8235=CARTESIAN_POINT('',(0.0183020201766577,-0.0576062516733373,0.0316));
#8236=CARTESIAN_POINT('',(0.0183020201766577,-0.0576062516733373,0.0316));
#8237=CARTESIAN_POINT('',(0.0183020201766577,-0.0576062516733373,0.0316));
#8238=CARTESIAN_POINT('',(0.017989685301885,-0.0578178661813266,0.0316));
#8239=CARTESIAN_POINT('',(0.0174555621447005,-0.0578178661813266,0.0316));
#8240=CARTESIAN_POINT('',(0.0187542444497407,-0.0570100684921751,0.0316));
#8241=CARTESIAN_POINT('',(0.0187542444497407,-0.0570100684921751,0.0321));
#8242=CARTESIAN_POINT('',(0.0186609848508671,-0.0572664476076237,0.0316));
#8243=CARTESIAN_POINT('',(0.0186609848508671,-0.0572664476076237,0.0321));
#8244=CARTESIAN_POINT('',(0.0185102434265062,-0.0574651753346778,0.0316));
#8245=CARTESIAN_POINT('',(0.0185102434265062,-0.0574651753346778,0.0321));
#8246=CARTESIAN_POINT('',(0.0183020201766577,-0.0576062516733373,0.0316));
#8247=CARTESIAN_POINT('',(0.0183020201766577,-0.0576062516733373,0.0321));
#8248=CARTESIAN_POINT('',(0.0187542444497407,-0.0570100684921751,0.0316));
#8249=CARTESIAN_POINT('',(0.0187542444497407,-0.0570100684921751,0.0316));
#8250=CARTESIAN_POINT('',(0.0187542444497407,-0.0570100684921751,0.0316));
#8251=CARTESIAN_POINT('',(0.0186143550514304,-0.057394637165348,0.0316));
#8252=CARTESIAN_POINT('',(0.0183020201766577,-0.0576062516733373,0.0316));
#8253=CARTESIAN_POINT('',(0.0188941338480509,-0.0561117242106628,0.0316));
#8254=CARTESIAN_POINT('',(0.0188941338480509,-0.0561117242106628,0.0321));
#8255=CARTESIAN_POINT('',(0.0188941338480509,-0.0564542412828891,0.0316));
#8256=CARTESIAN_POINT('',(0.0188941338480509,-0.0564542412828891,0.0321));
#8257=CARTESIAN_POINT('',(0.0188475040486141,-0.0567536893767265,0.0316));
#8258=CARTESIAN_POINT('',(0.0188475040486141,-0.0567536893767265,0.0321));
#8259=CARTESIAN_POINT('',(0.0187542444497407,-0.0570100684921751,0.0316));
#8260=CARTESIAN_POINT('',(0.0187542444497407,-0.0570100684921751,0.0321));
#8261=CARTESIAN_POINT('',(0.0188941338480509,-0.0561117242106628,0.0316));
#8262=CARTESIAN_POINT('',(0.0188941338480509,-0.0561117242106628,0.0316));
#8263=CARTESIAN_POINT('',(0.0188941338480509,-0.0561117242106628,0.0316));
#8264=CARTESIAN_POINT('',(0.0188941338480509,-0.0566254998190022,0.0316));
#8265=CARTESIAN_POINT('',(0.0187542444497407,-0.0570100684921751,0.0316));
#8266=CARTESIAN_POINT('',(0.0188941338480509,-0.0551090987413193,0.0316));
#8267=CARTESIAN_POINT('',(0.0188941338480509,-0.0541064732719757,0.0316));
#8268=CARTESIAN_POINT('',(0.0188941338480509,-0.0541064732719757,0.0316));
#8269=CARTESIAN_POINT('',(0.0188941338480509,-0.0551090987413193,0.0316));
#8270=CARTESIAN_POINT('',(0.0187542444497407,-0.053214233255117,0.0316));
#8271=CARTESIAN_POINT('',(0.0187542444497407,-0.053214233255117,0.0321));
#8272=CARTESIAN_POINT('',(0.0188475040486141,-0.0534617950993993,0.0316));
#8273=CARTESIAN_POINT('',(0.0188475040486141,-0.0534617950993993,0.0321));
#8274=CARTESIAN_POINT('',(0.0188941338480509,-0.0537592084383522,0.0316));
#8275=CARTESIAN_POINT('',(0.0188941338480509,-0.0537592084383522,0.0321));
#8276=CARTESIAN_POINT('',(0.0188941338480509,-0.0541064732719757,0.0316));
#8277=CARTESIAN_POINT('',(0.0188941338480509,-0.0541064732719757,0.0321));
#8278=CARTESIAN_POINT('',(0.0187542444497407,-0.053214233255117,0.0316));
#8279=CARTESIAN_POINT('',(0.0187542444497407,-0.053214233255117,0.0316));
#8280=CARTESIAN_POINT('',(0.0187542444497407,-0.053214233255117,0.0316));
#8281=CARTESIAN_POINT('',(0.0188941338480509,-0.0535855760215405,0.0316));
#8282=CARTESIAN_POINT('',(0.0188941338480509,-0.0541064732719757,0.0316));
#8283=CARTESIAN_POINT('',(0.0176805291660662,-0.0535933639957487,0.0316));
#8284=CARTESIAN_POINT('',(0.0183020201766577,-0.0526409410664056,0.0316));
#8285=CARTESIAN_POINT('',(0.0183020201766577,-0.0526409410664056,0.0316));
#8286=CARTESIAN_POINT('',(0.0176805291660662,-0.0535933639957487,0.0316));
#8287=CARTESIAN_POINT('',(0.0174555621447005,-0.0524389916441177,0.0316));
#8288=CARTESIAN_POINT('',(0.0174555621447005,-0.0524389916441177,0.0321));
#8289=CARTESIAN_POINT('',(0.0178116442494902,-0.0524389916441177,0.0316));
#8290=CARTESIAN_POINT('',(0.0178116442494902,-0.0524389916441177,0.0321));
#8291=CARTESIAN_POINT('',(0.0180937969268093,-0.0525063081182137,0.0316));
#8292=CARTESIAN_POINT('',(0.0180937969268093,-0.0525063081182137,0.0321));
#8293=CARTESIAN_POINT('',(0.0183020201766577,-0.0526409410664056,0.0316));
#8294=CARTESIAN_POINT('',(0.0183020201766577,-0.0526409410664056,0.0321));
#8295=CARTESIAN_POINT('',(0.0174555621447005,-0.0524389916441177,0.0316));
#8296=CARTESIAN_POINT('',(0.0174555621447005,-0.0524389916441177,0.0316));
#8297=CARTESIAN_POINT('',(0.0174555621447005,-0.0524389916441177,0.0316));
#8298=CARTESIAN_POINT('',(0.017989685301885,-0.0524389916441177,0.0316));
#8299=CARTESIAN_POINT('',(0.0183020201766577,-0.0526409410664056,0.0316));
#8300=CARTESIAN_POINT('',(0.0166055432916954,-0.0526378889340788,0.0316));
#8301=CARTESIAN_POINT('',(0.0166055432916954,-0.0526378889340788,0.0321));
#8302=CARTESIAN_POINT('',(0.0168161404222424,-0.0525052907407714,0.0316));
#8303=CARTESIAN_POINT('',(0.0168161404222424,-0.0525052907407714,0.0321));
#8304=CARTESIAN_POINT('',(0.0170994800399108,-0.0524389916441177,0.0316));
#8305=CARTESIAN_POINT('',(0.0170994800399108,-0.0524389916441177,0.0321));
#8306=CARTESIAN_POINT('',(0.0174555621447005,-0.0524389916441177,0.0316));
#8307=CARTESIAN_POINT('',(0.0174555621447005,-0.0524389916441177,0.0321));
#8308=CARTESIAN_POINT('',(0.0166055432916954,-0.0526378889340788,0.0316));
#8309=CARTESIAN_POINT('',(0.0166055432916954,-0.0526378889340788,0.0316));
#8310=CARTESIAN_POINT('',(0.0166055432916954,-0.0526378889340788,0.0316));
#8311=CARTESIAN_POINT('',(0.0169214389875159,-0.0524389916441177,0.0316));
#8312=CARTESIAN_POINT('',(0.0174555621447005,-0.0524389916441177,0.0316));
#8313=CARTESIAN_POINT('',(0.0161497581975646,-0.0532111811227902,0.0316));
#8314=CARTESIAN_POINT('',(0.0161497581975646,-0.0532111811227902,0.0321));
#8315=CARTESIAN_POINT('',(0.0162430177964381,-0.0529615845236233,0.0316));
#8316=CARTESIAN_POINT('',(0.0162430177964381,-0.0529615845236233,0.0321));
#8317=CARTESIAN_POINT('',(0.0163949461611484,-0.0527704871273862,0.0316));
#8318=CARTESIAN_POINT('',(0.0163949461611484,-0.0527704871273862,0.0321));
#8319=CARTESIAN_POINT('',(0.0166055432916954,-0.0526378889340788,0.0316));
#8320=CARTESIAN_POINT('',(0.0166055432916954,-0.0526378889340788,0.0321));
#8321=CARTESIAN_POINT('',(0.0161497581975646,-0.0532111811227902,0.0316));
#8322=CARTESIAN_POINT('',(0.0161497581975646,-0.0532111811227902,0.0316));
#8323=CARTESIAN_POINT('',(0.0161497581975646,-0.0532111811227902,0.0316));
#8324=CARTESIAN_POINT('',(0.0162896475958749,-0.0528367862240399,0.0316));
#8325=CARTESIAN_POINT('',(0.0166055432916954,-0.0526378889340788,0.0316));
#8326=CARTESIAN_POINT('',(0.0160098687992544,-0.0541064732719757,0.0316));
#8327=CARTESIAN_POINT('',(0.0160098687992544,-0.0541064732719757,0.0321));
#8328=CARTESIAN_POINT('',(0.0160098687992544,-0.0537592084383522,0.0316));
#8329=CARTESIAN_POINT('',(0.0160098687992544,-0.0537592084383522,0.0321));
#8330=CARTESIAN_POINT('',(0.0160564985986911,-0.0534607777219571,0.0316));
#8331=CARTESIAN_POINT('',(0.0160564985986911,-0.0534607777219571,0.0321));
#8332=CARTESIAN_POINT('',(0.0161497581975646,-0.0532111811227902,0.0316));
#8333=CARTESIAN_POINT('',(0.0161497581975646,-0.0532111811227902,0.0321));
#8334=CARTESIAN_POINT('',(0.0160098687992544,-0.0541064732719757,0.0316));
#8335=CARTESIAN_POINT('',(0.0160098687992544,-0.0541064732719757,0.0316));
#8336=CARTESIAN_POINT('',(0.0160098687992544,-0.0541064732719757,0.0316));
#8337=CARTESIAN_POINT('',(0.0160098687992544,-0.0535855760215405,0.0316));
#8338=CARTESIAN_POINT('',(0.0161497581975646,-0.0532111811227902,0.0316));
#8339=CARTESIAN_POINT('',(0.0160098687992544,-0.0551055379202714,0.0316));
#8340=CARTESIAN_POINT('',(0.0160098687992544,-0.056104602568567,0.0316));
#8341=CARTESIAN_POINT('',(0.0160098687992544,-0.056104602568567,0.0316));
#8342=CARTESIAN_POINT('',(0.0160098687992544,-0.0551055379202714,0.0316));
#8343=CARTESIAN_POINT('',(0.0161467060652378,-0.0570131206245019,0.0316));
#8344=CARTESIAN_POINT('',(0.0161467060652378,-0.0570131206245019,0.0321));
#8345=CARTESIAN_POINT('',(0.0160554812212488,-0.0567547067541688,0.0316));
#8346=CARTESIAN_POINT('',(0.0160554812212488,-0.0567547067541688,0.0321));
#8347=CARTESIAN_POINT('',(0.0160098687992544,-0.0564518674021905,0.0316));
#8348=CARTESIAN_POINT('',(0.0160098687992544,-0.0564518674021905,0.0321));
#8349=CARTESIAN_POINT('',(0.0160098687992544,-0.056104602568567,0.0316));
#8350=CARTESIAN_POINT('',(0.0160098687992544,-0.056104602568567,0.0321));
#8351=CARTESIAN_POINT('',(0.0161467060652378,-0.0570131206245019,0.0316));
#8352=CARTESIAN_POINT('',(0.0161467060652378,-0.0570131206245019,0.0316));
#8353=CARTESIAN_POINT('',(0.0161467060652378,-0.0570131206245019,0.0316));
#8354=CARTESIAN_POINT('',(0.0160098687992544,-0.0566254998190022,0.0316));
#8355=CARTESIAN_POINT('',(0.0160098687992544,-0.056104602568567,0.0316));
#8356=CARTESIAN_POINT('',(0.0166024911593687,-0.057609303805664,0.0316));
#8357=CARTESIAN_POINT('',(0.0166024911593687,-0.057609303805664,0.0321));
#8358=CARTESIAN_POINT('',(0.0163898592739371,-0.057470262221889,0.0316));
#8359=CARTESIAN_POINT('',(0.0163898592739371,-0.057470262221889,0.0321));
#8360=CARTESIAN_POINT('',(0.0162379309092268,-0.057271534494835,0.0316));
#8361=CARTESIAN_POINT('',(0.0162379309092268,-0.057271534494835,0.0321));
#8362=CARTESIAN_POINT('',(0.0161467060652378,-0.0570131206245019,0.0316));
#8363=CARTESIAN_POINT('',(0.0161467060652378,-0.0570131206245019,0.0321));
#8364=CARTESIAN_POINT('',(0.0166024911593687,-0.057609303805664,0.0316));
#8365=CARTESIAN_POINT('',(0.0162835433312213,-0.0574007414300015,0.0316));
#8366=CARTESIAN_POINT('',(0.0161467060652378,-0.0570131206245019,0.0316));
#8367=CARTESIAN_POINT('',(0.017898121332082,-0.0571174018123331,0.0316));
#8368=CARTESIAN_POINT('',(0.017898121332082,-0.0571174018123331,0.0321));
#8369=CARTESIAN_POINT('',(0.0179978243214231,-0.0570370289943949,0.0316));
#8370=CARTESIAN_POINT('',(0.0179978243214231,-0.0570370289943949,0.0321));
#8371=CARTESIAN_POINT('',(0.0180651407955191,-0.0569241000983045,0.0316));
#8372=CARTESIAN_POINT('',(0.0180651407955191,-0.0569241000983045,0.0321));
#8373=CARTESIAN_POINT('',(0.0181000707543699,-0.0567786151240618,0.0316));
#8374=CARTESIAN_POINT('',(0.0181000707543699,-0.0567786151240618,0.0321));
#8375=CARTESIAN_POINT('',(0.017898121332082,-0.0571174018123331,0.0321));
#8376=CARTESIAN_POINT('',(0.0180476758160937,-0.0569968425854258,0.0321));
#8377=CARTESIAN_POINT('',(0.0181000707543699,-0.0567786151240618,0.0321));
#8378=CARTESIAN_POINT('',(0.017898121332082,-0.0571174018123331,0.0316));
#8379=CARTESIAN_POINT('',(0.0180476758160937,-0.0569968425854258,0.0316));
#8380=CARTESIAN_POINT('',(0.0181000707543699,-0.0567786151240618,0.0316));
#8381=CARTESIAN_POINT('',(0.0454749186411265,1.38777878078145E-17,0.0316));
#8382=CARTESIAN_POINT('',(0.006,5.00000000000084E-5,0.0321));
#8383=CARTESIAN_POINT('',(0.006,5.00000000000084E-5,0.0321));
#8384=MECHANICAL_DESIGN_GEOMETRIC_PRESENTATION_REPRESENTATION('',(#4744,
#4447,#4448,#4449,#4450,#4451,#4452,#4453,#4454,#4455,#4456,#4457,#4458,
#4459,#4460,#4461,#4462,#4463,#4464,#4465,#4466,#4467,#4468,#4469,#4470,
#4471,#4472,#4473,#4474,#4475,#4476,#4477,#4478,#4479,#4480,#4481,#4482,
#4483,#4484,#4485,#4486,#4487,#4488,#4489),#8385);
#8385=(
GEOMETRIC_REPRESENTATION_CONTEXT(3)
GLOBAL_UNCERTAINTY_ASSIGNED_CONTEXT((#8386))
GLOBAL_UNIT_ASSIGNED_CONTEXT((#8389,#8388,#8387))
REPRESENTATION_CONTEXT('Drone Controller - Top',
'TOP_LEVEL_ASSEMBLY_PART')
);
#8386=UNCERTAINTY_MEASURE_WITH_UNIT(LENGTH_MEASURE(2.E-5),#8389,
'DISTANCE_ACCURACY_VALUE','Maximum Tolerance applied to model');
#8387=(
NAMED_UNIT(*)
SI_UNIT($,.STERADIAN.)
SOLID_ANGLE_UNIT()
);
#8388=(
NAMED_UNIT(*)
PLANE_ANGLE_UNIT()
SI_UNIT($,.RADIAN.)
);
#8389=(
LENGTH_UNIT()
NAMED_UNIT(*)
SI_UNIT($,.METRE.)
);
#8390=PRODUCT_DEFINITION_SHAPE('','',#8391);
#8391=PRODUCT_DEFINITION('','',#8393,#8392);
#8392=PRODUCT_DEFINITION_CONTEXT('',#8399,'design');
#8393=PRODUCT_DEFINITION_FORMATION_WITH_SPECIFIED_SOURCE('','',#8395,
 .NOT_KNOWN.);
#8394=PRODUCT_RELATED_PRODUCT_CATEGORY('','',(#8395));
#8395=PRODUCT('Drone Controller - Top','Drone Controller - Top',
'Drone Controller - Top',(#8397));
#8396=PRODUCT_CATEGORY('','');
#8397=PRODUCT_CONTEXT('',#8399,'mechanical');
#8398=APPLICATION_PROTOCOL_DEFINITION('international standard',
'ap242_managed_model_based_3d_engineering',2020,#8399);
#8399=APPLICATION_CONTEXT('managed model based 3d engineering');
ENDSEC;
END-ISO-10303-21;
