ISO-10303-21;
HEADER;
/* Generated by software containing ST-Developer
 * from STEP Tools, Inc. (www.steptools.com) 
 */
/* OPTION: using custom renumber hook */

FILE_DESCRIPTION(
/* description */ ('STEP AP242 Edition 2',
'CAx-IF Rec.Pracs.---Representation and Presentation of Product Manufa
cturing Information (PMI)---4.0---2014-10-13',
'CAx-IF Rec.Pracs.---3D Tessellated Geometry---0.4---2014-09-14','2;1',
'CAx-IF Rec.Pracs.---User Defined Attributes---1.5---2016-08-15'),
/* implementation_level */ '2;1');

FILE_NAME(
/* name */ 'KICAD Drohnen COntroller - Part 498',
/* time_stamp */ '2026-08-15T02:21:11Z',
/* author */ (''),
/* organization */ (''),
/* preprocessor_version */ 'ST-DEVELOPER v20',
/* originating_system */ 'ONSHAPE BY PTC INC, 1.219',
/* authorisation */ '  ');

FILE_SCHEMA (('AP242_MANAGED_MODEL_BASED_3D_ENGINEERING_MIM_LF { 1 0 10303 442 3 1 4 }'));
ENDSEC;

DATA;
#10=SHAPE_REPRESENTATION_RELATIONSHIP('','',#5287,#11);
#11=ADVANCED_BREP_SHAPE_REPRESENTATION('',(#5285),#8506);
#12=B_SPLINE_SURFACE_WITH_KNOTS('',3,1,((#7619,#7620),(#7621,#7622),(#7623,
#7624),(#7625,#7626),(#7627,#7628),(#7629,#7630),(#7631,#7632),(#7633,#7634),
(#7635,#7636),(#7637,#7638),(#7639,#7640),(#7641,#7642),(#7643,#7644),(#7645,
#7646),(#7647,#7648),(#7649,#7650),(#7651,#7652)),
 .SURF_OF_LINEAR_EXTRUSION.,.F.,.F.,.F.,(4,1,1,1,1,1,1,1,1,1,1,1,1,1,4),
(2,2),(0.199100010116948,0.277032044074733,0.354964078032518,0.39393009501141,
0.432896111990303,0.471862128969195,0.510828145948088,0.54979416292698,
0.588760179905873,0.627726196884765,0.666692213863658,0.70565823084255,
0.744624247821443,0.783590264800335,0.822556281779228),(0.,1.),
 .UNSPECIFIED.);
#13=B_SPLINE_SURFACE_WITH_KNOTS('',3,1,((#7898,#7899),(#7900,#7901),(#7902,
#7903),(#7904,#7905)),.SURF_OF_LINEAR_EXTRUSION.,.F.,.F.,.F.,(4,4),(2,2),
(0.,1.),(0.,1.),.PIECEWISE_BEZIER_KNOTS.);
#14=B_SPLINE_SURFACE_WITH_KNOTS('',3,1,((#7911,#7912),(#7913,#7914),(#7915,
#7916),(#7917,#7918)),.SURF_OF_LINEAR_EXTRUSION.,.F.,.F.,.F.,(4,4),(2,2),
(0.,1.),(0.,1.),.PIECEWISE_BEZIER_KNOTS.);
#15=B_SPLINE_SURFACE_WITH_KNOTS('',3,1,((#7944,#7945),(#7946,#7947),(#7948,
#7949),(#7950,#7951)),.SURF_OF_LINEAR_EXTRUSION.,.F.,.F.,.F.,(4,4),(2,2),
(0.,1.),(0.,1.),.PIECEWISE_BEZIER_KNOTS.);
#16=B_SPLINE_SURFACE_WITH_KNOTS('',3,1,((#7957,#7958),(#7959,#7960),(#7961,
#7962),(#7963,#7964)),.SURF_OF_LINEAR_EXTRUSION.,.F.,.F.,.F.,(4,4),(2,2),
(0.,1.),(0.,1.),.PIECEWISE_BEZIER_KNOTS.);
#17=B_SPLINE_SURFACE_WITH_KNOTS('',3,1,((#8016,#8017),(#8018,#8019),(#8020,
#8021),(#8022,#8023)),.SURF_OF_LINEAR_EXTRUSION.,.F.,.F.,.F.,(4,4),(2,2),
(0.,1.),(0.,1.),.PIECEWISE_BEZIER_KNOTS.);
#18=B_SPLINE_SURFACE_WITH_KNOTS('',3,1,((#8027,#8028),(#8029,#8030),(#8031,
#8032),(#8033,#8034)),.SURF_OF_LINEAR_EXTRUSION.,.F.,.F.,.F.,(4,4),(2,2),
(0.,1.),(0.,1.),.PIECEWISE_BEZIER_KNOTS.);
#19=B_SPLINE_SURFACE_WITH_KNOTS('',3,1,((#8038,#8039),(#8040,#8041),(#8042,
#8043),(#8044,#8045)),.SURF_OF_LINEAR_EXTRUSION.,.F.,.F.,.F.,(4,4),(2,2),
(0.,1.),(0.,1.),.PIECEWISE_BEZIER_KNOTS.);
#20=B_SPLINE_SURFACE_WITH_KNOTS('',3,1,((#8047,#8048),(#8049,#8050),(#8051,
#8052),(#8053,#8054)),.SURF_OF_LINEAR_EXTRUSION.,.F.,.F.,.F.,(4,4),(2,2),
(0.,1.),(0.,1.),.PIECEWISE_BEZIER_KNOTS.);
#21=B_SPLINE_SURFACE_WITH_KNOTS('',3,1,((#8058,#8059),(#8060,#8061),(#8062,
#8063),(#8064,#8065)),.SURF_OF_LINEAR_EXTRUSION.,.F.,.F.,.F.,(4,4),(2,2),
(0.,1.),(0.,1.),.PIECEWISE_BEZIER_KNOTS.);
#22=B_SPLINE_SURFACE_WITH_KNOTS('',3,1,((#8069,#8070),(#8071,#8072),(#8073,
#8074),(#8075,#8076)),.SURF_OF_LINEAR_EXTRUSION.,.F.,.F.,.F.,(4,4),(2,2),
(0.,1.),(0.,1.),.PIECEWISE_BEZIER_KNOTS.);
#23=B_SPLINE_SURFACE_WITH_KNOTS('',3,1,((#8080,#8081),(#8082,#8083),(#8084,
#8085),(#8086,#8087)),.SURF_OF_LINEAR_EXTRUSION.,.F.,.F.,.F.,(4,4),(2,2),
(0.,1.),(0.,1.),.PIECEWISE_BEZIER_KNOTS.);
#24=B_SPLINE_SURFACE_WITH_KNOTS('',3,1,((#8089,#8090),(#8091,#8092),(#8093,
#8094),(#8095,#8096)),.SURF_OF_LINEAR_EXTRUSION.,.F.,.F.,.F.,(4,4),(2,2),
(0.,1.),(0.,1.),.PIECEWISE_BEZIER_KNOTS.);
#25=B_SPLINE_SURFACE_WITH_KNOTS('',3,1,((#8197,#8198),(#8199,#8200),(#8201,
#8202),(#8203,#8204)),.SURF_OF_LINEAR_EXTRUSION.,.F.,.F.,.F.,(4,4),(2,2),
(0.,1.),(0.,1.),.PIECEWISE_BEZIER_KNOTS.);
#26=B_SPLINE_SURFACE_WITH_KNOTS('',3,1,((#8210,#8211),(#8212,#8213),(#8214,
#8215),(#8216,#8217)),.SURF_OF_LINEAR_EXTRUSION.,.F.,.F.,.F.,(4,4),(2,2),
(0.,1.),(0.,1.),.PIECEWISE_BEZIER_KNOTS.);
#27=B_SPLINE_SURFACE_WITH_KNOTS('',3,1,((#8243,#8244),(#8245,#8246),(#8247,
#8248),(#8249,#8250)),.SURF_OF_LINEAR_EXTRUSION.,.F.,.F.,.F.,(4,4),(2,2),
(0.,1.),(0.,1.),.PIECEWISE_BEZIER_KNOTS.);
#28=B_SPLINE_SURFACE_WITH_KNOTS('',3,1,((#8256,#8257),(#8258,#8259),(#8260,
#8261),(#8262,#8263)),.SURF_OF_LINEAR_EXTRUSION.,.F.,.F.,.F.,(4,4),(2,2),
(0.,1.),(0.,1.),.PIECEWISE_BEZIER_KNOTS.);
#29=B_SPLINE_SURFACE_WITH_KNOTS('',3,1,((#8315,#8316),(#8317,#8318),(#8319,
#8320),(#8321,#8322)),.SURF_OF_LINEAR_EXTRUSION.,.F.,.F.,.F.,(4,4),(2,2),
(0.,1.),(0.,1.),.PIECEWISE_BEZIER_KNOTS.);
#30=B_SPLINE_SURFACE_WITH_KNOTS('',3,1,((#8326,#8327),(#8328,#8329),(#8330,
#8331),(#8332,#8333)),.SURF_OF_LINEAR_EXTRUSION.,.F.,.F.,.F.,(4,4),(2,2),
(0.,1.),(0.,1.),.PIECEWISE_BEZIER_KNOTS.);
#31=B_SPLINE_SURFACE_WITH_KNOTS('',3,1,((#8337,#8338),(#8339,#8340),(#8341,
#8342),(#8343,#8344)),.SURF_OF_LINEAR_EXTRUSION.,.F.,.F.,.F.,(4,4),(2,2),
(0.,1.),(0.,1.),.PIECEWISE_BEZIER_KNOTS.);
#32=B_SPLINE_SURFACE_WITH_KNOTS('',3,1,((#8346,#8347),(#8348,#8349),(#8350,
#8351),(#8352,#8353)),.SURF_OF_LINEAR_EXTRUSION.,.F.,.F.,.F.,(4,4),(2,2),
(0.,1.),(0.,1.),.PIECEWISE_BEZIER_KNOTS.);
#33=B_SPLINE_SURFACE_WITH_KNOTS('',3,1,((#8357,#8358),(#8359,#8360),(#8361,
#8362),(#8363,#8364)),.SURF_OF_LINEAR_EXTRUSION.,.F.,.F.,.F.,(4,4),(2,2),
(0.,1.),(0.,1.),.PIECEWISE_BEZIER_KNOTS.);
#34=B_SPLINE_SURFACE_WITH_KNOTS('',3,1,((#8368,#8369),(#8370,#8371),(#8372,
#8373),(#8374,#8375)),.SURF_OF_LINEAR_EXTRUSION.,.F.,.F.,.F.,(4,4),(2,2),
(0.,1.),(0.,1.),.PIECEWISE_BEZIER_KNOTS.);
#35=B_SPLINE_SURFACE_WITH_KNOTS('',3,1,((#8379,#8380),(#8381,#8382),(#8383,
#8384),(#8385,#8386)),.SURF_OF_LINEAR_EXTRUSION.,.F.,.F.,.F.,(4,4),(2,2),
(0.,1.),(0.,1.),.PIECEWISE_BEZIER_KNOTS.);
#36=B_SPLINE_SURFACE_WITH_KNOTS('',3,1,((#8388,#8389),(#8390,#8391),(#8392,
#8393),(#8394,#8395)),.SURF_OF_LINEAR_EXTRUSION.,.F.,.F.,.F.,(4,4),(2,2),
(0.,1.),(0.,1.),.PIECEWISE_BEZIER_KNOTS.);
#37=TOROIDAL_SURFACE('',#5453,0.00348630729616818,0.0015);
#38=TOROIDAL_SURFACE('',#5455,0.00348893477710173,0.0015);
#39=TOROIDAL_SURFACE('',#5458,0.00350222173563274,0.0015);
#40=TOROIDAL_SURFACE('',#5460,0.0041,0.0015);
#41=TOROIDAL_SURFACE('',#5461,0.0041,0.0015);
#42=TOROIDAL_SURFACE('',#5463,0.0041,0.0015);
#43=TOROIDAL_SURFACE('',#5655,0.0191578460787603,0.005);
#44=TOROIDAL_SURFACE('',#5656,0.0191578460787603,0.005);
#45=ELLIPSE('',#5418,0.00707106781186547,0.005);
#46=ELLIPSE('',#5419,0.00707106781186547,0.005);
#47=ELLIPSE('',#5421,0.00707106781186547,0.005);
#48=ELLIPSE('',#5423,0.00707106781186547,0.005);
#49=ELLIPSE('',#5502,0.00707106781186547,0.005);
#50=ELLIPSE('',#5503,0.00707106781186547,0.005);
#51=ELLIPSE('',#5505,0.00707106781186547,0.005);
#52=ELLIPSE('',#5507,0.00707106781186547,0.005);
#53=ELLIPSE('',#5510,0.00707106781186547,0.005);
#54=ELLIPSE('',#5511,0.00707106781186548,0.005);
#55=ELLIPSE('',#5513,0.00707106781186547,0.005);
#56=ELLIPSE('',#5515,0.00707106781186547,0.005);
#57=OVER_RIDING_STYLED_ITEM('',(#4660),#4427,#4658);
#58=OVER_RIDING_STYLED_ITEM('',(#4661),#4428,#4658);
#59=OVER_RIDING_STYLED_ITEM('',(#4662),#4429,#4658);
#60=OVER_RIDING_STYLED_ITEM('',(#4663),#4469,#4658);
#61=OVER_RIDING_STYLED_ITEM('',(#4664),#4504,#4658);
#62=OVER_RIDING_STYLED_ITEM('',(#4665),#4506,#4658);
#63=OVER_RIDING_STYLED_ITEM('',(#4666),#4507,#4658);
#64=OVER_RIDING_STYLED_ITEM('',(#4667),#4508,#4658);
#65=OVER_RIDING_STYLED_ITEM('',(#4668),#4509,#4658);
#66=OVER_RIDING_STYLED_ITEM('',(#4669),#4510,#4658);
#67=OVER_RIDING_STYLED_ITEM('',(#4670),#4511,#4658);
#68=OVER_RIDING_STYLED_ITEM('',(#4671),#4512,#4658);
#69=OVER_RIDING_STYLED_ITEM('',(#4672),#4513,#4658);
#70=OVER_RIDING_STYLED_ITEM('',(#4673),#4514,#4658);
#71=OVER_RIDING_STYLED_ITEM('',(#4674),#4515,#4658);
#72=OVER_RIDING_STYLED_ITEM('',(#4675),#4516,#4658);
#73=OVER_RIDING_STYLED_ITEM('',(#4676),#4517,#4658);
#74=OVER_RIDING_STYLED_ITEM('',(#4677),#4518,#4658);
#75=OVER_RIDING_STYLED_ITEM('',(#4678),#4519,#4658);
#76=OVER_RIDING_STYLED_ITEM('',(#4679),#4520,#4658);
#77=OVER_RIDING_STYLED_ITEM('',(#4680),#4521,#4658);
#78=OVER_RIDING_STYLED_ITEM('',(#4681),#4522,#4658);
#79=OVER_RIDING_STYLED_ITEM('',(#4682),#4523,#4658);
#80=OVER_RIDING_STYLED_ITEM('',(#4683),#4524,#4658);
#81=OVER_RIDING_STYLED_ITEM('',(#4684),#4525,#4658);
#82=OVER_RIDING_STYLED_ITEM('',(#4685),#4526,#4658);
#83=OVER_RIDING_STYLED_ITEM('',(#4686),#4527,#4658);
#84=OVER_RIDING_STYLED_ITEM('',(#4687),#4528,#4658);
#85=OVER_RIDING_STYLED_ITEM('',(#4688),#4529,#4658);
#86=OVER_RIDING_STYLED_ITEM('',(#4689),#4530,#4658);
#87=OVER_RIDING_STYLED_ITEM('',(#4690),#4540,#4658);
#88=OVER_RIDING_STYLED_ITEM('',(#4691),#4541,#4658);
#89=OVER_RIDING_STYLED_ITEM('',(#4692),#4542,#4658);
#90=OVER_RIDING_STYLED_ITEM('',(#4693),#4543,#4658);
#91=OVER_RIDING_STYLED_ITEM('',(#4694),#4544,#4658);
#92=OVER_RIDING_STYLED_ITEM('',(#4695),#4545,#4658);
#93=OVER_RIDING_STYLED_ITEM('',(#4696),#4546,#4658);
#94=OVER_RIDING_STYLED_ITEM('',(#4697),#4547,#4658);
#95=OVER_RIDING_STYLED_ITEM('',(#4698),#4548,#4658);
#96=OVER_RIDING_STYLED_ITEM('',(#4699),#4549,#4658);
#97=OVER_RIDING_STYLED_ITEM('',(#4700),#4565,#4658);
#98=OVER_RIDING_STYLED_ITEM('',(#4701),#4566,#4658);
#99=OVER_RIDING_STYLED_ITEM('',(#4702),#4567,#4658);
#100=OVER_RIDING_STYLED_ITEM('',(#4703),#4568,#4658);
#101=OVER_RIDING_STYLED_ITEM('',(#4704),#4569,#4658);
#102=OVER_RIDING_STYLED_ITEM('',(#4705),#4570,#4658);
#103=OVER_RIDING_STYLED_ITEM('',(#4706),#4571,#4658);
#104=OVER_RIDING_STYLED_ITEM('',(#4707),#4572,#4658);
#105=OVER_RIDING_STYLED_ITEM('',(#4708),#4573,#4658);
#106=OVER_RIDING_STYLED_ITEM('',(#4709),#4574,#4658);
#107=OVER_RIDING_STYLED_ITEM('',(#4710),#4575,#4658);
#108=OVER_RIDING_STYLED_ITEM('',(#4711),#4576,#4658);
#109=OVER_RIDING_STYLED_ITEM('',(#4712),#4577,#4658);
#110=OVER_RIDING_STYLED_ITEM('',(#4713),#4578,#4658);
#111=OVER_RIDING_STYLED_ITEM('',(#4714),#4580,#4658);
#112=OVER_RIDING_STYLED_ITEM('',(#4715),#4581,#4658);
#113=OVER_RIDING_STYLED_ITEM('',(#4716),#4582,#4658);
#114=OVER_RIDING_STYLED_ITEM('',(#4717),#4583,#4658);
#115=OVER_RIDING_STYLED_ITEM('',(#4718),#4584,#4658);
#116=OVER_RIDING_STYLED_ITEM('',(#4719),#4585,#4658);
#117=OVER_RIDING_STYLED_ITEM('',(#4720),#4586,#4658);
#118=OVER_RIDING_STYLED_ITEM('',(#4721),#4587,#4658);
#119=OVER_RIDING_STYLED_ITEM('',(#4722),#4588,#4658);
#120=OVER_RIDING_STYLED_ITEM('',(#4723),#4589,#4658);
#121=OVER_RIDING_STYLED_ITEM('',(#4724),#4590,#4658);
#122=OVER_RIDING_STYLED_ITEM('',(#4725),#4606,#4658);
#123=OVER_RIDING_STYLED_ITEM('',(#4726),#4607,#4658);
#124=OVER_RIDING_STYLED_ITEM('',(#4727),#4608,#4658);
#125=OVER_RIDING_STYLED_ITEM('',(#4728),#4609,#4658);
#126=OVER_RIDING_STYLED_ITEM('',(#4729),#4610,#4658);
#127=OVER_RIDING_STYLED_ITEM('',(#4730),#4611,#4658);
#128=OVER_RIDING_STYLED_ITEM('',(#4731),#4612,#4658);
#129=OVER_RIDING_STYLED_ITEM('',(#4732),#4613,#4658);
#130=OVER_RIDING_STYLED_ITEM('',(#4733),#4614,#4658);
#131=OVER_RIDING_STYLED_ITEM('',(#4734),#4615,#4658);
#132=OVER_RIDING_STYLED_ITEM('',(#4735),#4616,#4658);
#133=OVER_RIDING_STYLED_ITEM('',(#4736),#4617,#4658);
#134=OVER_RIDING_STYLED_ITEM('',(#4737),#4618,#4658);
#135=OVER_RIDING_STYLED_ITEM('',(#4738),#4619,#4658);
#136=OVER_RIDING_STYLED_ITEM('',(#4739),#4621,#4658);
#137=OVER_RIDING_STYLED_ITEM('',(#4740),#4622,#4658);
#138=OVER_RIDING_STYLED_ITEM('',(#4741),#4623,#4658);
#139=OVER_RIDING_STYLED_ITEM('',(#4742),#4624,#4658);
#140=OVER_RIDING_STYLED_ITEM('',(#4743),#4626,#4658);
#141=OVER_RIDING_STYLED_ITEM('',(#4744),#4627,#4658);
#142=OVER_RIDING_STYLED_ITEM('',(#4745),#4628,#4658);
#143=OVER_RIDING_STYLED_ITEM('',(#4746),#4629,#4658);
#144=OVER_RIDING_STYLED_ITEM('',(#4747),#4630,#4658);
#145=OVER_RIDING_STYLED_ITEM('',(#4748),#4631,#4658);
#146=OVER_RIDING_STYLED_ITEM('',(#4749),#4632,#4658);
#147=OVER_RIDING_STYLED_ITEM('',(#4750),#4633,#4658);
#148=OVER_RIDING_STYLED_ITEM('',(#4751),#4634,#4658);
#149=OVER_RIDING_STYLED_ITEM('',(#4752),#4635,#4658);
#150=OVER_RIDING_STYLED_ITEM('',(#4753),#4637,#4658);
#151=OVER_RIDING_STYLED_ITEM('',(#4754),#4638,#4658);
#152=OVER_RIDING_STYLED_ITEM('',(#4755),#4639,#4658);
#153=OVER_RIDING_STYLED_ITEM('',(#4756),#4640,#4658);
#154=OVER_RIDING_STYLED_ITEM('',(#4757),#4641,#4658);
#155=OVER_RIDING_STYLED_ITEM('',(#4758),#4642,#4658);
#156=OVER_RIDING_STYLED_ITEM('',(#4759),#4643,#4658);
#157=OVER_RIDING_STYLED_ITEM('',(#4760),#4644,#4658);
#158=OVER_RIDING_STYLED_ITEM('',(#4761),#4645,#4658);
#159=OVER_RIDING_STYLED_ITEM('',(#4762),#4646,#4658);
#160=B_SPLINE_CURVE_WITH_KNOTS('',3,(#6884,#6885,#6886,#6887),
 .UNSPECIFIED.,.F.,.F.,(4,4),(0.,0.00126143819854983),.UNSPECIFIED.);
#161=B_SPLINE_CURVE_WITH_KNOTS('',3,(#6888,#6889,#6890,#6891),
 .UNSPECIFIED.,.F.,.F.,(4,4),(0.,0.00126210365328956),.UNSPECIFIED.);
#162=B_SPLINE_CURVE_WITH_KNOTS('',3,(#6894,#6895,#6896,#6897),
 .UNSPECIFIED.,.F.,.F.,(4,4),(0.,0.00126210365328952),.UNSPECIFIED.);
#163=B_SPLINE_CURVE_WITH_KNOTS('',3,(#6902,#6903,#6904,#6905),
 .UNSPECIFIED.,.F.,.F.,(4,4),(0.,0.00126143819854987),.UNSPECIFIED.);
#164=B_SPLINE_CURVE_WITH_KNOTS('',3,(#6919,#6920,#6921,#6922),
 .UNSPECIFIED.,.F.,.F.,(4,4),(0.,0.00126210365328952),.UNSPECIFIED.);
#165=B_SPLINE_CURVE_WITH_KNOTS('',3,(#6927,#6928,#6929,#6930),
 .UNSPECIFIED.,.F.,.F.,(4,4),(0.,0.00126143819854987),.UNSPECIFIED.);
#166=B_SPLINE_CURVE_WITH_KNOTS('',3,(#6932,#6933,#6934,#6935),
 .UNSPECIFIED.,.F.,.F.,(4,4),(0.,0.00126210365328956),.UNSPECIFIED.);
#167=B_SPLINE_CURVE_WITH_KNOTS('',3,(#6940,#6941,#6942,#6943),
 .UNSPECIFIED.,.F.,.F.,(4,4),(0.,0.00126143819854987),.UNSPECIFIED.);
#168=B_SPLINE_CURVE_WITH_KNOTS('',3,(#6977,#6978,#6979,#6980,#6981,#6982,
#6983,#6984,#6985,#6986),.UNSPECIFIED.,.F.,.F.,(4,1,1,1,1,1,1,4),(0.,0.0918211755255344,
0.199100010286223,0.47146947176883,0.707750868905295,0.860742769600118,
0.90996826156288,1.),.UNSPECIFIED.);
#169=B_SPLINE_CURVE_WITH_KNOTS('',3,(#7103,#7104,#7105,#7106,#7107,#7108,
#7109,#7110,#7111,#7112,#7113),.UNSPECIFIED.,.F.,.F.,(4,1,1,1,1,1,1,1,4),
(0.,0.00306019703796031,0.00612039407592063,0.00918059111388094,0.0107106896328611,
0.0122407881518413,0.0153009851898016,0.0183611822277619,0.0244815763036825),
 .UNSPECIFIED.);
#170=B_SPLINE_CURVE_WITH_KNOTS('',3,(#7139,#7140,#7141,#7142,#7143),
 .UNSPECIFIED.,.F.,.F.,(4,1,4),(0.,0.00502392569575704,0.0100478513915141),
 .UNSPECIFIED.);
#171=B_SPLINE_CURVE_WITH_KNOTS('',3,(#7655,#7656,#7657,#7658,#7659,#7660,
#7661,#7662,#7663,#7664),.UNSPECIFIED.,.F.,.F.,(4,1,1,1,1,1,1,4),(0.,0.0918211755255344,
0.199100010286223,0.47146947176883,0.707750868905295,0.860742769600118,
0.90996826156288,1.),.UNSPECIFIED.);
#172=B_SPLINE_CURVE_WITH_KNOTS('',2,(#7706,#7707,#7708),.UNSPECIFIED.,.F.,
 .F.,(3,3),(0.,1.),.PIECEWISE_BEZIER_KNOTS.);
#173=B_SPLINE_CURVE_WITH_KNOTS('',2,(#7710,#7711,#7712),.UNSPECIFIED.,.F.,
 .F.,(3,3),(0.,1.),.PIECEWISE_BEZIER_KNOTS.);
#174=B_SPLINE_CURVE_WITH_KNOTS('',2,(#7716,#7717,#7718),.UNSPECIFIED.,.F.,
 .F.,(3,3),(0.,1.),.PIECEWISE_BEZIER_KNOTS.);
#175=B_SPLINE_CURVE_WITH_KNOTS('',2,(#7722,#7723,#7724),.UNSPECIFIED.,.F.,
 .F.,(3,3),(0.,1.),.PIECEWISE_BEZIER_KNOTS.);
#176=B_SPLINE_CURVE_WITH_KNOTS('',2,(#7728,#7729,#7730),.UNSPECIFIED.,.F.,
 .F.,(3,3),(0.,1.),.PIECEWISE_BEZIER_KNOTS.);
#177=B_SPLINE_CURVE_WITH_KNOTS('',2,(#7732,#7733,#7734),.UNSPECIFIED.,.F.,
 .F.,(3,3),(0.,1.),.PIECEWISE_BEZIER_KNOTS.);
#178=B_SPLINE_CURVE_WITH_KNOTS('',2,(#7738,#7739,#7740),.UNSPECIFIED.,.F.,
 .F.,(3,3),(0.,1.),.PIECEWISE_BEZIER_KNOTS.);
#179=B_SPLINE_CURVE_WITH_KNOTS('',2,(#7744,#7745,#7746),.UNSPECIFIED.,.F.,
 .F.,(3,3),(0.,1.),.PIECEWISE_BEZIER_KNOTS.);
#180=B_SPLINE_CURVE_WITH_KNOTS('',2,(#7750,#7751,#7752),.UNSPECIFIED.,.F.,
 .F.,(3,3),(0.,1.),.PIECEWISE_BEZIER_KNOTS.);
#181=B_SPLINE_CURVE_WITH_KNOTS('',2,(#7754,#7755,#7756),.UNSPECIFIED.,.F.,
 .F.,(3,3),(0.,1.),.PIECEWISE_BEZIER_KNOTS.);
#182=B_SPLINE_CURVE_WITH_KNOTS('',2,(#7760,#7761,#7762),.UNSPECIFIED.,.F.,
 .F.,(3,3),(0.,1.),.PIECEWISE_BEZIER_KNOTS.);
#183=B_SPLINE_CURVE_WITH_KNOTS('',2,(#7766,#7767,#7768),.UNSPECIFIED.,.F.,
 .F.,(3,3),(0.,1.),.PIECEWISE_BEZIER_KNOTS.);
#184=B_SPLINE_CURVE_WITH_KNOTS('',2,(#7772,#7773,#7774),.UNSPECIFIED.,.F.,
 .F.,(3,3),(0.,1.),.PIECEWISE_BEZIER_KNOTS.);
#185=B_SPLINE_CURVE_WITH_KNOTS('',2,(#7776,#7777,#7778),.UNSPECIFIED.,.F.,
 .F.,(3,3),(0.,1.),.PIECEWISE_BEZIER_KNOTS.);
#186=B_SPLINE_CURVE_WITH_KNOTS('',2,(#7782,#7783,#7784),.UNSPECIFIED.,.F.,
 .F.,(3,3),(0.,1.),.PIECEWISE_BEZIER_KNOTS.);
#187=B_SPLINE_CURVE_WITH_KNOTS('',2,(#7788,#7789,#7790),.UNSPECIFIED.,.F.,
 .F.,(3,3),(0.,1.),.PIECEWISE_BEZIER_KNOTS.);
#188=B_SPLINE_CURVE_WITH_KNOTS('',2,(#7840,#7841,#7842),.UNSPECIFIED.,.F.,
 .F.,(3,3),(0.,1.),.PIECEWISE_BEZIER_KNOTS.);
#189=B_SPLINE_CURVE_WITH_KNOTS('',2,(#7845,#7846,#7847),.UNSPECIFIED.,.F.,
 .F.,(3,3),(0.,1.),.PIECEWISE_BEZIER_KNOTS.);
#190=B_SPLINE_CURVE_WITH_KNOTS('',2,(#7859,#7860,#7861),.UNSPECIFIED.,.F.,
 .F.,(3,3),(0.,1.),.PIECEWISE_BEZIER_KNOTS.);
#191=B_SPLINE_CURVE_WITH_KNOTS('',2,(#7863,#7864,#7865),.UNSPECIFIED.,.F.,
 .F.,(3,3),(0.,1.),.PIECEWISE_BEZIER_KNOTS.);
#192=B_SPLINE_CURVE_WITH_KNOTS('',2,(#7906,#7907,#7908),.UNSPECIFIED.,.F.,
 .F.,(3,3),(0.,1.),.PIECEWISE_BEZIER_KNOTS.);
#193=B_SPLINE_CURVE_WITH_KNOTS('',2,(#7919,#7920,#7921),.UNSPECIFIED.,.F.,
 .F.,(3,3),(0.,1.),.PIECEWISE_BEZIER_KNOTS.);
#194=B_SPLINE_CURVE_WITH_KNOTS('',2,(#7952,#7953,#7954),.UNSPECIFIED.,.F.,
 .F.,(3,3),(0.,1.),.PIECEWISE_BEZIER_KNOTS.);
#195=B_SPLINE_CURVE_WITH_KNOTS('',2,(#7965,#7966,#7967),.UNSPECIFIED.,.F.,
 .F.,(3,3),(0.,1.),.PIECEWISE_BEZIER_KNOTS.);
#196=B_SPLINE_CURVE_WITH_KNOTS('',2,(#7969,#7970,#7971),.UNSPECIFIED.,.F.,
 .F.,(3,3),(0.,1.),.PIECEWISE_BEZIER_KNOTS.);
#197=B_SPLINE_CURVE_WITH_KNOTS('',2,(#7974,#7975,#7976),.UNSPECIFIED.,.F.,
 .F.,(3,3),(0.,1.),.PIECEWISE_BEZIER_KNOTS.);
#198=B_SPLINE_CURVE_WITH_KNOTS('',2,(#7980,#7981,#7982),.UNSPECIFIED.,.F.,
 .F.,(3,3),(0.,1.),.PIECEWISE_BEZIER_KNOTS.);
#199=B_SPLINE_CURVE_WITH_KNOTS('',2,(#7986,#7987,#7988),.UNSPECIFIED.,.F.,
 .F.,(3,3),(0.,1.),.PIECEWISE_BEZIER_KNOTS.);
#200=B_SPLINE_CURVE_WITH_KNOTS('',2,(#7992,#7993,#7994),.UNSPECIFIED.,.F.,
 .F.,(3,3),(0.,1.),.PIECEWISE_BEZIER_KNOTS.);
#201=B_SPLINE_CURVE_WITH_KNOTS('',2,(#7996,#7997,#7998),.UNSPECIFIED.,.F.,
 .F.,(3,3),(0.,1.),.PIECEWISE_BEZIER_KNOTS.);
#202=B_SPLINE_CURVE_WITH_KNOTS('',2,(#8002,#8003,#8004),.UNSPECIFIED.,.F.,
 .F.,(3,3),(0.,1.),.PIECEWISE_BEZIER_KNOTS.);
#203=B_SPLINE_CURVE_WITH_KNOTS('',2,(#8008,#8009,#8010),.UNSPECIFIED.,.F.,
 .F.,(3,3),(0.,1.),.PIECEWISE_BEZIER_KNOTS.);
#204=B_SPLINE_CURVE_WITH_KNOTS('',2,(#8139,#8140,#8141),.UNSPECIFIED.,.F.,
 .F.,(3,3),(0.,1.),.PIECEWISE_BEZIER_KNOTS.);
#205=B_SPLINE_CURVE_WITH_KNOTS('',2,(#8144,#8145,#8146),.UNSPECIFIED.,.F.,
 .F.,(3,3),(0.,1.),.PIECEWISE_BEZIER_KNOTS.);
#206=B_SPLINE_CURVE_WITH_KNOTS('',2,(#8158,#8159,#8160),.UNSPECIFIED.,.F.,
 .F.,(3,3),(0.,1.),.PIECEWISE_BEZIER_KNOTS.);
#207=B_SPLINE_CURVE_WITH_KNOTS('',2,(#8162,#8163,#8164),.UNSPECIFIED.,.F.,
 .F.,(3,3),(0.,1.),.PIECEWISE_BEZIER_KNOTS.);
#208=B_SPLINE_CURVE_WITH_KNOTS('',2,(#8205,#8206,#8207),.UNSPECIFIED.,.F.,
 .F.,(3,3),(0.,1.),.PIECEWISE_BEZIER_KNOTS.);
#209=B_SPLINE_CURVE_WITH_KNOTS('',2,(#8218,#8219,#8220),.UNSPECIFIED.,.F.,
 .F.,(3,3),(0.,1.),.PIECEWISE_BEZIER_KNOTS.);
#210=B_SPLINE_CURVE_WITH_KNOTS('',2,(#8251,#8252,#8253),.UNSPECIFIED.,.F.,
 .F.,(3,3),(0.,1.),.PIECEWISE_BEZIER_KNOTS.);
#211=B_SPLINE_CURVE_WITH_KNOTS('',2,(#8264,#8265,#8266),.UNSPECIFIED.,.F.,
 .F.,(3,3),(0.,1.),.PIECEWISE_BEZIER_KNOTS.);
#212=B_SPLINE_CURVE_WITH_KNOTS('',2,(#8268,#8269,#8270),.UNSPECIFIED.,.F.,
 .F.,(3,3),(0.,1.),.PIECEWISE_BEZIER_KNOTS.);
#213=B_SPLINE_CURVE_WITH_KNOTS('',2,(#8273,#8274,#8275),.UNSPECIFIED.,.F.,
 .F.,(3,3),(0.,1.),.PIECEWISE_BEZIER_KNOTS.);
#214=B_SPLINE_CURVE_WITH_KNOTS('',2,(#8279,#8280,#8281),.UNSPECIFIED.,.F.,
 .F.,(3,3),(0.,1.),.PIECEWISE_BEZIER_KNOTS.);
#215=B_SPLINE_CURVE_WITH_KNOTS('',2,(#8285,#8286,#8287),.UNSPECIFIED.,.F.,
 .F.,(3,3),(0.,1.),.PIECEWISE_BEZIER_KNOTS.);
#216=B_SPLINE_CURVE_WITH_KNOTS('',2,(#8291,#8292,#8293),.UNSPECIFIED.,.F.,
 .F.,(3,3),(0.,1.),.PIECEWISE_BEZIER_KNOTS.);
#217=B_SPLINE_CURVE_WITH_KNOTS('',2,(#8295,#8296,#8297),.UNSPECIFIED.,.F.,
 .F.,(3,3),(0.,1.),.PIECEWISE_BEZIER_KNOTS.);
#218=B_SPLINE_CURVE_WITH_KNOTS('',2,(#8301,#8302,#8303),.UNSPECIFIED.,.F.,
 .F.,(3,3),(0.,1.),.PIECEWISE_BEZIER_KNOTS.);
#219=B_SPLINE_CURVE_WITH_KNOTS('',2,(#8307,#8308,#8309),.UNSPECIFIED.,.F.,
 .F.,(3,3),(0.,1.),.PIECEWISE_BEZIER_KNOTS.);
#220=CYLINDRICAL_SURFACE('',#5298,0.005);
#221=CYLINDRICAL_SURFACE('',#5300,0.005);
#222=CYLINDRICAL_SURFACE('',#5310,0.005);
#223=CYLINDRICAL_SURFACE('',#5312,0.005);
#224=CYLINDRICAL_SURFACE('',#5323,0.0141578460787603);
#225=CYLINDRICAL_SURFACE('',#5326,0.00285678899363167);
#226=CYLINDRICAL_SURFACE('',#5330,0.00273329694946527);
#227=CYLINDRICAL_SURFACE('',#5374,0.0010799999999999);
#228=CYLINDRICAL_SURFACE('',#5376,0.00108000000000011);
#229=CYLINDRICAL_SURFACE('',#5380,0.00108000000000011);
#230=CYLINDRICAL_SURFACE('',#5381,0.00107999999999998);
#231=CYLINDRICAL_SURFACE('',#5389,0.0141578460787603);
#232=CYLINDRICAL_SURFACE('',#5391,0.0026);
#233=CYLINDRICAL_SURFACE('',#5394,0.0026);
#234=CYLINDRICAL_SURFACE('',#5397,0.0026);
#235=CYLINDRICAL_SURFACE('',#5400,0.00273329694946527);
#236=CYLINDRICAL_SURFACE('',#5403,0.00238846224230587);
#237=CYLINDRICAL_SURFACE('',#5405,0.00238846224230587);
#238=CYLINDRICAL_SURFACE('',#5407,0.00200222173563274);
#239=CYLINDRICAL_SURFACE('',#5417,0.005);
#240=CYLINDRICAL_SURFACE('',#5420,0.005);
#241=CYLINDRICAL_SURFACE('',#5422,0.005);
#242=CYLINDRICAL_SURFACE('',#5424,0.005);
#243=CYLINDRICAL_SURFACE('',#5434,0.001);
#244=CYLINDRICAL_SURFACE('',#5435,0.001);
#245=CYLINDRICAL_SURFACE('',#5436,0.00252198022873918);
#246=CYLINDRICAL_SURFACE('',#5438,0.00198630729616819);
#247=CYLINDRICAL_SURFACE('',#5442,0.00254366324710164);
#248=CYLINDRICAL_SURFACE('',#5444,0.00198893477710173);
#249=CYLINDRICAL_SURFACE('',#5448,0.00199883747607275);
#250=CYLINDRICAL_SURFACE('',#5450,0.00251252201044487);
#251=CYLINDRICAL_SURFACE('',#5470,0.00348893477710173);
#252=CYLINDRICAL_SURFACE('',#5479,0.00351194934720517);
#253=CYLINDRICAL_SURFACE('',#5501,0.005);
#254=CYLINDRICAL_SURFACE('',#5504,0.005);
#255=CYLINDRICAL_SURFACE('',#5506,0.005);
#256=CYLINDRICAL_SURFACE('',#5508,0.005);
#257=CYLINDRICAL_SURFACE('',#5509,0.005);
#258=CYLINDRICAL_SURFACE('',#5512,0.005);
#259=CYLINDRICAL_SURFACE('',#5514,0.005);
#260=CYLINDRICAL_SURFACE('',#5516,0.005);
#261=CYLINDRICAL_SURFACE('',#5519,0.00350222173563274);
#262=CYLINDRICAL_SURFACE('',#5521,0.00348630729616818);
#263=CYLINDRICAL_SURFACE('',#5523,0.0041);
#264=CYLINDRICAL_SURFACE('',#5525,0.00348893477710173);
#265=CYLINDRICAL_SURFACE('',#5546,0.000404068409003178);
#266=CYLINDRICAL_SURFACE('',#5548,0.00150030638310864);
#267=CYLINDRICAL_SURFACE('',#5551,0.00144474707888575);
#268=CYLINDRICAL_SURFACE('',#5553,0.000380228222619664);
#269=CYLINDRICAL_SURFACE('',#5555,0.000373667711511841);
#270=CYLINDRICAL_SURFACE('',#5557,0.00145838884291891);
#271=CYLINDRICAL_SURFACE('',#5560,0.00151448641844227);
#272=CYLINDRICAL_SURFACE('',#5562,0.000396701027328238);
#273=CYLINDRICAL_SURFACE('',#5569,0.000769608482352764);
#274=CYLINDRICAL_SURFACE('',#5571,0.000752041190700553);
#275=CYLINDRICAL_SURFACE('',#5572,0.000767337087567264);
#276=CYLINDRICAL_SURFACE('',#5574,0.000799899636900519);
#277=CYLINDRICAL_SURFACE('',#5595,0.00040406840900325);
#278=CYLINDRICAL_SURFACE('',#5597,0.0015003063831166);
#279=CYLINDRICAL_SURFACE('',#5600,0.00144474707888621);
#280=CYLINDRICAL_SURFACE('',#5602,0.000380228222619644);
#281=CYLINDRICAL_SURFACE('',#5604,0.000373667711511754);
#282=CYLINDRICAL_SURFACE('',#5606,0.00145838884291894);
#283=CYLINDRICAL_SURFACE('',#5609,0.00151448641845113);
#284=CYLINDRICAL_SURFACE('',#5611,0.000396701027328252);
#285=CYLINDRICAL_SURFACE('',#5618,0.000799899636900524);
#286=CYLINDRICAL_SURFACE('',#5620,0.000767337087567287);
#287=CYLINDRICAL_SURFACE('',#5621,0.000752041190700807);
#288=CYLINDRICAL_SURFACE('',#5623,0.000769608482353106);
#289=CYLINDRICAL_SURFACE('',#5651,0.005);
#290=CYLINDRICAL_SURFACE('',#5652,0.005);
#291=CYLINDRICAL_SURFACE('',#5653,0.005);
#292=CYLINDRICAL_SURFACE('',#5654,0.005);
#293=CYLINDRICAL_SURFACE('',#5657,0.0015);
#294=CYLINDRICAL_SURFACE('',#5658,0.0015);
#295=CYLINDRICAL_SURFACE('',#5659,0.0015);
#296=CYLINDRICAL_SURFACE('',#5660,0.0015);
#297=CIRCLE('',#5294,0.005);
#298=CIRCLE('',#5295,0.0015);
#299=CIRCLE('',#5296,0.005);
#300=CIRCLE('',#5297,0.005);
#301=CIRCLE('',#5299,0.005);
#302=CIRCLE('',#5301,0.005);
#303=CIRCLE('',#5303,0.005);
#304=CIRCLE('',#5304,0.0015);
#305=CIRCLE('',#5305,0.005);
#306=CIRCLE('',#5307,0.0015);
#307=CIRCLE('',#5308,0.005);
#308=CIRCLE('',#5309,0.005);
#309=CIRCLE('',#5311,0.005);
#310=CIRCLE('',#5313,0.005);
#311=CIRCLE('',#5315,0.0015);
#312=CIRCLE('',#5316,0.005);
#313=CIRCLE('',#5318,0.0141578460787603);
#314=CIRCLE('',#5319,0.00238846224230587);
#315=CIRCLE('',#5320,0.00238846224230587);
#316=CIRCLE('',#5321,0.0041);
#317=CIRCLE('',#5322,0.0041);
#318=CIRCLE('',#5324,0.0141578460787603);
#319=CIRCLE('',#5325,0.0141578460787603);
#320=CIRCLE('',#5327,0.00285678899363167);
#321=CIRCLE('',#5328,0.00285678899363167);
#322=CIRCLE('',#5329,0.00285678899363167);
#323=CIRCLE('',#5331,0.00273329694946527);
#324=CIRCLE('',#5332,0.00273329694946527);
#325=CIRCLE('',#5333,0.00273329694946527);
#326=CIRCLE('',#5338,0.001);
#327=CIRCLE('',#5339,0.001);
#328=CIRCLE('',#5349,0.00108000000000011);
#329=CIRCLE('',#5350,0.00107999999999998);
#330=CIRCLE('',#5351,0.0010799999999999);
#331=CIRCLE('',#5352,0.00108000000000011);
#332=CIRCLE('',#5355,0.00108000000000011);
#333=CIRCLE('',#5356,0.00107999999999998);
#334=CIRCLE('',#5359,0.0010799999999999);
#335=CIRCLE('',#5360,0.00107999999999998);
#336=CIRCLE('',#5361,0.00108000000000011);
#337=CIRCLE('',#5362,0.00108000000000011);
#338=CIRCLE('',#5364,0.0015);
#339=CIRCLE('',#5365,0.0015);
#340=CIRCLE('',#5366,0.0015);
#341=CIRCLE('',#5367,0.0015);
#342=CIRCLE('',#5368,0.005);
#343=CIRCLE('',#5369,0.005);
#344=CIRCLE('',#5370,0.005);
#345=CIRCLE('',#5371,0.005);
#346=CIRCLE('',#5390,0.0141578460787603);
#347=CIRCLE('',#5392,0.0026);
#348=CIRCLE('',#5393,0.0026);
#349=CIRCLE('',#5395,0.0026);
#350=CIRCLE('',#5396,0.0026);
#351=CIRCLE('',#5398,0.0026);
#352=CIRCLE('',#5399,0.0026);
#353=CIRCLE('',#5401,0.00273329694946527);
#354=CIRCLE('',#5402,0.00273329694946527);
#355=CIRCLE('',#5404,0.00238846224230587);
#356=CIRCLE('',#5406,0.00238846224230587);
#357=CIRCLE('',#5408,0.00200222173563274);
#358=CIRCLE('',#5409,0.00200222173563274);
#359=CIRCLE('',#5412,0.00251252201044487);
#360=CIRCLE('',#5413,0.00254366324710164);
#361=CIRCLE('',#5414,0.00252198022873918);
#362=CIRCLE('',#5415,0.0191578460787603);
#363=CIRCLE('',#5416,0.0191578460787603);
#364=CIRCLE('',#5432,0.001);
#365=CIRCLE('',#5433,0.001);
#366=CIRCLE('',#5437,0.00252198022873918);
#367=CIRCLE('',#5439,0.00198630729616819);
#368=CIRCLE('',#5440,0.00198630729616819);
#369=CIRCLE('',#5443,0.00254366324710164);
#370=CIRCLE('',#5445,0.00198893477710173);
#371=CIRCLE('',#5446,0.00198893477710173);
#372=CIRCLE('',#5449,0.00199883747607275);
#373=CIRCLE('',#5451,0.00251252201044487);
#374=CIRCLE('',#5454,0.00348630729616818);
#375=CIRCLE('',#5456,0.00348893477710173);
#376=CIRCLE('',#5457,0.00348893477710173);
#377=CIRCLE('',#5459,0.00350222173563274);
#378=CIRCLE('',#5462,0.0041);
#379=CIRCLE('',#5465,0.0015);
#380=CIRCLE('',#5466,0.0015);
#381=CIRCLE('',#5467,0.0015);
#382=CIRCLE('',#5468,0.0015);
#383=CIRCLE('',#5471,0.00348893477710173);
#384=CIRCLE('',#5480,0.00351194934720517);
#385=CIRCLE('',#5481,0.00351194934720517);
#386=CIRCLE('',#5500,0.0141578460787603);
#387=CIRCLE('',#5520,0.00350222173563274);
#388=CIRCLE('',#5522,0.00348630729616818);
#389=CIRCLE('',#5524,0.0041);
#390=CIRCLE('',#5526,0.00348893477710173);
#391=CIRCLE('',#5529,0.000799899636900519);
#392=CIRCLE('',#5530,0.000769608482352764);
#393=CIRCLE('',#5531,0.000752041190700553);
#394=CIRCLE('',#5532,0.000767337087567264);
#395=CIRCLE('',#5533,0.000799899636900524);
#396=CIRCLE('',#5534,0.000769608482353106);
#397=CIRCLE('',#5535,0.000752041190700807);
#398=CIRCLE('',#5536,0.000767337087567287);
#399=CIRCLE('',#5538,0.000404068409003178);
#400=CIRCLE('',#5539,0.00150030638310864);
#401=CIRCLE('',#5540,0.00144474707888575);
#402=CIRCLE('',#5541,0.000380228222619664);
#403=CIRCLE('',#5542,0.000373667711511841);
#404=CIRCLE('',#5543,0.00145838884291891);
#405=CIRCLE('',#5544,0.00151448641844227);
#406=CIRCLE('',#5545,0.000396701027328238);
#407=CIRCLE('',#5547,0.000404068409003178);
#408=CIRCLE('',#5549,0.00150030638310864);
#409=CIRCLE('',#5552,0.00144474707888575);
#410=CIRCLE('',#5554,0.000380228222619664);
#411=CIRCLE('',#5556,0.000373667711511841);
#412=CIRCLE('',#5558,0.00145838884291891);
#413=CIRCLE('',#5561,0.00151448641844227);
#414=CIRCLE('',#5563,0.000396701027328238);
#415=CIRCLE('',#5565,0.000799899636900519);
#416=CIRCLE('',#5566,0.000767337087567264);
#417=CIRCLE('',#5567,0.000752041190700553);
#418=CIRCLE('',#5568,0.000769608482352764);
#419=CIRCLE('',#5587,0.00040406840900325);
#420=CIRCLE('',#5588,0.0015003063831166);
#421=CIRCLE('',#5589,0.00144474707888621);
#422=CIRCLE('',#5590,0.000380228222619644);
#423=CIRCLE('',#5591,0.000373667711511754);
#424=CIRCLE('',#5592,0.00145838884291894);
#425=CIRCLE('',#5593,0.00151448641845113);
#426=CIRCLE('',#5594,0.000396701027328252);
#427=CIRCLE('',#5596,0.00040406840900325);
#428=CIRCLE('',#5598,0.0015003063831166);
#429=CIRCLE('',#5601,0.00144474707888621);
#430=CIRCLE('',#5603,0.000380228222619644);
#431=CIRCLE('',#5605,0.000373667711511754);
#432=CIRCLE('',#5607,0.00145838884291894);
#433=CIRCLE('',#5610,0.00151448641845113);
#434=CIRCLE('',#5612,0.000396701027328252);
#435=CIRCLE('',#5614,0.000799899636900524);
#436=CIRCLE('',#5615,0.000767337087567287);
#437=CIRCLE('',#5616,0.000752041190700807);
#438=CIRCLE('',#5617,0.000769608482353106);
#439=SPHERICAL_SURFACE('',#5293,0.005);
#440=SPHERICAL_SURFACE('',#5302,0.005);
#441=SPHERICAL_SURFACE('',#5306,0.005);
#442=SPHERICAL_SURFACE('',#5314,0.005);
#443=ORIENTED_EDGE('',*,*,#1725,.T.);
#444=ORIENTED_EDGE('',*,*,#1726,.T.);
#445=ORIENTED_EDGE('',*,*,#1727,.T.);
#446=ORIENTED_EDGE('',*,*,#1728,.T.);
#447=ORIENTED_EDGE('',*,*,#1729,.T.);
#448=ORIENTED_EDGE('',*,*,#1730,.T.);
#449=ORIENTED_EDGE('',*,*,#1731,.T.);
#450=ORIENTED_EDGE('',*,*,#1732,.T.);
#451=ORIENTED_EDGE('',*,*,#1733,.T.);
#452=ORIENTED_EDGE('',*,*,#1734,.T.);
#453=ORIENTED_EDGE('',*,*,#1735,.T.);
#454=ORIENTED_EDGE('',*,*,#1736,.T.);
#455=ORIENTED_EDGE('',*,*,#1737,.T.);
#456=ORIENTED_EDGE('',*,*,#1738,.T.);
#457=ORIENTED_EDGE('',*,*,#1739,.T.);
#458=ORIENTED_EDGE('',*,*,#1740,.T.);
#459=ORIENTED_EDGE('',*,*,#1741,.F.);
#460=ORIENTED_EDGE('',*,*,#1742,.T.);
#461=ORIENTED_EDGE('',*,*,#1743,.F.);
#462=ORIENTED_EDGE('',*,*,#1744,.F.);
#463=ORIENTED_EDGE('',*,*,#1745,.F.);
#464=ORIENTED_EDGE('',*,*,#1746,.T.);
#465=ORIENTED_EDGE('',*,*,#1729,.F.);
#466=ORIENTED_EDGE('',*,*,#1747,.T.);
#467=ORIENTED_EDGE('',*,*,#1741,.T.);
#468=ORIENTED_EDGE('',*,*,#1748,.F.);
#469=ORIENTED_EDGE('',*,*,#1727,.F.);
#470=ORIENTED_EDGE('',*,*,#1749,.T.);
#471=ORIENTED_EDGE('',*,*,#1750,.F.);
#472=ORIENTED_EDGE('',*,*,#1751,.F.);
#473=ORIENTED_EDGE('',*,*,#1743,.T.);
#474=ORIENTED_EDGE('',*,*,#1752,.T.);
#475=ORIENTED_EDGE('',*,*,#1753,.F.);
#476=ORIENTED_EDGE('',*,*,#1754,.T.);
#477=ORIENTED_EDGE('',*,*,#1745,.T.);
#478=ORIENTED_EDGE('',*,*,#1755,.F.);
#479=ORIENTED_EDGE('',*,*,#1750,.T.);
#480=ORIENTED_EDGE('',*,*,#1756,.T.);
#481=ORIENTED_EDGE('',*,*,#1757,.F.);
#482=ORIENTED_EDGE('',*,*,#1758,.F.);
#483=ORIENTED_EDGE('',*,*,#1735,.F.);
#484=ORIENTED_EDGE('',*,*,#1759,.T.);
#485=ORIENTED_EDGE('',*,*,#1753,.T.);
#486=ORIENTED_EDGE('',*,*,#1760,.F.);
#487=ORIENTED_EDGE('',*,*,#1761,.F.);
#488=ORIENTED_EDGE('',*,*,#1762,.T.);
#489=ORIENTED_EDGE('',*,*,#1739,.F.);
#490=ORIENTED_EDGE('',*,*,#1763,.T.);
#491=ORIENTED_EDGE('',*,*,#1764,.F.);
#492=ORIENTED_EDGE('',*,*,#1765,.F.);
#493=ORIENTED_EDGE('',*,*,#1757,.T.);
#494=ORIENTED_EDGE('',*,*,#1766,.T.);
#495=ORIENTED_EDGE('',*,*,#1764,.T.);
#496=ORIENTED_EDGE('',*,*,#1767,.T.);
#497=ORIENTED_EDGE('',*,*,#1761,.T.);
#498=ORIENTED_EDGE('',*,*,#1768,.F.);
#499=ORIENTED_EDGE('',*,*,#1769,.F.);
#500=ORIENTED_EDGE('',*,*,#1770,.F.);
#501=ORIENTED_EDGE('',*,*,#1771,.F.);
#502=ORIENTED_EDGE('',*,*,#1772,.T.);
#503=ORIENTED_EDGE('',*,*,#1773,.T.);
#504=ORIENTED_EDGE('',*,*,#1774,.T.);
#505=ORIENTED_EDGE('',*,*,#1775,.T.);
#506=ORIENTED_EDGE('',*,*,#1776,.T.);
#507=ORIENTED_EDGE('',*,*,#1777,.T.);
#508=ORIENTED_EDGE('',*,*,#1778,.T.);
#509=ORIENTED_EDGE('',*,*,#1779,.T.);
#510=ORIENTED_EDGE('',*,*,#1780,.T.);
#511=ORIENTED_EDGE('',*,*,#1781,.T.);
#512=ORIENTED_EDGE('',*,*,#1782,.T.);
#513=ORIENTED_EDGE('',*,*,#1783,.F.);
#514=ORIENTED_EDGE('',*,*,#1784,.T.);
#515=ORIENTED_EDGE('',*,*,#1785,.T.);
#516=ORIENTED_EDGE('',*,*,#1786,.F.);
#517=ORIENTED_EDGE('',*,*,#1787,.T.);
#518=ORIENTED_EDGE('',*,*,#1788,.T.);
#519=ORIENTED_EDGE('',*,*,#1789,.T.);
#520=ORIENTED_EDGE('',*,*,#1790,.F.);
#521=ORIENTED_EDGE('',*,*,#1791,.T.);
#522=ORIENTED_EDGE('',*,*,#1792,.T.);
#523=ORIENTED_EDGE('',*,*,#1793,.T.);
#524=ORIENTED_EDGE('',*,*,#1794,.F.);
#525=ORIENTED_EDGE('',*,*,#1795,.F.);
#526=ORIENTED_EDGE('',*,*,#1796,.T.);
#527=ORIENTED_EDGE('',*,*,#1797,.T.);
#528=ORIENTED_EDGE('',*,*,#1798,.T.);
#529=ORIENTED_EDGE('',*,*,#1799,.F.);
#530=ORIENTED_EDGE('',*,*,#1800,.F.);
#531=ORIENTED_EDGE('',*,*,#1801,.T.);
#532=ORIENTED_EDGE('',*,*,#1802,.F.);
#533=ORIENTED_EDGE('',*,*,#1803,.F.);
#534=ORIENTED_EDGE('',*,*,#1804,.F.);
#535=ORIENTED_EDGE('',*,*,#1805,.F.);
#536=ORIENTED_EDGE('',*,*,#1806,.T.);
#537=ORIENTED_EDGE('',*,*,#1807,.T.);
#538=ORIENTED_EDGE('',*,*,#1808,.F.);
#539=ORIENTED_EDGE('',*,*,#1809,.T.);
#540=ORIENTED_EDGE('',*,*,#1810,.T.);
#541=ORIENTED_EDGE('',*,*,#1811,.T.);
#542=ORIENTED_EDGE('',*,*,#1812,.F.);
#543=ORIENTED_EDGE('',*,*,#1813,.F.);
#544=ORIENTED_EDGE('',*,*,#1814,.T.);
#545=ORIENTED_EDGE('',*,*,#1815,.F.);
#546=ORIENTED_EDGE('',*,*,#1816,.F.);
#547=ORIENTED_EDGE('',*,*,#1803,.T.);
#548=ORIENTED_EDGE('',*,*,#1817,.T.);
#549=ORIENTED_EDGE('',*,*,#1805,.T.);
#550=ORIENTED_EDGE('',*,*,#1818,.T.);
#551=ORIENTED_EDGE('',*,*,#1765,.T.);
#552=ORIENTED_EDGE('',*,*,#1819,.T.);
#553=ORIENTED_EDGE('',*,*,#1820,.T.);
#554=ORIENTED_EDGE('',*,*,#1821,.T.);
#555=ORIENTED_EDGE('',*,*,#1822,.T.);
#556=ORIENTED_EDGE('',*,*,#1823,.T.);
#557=ORIENTED_EDGE('',*,*,#1824,.T.);
#558=ORIENTED_EDGE('',*,*,#1825,.F.);
#559=ORIENTED_EDGE('',*,*,#1826,.T.);
#560=ORIENTED_EDGE('',*,*,#1827,.T.);
#561=ORIENTED_EDGE('',*,*,#1828,.T.);
#562=ORIENTED_EDGE('',*,*,#1829,.T.);
#563=ORIENTED_EDGE('',*,*,#1830,.T.);
#564=ORIENTED_EDGE('',*,*,#1831,.T.);
#565=ORIENTED_EDGE('',*,*,#1760,.T.);
#566=ORIENTED_EDGE('',*,*,#1832,.T.);
#567=ORIENTED_EDGE('',*,*,#1833,.F.);
#568=ORIENTED_EDGE('',*,*,#1834,.T.);
#569=ORIENTED_EDGE('',*,*,#1751,.T.);
#570=ORIENTED_EDGE('',*,*,#1835,.T.);
#571=ORIENTED_EDGE('',*,*,#1836,.T.);
#572=ORIENTED_EDGE('',*,*,#1837,.F.);
#573=ORIENTED_EDGE('',*,*,#1810,.F.);
#574=ORIENTED_EDGE('',*,*,#1838,.T.);
#575=ORIENTED_EDGE('',*,*,#1839,.T.);
#576=ORIENTED_EDGE('',*,*,#1840,.T.);
#577=ORIENTED_EDGE('',*,*,#1841,.T.);
#578=ORIENTED_EDGE('',*,*,#1842,.T.);
#579=ORIENTED_EDGE('',*,*,#1843,.F.);
#580=ORIENTED_EDGE('',*,*,#1844,.F.);
#581=ORIENTED_EDGE('',*,*,#1812,.T.);
#582=ORIENTED_EDGE('',*,*,#1845,.T.);
#583=ORIENTED_EDGE('',*,*,#1846,.T.);
#584=ORIENTED_EDGE('',*,*,#1847,.F.);
#585=ORIENTED_EDGE('',*,*,#1843,.T.);
#586=ORIENTED_EDGE('',*,*,#1848,.T.);
#587=ORIENTED_EDGE('',*,*,#1806,.F.);
#588=ORIENTED_EDGE('',*,*,#1817,.F.);
#589=ORIENTED_EDGE('',*,*,#1802,.T.);
#590=ORIENTED_EDGE('',*,*,#1849,.T.);
#591=ORIENTED_EDGE('',*,*,#1850,.F.);
#592=ORIENTED_EDGE('',*,*,#1851,.F.);
#593=ORIENTED_EDGE('',*,*,#1852,.T.);
#594=ORIENTED_EDGE('',*,*,#1853,.F.);
#595=ORIENTED_EDGE('',*,*,#1808,.T.);
#596=ORIENTED_EDGE('',*,*,#1854,.T.);
#597=ORIENTED_EDGE('',*,*,#1855,.T.);
#598=ORIENTED_EDGE('',*,*,#1827,.F.);
#599=ORIENTED_EDGE('',*,*,#1856,.T.);
#600=ORIENTED_EDGE('',*,*,#1857,.T.);
#601=ORIENTED_EDGE('',*,*,#1841,.F.);
#602=ORIENTED_EDGE('',*,*,#1858,.T.);
#603=ORIENTED_EDGE('',*,*,#1850,.T.);
#604=ORIENTED_EDGE('',*,*,#1859,.T.);
#605=ORIENTED_EDGE('',*,*,#1860,.F.);
#606=ORIENTED_EDGE('',*,*,#1861,.F.);
#607=ORIENTED_EDGE('',*,*,#1862,.T.);
#608=ORIENTED_EDGE('',*,*,#1863,.T.);
#609=ORIENTED_EDGE('',*,*,#1864,.T.);
#610=ORIENTED_EDGE('',*,*,#1865,.T.);
#611=ORIENTED_EDGE('',*,*,#1866,.T.);
#612=ORIENTED_EDGE('',*,*,#1867,.T.);
#613=ORIENTED_EDGE('',*,*,#1868,.F.);
#614=ORIENTED_EDGE('',*,*,#1869,.F.);
#615=ORIENTED_EDGE('',*,*,#1860,.T.);
#616=ORIENTED_EDGE('',*,*,#1829,.F.);
#617=ORIENTED_EDGE('',*,*,#1870,.T.);
#618=ORIENTED_EDGE('',*,*,#1871,.T.);
#619=ORIENTED_EDGE('',*,*,#1872,.T.);
#620=ORIENTED_EDGE('',*,*,#1873,.F.);
#621=ORIENTED_EDGE('',*,*,#1868,.T.);
#622=ORIENTED_EDGE('',*,*,#1874,.T.);
#623=ORIENTED_EDGE('',*,*,#1875,.F.);
#624=ORIENTED_EDGE('',*,*,#1876,.T.);
#625=ORIENTED_EDGE('',*,*,#1856,.F.);
#626=ORIENTED_EDGE('',*,*,#1830,.F.);
#627=ORIENTED_EDGE('',*,*,#1875,.T.);
#628=ORIENTED_EDGE('',*,*,#1877,.T.);
#629=ORIENTED_EDGE('',*,*,#1748,.T.);
#630=ORIENTED_EDGE('',*,*,#1878,.T.);
#631=ORIENTED_EDGE('',*,*,#1879,.F.);
#632=ORIENTED_EDGE('',*,*,#1880,.F.);
#633=ORIENTED_EDGE('',*,*,#1881,.F.);
#634=ORIENTED_EDGE('',*,*,#1882,.F.);
#635=ORIENTED_EDGE('',*,*,#1883,.F.);
#636=ORIENTED_EDGE('',*,*,#1884,.F.);
#637=ORIENTED_EDGE('',*,*,#1885,.F.);
#638=ORIENTED_EDGE('',*,*,#1886,.F.);
#639=ORIENTED_EDGE('',*,*,#1887,.F.);
#640=ORIENTED_EDGE('',*,*,#1888,.T.);
#641=ORIENTED_EDGE('',*,*,#1889,.T.);
#642=ORIENTED_EDGE('',*,*,#1890,.T.);
#643=ORIENTED_EDGE('',*,*,#1891,.T.);
#644=ORIENTED_EDGE('',*,*,#1833,.T.);
#645=ORIENTED_EDGE('',*,*,#1892,.T.);
#646=ORIENTED_EDGE('',*,*,#1879,.T.);
#647=ORIENTED_EDGE('',*,*,#1893,.T.);
#648=ORIENTED_EDGE('',*,*,#1836,.F.);
#649=ORIENTED_EDGE('',*,*,#1894,.T.);
#650=ORIENTED_EDGE('',*,*,#1826,.F.);
#651=ORIENTED_EDGE('',*,*,#1895,.F.);
#652=ORIENTED_EDGE('',*,*,#1896,.F.);
#653=ORIENTED_EDGE('',*,*,#1897,.T.);
#654=ORIENTED_EDGE('',*,*,#1845,.F.);
#655=ORIENTED_EDGE('',*,*,#1842,.F.);
#656=ORIENTED_EDGE('',*,*,#1811,.F.);
#657=ORIENTED_EDGE('',*,*,#1837,.T.);
#658=ORIENTED_EDGE('',*,*,#1857,.F.);
#659=ORIENTED_EDGE('',*,*,#1876,.F.);
#660=ORIENTED_EDGE('',*,*,#1874,.F.);
#661=ORIENTED_EDGE('',*,*,#1867,.F.);
#662=ORIENTED_EDGE('',*,*,#1859,.F.);
#663=ORIENTED_EDGE('',*,*,#1849,.F.);
#664=ORIENTED_EDGE('',*,*,#1807,.F.);
#665=ORIENTED_EDGE('',*,*,#1848,.F.);
#666=ORIENTED_EDGE('',*,*,#1801,.F.);
#667=ORIENTED_EDGE('',*,*,#1898,.F.);
#668=ORIENTED_EDGE('',*,*,#1899,.F.);
#669=ORIENTED_EDGE('',*,*,#1900,.T.);
#670=ORIENTED_EDGE('',*,*,#1820,.F.);
#671=ORIENTED_EDGE('',*,*,#1901,.T.);
#672=ORIENTED_EDGE('',*,*,#1847,.T.);
#673=ORIENTED_EDGE('',*,*,#1902,.T.);
#674=ORIENTED_EDGE('',*,*,#1813,.T.);
#675=ORIENTED_EDGE('',*,*,#1844,.T.);
#676=ORIENTED_EDGE('',*,*,#1873,.T.);
#677=ORIENTED_EDGE('',*,*,#1903,.T.);
#678=ORIENTED_EDGE('',*,*,#1861,.T.);
#679=ORIENTED_EDGE('',*,*,#1869,.T.);
#680=ORIENTED_EDGE('',*,*,#1904,.T.);
#681=ORIENTED_EDGE('',*,*,#1880,.T.);
#682=ORIENTED_EDGE('',*,*,#1905,.F.);
#683=ORIENTED_EDGE('',*,*,#1864,.F.);
#684=ORIENTED_EDGE('',*,*,#1905,.T.);
#685=ORIENTED_EDGE('',*,*,#1887,.T.);
#686=ORIENTED_EDGE('',*,*,#1906,.F.);
#687=ORIENTED_EDGE('',*,*,#1865,.F.);
#688=ORIENTED_EDGE('',*,*,#1906,.T.);
#689=ORIENTED_EDGE('',*,*,#1886,.T.);
#690=ORIENTED_EDGE('',*,*,#1907,.F.);
#691=ORIENTED_EDGE('',*,*,#1866,.F.);
#692=ORIENTED_EDGE('',*,*,#1907,.T.);
#693=ORIENTED_EDGE('',*,*,#1885,.T.);
#694=ORIENTED_EDGE('',*,*,#1908,.F.);
#695=ORIENTED_EDGE('',*,*,#1854,.F.);
#696=ORIENTED_EDGE('',*,*,#1909,.T.);
#697=ORIENTED_EDGE('',*,*,#1883,.T.);
#698=ORIENTED_EDGE('',*,*,#1910,.F.);
#699=ORIENTED_EDGE('',*,*,#1871,.F.);
#700=ORIENTED_EDGE('',*,*,#1911,.T.);
#701=ORIENTED_EDGE('',*,*,#1881,.T.);
#702=ORIENTED_EDGE('',*,*,#1904,.F.);
#703=ORIENTED_EDGE('',*,*,#1863,.F.);
#704=ORIENTED_EDGE('',*,*,#1884,.T.);
#705=ORIENTED_EDGE('',*,*,#1909,.F.);
#706=ORIENTED_EDGE('',*,*,#1870,.F.);
#707=ORIENTED_EDGE('',*,*,#1828,.F.);
#708=ORIENTED_EDGE('',*,*,#1855,.F.);
#709=ORIENTED_EDGE('',*,*,#1908,.T.);
#710=ORIENTED_EDGE('',*,*,#1882,.T.);
#711=ORIENTED_EDGE('',*,*,#1911,.F.);
#712=ORIENTED_EDGE('',*,*,#1862,.F.);
#713=ORIENTED_EDGE('',*,*,#1903,.F.);
#714=ORIENTED_EDGE('',*,*,#1872,.F.);
#715=ORIENTED_EDGE('',*,*,#1910,.T.);
#716=ORIENTED_EDGE('',*,*,#1912,.F.);
#717=ORIENTED_EDGE('',*,*,#1913,.T.);
#718=ORIENTED_EDGE('',*,*,#1914,.T.);
#719=ORIENTED_EDGE('',*,*,#1915,.F.);
#720=ORIENTED_EDGE('',*,*,#1916,.F.);
#721=ORIENTED_EDGE('',*,*,#1917,.T.);
#722=ORIENTED_EDGE('',*,*,#1912,.T.);
#723=ORIENTED_EDGE('',*,*,#1918,.T.);
#724=ORIENTED_EDGE('',*,*,#1919,.F.);
#725=ORIENTED_EDGE('',*,*,#1920,.T.);
#726=ORIENTED_EDGE('',*,*,#1916,.T.);
#727=ORIENTED_EDGE('',*,*,#1921,.T.);
#728=ORIENTED_EDGE('',*,*,#1922,.F.);
#729=ORIENTED_EDGE('',*,*,#1923,.T.);
#730=ORIENTED_EDGE('',*,*,#1924,.T.);
#731=ORIENTED_EDGE('',*,*,#1925,.F.);
#732=ORIENTED_EDGE('',*,*,#1926,.F.);
#733=ORIENTED_EDGE('',*,*,#1927,.T.);
#734=ORIENTED_EDGE('',*,*,#1922,.T.);
#735=ORIENTED_EDGE('',*,*,#1928,.T.);
#736=ORIENTED_EDGE('',*,*,#1929,.F.);
#737=ORIENTED_EDGE('',*,*,#1930,.T.);
#738=ORIENTED_EDGE('',*,*,#1926,.T.);
#739=ORIENTED_EDGE('',*,*,#1931,.T.);
#740=ORIENTED_EDGE('',*,*,#1924,.F.);
#741=ORIENTED_EDGE('',*,*,#1932,.T.);
#742=ORIENTED_EDGE('',*,*,#1929,.T.);
#743=ORIENTED_EDGE('',*,*,#1933,.F.);
#744=ORIENTED_EDGE('',*,*,#1934,.T.);
#745=ORIENTED_EDGE('',*,*,#1769,.T.);
#746=ORIENTED_EDGE('',*,*,#1935,.T.);
#747=ORIENTED_EDGE('',*,*,#1936,.F.);
#748=ORIENTED_EDGE('',*,*,#1937,.T.);
#749=ORIENTED_EDGE('',*,*,#1938,.F.);
#750=ORIENTED_EDGE('',*,*,#1939,.T.);
#751=ORIENTED_EDGE('',*,*,#1940,.F.);
#752=ORIENTED_EDGE('',*,*,#1941,.F.);
#753=ORIENTED_EDGE('',*,*,#1942,.T.);
#754=ORIENTED_EDGE('',*,*,#1943,.F.);
#755=ORIENTED_EDGE('',*,*,#1770,.T.);
#756=ORIENTED_EDGE('',*,*,#1944,.F.);
#757=ORIENTED_EDGE('',*,*,#1771,.T.);
#758=ORIENTED_EDGE('',*,*,#1945,.T.);
#759=ORIENTED_EDGE('',*,*,#1946,.F.);
#760=ORIENTED_EDGE('',*,*,#1914,.F.);
#761=ORIENTED_EDGE('',*,*,#1947,.T.);
#762=ORIENTED_EDGE('',*,*,#1919,.T.);
#763=ORIENTED_EDGE('',*,*,#1948,.F.);
#764=ORIENTED_EDGE('',*,*,#1949,.T.);
#765=ORIENTED_EDGE('',*,*,#1950,.T.);
#766=ORIENTED_EDGE('',*,*,#1951,.T.);
#767=ORIENTED_EDGE('',*,*,#1853,.T.);
#768=ORIENTED_EDGE('',*,*,#1952,.T.);
#769=ORIENTED_EDGE('',*,*,#1851,.T.);
#770=ORIENTED_EDGE('',*,*,#1858,.F.);
#771=ORIENTED_EDGE('',*,*,#1840,.F.);
#772=ORIENTED_EDGE('',*,*,#1953,.T.);
#773=ORIENTED_EDGE('',*,*,#1838,.F.);
#774=ORIENTED_EDGE('',*,*,#1809,.F.);
#775=ORIENTED_EDGE('',*,*,#1944,.T.);
#776=ORIENTED_EDGE('',*,*,#1943,.T.);
#777=ORIENTED_EDGE('',*,*,#1795,.T.);
#778=ORIENTED_EDGE('',*,*,#1941,.T.);
#779=ORIENTED_EDGE('',*,*,#1790,.T.);
#780=ORIENTED_EDGE('',*,*,#1940,.T.);
#781=ORIENTED_EDGE('',*,*,#1938,.T.);
#782=ORIENTED_EDGE('',*,*,#1936,.T.);
#783=ORIENTED_EDGE('',*,*,#1925,.T.);
#784=ORIENTED_EDGE('',*,*,#1933,.T.);
#785=ORIENTED_EDGE('',*,*,#1931,.F.);
#786=ORIENTED_EDGE('',*,*,#1928,.F.);
#787=ORIENTED_EDGE('',*,*,#1915,.T.);
#788=ORIENTED_EDGE('',*,*,#1948,.T.);
#789=ORIENTED_EDGE('',*,*,#1921,.F.);
#790=ORIENTED_EDGE('',*,*,#1918,.F.);
#791=ORIENTED_EDGE('',*,*,#1954,.F.);
#792=ORIENTED_EDGE('',*,*,#1775,.F.);
#793=ORIENTED_EDGE('',*,*,#1955,.F.);
#794=ORIENTED_EDGE('',*,*,#1920,.F.);
#795=ORIENTED_EDGE('',*,*,#1955,.T.);
#796=ORIENTED_EDGE('',*,*,#1774,.F.);
#797=ORIENTED_EDGE('',*,*,#1956,.F.);
#798=ORIENTED_EDGE('',*,*,#1917,.F.);
#799=ORIENTED_EDGE('',*,*,#1954,.T.);
#800=ORIENTED_EDGE('',*,*,#1947,.F.);
#801=ORIENTED_EDGE('',*,*,#1957,.F.);
#802=ORIENTED_EDGE('',*,*,#1772,.F.);
#803=ORIENTED_EDGE('',*,*,#1956,.T.);
#804=ORIENTED_EDGE('',*,*,#1773,.F.);
#805=ORIENTED_EDGE('',*,*,#1957,.T.);
#806=ORIENTED_EDGE('',*,*,#1913,.F.);
#807=ORIENTED_EDGE('',*,*,#1898,.T.);
#808=ORIENTED_EDGE('',*,*,#1800,.T.);
#809=ORIENTED_EDGE('',*,*,#1816,.T.);
#810=ORIENTED_EDGE('',*,*,#1804,.T.);
#811=ORIENTED_EDGE('',*,*,#1958,.F.);
#812=ORIENTED_EDGE('',*,*,#1959,.F.);
#813=ORIENTED_EDGE('',*,*,#1958,.T.);
#814=ORIENTED_EDGE('',*,*,#1815,.T.);
#815=ORIENTED_EDGE('',*,*,#1960,.F.);
#816=ORIENTED_EDGE('',*,*,#1961,.F.);
#817=ORIENTED_EDGE('',*,*,#1960,.T.);
#818=ORIENTED_EDGE('',*,*,#1814,.F.);
#819=ORIENTED_EDGE('',*,*,#1902,.F.);
#820=ORIENTED_EDGE('',*,*,#1846,.F.);
#821=ORIENTED_EDGE('',*,*,#1897,.F.);
#822=ORIENTED_EDGE('',*,*,#1962,.T.);
#823=ORIENTED_EDGE('',*,*,#1825,.T.);
#824=ORIENTED_EDGE('',*,*,#1963,.T.);
#825=ORIENTED_EDGE('',*,*,#1964,.F.);
#826=ORIENTED_EDGE('',*,*,#1895,.T.);
#827=ORIENTED_EDGE('',*,*,#1823,.F.);
#828=ORIENTED_EDGE('',*,*,#1965,.T.);
#829=ORIENTED_EDGE('',*,*,#1966,.T.);
#830=ORIENTED_EDGE('',*,*,#1967,.T.);
#831=ORIENTED_EDGE('',*,*,#1968,.T.);
#832=ORIENTED_EDGE('',*,*,#1969,.T.);
#833=ORIENTED_EDGE('',*,*,#1821,.F.);
#834=ORIENTED_EDGE('',*,*,#1900,.F.);
#835=ORIENTED_EDGE('',*,*,#1966,.F.);
#836=ORIENTED_EDGE('',*,*,#1970,.T.);
#837=ORIENTED_EDGE('',*,*,#1968,.F.);
#838=ORIENTED_EDGE('',*,*,#1899,.T.);
#839=ORIENTED_EDGE('',*,*,#1959,.T.);
#840=ORIENTED_EDGE('',*,*,#1961,.T.);
#841=ORIENTED_EDGE('',*,*,#1962,.F.);
#842=ORIENTED_EDGE('',*,*,#1896,.T.);
#843=ORIENTED_EDGE('',*,*,#1964,.T.);
#844=ORIENTED_EDGE('',*,*,#1971,.T.);
#845=ORIENTED_EDGE('',*,*,#1970,.F.);
#846=ORIENTED_EDGE('',*,*,#1965,.F.);
#847=ORIENTED_EDGE('',*,*,#1822,.F.);
#848=ORIENTED_EDGE('',*,*,#1969,.F.);
#849=ORIENTED_EDGE('',*,*,#1971,.F.);
#850=ORIENTED_EDGE('',*,*,#1963,.F.);
#851=ORIENTED_EDGE('',*,*,#1824,.F.);
#852=ORIENTED_EDGE('',*,*,#1967,.F.);
#853=ORIENTED_EDGE('',*,*,#1972,.T.);
#854=ORIENTED_EDGE('',*,*,#1951,.F.);
#855=ORIENTED_EDGE('',*,*,#1973,.T.);
#856=ORIENTED_EDGE('',*,*,#1974,.F.);
#857=ORIENTED_EDGE('',*,*,#1974,.T.);
#858=ORIENTED_EDGE('',*,*,#1972,.F.);
#859=ORIENTED_EDGE('',*,*,#1975,.T.);
#860=ORIENTED_EDGE('',*,*,#1950,.F.);
#861=ORIENTED_EDGE('',*,*,#1976,.T.);
#862=ORIENTED_EDGE('',*,*,#1977,.F.);
#863=ORIENTED_EDGE('',*,*,#1977,.T.);
#864=ORIENTED_EDGE('',*,*,#1975,.F.);
#865=ORIENTED_EDGE('',*,*,#1978,.F.);
#866=ORIENTED_EDGE('',*,*,#1946,.T.);
#867=ORIENTED_EDGE('',*,*,#1979,.T.);
#868=ORIENTED_EDGE('',*,*,#1949,.F.);
#869=ORIENTED_EDGE('',*,*,#1979,.F.);
#870=ORIENTED_EDGE('',*,*,#1978,.T.);
#871=ORIENTED_EDGE('',*,*,#1980,.F.);
#872=ORIENTED_EDGE('',*,*,#1973,.F.);
#873=ORIENTED_EDGE('',*,*,#1981,.F.);
#874=ORIENTED_EDGE('',*,*,#1982,.F.);
#875=ORIENTED_EDGE('',*,*,#1976,.F.);
#876=ORIENTED_EDGE('',*,*,#1983,.F.);
#877=ORIENTED_EDGE('',*,*,#1945,.F.);
#878=ORIENTED_EDGE('',*,*,#1777,.F.);
#879=ORIENTED_EDGE('',*,*,#1935,.F.);
#880=ORIENTED_EDGE('',*,*,#1984,.F.);
#881=ORIENTED_EDGE('',*,*,#1937,.F.);
#882=ORIENTED_EDGE('',*,*,#1776,.F.);
#883=ORIENTED_EDGE('',*,*,#1939,.F.);
#884=ORIENTED_EDGE('',*,*,#1985,.T.);
#885=ORIENTED_EDGE('',*,*,#1986,.T.);
#886=ORIENTED_EDGE('',*,*,#1987,.T.);
#887=ORIENTED_EDGE('',*,*,#1988,.T.);
#888=ORIENTED_EDGE('',*,*,#1731,.F.);
#889=ORIENTED_EDGE('',*,*,#1989,.T.);
#890=ORIENTED_EDGE('',*,*,#1733,.F.);
#891=ORIENTED_EDGE('',*,*,#1990,.T.);
#892=ORIENTED_EDGE('',*,*,#1737,.F.);
#893=ORIENTED_EDGE('',*,*,#1991,.T.);
#894=ORIENTED_EDGE('',*,*,#1725,.F.);
#895=ORIENTED_EDGE('',*,*,#1992,.T.);
#896=ORIENTED_EDGE('',*,*,#1993,.T.);
#897=ORIENTED_EDGE('',*,*,#1994,.T.);
#898=ORIENTED_EDGE('',*,*,#1995,.T.);
#899=ORIENTED_EDGE('',*,*,#1996,.F.);
#900=ORIENTED_EDGE('',*,*,#1997,.F.);
#901=ORIENTED_EDGE('',*,*,#1981,.T.);
#902=ORIENTED_EDGE('',*,*,#1998,.F.);
#903=ORIENTED_EDGE('',*,*,#1999,.F.);
#904=ORIENTED_EDGE('',*,*,#1996,.T.);
#905=ORIENTED_EDGE('',*,*,#1998,.T.);
#906=ORIENTED_EDGE('',*,*,#2000,.F.);
#907=ORIENTED_EDGE('',*,*,#2001,.F.);
#908=ORIENTED_EDGE('',*,*,#2002,.F.);
#909=ORIENTED_EDGE('',*,*,#2003,.T.);
#910=ORIENTED_EDGE('',*,*,#2002,.T.);
#911=ORIENTED_EDGE('',*,*,#2004,.F.);
#912=ORIENTED_EDGE('',*,*,#2005,.F.);
#913=ORIENTED_EDGE('',*,*,#2006,.T.);
#914=ORIENTED_EDGE('',*,*,#2005,.T.);
#915=ORIENTED_EDGE('',*,*,#2007,.F.);
#916=ORIENTED_EDGE('',*,*,#2008,.F.);
#917=ORIENTED_EDGE('',*,*,#2009,.T.);
#918=ORIENTED_EDGE('',*,*,#2008,.T.);
#919=ORIENTED_EDGE('',*,*,#2010,.F.);
#920=ORIENTED_EDGE('',*,*,#2011,.F.);
#921=ORIENTED_EDGE('',*,*,#2012,.T.);
#922=ORIENTED_EDGE('',*,*,#2011,.T.);
#923=ORIENTED_EDGE('',*,*,#2013,.T.);
#924=ORIENTED_EDGE('',*,*,#2014,.F.);
#925=ORIENTED_EDGE('',*,*,#2015,.F.);
#926=ORIENTED_EDGE('',*,*,#2014,.T.);
#927=ORIENTED_EDGE('',*,*,#2016,.T.);
#928=ORIENTED_EDGE('',*,*,#2017,.F.);
#929=ORIENTED_EDGE('',*,*,#2018,.F.);
#930=ORIENTED_EDGE('',*,*,#2017,.T.);
#931=ORIENTED_EDGE('',*,*,#2019,.T.);
#932=ORIENTED_EDGE('',*,*,#2020,.F.);
#933=ORIENTED_EDGE('',*,*,#2021,.F.);
#934=ORIENTED_EDGE('',*,*,#2020,.T.);
#935=ORIENTED_EDGE('',*,*,#2022,.F.);
#936=ORIENTED_EDGE('',*,*,#2023,.F.);
#937=ORIENTED_EDGE('',*,*,#2024,.T.);
#938=ORIENTED_EDGE('',*,*,#2023,.T.);
#939=ORIENTED_EDGE('',*,*,#2025,.F.);
#940=ORIENTED_EDGE('',*,*,#2026,.F.);
#941=ORIENTED_EDGE('',*,*,#2027,.T.);
#942=ORIENTED_EDGE('',*,*,#2026,.T.);
#943=ORIENTED_EDGE('',*,*,#2028,.F.);
#944=ORIENTED_EDGE('',*,*,#2029,.F.);
#945=ORIENTED_EDGE('',*,*,#2030,.T.);
#946=ORIENTED_EDGE('',*,*,#2029,.T.);
#947=ORIENTED_EDGE('',*,*,#2031,.F.);
#948=ORIENTED_EDGE('',*,*,#2032,.F.);
#949=ORIENTED_EDGE('',*,*,#2033,.T.);
#950=ORIENTED_EDGE('',*,*,#2032,.T.);
#951=ORIENTED_EDGE('',*,*,#2034,.F.);
#952=ORIENTED_EDGE('',*,*,#2035,.F.);
#953=ORIENTED_EDGE('',*,*,#2036,.T.);
#954=ORIENTED_EDGE('',*,*,#2035,.T.);
#955=ORIENTED_EDGE('',*,*,#2037,.F.);
#956=ORIENTED_EDGE('',*,*,#1797,.F.);
#957=ORIENTED_EDGE('',*,*,#2038,.T.);
#958=ORIENTED_EDGE('',*,*,#1799,.T.);
#959=ORIENTED_EDGE('',*,*,#2039,.F.);
#960=ORIENTED_EDGE('',*,*,#2040,.F.);
#961=ORIENTED_EDGE('',*,*,#2041,.T.);
#962=ORIENTED_EDGE('',*,*,#2040,.T.);
#963=ORIENTED_EDGE('',*,*,#2042,.T.);
#964=ORIENTED_EDGE('',*,*,#2043,.F.);
#965=ORIENTED_EDGE('',*,*,#2044,.F.);
#966=ORIENTED_EDGE('',*,*,#2043,.T.);
#967=ORIENTED_EDGE('',*,*,#2045,.F.);
#968=ORIENTED_EDGE('',*,*,#2046,.F.);
#969=ORIENTED_EDGE('',*,*,#2047,.T.);
#970=ORIENTED_EDGE('',*,*,#2046,.T.);
#971=ORIENTED_EDGE('',*,*,#2048,.F.);
#972=ORIENTED_EDGE('',*,*,#2049,.F.);
#973=ORIENTED_EDGE('',*,*,#2050,.T.);
#974=ORIENTED_EDGE('',*,*,#2049,.T.);
#975=ORIENTED_EDGE('',*,*,#2051,.F.);
#976=ORIENTED_EDGE('',*,*,#1792,.F.);
#977=ORIENTED_EDGE('',*,*,#2052,.T.);
#978=ORIENTED_EDGE('',*,*,#1794,.T.);
#979=ORIENTED_EDGE('',*,*,#2053,.T.);
#980=ORIENTED_EDGE('',*,*,#1788,.F.);
#981=ORIENTED_EDGE('',*,*,#2054,.F.);
#982=ORIENTED_EDGE('',*,*,#1786,.T.);
#983=ORIENTED_EDGE('',*,*,#2055,.T.);
#984=ORIENTED_EDGE('',*,*,#2056,.F.);
#985=ORIENTED_EDGE('',*,*,#2057,.F.);
#986=ORIENTED_EDGE('',*,*,#2056,.T.);
#987=ORIENTED_EDGE('',*,*,#2058,.T.);
#988=ORIENTED_EDGE('',*,*,#2059,.F.);
#989=ORIENTED_EDGE('',*,*,#2060,.F.);
#990=ORIENTED_EDGE('',*,*,#2059,.T.);
#991=ORIENTED_EDGE('',*,*,#2061,.T.);
#992=ORIENTED_EDGE('',*,*,#2062,.F.);
#993=ORIENTED_EDGE('',*,*,#2063,.F.);
#994=ORIENTED_EDGE('',*,*,#2062,.T.);
#995=ORIENTED_EDGE('',*,*,#2064,.T.);
#996=ORIENTED_EDGE('',*,*,#2065,.F.);
#997=ORIENTED_EDGE('',*,*,#2066,.F.);
#998=ORIENTED_EDGE('',*,*,#2065,.T.);
#999=ORIENTED_EDGE('',*,*,#2067,.T.);
#1000=ORIENTED_EDGE('',*,*,#2068,.F.);
#1001=ORIENTED_EDGE('',*,*,#2069,.F.);
#1002=ORIENTED_EDGE('',*,*,#2068,.T.);
#1003=ORIENTED_EDGE('',*,*,#2070,.T.);
#1004=ORIENTED_EDGE('',*,*,#1993,.F.);
#1005=ORIENTED_EDGE('',*,*,#2071,.F.);
#1006=ORIENTED_EDGE('',*,*,#1997,.T.);
#1007=ORIENTED_EDGE('',*,*,#1999,.T.);
#1008=ORIENTED_EDGE('',*,*,#2003,.F.);
#1009=ORIENTED_EDGE('',*,*,#2006,.F.);
#1010=ORIENTED_EDGE('',*,*,#2009,.F.);
#1011=ORIENTED_EDGE('',*,*,#2012,.F.);
#1012=ORIENTED_EDGE('',*,*,#2015,.T.);
#1013=ORIENTED_EDGE('',*,*,#2018,.T.);
#1014=ORIENTED_EDGE('',*,*,#2021,.T.);
#1015=ORIENTED_EDGE('',*,*,#2024,.F.);
#1016=ORIENTED_EDGE('',*,*,#2027,.F.);
#1017=ORIENTED_EDGE('',*,*,#2030,.F.);
#1018=ORIENTED_EDGE('',*,*,#2033,.F.);
#1019=ORIENTED_EDGE('',*,*,#2036,.F.);
#1020=ORIENTED_EDGE('',*,*,#2038,.F.);
#1021=ORIENTED_EDGE('',*,*,#1796,.F.);
#1022=ORIENTED_EDGE('',*,*,#2041,.F.);
#1023=ORIENTED_EDGE('',*,*,#2044,.T.);
#1024=ORIENTED_EDGE('',*,*,#2047,.F.);
#1025=ORIENTED_EDGE('',*,*,#2050,.F.);
#1026=ORIENTED_EDGE('',*,*,#2052,.F.);
#1027=ORIENTED_EDGE('',*,*,#1791,.F.);
#1028=ORIENTED_EDGE('',*,*,#2054,.T.);
#1029=ORIENTED_EDGE('',*,*,#2072,.F.);
#1030=ORIENTED_EDGE('',*,*,#2057,.T.);
#1031=ORIENTED_EDGE('',*,*,#2060,.T.);
#1032=ORIENTED_EDGE('',*,*,#2063,.T.);
#1033=ORIENTED_EDGE('',*,*,#2066,.T.);
#1034=ORIENTED_EDGE('',*,*,#2069,.T.);
#1035=ORIENTED_EDGE('',*,*,#2071,.T.);
#1036=ORIENTED_EDGE('',*,*,#2073,.F.);
#1037=ORIENTED_EDGE('',*,*,#1781,.F.);
#1038=ORIENTED_EDGE('',*,*,#2074,.F.);
#1039=ORIENTED_EDGE('',*,*,#1927,.F.);
#1040=ORIENTED_EDGE('',*,*,#2074,.T.);
#1041=ORIENTED_EDGE('',*,*,#1780,.F.);
#1042=ORIENTED_EDGE('',*,*,#2075,.F.);
#1043=ORIENTED_EDGE('',*,*,#1923,.F.);
#1044=ORIENTED_EDGE('',*,*,#2073,.T.);
#1045=ORIENTED_EDGE('',*,*,#1930,.F.);
#1046=ORIENTED_EDGE('',*,*,#2076,.F.);
#1047=ORIENTED_EDGE('',*,*,#1778,.F.);
#1048=ORIENTED_EDGE('',*,*,#2075,.T.);
#1049=ORIENTED_EDGE('',*,*,#1779,.F.);
#1050=ORIENTED_EDGE('',*,*,#2076,.T.);
#1051=ORIENTED_EDGE('',*,*,#1932,.F.);
#1052=ORIENTED_EDGE('',*,*,#2077,.F.);
#1053=ORIENTED_EDGE('',*,*,#2078,.F.);
#1054=ORIENTED_EDGE('',*,*,#1782,.F.);
#1055=ORIENTED_EDGE('',*,*,#2079,.F.);
#1056=ORIENTED_EDGE('',*,*,#1987,.F.);
#1057=ORIENTED_EDGE('',*,*,#2079,.T.);
#1058=ORIENTED_EDGE('',*,*,#1785,.F.);
#1059=ORIENTED_EDGE('',*,*,#2080,.F.);
#1060=ORIENTED_EDGE('',*,*,#1988,.F.);
#1061=ORIENTED_EDGE('',*,*,#2077,.T.);
#1062=ORIENTED_EDGE('',*,*,#1986,.F.);
#1063=ORIENTED_EDGE('',*,*,#2081,.F.);
#1064=ORIENTED_EDGE('',*,*,#2082,.F.);
#1065=ORIENTED_EDGE('',*,*,#2080,.T.);
#1066=ORIENTED_EDGE('',*,*,#1784,.F.);
#1067=ORIENTED_EDGE('',*,*,#2083,.F.);
#1068=ORIENTED_EDGE('',*,*,#2081,.T.);
#1069=ORIENTED_EDGE('',*,*,#1985,.F.);
#1070=ORIENTED_EDGE('',*,*,#2083,.T.);
#1071=ORIENTED_EDGE('',*,*,#2084,.F.);
#1072=ORIENTED_EDGE('',*,*,#2085,.F.);
#1073=ORIENTED_EDGE('',*,*,#2086,.T.);
#1074=ORIENTED_EDGE('',*,*,#1783,.T.);
#1075=ORIENTED_EDGE('',*,*,#2087,.F.);
#1076=ORIENTED_EDGE('',*,*,#2088,.F.);
#1077=ORIENTED_EDGE('',*,*,#2084,.T.);
#1078=ORIENTED_EDGE('',*,*,#2078,.T.);
#1079=ORIENTED_EDGE('',*,*,#2089,.F.);
#1080=ORIENTED_EDGE('',*,*,#2090,.F.);
#1081=ORIENTED_EDGE('',*,*,#2087,.T.);
#1082=ORIENTED_EDGE('',*,*,#2091,.F.);
#1083=ORIENTED_EDGE('',*,*,#1983,.T.);
#1084=ORIENTED_EDGE('',*,*,#2092,.F.);
#1085=ORIENTED_EDGE('',*,*,#1980,.T.);
#1086=ORIENTED_EDGE('',*,*,#2093,.F.);
#1087=ORIENTED_EDGE('',*,*,#1984,.T.);
#1088=ORIENTED_EDGE('',*,*,#1982,.T.);
#1089=ORIENTED_EDGE('',*,*,#1995,.F.);
#1090=ORIENTED_EDGE('',*,*,#2094,.F.);
#1091=ORIENTED_EDGE('',*,*,#2000,.T.);
#1092=ORIENTED_EDGE('',*,*,#2082,.T.);
#1093=ORIENTED_EDGE('',*,*,#2086,.F.);
#1094=ORIENTED_EDGE('',*,*,#2095,.F.);
#1095=ORIENTED_EDGE('',*,*,#2089,.T.);
#1096=ORIENTED_EDGE('',*,*,#1994,.F.);
#1097=ORIENTED_EDGE('',*,*,#2070,.F.);
#1098=ORIENTED_EDGE('',*,*,#2067,.F.);
#1099=ORIENTED_EDGE('',*,*,#2064,.F.);
#1100=ORIENTED_EDGE('',*,*,#2061,.F.);
#1101=ORIENTED_EDGE('',*,*,#2058,.F.);
#1102=ORIENTED_EDGE('',*,*,#2055,.F.);
#1103=ORIENTED_EDGE('',*,*,#1789,.F.);
#1104=ORIENTED_EDGE('',*,*,#2053,.F.);
#1105=ORIENTED_EDGE('',*,*,#1793,.F.);
#1106=ORIENTED_EDGE('',*,*,#2051,.T.);
#1107=ORIENTED_EDGE('',*,*,#2048,.T.);
#1108=ORIENTED_EDGE('',*,*,#2045,.T.);
#1109=ORIENTED_EDGE('',*,*,#2042,.F.);
#1110=ORIENTED_EDGE('',*,*,#2039,.T.);
#1111=ORIENTED_EDGE('',*,*,#1798,.F.);
#1112=ORIENTED_EDGE('',*,*,#2037,.T.);
#1113=ORIENTED_EDGE('',*,*,#2034,.T.);
#1114=ORIENTED_EDGE('',*,*,#2031,.T.);
#1115=ORIENTED_EDGE('',*,*,#2028,.T.);
#1116=ORIENTED_EDGE('',*,*,#2025,.T.);
#1117=ORIENTED_EDGE('',*,*,#2022,.T.);
#1118=ORIENTED_EDGE('',*,*,#2019,.F.);
#1119=ORIENTED_EDGE('',*,*,#2016,.F.);
#1120=ORIENTED_EDGE('',*,*,#2013,.F.);
#1121=ORIENTED_EDGE('',*,*,#2010,.T.);
#1122=ORIENTED_EDGE('',*,*,#2007,.T.);
#1123=ORIENTED_EDGE('',*,*,#2004,.T.);
#1124=ORIENTED_EDGE('',*,*,#2001,.T.);
#1125=ORIENTED_EDGE('',*,*,#2094,.T.);
#1126=ORIENTED_EDGE('',*,*,#2093,.T.);
#1127=ORIENTED_EDGE('',*,*,#2092,.T.);
#1128=ORIENTED_EDGE('',*,*,#2096,.T.);
#1129=ORIENTED_EDGE('',*,*,#2097,.T.);
#1130=ORIENTED_EDGE('',*,*,#2098,.T.);
#1131=ORIENTED_EDGE('',*,*,#2099,.T.);
#1132=ORIENTED_EDGE('',*,*,#2100,.T.);
#1133=ORIENTED_EDGE('',*,*,#2101,.T.);
#1134=ORIENTED_EDGE('',*,*,#2102,.T.);
#1135=ORIENTED_EDGE('',*,*,#2103,.T.);
#1136=ORIENTED_EDGE('',*,*,#2104,.T.);
#1137=ORIENTED_EDGE('',*,*,#2105,.T.);
#1138=ORIENTED_EDGE('',*,*,#2106,.T.);
#1139=ORIENTED_EDGE('',*,*,#2107,.T.);
#1140=ORIENTED_EDGE('',*,*,#2108,.T.);
#1141=ORIENTED_EDGE('',*,*,#2109,.T.);
#1142=ORIENTED_EDGE('',*,*,#2110,.T.);
#1143=ORIENTED_EDGE('',*,*,#2111,.T.);
#1144=ORIENTED_EDGE('',*,*,#2112,.T.);
#1145=ORIENTED_EDGE('',*,*,#2113,.T.);
#1146=ORIENTED_EDGE('',*,*,#2114,.T.);
#1147=ORIENTED_EDGE('',*,*,#2115,.T.);
#1148=ORIENTED_EDGE('',*,*,#2116,.T.);
#1149=ORIENTED_EDGE('',*,*,#2117,.T.);
#1150=ORIENTED_EDGE('',*,*,#2118,.T.);
#1151=ORIENTED_EDGE('',*,*,#2119,.T.);
#1152=ORIENTED_EDGE('',*,*,#1942,.F.);
#1153=ORIENTED_EDGE('',*,*,#2091,.T.);
#1154=ORIENTED_EDGE('',*,*,#2120,.T.);
#1155=ORIENTED_EDGE('',*,*,#2121,.T.);
#1156=ORIENTED_EDGE('',*,*,#2122,.T.);
#1157=ORIENTED_EDGE('',*,*,#2123,.T.);
#1158=ORIENTED_EDGE('',*,*,#2124,.T.);
#1159=ORIENTED_EDGE('',*,*,#2125,.T.);
#1160=ORIENTED_EDGE('',*,*,#2126,.T.);
#1161=ORIENTED_EDGE('',*,*,#2127,.T.);
#1162=ORIENTED_EDGE('',*,*,#2128,.T.);
#1163=ORIENTED_EDGE('',*,*,#2129,.T.);
#1164=ORIENTED_EDGE('',*,*,#2130,.T.);
#1165=ORIENTED_EDGE('',*,*,#2131,.T.);
#1166=ORIENTED_EDGE('',*,*,#2132,.T.);
#1167=ORIENTED_EDGE('',*,*,#2133,.T.);
#1168=ORIENTED_EDGE('',*,*,#2134,.T.);
#1169=ORIENTED_EDGE('',*,*,#2135,.T.);
#1170=ORIENTED_EDGE('',*,*,#2136,.T.);
#1171=ORIENTED_EDGE('',*,*,#2137,.T.);
#1172=ORIENTED_EDGE('',*,*,#2138,.T.);
#1173=ORIENTED_EDGE('',*,*,#2139,.T.);
#1174=ORIENTED_EDGE('',*,*,#2140,.T.);
#1175=ORIENTED_EDGE('',*,*,#2141,.T.);
#1176=ORIENTED_EDGE('',*,*,#2142,.T.);
#1177=ORIENTED_EDGE('',*,*,#2143,.T.);
#1178=ORIENTED_EDGE('',*,*,#2144,.T.);
#1179=ORIENTED_EDGE('',*,*,#2145,.T.);
#1180=ORIENTED_EDGE('',*,*,#2146,.T.);
#1181=ORIENTED_EDGE('',*,*,#2147,.T.);
#1182=ORIENTED_EDGE('',*,*,#2148,.T.);
#1183=ORIENTED_EDGE('',*,*,#2149,.T.);
#1184=ORIENTED_EDGE('',*,*,#2150,.T.);
#1185=ORIENTED_EDGE('',*,*,#2151,.T.);
#1186=ORIENTED_EDGE('',*,*,#2152,.T.);
#1187=ORIENTED_EDGE('',*,*,#2153,.T.);
#1188=ORIENTED_EDGE('',*,*,#2154,.T.);
#1189=ORIENTED_EDGE('',*,*,#2155,.T.);
#1190=ORIENTED_EDGE('',*,*,#2156,.T.);
#1191=ORIENTED_EDGE('',*,*,#2157,.T.);
#1192=ORIENTED_EDGE('',*,*,#2085,.T.);
#1193=ORIENTED_EDGE('',*,*,#2088,.T.);
#1194=ORIENTED_EDGE('',*,*,#2090,.T.);
#1195=ORIENTED_EDGE('',*,*,#2095,.T.);
#1196=ORIENTED_EDGE('',*,*,#2158,.T.);
#1197=ORIENTED_EDGE('',*,*,#2159,.T.);
#1198=ORIENTED_EDGE('',*,*,#2160,.T.);
#1199=ORIENTED_EDGE('',*,*,#2161,.T.);
#1200=ORIENTED_EDGE('',*,*,#2162,.T.);
#1201=ORIENTED_EDGE('',*,*,#2163,.T.);
#1202=ORIENTED_EDGE('',*,*,#2164,.T.);
#1203=ORIENTED_EDGE('',*,*,#2165,.T.);
#1204=ORIENTED_EDGE('',*,*,#2166,.T.);
#1205=ORIENTED_EDGE('',*,*,#2167,.T.);
#1206=ORIENTED_EDGE('',*,*,#2168,.T.);
#1207=ORIENTED_EDGE('',*,*,#2169,.T.);
#1208=ORIENTED_EDGE('',*,*,#2170,.T.);
#1209=ORIENTED_EDGE('',*,*,#2171,.T.);
#1210=ORIENTED_EDGE('',*,*,#2160,.F.);
#1211=ORIENTED_EDGE('',*,*,#2172,.F.);
#1212=ORIENTED_EDGE('',*,*,#2173,.T.);
#1213=ORIENTED_EDGE('',*,*,#2174,.T.);
#1214=ORIENTED_EDGE('',*,*,#2161,.F.);
#1215=ORIENTED_EDGE('',*,*,#2174,.F.);
#1216=ORIENTED_EDGE('',*,*,#2175,.T.);
#1217=ORIENTED_EDGE('',*,*,#2176,.T.);
#1218=ORIENTED_EDGE('',*,*,#2162,.F.);
#1219=ORIENTED_EDGE('',*,*,#2176,.F.);
#1220=ORIENTED_EDGE('',*,*,#2177,.T.);
#1221=ORIENTED_EDGE('',*,*,#2178,.T.);
#1222=ORIENTED_EDGE('',*,*,#2163,.F.);
#1223=ORIENTED_EDGE('',*,*,#2178,.F.);
#1224=ORIENTED_EDGE('',*,*,#2179,.T.);
#1225=ORIENTED_EDGE('',*,*,#2180,.T.);
#1226=ORIENTED_EDGE('',*,*,#2164,.F.);
#1227=ORIENTED_EDGE('',*,*,#2180,.F.);
#1228=ORIENTED_EDGE('',*,*,#2181,.T.);
#1229=ORIENTED_EDGE('',*,*,#2182,.T.);
#1230=ORIENTED_EDGE('',*,*,#2165,.F.);
#1231=ORIENTED_EDGE('',*,*,#2182,.F.);
#1232=ORIENTED_EDGE('',*,*,#2183,.T.);
#1233=ORIENTED_EDGE('',*,*,#2184,.T.);
#1234=ORIENTED_EDGE('',*,*,#2166,.F.);
#1235=ORIENTED_EDGE('',*,*,#2184,.F.);
#1236=ORIENTED_EDGE('',*,*,#2185,.T.);
#1237=ORIENTED_EDGE('',*,*,#2186,.T.);
#1238=ORIENTED_EDGE('',*,*,#2167,.F.);
#1239=ORIENTED_EDGE('',*,*,#2186,.F.);
#1240=ORIENTED_EDGE('',*,*,#2187,.T.);
#1241=ORIENTED_EDGE('',*,*,#2188,.T.);
#1242=ORIENTED_EDGE('',*,*,#2168,.F.);
#1243=ORIENTED_EDGE('',*,*,#2188,.F.);
#1244=ORIENTED_EDGE('',*,*,#2189,.T.);
#1245=ORIENTED_EDGE('',*,*,#2190,.T.);
#1246=ORIENTED_EDGE('',*,*,#2169,.F.);
#1247=ORIENTED_EDGE('',*,*,#2190,.F.);
#1248=ORIENTED_EDGE('',*,*,#2191,.T.);
#1249=ORIENTED_EDGE('',*,*,#2192,.T.);
#1250=ORIENTED_EDGE('',*,*,#2170,.F.);
#1251=ORIENTED_EDGE('',*,*,#2192,.F.);
#1252=ORIENTED_EDGE('',*,*,#2193,.T.);
#1253=ORIENTED_EDGE('',*,*,#2194,.T.);
#1254=ORIENTED_EDGE('',*,*,#2171,.F.);
#1255=ORIENTED_EDGE('',*,*,#2194,.F.);
#1256=ORIENTED_EDGE('',*,*,#2195,.T.);
#1257=ORIENTED_EDGE('',*,*,#2196,.T.);
#1258=ORIENTED_EDGE('',*,*,#2158,.F.);
#1259=ORIENTED_EDGE('',*,*,#2196,.F.);
#1260=ORIENTED_EDGE('',*,*,#2197,.T.);
#1261=ORIENTED_EDGE('',*,*,#2198,.T.);
#1262=ORIENTED_EDGE('',*,*,#2159,.F.);
#1263=ORIENTED_EDGE('',*,*,#2198,.F.);
#1264=ORIENTED_EDGE('',*,*,#2199,.T.);
#1265=ORIENTED_EDGE('',*,*,#2172,.T.);
#1266=ORIENTED_EDGE('',*,*,#2200,.F.);
#1267=ORIENTED_EDGE('',*,*,#2201,.F.);
#1268=ORIENTED_EDGE('',*,*,#2202,.F.);
#1269=ORIENTED_EDGE('',*,*,#2203,.F.);
#1270=ORIENTED_EDGE('',*,*,#2204,.F.);
#1271=ORIENTED_EDGE('',*,*,#2205,.F.);
#1272=ORIENTED_EDGE('',*,*,#2206,.F.);
#1273=ORIENTED_EDGE('',*,*,#2207,.F.);
#1274=ORIENTED_EDGE('',*,*,#2208,.F.);
#1275=ORIENTED_EDGE('',*,*,#2209,.F.);
#1276=ORIENTED_EDGE('',*,*,#2210,.F.);
#1277=ORIENTED_EDGE('',*,*,#2211,.F.);
#1278=ORIENTED_EDGE('',*,*,#2212,.F.);
#1279=ORIENTED_EDGE('',*,*,#2213,.F.);
#1280=ORIENTED_EDGE('',*,*,#2199,.F.);
#1281=ORIENTED_EDGE('',*,*,#2197,.F.);
#1282=ORIENTED_EDGE('',*,*,#2195,.F.);
#1283=ORIENTED_EDGE('',*,*,#2193,.F.);
#1284=ORIENTED_EDGE('',*,*,#2191,.F.);
#1285=ORIENTED_EDGE('',*,*,#2189,.F.);
#1286=ORIENTED_EDGE('',*,*,#2187,.F.);
#1287=ORIENTED_EDGE('',*,*,#2185,.F.);
#1288=ORIENTED_EDGE('',*,*,#2183,.F.);
#1289=ORIENTED_EDGE('',*,*,#2181,.F.);
#1290=ORIENTED_EDGE('',*,*,#2179,.F.);
#1291=ORIENTED_EDGE('',*,*,#2177,.F.);
#1292=ORIENTED_EDGE('',*,*,#2175,.F.);
#1293=ORIENTED_EDGE('',*,*,#2173,.F.);
#1294=ORIENTED_EDGE('',*,*,#2214,.T.);
#1295=ORIENTED_EDGE('',*,*,#2109,.F.);
#1296=ORIENTED_EDGE('',*,*,#2215,.F.);
#1297=ORIENTED_EDGE('',*,*,#2213,.T.);
#1298=ORIENTED_EDGE('',*,*,#2216,.T.);
#1299=ORIENTED_EDGE('',*,*,#2110,.F.);
#1300=ORIENTED_EDGE('',*,*,#2214,.F.);
#1301=ORIENTED_EDGE('',*,*,#2212,.T.);
#1302=ORIENTED_EDGE('',*,*,#2217,.T.);
#1303=ORIENTED_EDGE('',*,*,#2111,.F.);
#1304=ORIENTED_EDGE('',*,*,#2216,.F.);
#1305=ORIENTED_EDGE('',*,*,#2211,.T.);
#1306=ORIENTED_EDGE('',*,*,#2218,.T.);
#1307=ORIENTED_EDGE('',*,*,#2112,.F.);
#1308=ORIENTED_EDGE('',*,*,#2217,.F.);
#1309=ORIENTED_EDGE('',*,*,#2210,.T.);
#1310=ORIENTED_EDGE('',*,*,#2219,.T.);
#1311=ORIENTED_EDGE('',*,*,#2113,.F.);
#1312=ORIENTED_EDGE('',*,*,#2218,.F.);
#1313=ORIENTED_EDGE('',*,*,#2209,.T.);
#1314=ORIENTED_EDGE('',*,*,#2220,.T.);
#1315=ORIENTED_EDGE('',*,*,#2114,.F.);
#1316=ORIENTED_EDGE('',*,*,#2219,.F.);
#1317=ORIENTED_EDGE('',*,*,#2208,.T.);
#1318=ORIENTED_EDGE('',*,*,#2221,.T.);
#1319=ORIENTED_EDGE('',*,*,#2115,.F.);
#1320=ORIENTED_EDGE('',*,*,#2220,.F.);
#1321=ORIENTED_EDGE('',*,*,#2207,.T.);
#1322=ORIENTED_EDGE('',*,*,#2222,.T.);
#1323=ORIENTED_EDGE('',*,*,#2116,.F.);
#1324=ORIENTED_EDGE('',*,*,#2221,.F.);
#1325=ORIENTED_EDGE('',*,*,#2206,.T.);
#1326=ORIENTED_EDGE('',*,*,#2223,.T.);
#1327=ORIENTED_EDGE('',*,*,#2117,.F.);
#1328=ORIENTED_EDGE('',*,*,#2222,.F.);
#1329=ORIENTED_EDGE('',*,*,#2205,.T.);
#1330=ORIENTED_EDGE('',*,*,#2224,.T.);
#1331=ORIENTED_EDGE('',*,*,#2118,.F.);
#1332=ORIENTED_EDGE('',*,*,#2223,.F.);
#1333=ORIENTED_EDGE('',*,*,#2204,.T.);
#1334=ORIENTED_EDGE('',*,*,#2225,.T.);
#1335=ORIENTED_EDGE('',*,*,#2119,.F.);
#1336=ORIENTED_EDGE('',*,*,#2224,.F.);
#1337=ORIENTED_EDGE('',*,*,#2203,.T.);
#1338=ORIENTED_EDGE('',*,*,#2226,.T.);
#1339=ORIENTED_EDGE('',*,*,#2106,.F.);
#1340=ORIENTED_EDGE('',*,*,#2225,.F.);
#1341=ORIENTED_EDGE('',*,*,#2202,.T.);
#1342=ORIENTED_EDGE('',*,*,#2227,.T.);
#1343=ORIENTED_EDGE('',*,*,#2107,.F.);
#1344=ORIENTED_EDGE('',*,*,#2226,.F.);
#1345=ORIENTED_EDGE('',*,*,#2201,.T.);
#1346=ORIENTED_EDGE('',*,*,#2215,.T.);
#1347=ORIENTED_EDGE('',*,*,#2108,.F.);
#1348=ORIENTED_EDGE('',*,*,#2227,.F.);
#1349=ORIENTED_EDGE('',*,*,#2200,.T.);
#1350=ORIENTED_EDGE('',*,*,#2228,.F.);
#1351=ORIENTED_EDGE('',*,*,#2229,.F.);
#1352=ORIENTED_EDGE('',*,*,#2230,.F.);
#1353=ORIENTED_EDGE('',*,*,#2231,.F.);
#1354=ORIENTED_EDGE('',*,*,#2232,.F.);
#1355=ORIENTED_EDGE('',*,*,#2233,.F.);
#1356=ORIENTED_EDGE('',*,*,#2234,.F.);
#1357=ORIENTED_EDGE('',*,*,#2235,.F.);
#1358=ORIENTED_EDGE('',*,*,#2236,.F.);
#1359=ORIENTED_EDGE('',*,*,#2237,.F.);
#1360=ORIENTED_EDGE('',*,*,#2238,.T.);
#1361=ORIENTED_EDGE('',*,*,#2099,.F.);
#1362=ORIENTED_EDGE('',*,*,#2239,.F.);
#1363=ORIENTED_EDGE('',*,*,#2237,.T.);
#1364=ORIENTED_EDGE('',*,*,#2240,.T.);
#1365=ORIENTED_EDGE('',*,*,#2100,.F.);
#1366=ORIENTED_EDGE('',*,*,#2238,.F.);
#1367=ORIENTED_EDGE('',*,*,#2236,.T.);
#1368=ORIENTED_EDGE('',*,*,#2241,.T.);
#1369=ORIENTED_EDGE('',*,*,#2101,.F.);
#1370=ORIENTED_EDGE('',*,*,#2240,.F.);
#1371=ORIENTED_EDGE('',*,*,#2235,.T.);
#1372=ORIENTED_EDGE('',*,*,#2242,.T.);
#1373=ORIENTED_EDGE('',*,*,#2102,.F.);
#1374=ORIENTED_EDGE('',*,*,#2241,.F.);
#1375=ORIENTED_EDGE('',*,*,#2234,.T.);
#1376=ORIENTED_EDGE('',*,*,#2243,.T.);
#1377=ORIENTED_EDGE('',*,*,#2103,.F.);
#1378=ORIENTED_EDGE('',*,*,#2242,.F.);
#1379=ORIENTED_EDGE('',*,*,#2233,.T.);
#1380=ORIENTED_EDGE('',*,*,#2244,.T.);
#1381=ORIENTED_EDGE('',*,*,#2104,.F.);
#1382=ORIENTED_EDGE('',*,*,#2243,.F.);
#1383=ORIENTED_EDGE('',*,*,#2232,.T.);
#1384=ORIENTED_EDGE('',*,*,#2245,.T.);
#1385=ORIENTED_EDGE('',*,*,#2105,.F.);
#1386=ORIENTED_EDGE('',*,*,#2244,.F.);
#1387=ORIENTED_EDGE('',*,*,#2231,.T.);
#1388=ORIENTED_EDGE('',*,*,#2246,.T.);
#1389=ORIENTED_EDGE('',*,*,#2096,.F.);
#1390=ORIENTED_EDGE('',*,*,#2245,.F.);
#1391=ORIENTED_EDGE('',*,*,#2230,.T.);
#1392=ORIENTED_EDGE('',*,*,#2247,.T.);
#1393=ORIENTED_EDGE('',*,*,#2097,.F.);
#1394=ORIENTED_EDGE('',*,*,#2246,.F.);
#1395=ORIENTED_EDGE('',*,*,#2229,.T.);
#1396=ORIENTED_EDGE('',*,*,#2239,.T.);
#1397=ORIENTED_EDGE('',*,*,#2098,.F.);
#1398=ORIENTED_EDGE('',*,*,#2247,.F.);
#1399=ORIENTED_EDGE('',*,*,#2228,.T.);
#1400=ORIENTED_EDGE('',*,*,#2248,.T.);
#1401=ORIENTED_EDGE('',*,*,#2249,.T.);
#1402=ORIENTED_EDGE('',*,*,#2250,.T.);
#1403=ORIENTED_EDGE('',*,*,#2251,.T.);
#1404=ORIENTED_EDGE('',*,*,#2252,.T.);
#1405=ORIENTED_EDGE('',*,*,#2253,.T.);
#1406=ORIENTED_EDGE('',*,*,#2254,.T.);
#1407=ORIENTED_EDGE('',*,*,#2255,.T.);
#1408=ORIENTED_EDGE('',*,*,#2256,.T.);
#1409=ORIENTED_EDGE('',*,*,#2257,.T.);
#1410=ORIENTED_EDGE('',*,*,#2258,.T.);
#1411=ORIENTED_EDGE('',*,*,#2259,.T.);
#1412=ORIENTED_EDGE('',*,*,#2260,.T.);
#1413=ORIENTED_EDGE('',*,*,#2261,.T.);
#1414=ORIENTED_EDGE('',*,*,#2250,.F.);
#1415=ORIENTED_EDGE('',*,*,#2262,.F.);
#1416=ORIENTED_EDGE('',*,*,#2263,.T.);
#1417=ORIENTED_EDGE('',*,*,#2264,.T.);
#1418=ORIENTED_EDGE('',*,*,#2251,.F.);
#1419=ORIENTED_EDGE('',*,*,#2264,.F.);
#1420=ORIENTED_EDGE('',*,*,#2265,.T.);
#1421=ORIENTED_EDGE('',*,*,#2266,.T.);
#1422=ORIENTED_EDGE('',*,*,#2252,.F.);
#1423=ORIENTED_EDGE('',*,*,#2266,.F.);
#1424=ORIENTED_EDGE('',*,*,#2267,.T.);
#1425=ORIENTED_EDGE('',*,*,#2268,.T.);
#1426=ORIENTED_EDGE('',*,*,#2253,.F.);
#1427=ORIENTED_EDGE('',*,*,#2268,.F.);
#1428=ORIENTED_EDGE('',*,*,#2269,.T.);
#1429=ORIENTED_EDGE('',*,*,#2270,.T.);
#1430=ORIENTED_EDGE('',*,*,#2254,.F.);
#1431=ORIENTED_EDGE('',*,*,#2270,.F.);
#1432=ORIENTED_EDGE('',*,*,#2271,.T.);
#1433=ORIENTED_EDGE('',*,*,#2272,.T.);
#1434=ORIENTED_EDGE('',*,*,#2255,.F.);
#1435=ORIENTED_EDGE('',*,*,#2272,.F.);
#1436=ORIENTED_EDGE('',*,*,#2273,.T.);
#1437=ORIENTED_EDGE('',*,*,#2274,.T.);
#1438=ORIENTED_EDGE('',*,*,#2256,.F.);
#1439=ORIENTED_EDGE('',*,*,#2274,.F.);
#1440=ORIENTED_EDGE('',*,*,#2275,.T.);
#1441=ORIENTED_EDGE('',*,*,#2276,.T.);
#1442=ORIENTED_EDGE('',*,*,#2257,.F.);
#1443=ORIENTED_EDGE('',*,*,#2276,.F.);
#1444=ORIENTED_EDGE('',*,*,#2277,.T.);
#1445=ORIENTED_EDGE('',*,*,#2278,.T.);
#1446=ORIENTED_EDGE('',*,*,#2258,.F.);
#1447=ORIENTED_EDGE('',*,*,#2278,.F.);
#1448=ORIENTED_EDGE('',*,*,#2279,.T.);
#1449=ORIENTED_EDGE('',*,*,#2280,.T.);
#1450=ORIENTED_EDGE('',*,*,#2259,.F.);
#1451=ORIENTED_EDGE('',*,*,#2280,.F.);
#1452=ORIENTED_EDGE('',*,*,#2281,.T.);
#1453=ORIENTED_EDGE('',*,*,#2282,.T.);
#1454=ORIENTED_EDGE('',*,*,#2260,.F.);
#1455=ORIENTED_EDGE('',*,*,#2282,.F.);
#1456=ORIENTED_EDGE('',*,*,#2283,.T.);
#1457=ORIENTED_EDGE('',*,*,#2284,.T.);
#1458=ORIENTED_EDGE('',*,*,#2261,.F.);
#1459=ORIENTED_EDGE('',*,*,#2284,.F.);
#1460=ORIENTED_EDGE('',*,*,#2285,.T.);
#1461=ORIENTED_EDGE('',*,*,#2286,.T.);
#1462=ORIENTED_EDGE('',*,*,#2248,.F.);
#1463=ORIENTED_EDGE('',*,*,#2286,.F.);
#1464=ORIENTED_EDGE('',*,*,#2287,.T.);
#1465=ORIENTED_EDGE('',*,*,#2288,.T.);
#1466=ORIENTED_EDGE('',*,*,#2249,.F.);
#1467=ORIENTED_EDGE('',*,*,#2288,.F.);
#1468=ORIENTED_EDGE('',*,*,#2289,.T.);
#1469=ORIENTED_EDGE('',*,*,#2262,.T.);
#1470=ORIENTED_EDGE('',*,*,#2290,.F.);
#1471=ORIENTED_EDGE('',*,*,#2291,.F.);
#1472=ORIENTED_EDGE('',*,*,#2292,.F.);
#1473=ORIENTED_EDGE('',*,*,#2293,.F.);
#1474=ORIENTED_EDGE('',*,*,#2294,.F.);
#1475=ORIENTED_EDGE('',*,*,#2295,.F.);
#1476=ORIENTED_EDGE('',*,*,#2296,.F.);
#1477=ORIENTED_EDGE('',*,*,#2297,.F.);
#1478=ORIENTED_EDGE('',*,*,#2298,.F.);
#1479=ORIENTED_EDGE('',*,*,#2299,.F.);
#1480=ORIENTED_EDGE('',*,*,#2300,.F.);
#1481=ORIENTED_EDGE('',*,*,#2301,.F.);
#1482=ORIENTED_EDGE('',*,*,#2302,.F.);
#1483=ORIENTED_EDGE('',*,*,#2303,.F.);
#1484=ORIENTED_EDGE('',*,*,#2289,.F.);
#1485=ORIENTED_EDGE('',*,*,#2287,.F.);
#1486=ORIENTED_EDGE('',*,*,#2285,.F.);
#1487=ORIENTED_EDGE('',*,*,#2283,.F.);
#1488=ORIENTED_EDGE('',*,*,#2281,.F.);
#1489=ORIENTED_EDGE('',*,*,#2279,.F.);
#1490=ORIENTED_EDGE('',*,*,#2277,.F.);
#1491=ORIENTED_EDGE('',*,*,#2275,.F.);
#1492=ORIENTED_EDGE('',*,*,#2273,.F.);
#1493=ORIENTED_EDGE('',*,*,#2271,.F.);
#1494=ORIENTED_EDGE('',*,*,#2269,.F.);
#1495=ORIENTED_EDGE('',*,*,#2267,.F.);
#1496=ORIENTED_EDGE('',*,*,#2265,.F.);
#1497=ORIENTED_EDGE('',*,*,#2263,.F.);
#1498=ORIENTED_EDGE('',*,*,#2304,.T.);
#1499=ORIENTED_EDGE('',*,*,#2120,.F.);
#1500=ORIENTED_EDGE('',*,*,#2305,.F.);
#1501=ORIENTED_EDGE('',*,*,#2292,.T.);
#1502=ORIENTED_EDGE('',*,*,#2305,.T.);
#1503=ORIENTED_EDGE('',*,*,#2133,.F.);
#1504=ORIENTED_EDGE('',*,*,#2306,.F.);
#1505=ORIENTED_EDGE('',*,*,#2293,.T.);
#1506=ORIENTED_EDGE('',*,*,#2306,.T.);
#1507=ORIENTED_EDGE('',*,*,#2132,.F.);
#1508=ORIENTED_EDGE('',*,*,#2307,.F.);
#1509=ORIENTED_EDGE('',*,*,#2294,.T.);
#1510=ORIENTED_EDGE('',*,*,#2307,.T.);
#1511=ORIENTED_EDGE('',*,*,#2131,.F.);
#1512=ORIENTED_EDGE('',*,*,#2308,.F.);
#1513=ORIENTED_EDGE('',*,*,#2295,.T.);
#1514=ORIENTED_EDGE('',*,*,#2308,.T.);
#1515=ORIENTED_EDGE('',*,*,#2130,.F.);
#1516=ORIENTED_EDGE('',*,*,#2309,.F.);
#1517=ORIENTED_EDGE('',*,*,#2296,.T.);
#1518=ORIENTED_EDGE('',*,*,#2309,.T.);
#1519=ORIENTED_EDGE('',*,*,#2129,.F.);
#1520=ORIENTED_EDGE('',*,*,#2310,.F.);
#1521=ORIENTED_EDGE('',*,*,#2297,.T.);
#1522=ORIENTED_EDGE('',*,*,#2310,.T.);
#1523=ORIENTED_EDGE('',*,*,#2128,.F.);
#1524=ORIENTED_EDGE('',*,*,#2311,.F.);
#1525=ORIENTED_EDGE('',*,*,#2298,.T.);
#1526=ORIENTED_EDGE('',*,*,#2311,.T.);
#1527=ORIENTED_EDGE('',*,*,#2127,.F.);
#1528=ORIENTED_EDGE('',*,*,#2312,.F.);
#1529=ORIENTED_EDGE('',*,*,#2299,.T.);
#1530=ORIENTED_EDGE('',*,*,#2312,.T.);
#1531=ORIENTED_EDGE('',*,*,#2126,.F.);
#1532=ORIENTED_EDGE('',*,*,#2313,.F.);
#1533=ORIENTED_EDGE('',*,*,#2300,.T.);
#1534=ORIENTED_EDGE('',*,*,#2313,.T.);
#1535=ORIENTED_EDGE('',*,*,#2125,.F.);
#1536=ORIENTED_EDGE('',*,*,#2314,.F.);
#1537=ORIENTED_EDGE('',*,*,#2301,.T.);
#1538=ORIENTED_EDGE('',*,*,#2314,.T.);
#1539=ORIENTED_EDGE('',*,*,#2124,.F.);
#1540=ORIENTED_EDGE('',*,*,#2315,.F.);
#1541=ORIENTED_EDGE('',*,*,#2302,.T.);
#1542=ORIENTED_EDGE('',*,*,#2315,.T.);
#1543=ORIENTED_EDGE('',*,*,#2123,.F.);
#1544=ORIENTED_EDGE('',*,*,#2316,.F.);
#1545=ORIENTED_EDGE('',*,*,#2303,.T.);
#1546=ORIENTED_EDGE('',*,*,#2316,.T.);
#1547=ORIENTED_EDGE('',*,*,#2122,.F.);
#1548=ORIENTED_EDGE('',*,*,#2317,.F.);
#1549=ORIENTED_EDGE('',*,*,#2290,.T.);
#1550=ORIENTED_EDGE('',*,*,#2317,.T.);
#1551=ORIENTED_EDGE('',*,*,#2121,.F.);
#1552=ORIENTED_EDGE('',*,*,#2304,.F.);
#1553=ORIENTED_EDGE('',*,*,#2291,.T.);
#1554=ORIENTED_EDGE('',*,*,#2318,.F.);
#1555=ORIENTED_EDGE('',*,*,#2319,.F.);
#1556=ORIENTED_EDGE('',*,*,#2320,.F.);
#1557=ORIENTED_EDGE('',*,*,#2321,.F.);
#1558=ORIENTED_EDGE('',*,*,#2322,.T.);
#1559=ORIENTED_EDGE('',*,*,#2134,.F.);
#1560=ORIENTED_EDGE('',*,*,#2323,.F.);
#1561=ORIENTED_EDGE('',*,*,#2320,.T.);
#1562=ORIENTED_EDGE('',*,*,#2323,.T.);
#1563=ORIENTED_EDGE('',*,*,#2137,.F.);
#1564=ORIENTED_EDGE('',*,*,#2324,.F.);
#1565=ORIENTED_EDGE('',*,*,#2321,.T.);
#1566=ORIENTED_EDGE('',*,*,#2324,.T.);
#1567=ORIENTED_EDGE('',*,*,#2136,.F.);
#1568=ORIENTED_EDGE('',*,*,#2325,.F.);
#1569=ORIENTED_EDGE('',*,*,#2318,.T.);
#1570=ORIENTED_EDGE('',*,*,#2325,.T.);
#1571=ORIENTED_EDGE('',*,*,#2135,.F.);
#1572=ORIENTED_EDGE('',*,*,#2322,.F.);
#1573=ORIENTED_EDGE('',*,*,#2319,.T.);
#1574=ORIENTED_EDGE('',*,*,#2326,.F.);
#1575=ORIENTED_EDGE('',*,*,#2327,.F.);
#1576=ORIENTED_EDGE('',*,*,#2328,.F.);
#1577=ORIENTED_EDGE('',*,*,#2329,.F.);
#1578=ORIENTED_EDGE('',*,*,#2330,.F.);
#1579=ORIENTED_EDGE('',*,*,#2331,.F.);
#1580=ORIENTED_EDGE('',*,*,#2332,.F.);
#1581=ORIENTED_EDGE('',*,*,#2333,.F.);
#1582=ORIENTED_EDGE('',*,*,#2334,.F.);
#1583=ORIENTED_EDGE('',*,*,#2335,.F.);
#1584=ORIENTED_EDGE('',*,*,#2336,.T.);
#1585=ORIENTED_EDGE('',*,*,#2138,.F.);
#1586=ORIENTED_EDGE('',*,*,#2337,.F.);
#1587=ORIENTED_EDGE('',*,*,#2328,.T.);
#1588=ORIENTED_EDGE('',*,*,#2337,.T.);
#1589=ORIENTED_EDGE('',*,*,#2147,.F.);
#1590=ORIENTED_EDGE('',*,*,#2338,.F.);
#1591=ORIENTED_EDGE('',*,*,#2329,.T.);
#1592=ORIENTED_EDGE('',*,*,#2338,.T.);
#1593=ORIENTED_EDGE('',*,*,#2146,.F.);
#1594=ORIENTED_EDGE('',*,*,#2339,.F.);
#1595=ORIENTED_EDGE('',*,*,#2330,.T.);
#1596=ORIENTED_EDGE('',*,*,#2339,.T.);
#1597=ORIENTED_EDGE('',*,*,#2145,.F.);
#1598=ORIENTED_EDGE('',*,*,#2340,.F.);
#1599=ORIENTED_EDGE('',*,*,#2331,.T.);
#1600=ORIENTED_EDGE('',*,*,#2340,.T.);
#1601=ORIENTED_EDGE('',*,*,#2144,.F.);
#1602=ORIENTED_EDGE('',*,*,#2341,.F.);
#1603=ORIENTED_EDGE('',*,*,#2332,.T.);
#1604=ORIENTED_EDGE('',*,*,#2341,.T.);
#1605=ORIENTED_EDGE('',*,*,#2143,.F.);
#1606=ORIENTED_EDGE('',*,*,#2342,.F.);
#1607=ORIENTED_EDGE('',*,*,#2333,.T.);
#1608=ORIENTED_EDGE('',*,*,#2342,.T.);
#1609=ORIENTED_EDGE('',*,*,#2142,.F.);
#1610=ORIENTED_EDGE('',*,*,#2343,.F.);
#1611=ORIENTED_EDGE('',*,*,#2334,.T.);
#1612=ORIENTED_EDGE('',*,*,#2343,.T.);
#1613=ORIENTED_EDGE('',*,*,#2141,.F.);
#1614=ORIENTED_EDGE('',*,*,#2344,.F.);
#1615=ORIENTED_EDGE('',*,*,#2335,.T.);
#1616=ORIENTED_EDGE('',*,*,#2344,.T.);
#1617=ORIENTED_EDGE('',*,*,#2140,.F.);
#1618=ORIENTED_EDGE('',*,*,#2345,.F.);
#1619=ORIENTED_EDGE('',*,*,#2326,.T.);
#1620=ORIENTED_EDGE('',*,*,#2345,.T.);
#1621=ORIENTED_EDGE('',*,*,#2139,.F.);
#1622=ORIENTED_EDGE('',*,*,#2336,.F.);
#1623=ORIENTED_EDGE('',*,*,#2327,.T.);
#1624=ORIENTED_EDGE('',*,*,#2346,.F.);
#1625=ORIENTED_EDGE('',*,*,#2347,.F.);
#1626=ORIENTED_EDGE('',*,*,#2348,.F.);
#1627=ORIENTED_EDGE('',*,*,#2349,.F.);
#1628=ORIENTED_EDGE('',*,*,#2350,.F.);
#1629=ORIENTED_EDGE('',*,*,#2351,.F.);
#1630=ORIENTED_EDGE('',*,*,#2352,.F.);
#1631=ORIENTED_EDGE('',*,*,#2353,.F.);
#1632=ORIENTED_EDGE('',*,*,#2354,.F.);
#1633=ORIENTED_EDGE('',*,*,#2355,.F.);
#1634=ORIENTED_EDGE('',*,*,#2356,.T.);
#1635=ORIENTED_EDGE('',*,*,#2148,.F.);
#1636=ORIENTED_EDGE('',*,*,#2357,.F.);
#1637=ORIENTED_EDGE('',*,*,#2348,.T.);
#1638=ORIENTED_EDGE('',*,*,#2357,.T.);
#1639=ORIENTED_EDGE('',*,*,#2157,.F.);
#1640=ORIENTED_EDGE('',*,*,#2358,.F.);
#1641=ORIENTED_EDGE('',*,*,#2349,.T.);
#1642=ORIENTED_EDGE('',*,*,#2358,.T.);
#1643=ORIENTED_EDGE('',*,*,#2156,.F.);
#1644=ORIENTED_EDGE('',*,*,#2359,.F.);
#1645=ORIENTED_EDGE('',*,*,#2350,.T.);
#1646=ORIENTED_EDGE('',*,*,#2359,.T.);
#1647=ORIENTED_EDGE('',*,*,#2155,.F.);
#1648=ORIENTED_EDGE('',*,*,#2360,.F.);
#1649=ORIENTED_EDGE('',*,*,#2351,.T.);
#1650=ORIENTED_EDGE('',*,*,#2360,.T.);
#1651=ORIENTED_EDGE('',*,*,#2154,.F.);
#1652=ORIENTED_EDGE('',*,*,#2361,.F.);
#1653=ORIENTED_EDGE('',*,*,#2352,.T.);
#1654=ORIENTED_EDGE('',*,*,#2361,.T.);
#1655=ORIENTED_EDGE('',*,*,#2153,.F.);
#1656=ORIENTED_EDGE('',*,*,#2362,.F.);
#1657=ORIENTED_EDGE('',*,*,#2353,.T.);
#1658=ORIENTED_EDGE('',*,*,#2362,.T.);
#1659=ORIENTED_EDGE('',*,*,#2152,.F.);
#1660=ORIENTED_EDGE('',*,*,#2363,.F.);
#1661=ORIENTED_EDGE('',*,*,#2354,.T.);
#1662=ORIENTED_EDGE('',*,*,#2363,.T.);
#1663=ORIENTED_EDGE('',*,*,#2151,.F.);
#1664=ORIENTED_EDGE('',*,*,#2364,.F.);
#1665=ORIENTED_EDGE('',*,*,#2355,.T.);
#1666=ORIENTED_EDGE('',*,*,#2364,.T.);
#1667=ORIENTED_EDGE('',*,*,#2150,.F.);
#1668=ORIENTED_EDGE('',*,*,#2365,.F.);
#1669=ORIENTED_EDGE('',*,*,#2346,.T.);
#1670=ORIENTED_EDGE('',*,*,#2365,.T.);
#1671=ORIENTED_EDGE('',*,*,#2149,.F.);
#1672=ORIENTED_EDGE('',*,*,#2356,.F.);
#1673=ORIENTED_EDGE('',*,*,#2347,.T.);
#1674=ORIENTED_EDGE('',*,*,#1878,.F.);
#1675=ORIENTED_EDGE('',*,*,#1744,.T.);
#1676=ORIENTED_EDGE('',*,*,#1834,.F.);
#1677=ORIENTED_EDGE('',*,*,#1893,.F.);
#1678=ORIENTED_EDGE('',*,*,#1835,.F.);
#1679=ORIENTED_EDGE('',*,*,#1758,.T.);
#1680=ORIENTED_EDGE('',*,*,#1818,.F.);
#1681=ORIENTED_EDGE('',*,*,#1894,.F.);
#1682=ORIENTED_EDGE('',*,*,#1832,.F.);
#1683=ORIENTED_EDGE('',*,*,#1755,.T.);
#1684=ORIENTED_EDGE('',*,*,#1877,.F.);
#1685=ORIENTED_EDGE('',*,*,#1892,.F.);
#1686=ORIENTED_EDGE('',*,*,#1819,.F.);
#1687=ORIENTED_EDGE('',*,*,#1768,.T.);
#1688=ORIENTED_EDGE('',*,*,#1831,.F.);
#1689=ORIENTED_EDGE('',*,*,#1901,.F.);
#1690=ORIENTED_EDGE('',*,*,#1787,.F.);
#1691=ORIENTED_EDGE('',*,*,#2072,.T.);
#1692=ORIENTED_EDGE('',*,*,#1852,.F.);
#1693=ORIENTED_EDGE('',*,*,#1952,.F.);
#1694=ORIENTED_EDGE('',*,*,#1934,.F.);
#1695=ORIENTED_EDGE('',*,*,#1839,.F.);
#1696=ORIENTED_EDGE('',*,*,#1953,.F.);
#1697=ORIENTED_EDGE('',*,*,#1736,.F.);
#1698=ORIENTED_EDGE('',*,*,#1762,.F.);
#1699=ORIENTED_EDGE('',*,*,#1767,.F.);
#1700=ORIENTED_EDGE('',*,*,#1763,.F.);
#1701=ORIENTED_EDGE('',*,*,#1738,.F.);
#1702=ORIENTED_EDGE('',*,*,#1990,.F.);
#1703=ORIENTED_EDGE('',*,*,#1889,.F.);
#1704=ORIENTED_EDGE('',*,*,#1740,.F.);
#1705=ORIENTED_EDGE('',*,*,#1766,.F.);
#1706=ORIENTED_EDGE('',*,*,#1756,.F.);
#1707=ORIENTED_EDGE('',*,*,#1749,.F.);
#1708=ORIENTED_EDGE('',*,*,#1726,.F.);
#1709=ORIENTED_EDGE('',*,*,#1991,.F.);
#1710=ORIENTED_EDGE('',*,*,#1890,.F.);
#1711=ORIENTED_EDGE('',*,*,#1730,.F.);
#1712=ORIENTED_EDGE('',*,*,#1746,.F.);
#1713=ORIENTED_EDGE('',*,*,#1754,.F.);
#1714=ORIENTED_EDGE('',*,*,#1759,.F.);
#1715=ORIENTED_EDGE('',*,*,#1734,.F.);
#1716=ORIENTED_EDGE('',*,*,#1989,.F.);
#1717=ORIENTED_EDGE('',*,*,#1888,.F.);
#1718=ORIENTED_EDGE('',*,*,#1992,.F.);
#1719=ORIENTED_EDGE('',*,*,#1728,.F.);
#1720=ORIENTED_EDGE('',*,*,#1752,.F.);
#1721=ORIENTED_EDGE('',*,*,#1742,.F.);
#1722=ORIENTED_EDGE('',*,*,#1747,.F.);
#1723=ORIENTED_EDGE('',*,*,#1732,.F.);
#1724=ORIENTED_EDGE('',*,*,#1891,.F.);
#1725=EDGE_CURVE('',#2366,#2367,#2799,.T.);
#1726=EDGE_CURVE('',#2367,#2368,#2800,.F.);
#1727=EDGE_CURVE('',#2368,#2369,#2801,.F.);
#1728=EDGE_CURVE('',#2369,#2366,#2802,.T.);
#1729=EDGE_CURVE('',#2370,#2371,#2803,.F.);
#1730=EDGE_CURVE('',#2371,#2372,#2804,.T.);
#1731=EDGE_CURVE('',#2372,#2373,#2805,.T.);
#1732=EDGE_CURVE('',#2373,#2370,#2806,.F.);
#1733=EDGE_CURVE('',#2374,#2375,#2807,.T.);
#1734=EDGE_CURVE('',#2375,#2376,#2808,.F.);
#1735=EDGE_CURVE('',#2376,#2377,#2809,.F.);
#1736=EDGE_CURVE('',#2377,#2374,#2810,.T.);
#1737=EDGE_CURVE('',#2378,#2379,#2811,.T.);
#1738=EDGE_CURVE('',#2379,#2380,#2812,.F.);
#1739=EDGE_CURVE('',#2380,#2381,#2813,.F.);
#1740=EDGE_CURVE('',#2381,#2378,#2814,.T.);
#1741=EDGE_CURVE('',#2382,#2383,#297,.T.);
#1742=EDGE_CURVE('',#2382,#2384,#298,.T.);
#1743=EDGE_CURVE('',#2385,#2384,#299,.T.);
#1744=EDGE_CURVE('',#2383,#2385,#300,.F.);
#1745=EDGE_CURVE('',#2386,#2387,#301,.T.);
#1746=EDGE_CURVE('',#2386,#2371,#160,.T.);
#1747=EDGE_CURVE('',#2370,#2382,#161,.T.);
#1748=EDGE_CURVE('',#2387,#2383,#2815,.T.);
#1749=EDGE_CURVE('',#2368,#2388,#162,.T.);
#1750=EDGE_CURVE('',#2389,#2388,#302,.T.);
#1751=EDGE_CURVE('',#2385,#2389,#2816,.F.);
#1752=EDGE_CURVE('',#2384,#2369,#163,.T.);
#1753=EDGE_CURVE('',#2390,#2391,#303,.T.);
#1754=EDGE_CURVE('',#2390,#2386,#304,.T.);
#1755=EDGE_CURVE('',#2391,#2387,#305,.T.);
#1756=EDGE_CURVE('',#2388,#2392,#306,.T.);
#1757=EDGE_CURVE('',#2393,#2392,#307,.T.);
#1758=EDGE_CURVE('',#2389,#2393,#308,.T.);
#1759=EDGE_CURVE('',#2376,#2390,#164,.T.);
#1760=EDGE_CURVE('',#2394,#2391,#2817,.T.);
#1761=EDGE_CURVE('',#2395,#2394,#309,.T.);
#1762=EDGE_CURVE('',#2395,#2377,#165,.T.);
#1763=EDGE_CURVE('',#2380,#2396,#166,.T.);
#1764=EDGE_CURVE('',#2397,#2396,#310,.T.);
#1765=EDGE_CURVE('',#2393,#2397,#2818,.F.);
#1766=EDGE_CURVE('',#2392,#2381,#167,.T.);
#1767=EDGE_CURVE('',#2396,#2395,#311,.T.);
#1768=EDGE_CURVE('',#2397,#2394,#312,.F.);
#1769=EDGE_CURVE('',#2398,#2398,#313,.T.);
#1770=EDGE_CURVE('',#2399,#2399,#314,.T.);
#1771=EDGE_CURVE('',#2400,#2400,#315,.T.);
#1772=EDGE_CURVE('',#2401,#2402,#2819,.F.);
#1773=EDGE_CURVE('',#2402,#2403,#2820,.F.);
#1774=EDGE_CURVE('',#2403,#2404,#2821,.T.);
#1775=EDGE_CURVE('',#2404,#2401,#2822,.T.);
#1776=EDGE_CURVE('',#2405,#2405,#316,.F.);
#1777=EDGE_CURVE('',#2406,#2406,#317,.F.);
#1778=EDGE_CURVE('',#2407,#2408,#2823,.T.);
#1779=EDGE_CURVE('',#2408,#2409,#2824,.F.);
#1780=EDGE_CURVE('',#2409,#2410,#2825,.F.);
#1781=EDGE_CURVE('',#2410,#2407,#2826,.T.);
#1782=EDGE_CURVE('',#2411,#2412,#2827,.F.);
#1783=EDGE_CURVE('',#2413,#2412,#168,.T.);
#1784=EDGE_CURVE('',#2413,#2414,#2828,.F.);
#1785=EDGE_CURVE('',#2414,#2411,#2829,.F.);
#1786=EDGE_CURVE('',#2415,#2416,#2830,.T.);
#1787=EDGE_CURVE('',#2415,#2417,#318,.F.);
#1788=EDGE_CURVE('',#2417,#2418,#2831,.T.);
#1789=EDGE_CURVE('',#2418,#2416,#319,.T.);
#1790=EDGE_CURVE('',#2419,#2419,#320,.T.);
#1791=EDGE_CURVE('',#2420,#2421,#321,.T.);
#1792=EDGE_CURVE('',#2421,#2422,#2832,.T.);
#1793=EDGE_CURVE('',#2422,#2423,#322,.T.);
#1794=EDGE_CURVE('',#2420,#2423,#2833,.T.);
#1795=EDGE_CURVE('',#2424,#2424,#323,.T.);
#1796=EDGE_CURVE('',#2425,#2426,#324,.T.);
#1797=EDGE_CURVE('',#2426,#2427,#2834,.T.);
#1798=EDGE_CURVE('',#2427,#2428,#325,.T.);
#1799=EDGE_CURVE('',#2425,#2428,#2835,.T.);
#1800=EDGE_CURVE('',#2429,#2430,#2836,.T.);
#1801=EDGE_CURVE('',#2429,#2431,#2837,.T.);
#1802=EDGE_CURVE('',#2432,#2431,#2838,.T.);
#1803=EDGE_CURVE('',#2430,#2432,#2839,.T.);
#1804=EDGE_CURVE('',#2433,#2434,#2840,.T.);
#1805=EDGE_CURVE('',#2435,#2433,#2841,.T.);
#1806=EDGE_CURVE('',#2435,#2436,#2842,.T.);
#1807=EDGE_CURVE('',#2436,#2437,#2843,.T.);
#1808=EDGE_CURVE('',#2438,#2437,#2844,.T.);
#1809=EDGE_CURVE('',#2438,#2439,#2845,.T.);
#1810=EDGE_CURVE('',#2439,#2440,#2846,.T.);
#1811=EDGE_CURVE('',#2440,#2441,#2847,.T.);
#1812=EDGE_CURVE('',#2442,#2441,#2848,.T.);
#1813=EDGE_CURVE('',#2443,#2442,#2849,.T.);
#1814=EDGE_CURVE('',#2443,#2444,#2850,.T.);
#1815=EDGE_CURVE('',#2434,#2444,#2851,.T.);
#1816=EDGE_CURVE('',#2430,#2433,#2852,.T.);
#1817=EDGE_CURVE('',#2432,#2435,#2853,.T.);
#1818=EDGE_CURVE('',#2445,#2393,#2854,.F.);
#1819=EDGE_CURVE('',#2397,#2446,#2855,.T.);
#1820=EDGE_CURVE('',#2446,#2447,#2856,.T.);
#1821=EDGE_CURVE('',#2447,#2448,#2857,.T.);
#1822=EDGE_CURVE('',#2448,#2449,#326,.T.);
#1823=EDGE_CURVE('',#2449,#2450,#2858,.T.);
#1824=EDGE_CURVE('',#2450,#2451,#327,.T.);
#1825=EDGE_CURVE('',#2452,#2451,#2859,.T.);
#1826=EDGE_CURVE('',#2452,#2445,#2860,.T.);
#1827=EDGE_CURVE('',#2453,#2454,#2861,.T.);
#1828=EDGE_CURVE('',#2454,#2455,#2862,.T.);
#1829=EDGE_CURVE('',#2455,#2456,#2863,.T.);
#1830=EDGE_CURVE('',#2456,#2453,#2864,.T.);
#1831=EDGE_CURVE('',#2457,#2394,#2865,.F.);
#1832=EDGE_CURVE('',#2391,#2458,#2866,.T.);
#1833=EDGE_CURVE('',#2457,#2458,#2867,.T.);
#1834=EDGE_CURVE('',#2459,#2385,#2868,.F.);
#1835=EDGE_CURVE('',#2389,#2460,#2869,.T.);
#1836=EDGE_CURVE('',#2460,#2459,#2870,.T.);
#1837=EDGE_CURVE('',#2440,#2461,#2871,.T.);
#1838=EDGE_CURVE('',#2439,#2462,#2872,.T.);
#1839=EDGE_CURVE('',#2462,#2463,#169,.T.);
#1840=EDGE_CURVE('',#2463,#2464,#2873,.T.);
#1841=EDGE_CURVE('',#2464,#2461,#2874,.T.);
#1842=EDGE_CURVE('',#2441,#2465,#2875,.T.);
#1843=EDGE_CURVE('',#2466,#2465,#2876,.T.);
#1844=EDGE_CURVE('',#2442,#2466,#2877,.T.);
#1845=EDGE_CURVE('',#2465,#2467,#2878,.T.);
#1846=EDGE_CURVE('',#2467,#2468,#2879,.T.);
#1847=EDGE_CURVE('',#2466,#2468,#2880,.T.);
#1848=EDGE_CURVE('',#2431,#2436,#2881,.T.);
#1849=EDGE_CURVE('',#2437,#2469,#2882,.T.);
#1850=EDGE_CURVE('',#2470,#2469,#2883,.T.);
#1851=EDGE_CURVE('',#2471,#2470,#2884,.T.);
#1852=EDGE_CURVE('',#2471,#2472,#170,.T.);
#1853=EDGE_CURVE('',#2438,#2472,#2885,.T.);
#1854=EDGE_CURVE('',#2473,#2474,#2886,.T.);
#1855=EDGE_CURVE('',#2474,#2454,#328,.T.);
#1856=EDGE_CURVE('',#2453,#2475,#2887,.T.);
#1857=EDGE_CURVE('',#2475,#2461,#2888,.T.);
#1858=EDGE_CURVE('',#2464,#2470,#2889,.T.);
#1859=EDGE_CURVE('',#2469,#2476,#2890,.T.);
#1860=EDGE_CURVE('',#2477,#2476,#2891,.T.);
#1861=EDGE_CURVE('',#2478,#2477,#2892,.T.);
#1862=EDGE_CURVE('',#2478,#2479,#329,.T.);
#1863=EDGE_CURVE('',#2479,#2480,#2893,.T.);
#1864=EDGE_CURVE('',#2480,#2481,#330,.T.);
#1865=EDGE_CURVE('',#2481,#2482,#2894,.T.);
#1866=EDGE_CURVE('',#2482,#2473,#331,.T.);
#1867=EDGE_CURVE('',#2476,#2483,#2895,.T.);
#1868=EDGE_CURVE('',#2484,#2483,#2896,.T.);
#1869=EDGE_CURVE('',#2477,#2484,#2897,.T.);
#1870=EDGE_CURVE('',#2455,#2485,#332,.T.);
#1871=EDGE_CURVE('',#2485,#2486,#2898,.T.);
#1872=EDGE_CURVE('',#2486,#2487,#333,.T.);
#1873=EDGE_CURVE('',#2484,#2487,#2899,.T.);
#1874=EDGE_CURVE('',#2483,#2488,#2900,.T.);
#1875=EDGE_CURVE('',#2456,#2488,#2901,.T.);
#1876=EDGE_CURVE('',#2488,#2475,#2902,.T.);
#1877=EDGE_CURVE('',#2489,#2387,#2903,.F.);
#1878=EDGE_CURVE('',#2383,#2490,#2904,.T.);
#1879=EDGE_CURVE('',#2489,#2490,#2905,.T.);
#1880=EDGE_CURVE('',#2491,#2492,#334,.T.);
#1881=EDGE_CURVE('',#2493,#2491,#2906,.T.);
#1882=EDGE_CURVE('',#2494,#2493,#335,.T.);
#1883=EDGE_CURVE('',#2495,#2494,#2907,.T.);
#1884=EDGE_CURVE('',#2496,#2495,#336,.T.);
#1885=EDGE_CURVE('',#2497,#2496,#2908,.T.);
#1886=EDGE_CURVE('',#2498,#2497,#337,.T.);
#1887=EDGE_CURVE('',#2492,#2498,#2909,.T.);
#1888=EDGE_CURVE('',#2499,#2499,#338,.T.);
#1889=EDGE_CURVE('',#2500,#2500,#339,.T.);
#1890=EDGE_CURVE('',#2501,#2501,#340,.T.);
#1891=EDGE_CURVE('',#2502,#2502,#341,.T.);
#1892=EDGE_CURVE('',#2458,#2489,#342,.F.);
#1893=EDGE_CURVE('',#2490,#2459,#343,.F.);
#1894=EDGE_CURVE('',#2460,#2445,#344,.F.);
#1895=EDGE_CURVE('',#2503,#2452,#2910,.T.);
#1896=EDGE_CURVE('',#2504,#2503,#2911,.T.);
#1897=EDGE_CURVE('',#2504,#2467,#2912,.T.);
#1898=EDGE_CURVE('',#2505,#2429,#2913,.T.);
#1899=EDGE_CURVE('',#2506,#2505,#2914,.T.);
#1900=EDGE_CURVE('',#2506,#2447,#2915,.T.);
#1901=EDGE_CURVE('',#2446,#2457,#345,.F.);
#1902=EDGE_CURVE('',#2468,#2443,#2916,.T.);
#1903=EDGE_CURVE('',#2487,#2478,#2917,.F.);
#1904=EDGE_CURVE('',#2480,#2491,#2918,.T.);
#1905=EDGE_CURVE('',#2481,#2492,#2919,.T.);
#1906=EDGE_CURVE('',#2482,#2498,#2920,.T.);
#1907=EDGE_CURVE('',#2473,#2497,#2921,.T.);
#1908=EDGE_CURVE('',#2474,#2496,#2922,.T.);
#1909=EDGE_CURVE('',#2485,#2495,#2923,.T.);
#1910=EDGE_CURVE('',#2486,#2494,#2924,.T.);
#1911=EDGE_CURVE('',#2479,#2493,#2925,.T.);
#1912=EDGE_CURVE('',#2507,#2508,#2926,.T.);
#1913=EDGE_CURVE('',#2507,#2509,#2927,.T.);
#1914=EDGE_CURVE('',#2509,#2510,#2928,.T.);
#1915=EDGE_CURVE('',#2508,#2510,#2929,.T.);
#1916=EDGE_CURVE('',#2511,#2512,#2930,.T.);
#1917=EDGE_CURVE('',#2511,#2507,#2931,.F.);
#1918=EDGE_CURVE('',#2508,#2512,#2932,.T.);
#1919=EDGE_CURVE('',#2513,#2514,#2933,.T.);
#1920=EDGE_CURVE('',#2513,#2511,#2934,.F.);
#1921=EDGE_CURVE('',#2512,#2514,#2935,.T.);
#1922=EDGE_CURVE('',#2515,#2516,#2936,.T.);
#1923=EDGE_CURVE('',#2515,#2517,#2937,.T.);
#1924=EDGE_CURVE('',#2517,#2518,#2938,.T.);
#1925=EDGE_CURVE('',#2516,#2518,#2939,.T.);
#1926=EDGE_CURVE('',#2519,#2520,#2940,.T.);
#1927=EDGE_CURVE('',#2519,#2515,#2941,.F.);
#1928=EDGE_CURVE('',#2516,#2520,#2942,.T.);
#1929=EDGE_CURVE('',#2521,#2522,#2943,.T.);
#1930=EDGE_CURVE('',#2521,#2519,#2944,.F.);
#1931=EDGE_CURVE('',#2520,#2522,#2945,.T.);
#1932=EDGE_CURVE('',#2517,#2521,#2946,.T.);
#1933=EDGE_CURVE('',#2518,#2522,#2947,.T.);
#1934=EDGE_CURVE('',#2523,#2523,#346,.F.);
#1935=EDGE_CURVE('',#2524,#2524,#347,.T.);
#1936=EDGE_CURVE('',#2525,#2525,#348,.T.);
#1937=EDGE_CURVE('',#2526,#2526,#349,.T.);
#1938=EDGE_CURVE('',#2527,#2527,#350,.T.);
#1939=EDGE_CURVE('',#2528,#2528,#351,.T.);
#1940=EDGE_CURVE('',#2529,#2529,#352,.T.);
#1941=EDGE_CURVE('',#2530,#2530,#353,.T.);
#1942=EDGE_CURVE('',#2531,#2531,#354,.T.);
#1943=EDGE_CURVE('',#2532,#2532,#355,.T.);
#1944=EDGE_CURVE('',#2533,#2533,#356,.T.);
#1945=EDGE_CURVE('',#2534,#2534,#357,.T.);
#1946=EDGE_CURVE('',#2535,#2535,#358,.T.);
#1947=EDGE_CURVE('',#2509,#2513,#2948,.T.);
#1948=EDGE_CURVE('',#2510,#2514,#2949,.T.);
#1949=EDGE_CURVE('',#2536,#2536,#359,.T.);
#1950=EDGE_CURVE('',#2537,#2537,#360,.T.);
#1951=EDGE_CURVE('',#2538,#2538,#361,.T.);
#1952=EDGE_CURVE('',#2472,#2471,#362,.T.);
#1953=EDGE_CURVE('',#2463,#2462,#363,.T.);
#1954=EDGE_CURVE('',#2401,#2513,#45,.F.);
#1955=EDGE_CURVE('',#2511,#2404,#46,.T.);
#1956=EDGE_CURVE('',#2507,#2403,#47,.T.);
#1957=EDGE_CURVE('',#2402,#2509,#48,.F.);
#1958=EDGE_CURVE('',#2539,#2434,#2950,.T.);
#1959=EDGE_CURVE('',#2505,#2539,#2951,.T.);
#1960=EDGE_CURVE('',#2540,#2444,#2952,.T.);
#1961=EDGE_CURVE('',#2539,#2540,#2953,.T.);
#1962=EDGE_CURVE('',#2504,#2540,#2954,.T.);
#1963=EDGE_CURVE('',#2451,#2541,#2955,.F.);
#1964=EDGE_CURVE('',#2503,#2541,#2956,.T.);
#1965=EDGE_CURVE('',#2449,#2542,#2957,.F.);
#1966=EDGE_CURVE('',#2542,#2543,#2958,.T.);
#1967=EDGE_CURVE('',#2543,#2450,#2959,.T.);
#1968=EDGE_CURVE('',#2506,#2544,#2960,.T.);
#1969=EDGE_CURVE('',#2544,#2448,#2961,.T.);
#1970=EDGE_CURVE('',#2542,#2544,#364,.T.);
#1971=EDGE_CURVE('',#2541,#2543,#365,.T.);
#1972=EDGE_CURVE('',#2545,#2545,#366,.T.);
#1973=EDGE_CURVE('',#2546,#2546,#367,.T.);
#1974=EDGE_CURVE('',#2547,#2547,#368,.T.);
#1975=EDGE_CURVE('',#2548,#2548,#369,.T.);
#1976=EDGE_CURVE('',#2549,#2549,#370,.T.);
#1977=EDGE_CURVE('',#2550,#2550,#371,.T.);
#1978=EDGE_CURVE('',#2551,#2551,#372,.T.);
#1979=EDGE_CURVE('',#2552,#2552,#373,.T.);
#1980=EDGE_CURVE('',#2553,#2553,#374,.F.);
#1981=EDGE_CURVE('',#2554,#2555,#375,.F.);
#1982=EDGE_CURVE('',#2555,#2554,#376,.F.);
#1983=EDGE_CURVE('',#2556,#2556,#377,.F.);
#1984=EDGE_CURVE('',#2557,#2557,#378,.F.);
#1985=EDGE_CURVE('',#2558,#2559,#2962,.F.);
#1986=EDGE_CURVE('',#2559,#2560,#2963,.F.);
#1987=EDGE_CURVE('',#2560,#2561,#2964,.F.);
#1988=EDGE_CURVE('',#2561,#2558,#2965,.F.);
#1989=EDGE_CURVE('',#2372,#2375,#379,.F.);
#1990=EDGE_CURVE('',#2374,#2379,#380,.F.);
#1991=EDGE_CURVE('',#2378,#2367,#381,.F.);
#1992=EDGE_CURVE('',#2366,#2373,#382,.F.);
#1993=EDGE_CURVE('',#2562,#2563,#2966,.T.);
#1994=EDGE_CURVE('',#2563,#2564,#2967,.T.);
#1995=EDGE_CURVE('',#2564,#2554,#2968,.T.);
#1996=EDGE_CURVE('',#2565,#2554,#2969,.T.);
#1997=EDGE_CURVE('',#2562,#2565,#2970,.T.);
#1998=EDGE_CURVE('',#2566,#2555,#2971,.T.);
#1999=EDGE_CURVE('',#2565,#2566,#383,.F.);
#2000=EDGE_CURVE('',#2567,#2555,#2972,.T.);
#2001=EDGE_CURVE('',#2568,#2567,#2973,.T.);
#2002=EDGE_CURVE('',#2569,#2568,#2974,.T.);
#2003=EDGE_CURVE('',#2569,#2566,#2975,.T.);
#2004=EDGE_CURVE('',#2570,#2568,#2976,.T.);
#2005=EDGE_CURVE('',#2571,#2570,#2977,.T.);
#2006=EDGE_CURVE('',#2571,#2569,#2978,.T.);
#2007=EDGE_CURVE('',#2572,#2570,#2979,.T.);
#2008=EDGE_CURVE('',#2573,#2572,#2980,.T.);
#2009=EDGE_CURVE('',#2573,#2571,#2981,.T.);
#2010=EDGE_CURVE('',#2574,#2572,#2982,.T.);
#2011=EDGE_CURVE('',#2575,#2574,#2983,.T.);
#2012=EDGE_CURVE('',#2575,#2573,#2984,.T.);
#2013=EDGE_CURVE('',#2574,#2576,#2985,.T.);
#2014=EDGE_CURVE('',#2577,#2576,#2986,.T.);
#2015=EDGE_CURVE('',#2575,#2577,#2987,.T.);
#2016=EDGE_CURVE('',#2576,#2578,#2988,.T.);
#2017=EDGE_CURVE('',#2579,#2578,#2989,.T.);
#2018=EDGE_CURVE('',#2577,#2579,#2990,.T.);
#2019=EDGE_CURVE('',#2578,#2580,#2991,.T.);
#2020=EDGE_CURVE('',#2581,#2580,#2992,.T.);
#2021=EDGE_CURVE('',#2579,#2581,#2993,.T.);
#2022=EDGE_CURVE('',#2582,#2580,#384,.T.);
#2023=EDGE_CURVE('',#2583,#2582,#2994,.T.);
#2024=EDGE_CURVE('',#2583,#2581,#385,.T.);
#2025=EDGE_CURVE('',#2584,#2582,#2995,.T.);
#2026=EDGE_CURVE('',#2585,#2584,#2996,.T.);
#2027=EDGE_CURVE('',#2585,#2583,#2997,.T.);
#2028=EDGE_CURVE('',#2586,#2584,#2998,.T.);
#2029=EDGE_CURVE('',#2587,#2586,#2999,.T.);
#2030=EDGE_CURVE('',#2587,#2585,#3000,.T.);
#2031=EDGE_CURVE('',#2588,#2586,#3001,.T.);
#2032=EDGE_CURVE('',#2589,#2588,#3002,.T.);
#2033=EDGE_CURVE('',#2589,#2587,#3003,.T.);
#2034=EDGE_CURVE('',#2590,#2588,#3004,.T.);
#2035=EDGE_CURVE('',#2591,#2590,#3005,.T.);
#2036=EDGE_CURVE('',#2591,#2589,#3006,.T.);
#2037=EDGE_CURVE('',#2427,#2590,#3007,.T.);
#2038=EDGE_CURVE('',#2426,#2591,#3008,.T.);
#2039=EDGE_CURVE('',#2592,#2428,#3009,.T.);
#2040=EDGE_CURVE('',#2593,#2592,#3010,.T.);
#2041=EDGE_CURVE('',#2593,#2425,#3011,.T.);
#2042=EDGE_CURVE('',#2592,#2594,#3012,.T.);
#2043=EDGE_CURVE('',#2595,#2594,#3013,.T.);
#2044=EDGE_CURVE('',#2593,#2595,#3014,.T.);
#2045=EDGE_CURVE('',#2596,#2594,#3015,.T.);
#2046=EDGE_CURVE('',#2597,#2596,#3016,.T.);
#2047=EDGE_CURVE('',#2597,#2595,#3017,.T.);
#2048=EDGE_CURVE('',#2598,#2596,#3018,.T.);
#2049=EDGE_CURVE('',#2599,#2598,#3019,.T.);
#2050=EDGE_CURVE('',#2599,#2597,#3020,.T.);
#2051=EDGE_CURVE('',#2422,#2598,#3021,.T.);
#2052=EDGE_CURVE('',#2421,#2599,#3022,.T.);
#2053=EDGE_CURVE('',#2423,#2418,#3023,.T.);
#2054=EDGE_CURVE('',#2420,#2417,#3024,.T.);
#2055=EDGE_CURVE('',#2416,#2600,#3025,.T.);
#2056=EDGE_CURVE('',#2601,#2600,#3026,.T.);
#2057=EDGE_CURVE('',#2415,#2601,#3027,.T.);
#2058=EDGE_CURVE('',#2600,#2602,#3028,.T.);
#2059=EDGE_CURVE('',#2603,#2602,#3029,.T.);
#2060=EDGE_CURVE('',#2601,#2603,#3030,.T.);
#2061=EDGE_CURVE('',#2602,#2604,#3031,.T.);
#2062=EDGE_CURVE('',#2605,#2604,#3032,.T.);
#2063=EDGE_CURVE('',#2603,#2605,#3033,.T.);
#2064=EDGE_CURVE('',#2604,#2606,#3034,.T.);
#2065=EDGE_CURVE('',#2607,#2606,#3035,.T.);
#2066=EDGE_CURVE('',#2605,#2607,#3036,.T.);
#2067=EDGE_CURVE('',#2606,#2608,#3037,.T.);
#2068=EDGE_CURVE('',#2609,#2608,#3038,.T.);
#2069=EDGE_CURVE('',#2607,#2609,#3039,.T.);
#2070=EDGE_CURVE('',#2608,#2563,#3040,.T.);
#2071=EDGE_CURVE('',#2609,#2562,#3041,.T.);
#2072=EDGE_CURVE('',#2415,#2417,#386,.T.);
#2073=EDGE_CURVE('',#2407,#2519,#49,.F.);
#2074=EDGE_CURVE('',#2515,#2410,#50,.T.);
#2075=EDGE_CURVE('',#2517,#2409,#51,.T.);
#2076=EDGE_CURVE('',#2408,#2521,#52,.F.);
#2077=EDGE_CURVE('',#2610,#2560,#53,.T.);
#2078=EDGE_CURVE('',#2412,#2610,#3042,.F.);
#2079=EDGE_CURVE('',#2561,#2411,#54,.F.);
#2080=EDGE_CURVE('',#2558,#2414,#55,.F.);
#2081=EDGE_CURVE('',#2611,#2559,#56,.T.);
#2082=EDGE_CURVE('',#2610,#2611,#3043,.F.);
#2083=EDGE_CURVE('',#2611,#2413,#3044,.F.);
#2084=EDGE_CURVE('',#2612,#2413,#3045,.T.);
#2085=EDGE_CURVE('',#2613,#2612,#3046,.F.);
#2086=EDGE_CURVE('',#2613,#2611,#3047,.T.);
#2087=EDGE_CURVE('',#2614,#2412,#3048,.T.);
#2088=EDGE_CURVE('',#2612,#2614,#171,.T.);
#2089=EDGE_CURVE('',#2615,#2610,#3049,.T.);
#2090=EDGE_CURVE('',#2614,#2615,#3050,.F.);
#2091=EDGE_CURVE('',#2616,#2616,#387,.F.);
#2092=EDGE_CURVE('',#2617,#2617,#388,.F.);
#2093=EDGE_CURVE('',#2618,#2618,#389,.F.);
#2094=EDGE_CURVE('',#2567,#2564,#390,.F.);
#2095=EDGE_CURVE('',#2615,#2613,#3051,.F.);
#2096=EDGE_CURVE('',#2619,#2620,#3052,.T.);
#2097=EDGE_CURVE('',#2620,#2621,#3053,.T.);
#2098=EDGE_CURVE('',#2621,#2622,#3054,.T.);
#2099=EDGE_CURVE('',#2622,#2623,#3055,.T.);
#2100=EDGE_CURVE('',#2623,#2624,#3056,.T.);
#2101=EDGE_CURVE('',#2624,#2625,#3057,.T.);
#2102=EDGE_CURVE('',#2625,#2626,#3058,.T.);
#2103=EDGE_CURVE('',#2626,#2627,#3059,.T.);
#2104=EDGE_CURVE('',#2627,#2628,#3060,.T.);
#2105=EDGE_CURVE('',#2628,#2619,#3061,.T.);
#2106=EDGE_CURVE('',#2629,#2630,#391,.F.);
#2107=EDGE_CURVE('',#2630,#2631,#172,.T.);
#2108=EDGE_CURVE('',#2631,#2632,#173,.T.);
#2109=EDGE_CURVE('',#2632,#2633,#392,.F.);
#2110=EDGE_CURVE('',#2633,#2634,#174,.T.);
#2111=EDGE_CURVE('',#2634,#2635,#3062,.T.);
#2112=EDGE_CURVE('',#2635,#2636,#175,.T.);
#2113=EDGE_CURVE('',#2636,#2637,#393,.F.);
#2114=EDGE_CURVE('',#2637,#2638,#176,.T.);
#2115=EDGE_CURVE('',#2638,#2639,#177,.T.);
#2116=EDGE_CURVE('',#2639,#2640,#394,.F.);
#2117=EDGE_CURVE('',#2640,#2641,#178,.T.);
#2118=EDGE_CURVE('',#2641,#2642,#3063,.T.);
#2119=EDGE_CURVE('',#2642,#2629,#179,.T.);
#2120=EDGE_CURVE('',#2643,#2644,#395,.F.);
#2121=EDGE_CURVE('',#2644,#2645,#180,.T.);
#2122=EDGE_CURVE('',#2645,#2646,#181,.T.);
#2123=EDGE_CURVE('',#2646,#2647,#396,.F.);
#2124=EDGE_CURVE('',#2647,#2648,#182,.T.);
#2125=EDGE_CURVE('',#2648,#2649,#3064,.T.);
#2126=EDGE_CURVE('',#2649,#2650,#183,.T.);
#2127=EDGE_CURVE('',#2650,#2651,#397,.F.);
#2128=EDGE_CURVE('',#2651,#2652,#184,.T.);
#2129=EDGE_CURVE('',#2652,#2653,#185,.T.);
#2130=EDGE_CURVE('',#2653,#2654,#398,.F.);
#2131=EDGE_CURVE('',#2654,#2655,#186,.T.);
#2132=EDGE_CURVE('',#2655,#2656,#3065,.T.);
#2133=EDGE_CURVE('',#2656,#2643,#187,.T.);
#2134=EDGE_CURVE('',#2657,#2658,#3066,.T.);
#2135=EDGE_CURVE('',#2658,#2659,#3067,.T.);
#2136=EDGE_CURVE('',#2659,#2660,#3068,.T.);
#2137=EDGE_CURVE('',#2660,#2657,#3069,.T.);
#2138=EDGE_CURVE('',#2661,#2662,#3070,.T.);
#2139=EDGE_CURVE('',#2662,#2663,#3071,.T.);
#2140=EDGE_CURVE('',#2663,#2664,#3072,.T.);
#2141=EDGE_CURVE('',#2664,#2665,#3073,.T.);
#2142=EDGE_CURVE('',#2665,#2666,#3074,.T.);
#2143=EDGE_CURVE('',#2666,#2667,#3075,.T.);
#2144=EDGE_CURVE('',#2667,#2668,#3076,.T.);
#2145=EDGE_CURVE('',#2668,#2669,#3077,.T.);
#2146=EDGE_CURVE('',#2669,#2670,#3078,.T.);
#2147=EDGE_CURVE('',#2670,#2661,#3079,.T.);
#2148=EDGE_CURVE('',#2671,#2672,#3080,.T.);
#2149=EDGE_CURVE('',#2672,#2673,#3081,.T.);
#2150=EDGE_CURVE('',#2673,#2674,#3082,.T.);
#2151=EDGE_CURVE('',#2674,#2675,#3083,.T.);
#2152=EDGE_CURVE('',#2675,#2676,#3084,.T.);
#2153=EDGE_CURVE('',#2676,#2677,#3085,.T.);
#2154=EDGE_CURVE('',#2677,#2678,#3086,.T.);
#2155=EDGE_CURVE('',#2678,#2679,#3087,.T.);
#2156=EDGE_CURVE('',#2679,#2680,#3088,.T.);
#2157=EDGE_CURVE('',#2680,#2671,#3089,.T.);
#2158=EDGE_CURVE('',#2681,#2682,#188,.T.);
#2159=EDGE_CURVE('',#2682,#2683,#189,.T.);
#2160=EDGE_CURVE('',#2683,#2684,#399,.T.);
#2161=EDGE_CURVE('',#2684,#2685,#400,.T.);
#2162=EDGE_CURVE('',#2685,#2686,#3090,.T.);
#2163=EDGE_CURVE('',#2686,#2687,#401,.T.);
#2164=EDGE_CURVE('',#2687,#2688,#402,.T.);
#2165=EDGE_CURVE('',#2688,#2689,#190,.T.);
#2166=EDGE_CURVE('',#2689,#2690,#191,.T.);
#2167=EDGE_CURVE('',#2690,#2691,#403,.T.);
#2168=EDGE_CURVE('',#2691,#2692,#404,.T.);
#2169=EDGE_CURVE('',#2692,#2693,#3091,.T.);
#2170=EDGE_CURVE('',#2693,#2694,#405,.T.);
#2171=EDGE_CURVE('',#2694,#2681,#406,.T.);
#2172=EDGE_CURVE('',#2695,#2683,#3092,.T.);
#2173=EDGE_CURVE('',#2695,#2696,#407,.T.);
#2174=EDGE_CURVE('',#2696,#2684,#3093,.T.);
#2175=EDGE_CURVE('',#2696,#2697,#408,.T.);
#2176=EDGE_CURVE('',#2697,#2685,#3094,.T.);
#2177=EDGE_CURVE('',#2697,#2698,#3095,.T.);
#2178=EDGE_CURVE('',#2698,#2686,#3096,.T.);
#2179=EDGE_CURVE('',#2698,#2699,#409,.T.);
#2180=EDGE_CURVE('',#2699,#2687,#3097,.T.);
#2181=EDGE_CURVE('',#2699,#2700,#410,.T.);
#2182=EDGE_CURVE('',#2700,#2688,#3098,.T.);
#2183=EDGE_CURVE('',#2700,#2701,#192,.T.);
#2184=EDGE_CURVE('',#2701,#2689,#3099,.T.);
#2185=EDGE_CURVE('',#2701,#2702,#193,.T.);
#2186=EDGE_CURVE('',#2702,#2690,#3100,.T.);
#2187=EDGE_CURVE('',#2702,#2703,#411,.T.);
#2188=EDGE_CURVE('',#2703,#2691,#3101,.T.);
#2189=EDGE_CURVE('',#2703,#2704,#412,.T.);
#2190=EDGE_CURVE('',#2704,#2692,#3102,.T.);
#2191=EDGE_CURVE('',#2704,#2705,#3103,.T.);
#2192=EDGE_CURVE('',#2705,#2693,#3104,.T.);
#2193=EDGE_CURVE('',#2705,#2706,#413,.T.);
#2194=EDGE_CURVE('',#2706,#2694,#3105,.T.);
#2195=EDGE_CURVE('',#2706,#2707,#414,.T.);
#2196=EDGE_CURVE('',#2707,#2681,#3106,.T.);
#2197=EDGE_CURVE('',#2707,#2708,#194,.T.);
#2198=EDGE_CURVE('',#2708,#2682,#3107,.T.);
#2199=EDGE_CURVE('',#2708,#2695,#195,.T.);
#2200=EDGE_CURVE('',#2709,#2710,#196,.T.);
#2201=EDGE_CURVE('',#2711,#2709,#197,.T.);
#2202=EDGE_CURVE('',#2712,#2711,#415,.F.);
#2203=EDGE_CURVE('',#2713,#2712,#198,.T.);
#2204=EDGE_CURVE('',#2714,#2713,#3108,.T.);
#2205=EDGE_CURVE('',#2715,#2714,#199,.T.);
#2206=EDGE_CURVE('',#2716,#2715,#416,.F.);
#2207=EDGE_CURVE('',#2717,#2716,#200,.T.);
#2208=EDGE_CURVE('',#2718,#2717,#201,.T.);
#2209=EDGE_CURVE('',#2719,#2718,#417,.F.);
#2210=EDGE_CURVE('',#2720,#2719,#202,.T.);
#2211=EDGE_CURVE('',#2721,#2720,#3109,.T.);
#2212=EDGE_CURVE('',#2722,#2721,#203,.T.);
#2213=EDGE_CURVE('',#2710,#2722,#418,.F.);
#2214=EDGE_CURVE('',#2722,#2633,#3110,.T.);
#2215=EDGE_CURVE('',#2710,#2632,#3111,.T.);
#2216=EDGE_CURVE('',#2721,#2634,#3112,.T.);
#2217=EDGE_CURVE('',#2720,#2635,#3113,.T.);
#2218=EDGE_CURVE('',#2719,#2636,#3114,.T.);
#2219=EDGE_CURVE('',#2718,#2637,#3115,.T.);
#2220=EDGE_CURVE('',#2717,#2638,#3116,.T.);
#2221=EDGE_CURVE('',#2716,#2639,#3117,.T.);
#2222=EDGE_CURVE('',#2715,#2640,#3118,.T.);
#2223=EDGE_CURVE('',#2714,#2641,#3119,.T.);
#2224=EDGE_CURVE('',#2713,#2642,#3120,.T.);
#2225=EDGE_CURVE('',#2712,#2629,#3121,.T.);
#2226=EDGE_CURVE('',#2711,#2630,#3122,.T.);
#2227=EDGE_CURVE('',#2709,#2631,#3123,.T.);
#2228=EDGE_CURVE('',#2723,#2724,#3124,.T.);
#2229=EDGE_CURVE('',#2725,#2723,#3125,.T.);
#2230=EDGE_CURVE('',#2726,#2725,#3126,.T.);
#2231=EDGE_CURVE('',#2727,#2726,#3127,.T.);
#2232=EDGE_CURVE('',#2728,#2727,#3128,.T.);
#2233=EDGE_CURVE('',#2729,#2728,#3129,.T.);
#2234=EDGE_CURVE('',#2730,#2729,#3130,.T.);
#2235=EDGE_CURVE('',#2731,#2730,#3131,.T.);
#2236=EDGE_CURVE('',#2732,#2731,#3132,.T.);
#2237=EDGE_CURVE('',#2724,#2732,#3133,.T.);
#2238=EDGE_CURVE('',#2732,#2623,#3134,.T.);
#2239=EDGE_CURVE('',#2724,#2622,#3135,.T.);
#2240=EDGE_CURVE('',#2731,#2624,#3136,.T.);
#2241=EDGE_CURVE('',#2730,#2625,#3137,.T.);
#2242=EDGE_CURVE('',#2729,#2626,#3138,.T.);
#2243=EDGE_CURVE('',#2728,#2627,#3139,.T.);
#2244=EDGE_CURVE('',#2727,#2628,#3140,.T.);
#2245=EDGE_CURVE('',#2726,#2619,#3141,.T.);
#2246=EDGE_CURVE('',#2725,#2620,#3142,.T.);
#2247=EDGE_CURVE('',#2723,#2621,#3143,.T.);
#2248=EDGE_CURVE('',#2733,#2734,#204,.T.);
#2249=EDGE_CURVE('',#2734,#2735,#205,.T.);
#2250=EDGE_CURVE('',#2735,#2736,#419,.T.);
#2251=EDGE_CURVE('',#2736,#2737,#420,.T.);
#2252=EDGE_CURVE('',#2737,#2738,#3144,.T.);
#2253=EDGE_CURVE('',#2738,#2739,#421,.T.);
#2254=EDGE_CURVE('',#2739,#2740,#422,.T.);
#2255=EDGE_CURVE('',#2740,#2741,#206,.T.);
#2256=EDGE_CURVE('',#2741,#2742,#207,.T.);
#2257=EDGE_CURVE('',#2742,#2743,#423,.T.);
#2258=EDGE_CURVE('',#2743,#2744,#424,.T.);
#2259=EDGE_CURVE('',#2744,#2745,#3145,.T.);
#2260=EDGE_CURVE('',#2745,#2746,#425,.T.);
#2261=EDGE_CURVE('',#2746,#2733,#426,.T.);
#2262=EDGE_CURVE('',#2747,#2735,#3146,.T.);
#2263=EDGE_CURVE('',#2747,#2748,#427,.T.);
#2264=EDGE_CURVE('',#2748,#2736,#3147,.T.);
#2265=EDGE_CURVE('',#2748,#2749,#428,.T.);
#2266=EDGE_CURVE('',#2749,#2737,#3148,.T.);
#2267=EDGE_CURVE('',#2749,#2750,#3149,.T.);
#2268=EDGE_CURVE('',#2750,#2738,#3150,.T.);
#2269=EDGE_CURVE('',#2750,#2751,#429,.T.);
#2270=EDGE_CURVE('',#2751,#2739,#3151,.T.);
#2271=EDGE_CURVE('',#2751,#2752,#430,.T.);
#2272=EDGE_CURVE('',#2752,#2740,#3152,.T.);
#2273=EDGE_CURVE('',#2752,#2753,#208,.T.);
#2274=EDGE_CURVE('',#2753,#2741,#3153,.T.);
#2275=EDGE_CURVE('',#2753,#2754,#209,.T.);
#2276=EDGE_CURVE('',#2754,#2742,#3154,.T.);
#2277=EDGE_CURVE('',#2754,#2755,#431,.T.);
#2278=EDGE_CURVE('',#2755,#2743,#3155,.T.);
#2279=EDGE_CURVE('',#2755,#2756,#432,.T.);
#2280=EDGE_CURVE('',#2756,#2744,#3156,.T.);
#2281=EDGE_CURVE('',#2756,#2757,#3157,.T.);
#2282=EDGE_CURVE('',#2757,#2745,#3158,.T.);
#2283=EDGE_CURVE('',#2757,#2758,#433,.T.);
#2284=EDGE_CURVE('',#2758,#2746,#3159,.T.);
#2285=EDGE_CURVE('',#2758,#2759,#434,.T.);
#2286=EDGE_CURVE('',#2759,#2733,#3160,.T.);
#2287=EDGE_CURVE('',#2759,#2760,#210,.T.);
#2288=EDGE_CURVE('',#2760,#2734,#3161,.T.);
#2289=EDGE_CURVE('',#2760,#2747,#211,.T.);
#2290=EDGE_CURVE('',#2761,#2762,#212,.T.);
#2291=EDGE_CURVE('',#2763,#2761,#213,.T.);
#2292=EDGE_CURVE('',#2764,#2763,#435,.F.);
#2293=EDGE_CURVE('',#2765,#2764,#214,.T.);
#2294=EDGE_CURVE('',#2766,#2765,#3162,.T.);
#2295=EDGE_CURVE('',#2767,#2766,#215,.T.);
#2296=EDGE_CURVE('',#2768,#2767,#436,.F.);
#2297=EDGE_CURVE('',#2769,#2768,#216,.T.);
#2298=EDGE_CURVE('',#2770,#2769,#217,.T.);
#2299=EDGE_CURVE('',#2771,#2770,#437,.F.);
#2300=EDGE_CURVE('',#2772,#2771,#218,.T.);
#2301=EDGE_CURVE('',#2773,#2772,#3163,.T.);
#2302=EDGE_CURVE('',#2774,#2773,#219,.T.);
#2303=EDGE_CURVE('',#2762,#2774,#438,.F.);
#2304=EDGE_CURVE('',#2763,#2644,#3164,.T.);
#2305=EDGE_CURVE('',#2764,#2643,#3165,.T.);
#2306=EDGE_CURVE('',#2765,#2656,#3166,.T.);
#2307=EDGE_CURVE('',#2766,#2655,#3167,.T.);
#2308=EDGE_CURVE('',#2767,#2654,#3168,.T.);
#2309=EDGE_CURVE('',#2768,#2653,#3169,.T.);
#2310=EDGE_CURVE('',#2769,#2652,#3170,.T.);
#2311=EDGE_CURVE('',#2770,#2651,#3171,.T.);
#2312=EDGE_CURVE('',#2771,#2650,#3172,.T.);
#2313=EDGE_CURVE('',#2772,#2649,#3173,.T.);
#2314=EDGE_CURVE('',#2773,#2648,#3174,.T.);
#2315=EDGE_CURVE('',#2774,#2647,#3175,.T.);
#2316=EDGE_CURVE('',#2762,#2646,#3176,.T.);
#2317=EDGE_CURVE('',#2761,#2645,#3177,.T.);
#2318=EDGE_CURVE('',#2775,#2776,#3178,.T.);
#2319=EDGE_CURVE('',#2777,#2775,#3179,.T.);
#2320=EDGE_CURVE('',#2778,#2777,#3180,.T.);
#2321=EDGE_CURVE('',#2776,#2778,#3181,.T.);
#2322=EDGE_CURVE('',#2777,#2658,#3182,.T.);
#2323=EDGE_CURVE('',#2778,#2657,#3183,.T.);
#2324=EDGE_CURVE('',#2776,#2660,#3184,.T.);
#2325=EDGE_CURVE('',#2775,#2659,#3185,.T.);
#2326=EDGE_CURVE('',#2779,#2780,#3186,.T.);
#2327=EDGE_CURVE('',#2781,#2779,#3187,.T.);
#2328=EDGE_CURVE('',#2782,#2781,#3188,.T.);
#2329=EDGE_CURVE('',#2783,#2782,#3189,.T.);
#2330=EDGE_CURVE('',#2784,#2783,#3190,.T.);
#2331=EDGE_CURVE('',#2785,#2784,#3191,.T.);
#2332=EDGE_CURVE('',#2786,#2785,#3192,.T.);
#2333=EDGE_CURVE('',#2787,#2786,#3193,.T.);
#2334=EDGE_CURVE('',#2788,#2787,#3194,.T.);
#2335=EDGE_CURVE('',#2780,#2788,#3195,.T.);
#2336=EDGE_CURVE('',#2781,#2662,#3196,.T.);
#2337=EDGE_CURVE('',#2782,#2661,#3197,.T.);
#2338=EDGE_CURVE('',#2783,#2670,#3198,.T.);
#2339=EDGE_CURVE('',#2784,#2669,#3199,.T.);
#2340=EDGE_CURVE('',#2785,#2668,#3200,.T.);
#2341=EDGE_CURVE('',#2786,#2667,#3201,.T.);
#2342=EDGE_CURVE('',#2787,#2666,#3202,.T.);
#2343=EDGE_CURVE('',#2788,#2665,#3203,.T.);
#2344=EDGE_CURVE('',#2780,#2664,#3204,.T.);
#2345=EDGE_CURVE('',#2779,#2663,#3205,.T.);
#2346=EDGE_CURVE('',#2789,#2790,#3206,.T.);
#2347=EDGE_CURVE('',#2791,#2789,#3207,.T.);
#2348=EDGE_CURVE('',#2792,#2791,#3208,.T.);
#2349=EDGE_CURVE('',#2793,#2792,#3209,.T.);
#2350=EDGE_CURVE('',#2794,#2793,#3210,.T.);
#2351=EDGE_CURVE('',#2795,#2794,#3211,.T.);
#2352=EDGE_CURVE('',#2796,#2795,#3212,.T.);
#2353=EDGE_CURVE('',#2797,#2796,#3213,.T.);
#2354=EDGE_CURVE('',#2798,#2797,#3214,.T.);
#2355=EDGE_CURVE('',#2790,#2798,#3215,.T.);
#2356=EDGE_CURVE('',#2791,#2672,#3216,.T.);
#2357=EDGE_CURVE('',#2792,#2671,#3217,.T.);
#2358=EDGE_CURVE('',#2793,#2680,#3218,.T.);
#2359=EDGE_CURVE('',#2794,#2679,#3219,.T.);
#2360=EDGE_CURVE('',#2795,#2678,#3220,.T.);
#2361=EDGE_CURVE('',#2796,#2677,#3221,.T.);
#2362=EDGE_CURVE('',#2797,#2676,#3222,.T.);
#2363=EDGE_CURVE('',#2798,#2675,#3223,.T.);
#2364=EDGE_CURVE('',#2790,#2674,#3224,.T.);
#2365=EDGE_CURVE('',#2789,#2673,#3225,.T.);
#2366=VERTEX_POINT('',#6837);
#2367=VERTEX_POINT('',#6838);
#2368=VERTEX_POINT('',#6840);
#2369=VERTEX_POINT('',#6842);
#2370=VERTEX_POINT('',#6846);
#2371=VERTEX_POINT('',#6847);
#2372=VERTEX_POINT('',#6849);
#2373=VERTEX_POINT('',#6851);
#2374=VERTEX_POINT('',#6855);
#2375=VERTEX_POINT('',#6856);
#2376=VERTEX_POINT('',#6858);
#2377=VERTEX_POINT('',#6860);
#2378=VERTEX_POINT('',#6864);
#2379=VERTEX_POINT('',#6865);
#2380=VERTEX_POINT('',#6867);
#2381=VERTEX_POINT('',#6869);
#2382=VERTEX_POINT('',#6873);
#2383=VERTEX_POINT('',#6874);
#2384=VERTEX_POINT('',#6876);
#2385=VERTEX_POINT('',#6878);
#2386=VERTEX_POINT('',#6882);
#2387=VERTEX_POINT('',#6883);
#2388=VERTEX_POINT('',#6898);
#2389=VERTEX_POINT('',#6900);
#2390=VERTEX_POINT('',#6908);
#2391=VERTEX_POINT('',#6909);
#2392=VERTEX_POINT('',#6914);
#2393=VERTEX_POINT('',#6916);
#2394=VERTEX_POINT('',#6924);
#2395=VERTEX_POINT('',#6926);
#2396=VERTEX_POINT('',#6936);
#2397=VERTEX_POINT('',#6938);
#2398=VERTEX_POINT('',#6949);
#2399=VERTEX_POINT('',#6951);
#2400=VERTEX_POINT('',#6953);
#2401=VERTEX_POINT('',#6955);
#2402=VERTEX_POINT('',#6956);
#2403=VERTEX_POINT('',#6958);
#2404=VERTEX_POINT('',#6960);
#2405=VERTEX_POINT('',#6963);
#2406=VERTEX_POINT('',#6965);
#2407=VERTEX_POINT('',#6967);
#2408=VERTEX_POINT('',#6968);
#2409=VERTEX_POINT('',#6970);
#2410=VERTEX_POINT('',#6972);
#2411=VERTEX_POINT('',#6975);
#2412=VERTEX_POINT('',#6976);
#2413=VERTEX_POINT('',#6987);
#2414=VERTEX_POINT('',#6989);
#2415=VERTEX_POINT('',#6993);
#2416=VERTEX_POINT('',#6994);
#2417=VERTEX_POINT('',#6996);
#2418=VERTEX_POINT('',#6998);
#2419=VERTEX_POINT('',#7002);
#2420=VERTEX_POINT('',#7004);
#2421=VERTEX_POINT('',#7005);
#2422=VERTEX_POINT('',#7007);
#2423=VERTEX_POINT('',#7009);
#2424=VERTEX_POINT('',#7013);
#2425=VERTEX_POINT('',#7015);
#2426=VERTEX_POINT('',#7016);
#2427=VERTEX_POINT('',#7018);
#2428=VERTEX_POINT('',#7020);
#2429=VERTEX_POINT('',#7024);
#2430=VERTEX_POINT('',#7025);
#2431=VERTEX_POINT('',#7027);
#2432=VERTEX_POINT('',#7029);
#2433=VERTEX_POINT('',#7033);
#2434=VERTEX_POINT('',#7034);
#2435=VERTEX_POINT('',#7036);
#2436=VERTEX_POINT('',#7038);
#2437=VERTEX_POINT('',#7040);
#2438=VERTEX_POINT('',#7042);
#2439=VERTEX_POINT('',#7044);
#2440=VERTEX_POINT('',#7046);
#2441=VERTEX_POINT('',#7048);
#2442=VERTEX_POINT('',#7050);
#2443=VERTEX_POINT('',#7052);
#2444=VERTEX_POINT('',#7054);
#2445=VERTEX_POINT('',#7061);
#2446=VERTEX_POINT('',#7063);
#2447=VERTEX_POINT('',#7065);
#2448=VERTEX_POINT('',#7067);
#2449=VERTEX_POINT('',#7069);
#2450=VERTEX_POINT('',#7071);
#2451=VERTEX_POINT('',#7073);
#2452=VERTEX_POINT('',#7075);
#2453=VERTEX_POINT('',#7079);
#2454=VERTEX_POINT('',#7080);
#2455=VERTEX_POINT('',#7082);
#2456=VERTEX_POINT('',#7084);
#2457=VERTEX_POINT('',#7088);
#2458=VERTEX_POINT('',#7090);
#2459=VERTEX_POINT('',#7094);
#2460=VERTEX_POINT('',#7096);
#2461=VERTEX_POINT('',#7100);
#2462=VERTEX_POINT('',#7102);
#2463=VERTEX_POINT('',#7114);
#2464=VERTEX_POINT('',#7116);
#2465=VERTEX_POINT('',#7120);
#2466=VERTEX_POINT('',#7122);
#2467=VERTEX_POINT('',#7126);
#2468=VERTEX_POINT('',#7128);
#2469=VERTEX_POINT('',#7134);
#2470=VERTEX_POINT('',#7136);
#2471=VERTEX_POINT('',#7138);
#2472=VERTEX_POINT('',#7144);
#2473=VERTEX_POINT('',#7148);
#2474=VERTEX_POINT('',#7149);
#2475=VERTEX_POINT('',#7152);
#2476=VERTEX_POINT('',#7156);
#2477=VERTEX_POINT('',#7158);
#2478=VERTEX_POINT('',#7160);
#2479=VERTEX_POINT('',#7162);
#2480=VERTEX_POINT('',#7164);
#2481=VERTEX_POINT('',#7166);
#2482=VERTEX_POINT('',#7168);
#2483=VERTEX_POINT('',#7172);
#2484=VERTEX_POINT('',#7174);
#2485=VERTEX_POINT('',#7178);
#2486=VERTEX_POINT('',#7180);
#2487=VERTEX_POINT('',#7182);
#2488=VERTEX_POINT('',#7185);
#2489=VERTEX_POINT('',#7191);
#2490=VERTEX_POINT('',#7193);
#2491=VERTEX_POINT('',#7196);
#2492=VERTEX_POINT('',#7197);
#2493=VERTEX_POINT('',#7199);
#2494=VERTEX_POINT('',#7201);
#2495=VERTEX_POINT('',#7203);
#2496=VERTEX_POINT('',#7205);
#2497=VERTEX_POINT('',#7207);
#2498=VERTEX_POINT('',#7209);
#2499=VERTEX_POINT('',#7213);
#2500=VERTEX_POINT('',#7215);
#2501=VERTEX_POINT('',#7217);
#2502=VERTEX_POINT('',#7219);
#2503=VERTEX_POINT('',#7224);
#2504=VERTEX_POINT('',#7226);
#2505=VERTEX_POINT('',#7229);
#2506=VERTEX_POINT('',#7231);
#2507=VERTEX_POINT('',#7256);
#2508=VERTEX_POINT('',#7257);
#2509=VERTEX_POINT('',#7259);
#2510=VERTEX_POINT('',#7261);
#2511=VERTEX_POINT('',#7265);
#2512=VERTEX_POINT('',#7266);
#2513=VERTEX_POINT('',#7271);
#2514=VERTEX_POINT('',#7272);
#2515=VERTEX_POINT('',#7277);
#2516=VERTEX_POINT('',#7278);
#2517=VERTEX_POINT('',#7280);
#2518=VERTEX_POINT('',#7282);
#2519=VERTEX_POINT('',#7286);
#2520=VERTEX_POINT('',#7287);
#2521=VERTEX_POINT('',#7292);
#2522=VERTEX_POINT('',#7293);
#2523=VERTEX_POINT('',#7301);
#2524=VERTEX_POINT('',#7304);
#2525=VERTEX_POINT('',#7306);
#2526=VERTEX_POINT('',#7309);
#2527=VERTEX_POINT('',#7311);
#2528=VERTEX_POINT('',#7314);
#2529=VERTEX_POINT('',#7316);
#2530=VERTEX_POINT('',#7319);
#2531=VERTEX_POINT('',#7321);
#2532=VERTEX_POINT('',#7324);
#2533=VERTEX_POINT('',#7327);
#2534=VERTEX_POINT('',#7330);
#2535=VERTEX_POINT('',#7332);
#2536=VERTEX_POINT('',#7338);
#2537=VERTEX_POINT('',#7340);
#2538=VERTEX_POINT('',#7342);
#2539=VERTEX_POINT('',#7355);
#2540=VERTEX_POINT('',#7359);
#2541=VERTEX_POINT('',#7365);
#2542=VERTEX_POINT('',#7369);
#2543=VERTEX_POINT('',#7371);
#2544=VERTEX_POINT('',#7375);
#2545=VERTEX_POINT('',#7384);
#2546=VERTEX_POINT('',#7387);
#2547=VERTEX_POINT('',#7389);
#2548=VERTEX_POINT('',#7393);
#2549=VERTEX_POINT('',#7396);
#2550=VERTEX_POINT('',#7398);
#2551=VERTEX_POINT('',#7402);
#2552=VERTEX_POINT('',#7405);
#2553=VERTEX_POINT('',#7409);
#2554=VERTEX_POINT('',#7412);
#2555=VERTEX_POINT('',#7413);
#2556=VERTEX_POINT('',#7417);
#2557=VERTEX_POINT('',#7421);
#2558=VERTEX_POINT('',#7425);
#2559=VERTEX_POINT('',#7426);
#2560=VERTEX_POINT('',#7428);
#2561=VERTEX_POINT('',#7430);
#2562=VERTEX_POINT('',#7438);
#2563=VERTEX_POINT('',#7439);
#2564=VERTEX_POINT('',#7441);
#2565=VERTEX_POINT('',#7444);
#2566=VERTEX_POINT('',#7448);
#2567=VERTEX_POINT('',#7452);
#2568=VERTEX_POINT('',#7454);
#2569=VERTEX_POINT('',#7456);
#2570=VERTEX_POINT('',#7460);
#2571=VERTEX_POINT('',#7462);
#2572=VERTEX_POINT('',#7466);
#2573=VERTEX_POINT('',#7468);
#2574=VERTEX_POINT('',#7472);
#2575=VERTEX_POINT('',#7474);
#2576=VERTEX_POINT('',#7478);
#2577=VERTEX_POINT('',#7480);
#2578=VERTEX_POINT('',#7484);
#2579=VERTEX_POINT('',#7486);
#2580=VERTEX_POINT('',#7490);
#2581=VERTEX_POINT('',#7492);
#2582=VERTEX_POINT('',#7496);
#2583=VERTEX_POINT('',#7498);
#2584=VERTEX_POINT('',#7502);
#2585=VERTEX_POINT('',#7504);
#2586=VERTEX_POINT('',#7508);
#2587=VERTEX_POINT('',#7510);
#2588=VERTEX_POINT('',#7514);
#2589=VERTEX_POINT('',#7516);
#2590=VERTEX_POINT('',#7520);
#2591=VERTEX_POINT('',#7522);
#2592=VERTEX_POINT('',#7529);
#2593=VERTEX_POINT('',#7531);
#2594=VERTEX_POINT('',#7535);
#2595=VERTEX_POINT('',#7537);
#2596=VERTEX_POINT('',#7541);
#2597=VERTEX_POINT('',#7543);
#2598=VERTEX_POINT('',#7547);
#2599=VERTEX_POINT('',#7549);
#2600=VERTEX_POINT('',#7559);
#2601=VERTEX_POINT('',#7561);
#2602=VERTEX_POINT('',#7565);
#2603=VERTEX_POINT('',#7567);
#2604=VERTEX_POINT('',#7571);
#2605=VERTEX_POINT('',#7573);
#2606=VERTEX_POINT('',#7577);
#2607=VERTEX_POINT('',#7579);
#2608=VERTEX_POINT('',#7583);
#2609=VERTEX_POINT('',#7585);
#2610=VERTEX_POINT('',#7602);
#2611=VERTEX_POINT('',#7609);
#2612=VERTEX_POINT('',#7615);
#2613=VERTEX_POINT('',#7617);
#2614=VERTEX_POINT('',#7654);
#2615=VERTEX_POINT('',#7667);
#2616=VERTEX_POINT('',#7671);
#2617=VERTEX_POINT('',#7674);
#2618=VERTEX_POINT('',#7677);
#2619=VERTEX_POINT('',#7684);
#2620=VERTEX_POINT('',#7685);
#2621=VERTEX_POINT('',#7687);
#2622=VERTEX_POINT('',#7689);
#2623=VERTEX_POINT('',#7691);
#2624=VERTEX_POINT('',#7693);
#2625=VERTEX_POINT('',#7695);
#2626=VERTEX_POINT('',#7697);
#2627=VERTEX_POINT('',#7699);
#2628=VERTEX_POINT('',#7701);
#2629=VERTEX_POINT('',#7704);
#2630=VERTEX_POINT('',#7705);
#2631=VERTEX_POINT('',#7709);
#2632=VERTEX_POINT('',#7713);
#2633=VERTEX_POINT('',#7715);
#2634=VERTEX_POINT('',#7719);
#2635=VERTEX_POINT('',#7721);
#2636=VERTEX_POINT('',#7725);
#2637=VERTEX_POINT('',#7727);
#2638=VERTEX_POINT('',#7731);
#2639=VERTEX_POINT('',#7735);
#2640=VERTEX_POINT('',#7737);
#2641=VERTEX_POINT('',#7741);
#2642=VERTEX_POINT('',#7743);
#2643=VERTEX_POINT('',#7748);
#2644=VERTEX_POINT('',#7749);
#2645=VERTEX_POINT('',#7753);
#2646=VERTEX_POINT('',#7757);
#2647=VERTEX_POINT('',#7759);
#2648=VERTEX_POINT('',#7763);
#2649=VERTEX_POINT('',#7765);
#2650=VERTEX_POINT('',#7769);
#2651=VERTEX_POINT('',#7771);
#2652=VERTEX_POINT('',#7775);
#2653=VERTEX_POINT('',#7779);
#2654=VERTEX_POINT('',#7781);
#2655=VERTEX_POINT('',#7785);
#2656=VERTEX_POINT('',#7787);
#2657=VERTEX_POINT('',#7792);
#2658=VERTEX_POINT('',#7793);
#2659=VERTEX_POINT('',#7795);
#2660=VERTEX_POINT('',#7797);
#2661=VERTEX_POINT('',#7800);
#2662=VERTEX_POINT('',#7801);
#2663=VERTEX_POINT('',#7803);
#2664=VERTEX_POINT('',#7805);
#2665=VERTEX_POINT('',#7807);
#2666=VERTEX_POINT('',#7809);
#2667=VERTEX_POINT('',#7811);
#2668=VERTEX_POINT('',#7813);
#2669=VERTEX_POINT('',#7815);
#2670=VERTEX_POINT('',#7817);
#2671=VERTEX_POINT('',#7820);
#2672=VERTEX_POINT('',#7821);
#2673=VERTEX_POINT('',#7823);
#2674=VERTEX_POINT('',#7825);
#2675=VERTEX_POINT('',#7827);
#2676=VERTEX_POINT('',#7829);
#2677=VERTEX_POINT('',#7831);
#2678=VERTEX_POINT('',#7833);
#2679=VERTEX_POINT('',#7835);
#2680=VERTEX_POINT('',#7837);
#2681=VERTEX_POINT('',#7843);
#2682=VERTEX_POINT('',#7844);
#2683=VERTEX_POINT('',#7848);
#2684=VERTEX_POINT('',#7850);
#2685=VERTEX_POINT('',#7852);
#2686=VERTEX_POINT('',#7854);
#2687=VERTEX_POINT('',#7856);
#2688=VERTEX_POINT('',#7858);
#2689=VERTEX_POINT('',#7862);
#2690=VERTEX_POINT('',#7866);
#2691=VERTEX_POINT('',#7868);
#2692=VERTEX_POINT('',#7870);
#2693=VERTEX_POINT('',#7872);
#2694=VERTEX_POINT('',#7874);
#2695=VERTEX_POINT('',#7878);
#2696=VERTEX_POINT('',#7880);
#2697=VERTEX_POINT('',#7884);
#2698=VERTEX_POINT('',#7888);
#2699=VERTEX_POINT('',#7892);
#2700=VERTEX_POINT('',#7896);
#2701=VERTEX_POINT('',#7909);
#2702=VERTEX_POINT('',#7922);
#2703=VERTEX_POINT('',#7926);
#2704=VERTEX_POINT('',#7930);
#2705=VERTEX_POINT('',#7934);
#2706=VERTEX_POINT('',#7938);
#2707=VERTEX_POINT('',#7942);
#2708=VERTEX_POINT('',#7955);
#2709=VERTEX_POINT('',#7972);
#2710=VERTEX_POINT('',#7973);
#2711=VERTEX_POINT('',#7977);
#2712=VERTEX_POINT('',#7979);
#2713=VERTEX_POINT('',#7983);
#2714=VERTEX_POINT('',#7985);
#2715=VERTEX_POINT('',#7989);
#2716=VERTEX_POINT('',#7991);
#2717=VERTEX_POINT('',#7995);
#2718=VERTEX_POINT('',#7999);
#2719=VERTEX_POINT('',#8001);
#2720=VERTEX_POINT('',#8005);
#2721=VERTEX_POINT('',#8007);
#2722=VERTEX_POINT('',#8011);
#2723=VERTEX_POINT('',#8099);
#2724=VERTEX_POINT('',#8100);
#2725=VERTEX_POINT('',#8102);
#2726=VERTEX_POINT('',#8104);
#2727=VERTEX_POINT('',#8106);
#2728=VERTEX_POINT('',#8108);
#2729=VERTEX_POINT('',#8110);
#2730=VERTEX_POINT('',#8112);
#2731=VERTEX_POINT('',#8114);
#2732=VERTEX_POINT('',#8116);
#2733=VERTEX_POINT('',#8142);
#2734=VERTEX_POINT('',#8143);
#2735=VERTEX_POINT('',#8147);
#2736=VERTEX_POINT('',#8149);
#2737=VERTEX_POINT('',#8151);
#2738=VERTEX_POINT('',#8153);
#2739=VERTEX_POINT('',#8155);
#2740=VERTEX_POINT('',#8157);
#2741=VERTEX_POINT('',#8161);
#2742=VERTEX_POINT('',#8165);
#2743=VERTEX_POINT('',#8167);
#2744=VERTEX_POINT('',#8169);
#2745=VERTEX_POINT('',#8171);
#2746=VERTEX_POINT('',#8173);
#2747=VERTEX_POINT('',#8177);
#2748=VERTEX_POINT('',#8179);
#2749=VERTEX_POINT('',#8183);
#2750=VERTEX_POINT('',#8187);
#2751=VERTEX_POINT('',#8191);
#2752=VERTEX_POINT('',#8195);
#2753=VERTEX_POINT('',#8208);
#2754=VERTEX_POINT('',#8221);
#2755=VERTEX_POINT('',#8225);
#2756=VERTEX_POINT('',#8229);
#2757=VERTEX_POINT('',#8233);
#2758=VERTEX_POINT('',#8237);
#2759=VERTEX_POINT('',#8241);
#2760=VERTEX_POINT('',#8254);
#2761=VERTEX_POINT('',#8271);
#2762=VERTEX_POINT('',#8272);
#2763=VERTEX_POINT('',#8276);
#2764=VERTEX_POINT('',#8278);
#2765=VERTEX_POINT('',#8282);
#2766=VERTEX_POINT('',#8284);
#2767=VERTEX_POINT('',#8288);
#2768=VERTEX_POINT('',#8290);
#2769=VERTEX_POINT('',#8294);
#2770=VERTEX_POINT('',#8298);
#2771=VERTEX_POINT('',#8300);
#2772=VERTEX_POINT('',#8304);
#2773=VERTEX_POINT('',#8306);
#2774=VERTEX_POINT('',#8310);
#2775=VERTEX_POINT('',#8398);
#2776=VERTEX_POINT('',#8399);
#2777=VERTEX_POINT('',#8401);
#2778=VERTEX_POINT('',#8403);
#2779=VERTEX_POINT('',#8415);
#2780=VERTEX_POINT('',#8416);
#2781=VERTEX_POINT('',#8418);
#2782=VERTEX_POINT('',#8420);
#2783=VERTEX_POINT('',#8422);
#2784=VERTEX_POINT('',#8424);
#2785=VERTEX_POINT('',#8426);
#2786=VERTEX_POINT('',#8428);
#2787=VERTEX_POINT('',#8430);
#2788=VERTEX_POINT('',#8432);
#2789=VERTEX_POINT('',#8456);
#2790=VERTEX_POINT('',#8457);
#2791=VERTEX_POINT('',#8459);
#2792=VERTEX_POINT('',#8461);
#2793=VERTEX_POINT('',#8463);
#2794=VERTEX_POINT('',#8465);
#2795=VERTEX_POINT('',#8467);
#2796=VERTEX_POINT('',#8469);
#2797=VERTEX_POINT('',#8471);
#2798=VERTEX_POINT('',#8473);
#2799=LINE('',#6836,#3226);
#2800=LINE('',#6839,#3227);
#2801=LINE('',#6841,#3228);
#2802=LINE('',#6843,#3229);
#2803=LINE('',#6845,#3230);
#2804=LINE('',#6848,#3231);
#2805=LINE('',#6850,#3232);
#2806=LINE('',#6852,#3233);
#2807=LINE('',#6854,#3234);
#2808=LINE('',#6857,#3235);
#2809=LINE('',#6859,#3236);
#2810=LINE('',#6861,#3237);
#2811=LINE('',#6863,#3238);
#2812=LINE('',#6866,#3239);
#2813=LINE('',#6868,#3240);
#2814=LINE('',#6870,#3241);
#2815=LINE('',#6892,#3242);
#2816=LINE('',#6901,#3243);
#2817=LINE('',#6923,#3244);
#2818=LINE('',#6939,#3245);
#2819=LINE('',#6954,#3246);
#2820=LINE('',#6957,#3247);
#2821=LINE('',#6959,#3248);
#2822=LINE('',#6961,#3249);
#2823=LINE('',#6966,#3250);
#2824=LINE('',#6969,#3251);
#2825=LINE('',#6971,#3252);
#2826=LINE('',#6973,#3253);
#2827=LINE('',#6974,#3254);
#2828=LINE('',#6988,#3255);
#2829=LINE('',#6990,#3256);
#2830=LINE('',#6992,#3257);
#2831=LINE('',#6997,#3258);
#2832=LINE('',#7006,#3259);
#2833=LINE('',#7010,#3260);
#2834=LINE('',#7017,#3261);
#2835=LINE('',#7021,#3262);
#2836=LINE('',#7023,#3263);
#2837=LINE('',#7026,#3264);
#2838=LINE('',#7028,#3265);
#2839=LINE('',#7030,#3266);
#2840=LINE('',#7032,#3267);
#2841=LINE('',#7035,#3268);
#2842=LINE('',#7037,#3269);
#2843=LINE('',#7039,#3270);
#2844=LINE('',#7041,#3271);
#2845=LINE('',#7043,#3272);
#2846=LINE('',#7045,#3273);
#2847=LINE('',#7047,#3274);
#2848=LINE('',#7049,#3275);
#2849=LINE('',#7051,#3276);
#2850=LINE('',#7053,#3277);
#2851=LINE('',#7055,#3278);
#2852=LINE('',#7057,#3279);
#2853=LINE('',#7058,#3280);
#2854=LINE('',#7060,#3281);
#2855=LINE('',#7062,#3282);
#2856=LINE('',#7064,#3283);
#2857=LINE('',#7066,#3284);
#2858=LINE('',#7070,#3285);
#2859=LINE('',#7074,#3286);
#2860=LINE('',#7076,#3287);
#2861=LINE('',#7078,#3288);
#2862=LINE('',#7081,#3289);
#2863=LINE('',#7083,#3290);
#2864=LINE('',#7085,#3291);
#2865=LINE('',#7087,#3292);
#2866=LINE('',#7089,#3293);
#2867=LINE('',#7091,#3294);
#2868=LINE('',#7093,#3295);
#2869=LINE('',#7095,#3296);
#2870=LINE('',#7097,#3297);
#2871=LINE('',#7099,#3298);
#2872=LINE('',#7101,#3299);
#2873=LINE('',#7115,#3300);
#2874=LINE('',#7117,#3301);
#2875=LINE('',#7119,#3302);
#2876=LINE('',#7121,#3303);
#2877=LINE('',#7123,#3304);
#2878=LINE('',#7125,#3305);
#2879=LINE('',#7127,#3306);
#2880=LINE('',#7129,#3307);
#2881=LINE('',#7131,#3308);
#2882=LINE('',#7133,#3309);
#2883=LINE('',#7135,#3310);
#2884=LINE('',#7137,#3311);
#2885=LINE('',#7145,#3312);
#2886=LINE('',#7147,#3313);
#2887=LINE('',#7151,#3314);
#2888=LINE('',#7153,#3315);
#2889=LINE('',#7154,#3316);
#2890=LINE('',#7155,#3317);
#2891=LINE('',#7157,#3318);
#2892=LINE('',#7159,#3319);
#2893=LINE('',#7163,#3320);
#2894=LINE('',#7167,#3321);
#2895=LINE('',#7171,#3322);
#2896=LINE('',#7173,#3323);
#2897=LINE('',#7175,#3324);
#2898=LINE('',#7179,#3325);
#2899=LINE('',#7183,#3326);
#2900=LINE('',#7184,#3327);
#2901=LINE('',#7186,#3328);
#2902=LINE('',#7188,#3329);
#2903=LINE('',#7190,#3330);
#2904=LINE('',#7192,#3331);
#2905=LINE('',#7194,#3332);
#2906=LINE('',#7198,#3333);
#2907=LINE('',#7202,#3334);
#2908=LINE('',#7206,#3335);
#2909=LINE('',#7210,#3336);
#2910=LINE('',#7223,#3337);
#2911=LINE('',#7225,#3338);
#2912=LINE('',#7227,#3339);
#2913=LINE('',#7228,#3340);
#2914=LINE('',#7230,#3341);
#2915=LINE('',#7232,#3342);
#2916=LINE('',#7235,#3343);
#2917=LINE('',#7237,#3344);
#2918=LINE('',#7239,#3345);
#2919=LINE('',#7240,#3346);
#2920=LINE('',#7242,#3347);
#2921=LINE('',#7244,#3348);
#2922=LINE('',#7246,#3349);
#2923=LINE('',#7248,#3350);
#2924=LINE('',#7249,#3351);
#2925=LINE('',#7251,#3352);
#2926=LINE('',#7255,#3353);
#2927=LINE('',#7258,#3354);
#2928=LINE('',#7260,#3355);
#2929=LINE('',#7262,#3356);
#2930=LINE('',#7264,#3357);
#2931=LINE('',#7267,#3358);
#2932=LINE('',#7268,#3359);
#2933=LINE('',#7270,#3360);
#2934=LINE('',#7273,#3361);
#2935=LINE('',#7274,#3362);
#2936=LINE('',#7276,#3363);
#2937=LINE('',#7279,#3364);
#2938=LINE('',#7281,#3365);
#2939=LINE('',#7283,#3366);
#2940=LINE('',#7285,#3367);
#2941=LINE('',#7288,#3368);
#2942=LINE('',#7289,#3369);
#2943=LINE('',#7291,#3370);
#2944=LINE('',#7294,#3371);
#2945=LINE('',#7295,#3372);
#2946=LINE('',#7297,#3373);
#2947=LINE('',#7298,#3374);
#2948=LINE('',#7334,#3375);
#2949=LINE('',#7335,#3376);
#2950=LINE('',#7354,#3377);
#2951=LINE('',#7356,#3378);
#2952=LINE('',#7358,#3379);
#2953=LINE('',#7360,#3380);
#2954=LINE('',#7362,#3381);
#2955=LINE('',#7364,#3382);
#2956=LINE('',#7366,#3383);
#2957=LINE('',#7368,#3384);
#2958=LINE('',#7370,#3385);
#2959=LINE('',#7372,#3386);
#2960=LINE('',#7374,#3387);
#2961=LINE('',#7376,#3388);
#2962=LINE('',#7424,#3389);
#2963=LINE('',#7427,#3390);
#2964=LINE('',#7429,#3391);
#2965=LINE('',#7431,#3392);
#2966=LINE('',#7437,#3393);
#2967=LINE('',#7440,#3394);
#2968=LINE('',#7442,#3395);
#2969=LINE('',#7443,#3396);
#2970=LINE('',#7445,#3397);
#2971=LINE('',#7447,#3398);
#2972=LINE('',#7451,#3399);
#2973=LINE('',#7453,#3400);
#2974=LINE('',#7455,#3401);
#2975=LINE('',#7457,#3402);
#2976=LINE('',#7459,#3403);
#2977=LINE('',#7461,#3404);
#2978=LINE('',#7463,#3405);
#2979=LINE('',#7465,#3406);
#2980=LINE('',#7467,#3407);
#2981=LINE('',#7469,#3408);
#2982=LINE('',#7471,#3409);
#2983=LINE('',#7473,#3410);
#2984=LINE('',#7475,#3411);
#2985=LINE('',#7477,#3412);
#2986=LINE('',#7479,#3413);
#2987=LINE('',#7481,#3414);
#2988=LINE('',#7483,#3415);
#2989=LINE('',#7485,#3416);
#2990=LINE('',#7487,#3417);
#2991=LINE('',#7489,#3418);
#2992=LINE('',#7491,#3419);
#2993=LINE('',#7493,#3420);
#2994=LINE('',#7497,#3421);
#2995=LINE('',#7501,#3422);
#2996=LINE('',#7503,#3423);
#2997=LINE('',#7505,#3424);
#2998=LINE('',#7507,#3425);
#2999=LINE('',#7509,#3426);
#3000=LINE('',#7511,#3427);
#3001=LINE('',#7513,#3428);
#3002=LINE('',#7515,#3429);
#3003=LINE('',#7517,#3430);
#3004=LINE('',#7519,#3431);
#3005=LINE('',#7521,#3432);
#3006=LINE('',#7523,#3433);
#3007=LINE('',#7525,#3434);
#3008=LINE('',#7526,#3435);
#3009=LINE('',#7528,#3436);
#3010=LINE('',#7530,#3437);
#3011=LINE('',#7532,#3438);
#3012=LINE('',#7534,#3439);
#3013=LINE('',#7536,#3440);
#3014=LINE('',#7538,#3441);
#3015=LINE('',#7540,#3442);
#3016=LINE('',#7542,#3443);
#3017=LINE('',#7544,#3444);
#3018=LINE('',#7546,#3445);
#3019=LINE('',#7548,#3446);
#3020=LINE('',#7550,#3447);
#3021=LINE('',#7552,#3448);
#3022=LINE('',#7553,#3449);
#3023=LINE('',#7555,#3450);
#3024=LINE('',#7556,#3451);
#3025=LINE('',#7558,#3452);
#3026=LINE('',#7560,#3453);
#3027=LINE('',#7562,#3454);
#3028=LINE('',#7564,#3455);
#3029=LINE('',#7566,#3456);
#3030=LINE('',#7568,#3457);
#3031=LINE('',#7570,#3458);
#3032=LINE('',#7572,#3459);
#3033=LINE('',#7574,#3460);
#3034=LINE('',#7576,#3461);
#3035=LINE('',#7578,#3462);
#3036=LINE('',#7580,#3463);
#3037=LINE('',#7582,#3464);
#3038=LINE('',#7584,#3465);
#3039=LINE('',#7586,#3466);
#3040=LINE('',#7588,#3467);
#3041=LINE('',#7589,#3468);
#3042=LINE('',#7603,#3469);
#3043=LINE('',#7610,#3470);
#3044=LINE('',#7612,#3471);
#3045=LINE('',#7614,#3472);
#3046=LINE('',#7616,#3473);
#3047=LINE('',#7618,#3474);
#3048=LINE('',#7653,#3475);
#3049=LINE('',#7666,#3476);
#3050=LINE('',#7668,#3477);
#3051=LINE('',#7681,#3478);
#3052=LINE('',#7683,#3479);
#3053=LINE('',#7686,#3480);
#3054=LINE('',#7688,#3481);
#3055=LINE('',#7690,#3482);
#3056=LINE('',#7692,#3483);
#3057=LINE('',#7694,#3484);
#3058=LINE('',#7696,#3485);
#3059=LINE('',#7698,#3486);
#3060=LINE('',#7700,#3487);
#3061=LINE('',#7702,#3488);
#3062=LINE('',#7720,#3489);
#3063=LINE('',#7742,#3490);
#3064=LINE('',#7764,#3491);
#3065=LINE('',#7786,#3492);
#3066=LINE('',#7791,#3493);
#3067=LINE('',#7794,#3494);
#3068=LINE('',#7796,#3495);
#3069=LINE('',#7798,#3496);
#3070=LINE('',#7799,#3497);
#3071=LINE('',#7802,#3498);
#3072=LINE('',#7804,#3499);
#3073=LINE('',#7806,#3500);
#3074=LINE('',#7808,#3501);
#3075=LINE('',#7810,#3502);
#3076=LINE('',#7812,#3503);
#3077=LINE('',#7814,#3504);
#3078=LINE('',#7816,#3505);
#3079=LINE('',#7818,#3506);
#3080=LINE('',#7819,#3507);
#3081=LINE('',#7822,#3508);
#3082=LINE('',#7824,#3509);
#3083=LINE('',#7826,#3510);
#3084=LINE('',#7828,#3511);
#3085=LINE('',#7830,#3512);
#3086=LINE('',#7832,#3513);
#3087=LINE('',#7834,#3514);
#3088=LINE('',#7836,#3515);
#3089=LINE('',#7838,#3516);
#3090=LINE('',#7853,#3517);
#3091=LINE('',#7871,#3518);
#3092=LINE('',#7877,#3519);
#3093=LINE('',#7881,#3520);
#3094=LINE('',#7885,#3521);
#3095=LINE('',#7887,#3522);
#3096=LINE('',#7889,#3523);
#3097=LINE('',#7893,#3524);
#3098=LINE('',#7897,#3525);
#3099=LINE('',#7910,#3526);
#3100=LINE('',#7923,#3527);
#3101=LINE('',#7927,#3528);
#3102=LINE('',#7931,#3529);
#3103=LINE('',#7933,#3530);
#3104=LINE('',#7935,#3531);
#3105=LINE('',#7939,#3532);
#3106=LINE('',#7943,#3533);
#3107=LINE('',#7956,#3534);
#3108=LINE('',#7984,#3535);
#3109=LINE('',#8006,#3536);
#3110=LINE('',#8014,#3537);
#3111=LINE('',#8015,#3538);
#3112=LINE('',#8024,#3539);
#3113=LINE('',#8026,#3540);
#3114=LINE('',#8035,#3541);
#3115=LINE('',#8037,#3542);
#3116=LINE('',#8046,#3543);
#3117=LINE('',#8055,#3544);
#3118=LINE('',#8057,#3545);
#3119=LINE('',#8066,#3546);
#3120=LINE('',#8068,#3547);
#3121=LINE('',#8077,#3548);
#3122=LINE('',#8079,#3549);
#3123=LINE('',#8088,#3550);
#3124=LINE('',#8098,#3551);
#3125=LINE('',#8101,#3552);
#3126=LINE('',#8103,#3553);
#3127=LINE('',#8105,#3554);
#3128=LINE('',#8107,#3555);
#3129=LINE('',#8109,#3556);
#3130=LINE('',#8111,#3557);
#3131=LINE('',#8113,#3558);
#3132=LINE('',#8115,#3559);
#3133=LINE('',#8117,#3560);
#3134=LINE('',#8119,#3561);
#3135=LINE('',#8120,#3562);
#3136=LINE('',#8122,#3563);
#3137=LINE('',#8124,#3564);
#3138=LINE('',#8126,#3565);
#3139=LINE('',#8128,#3566);
#3140=LINE('',#8130,#3567);
#3141=LINE('',#8132,#3568);
#3142=LINE('',#8134,#3569);
#3143=LINE('',#8136,#3570);
#3144=LINE('',#8152,#3571);
#3145=LINE('',#8170,#3572);
#3146=LINE('',#8176,#3573);
#3147=LINE('',#8180,#3574);
#3148=LINE('',#8184,#3575);
#3149=LINE('',#8186,#3576);
#3150=LINE('',#8188,#3577);
#3151=LINE('',#8192,#3578);
#3152=LINE('',#8196,#3579);
#3153=LINE('',#8209,#3580);
#3154=LINE('',#8222,#3581);
#3155=LINE('',#8226,#3582);
#3156=LINE('',#8230,#3583);
#3157=LINE('',#8232,#3584);
#3158=LINE('',#8234,#3585);
#3159=LINE('',#8238,#3586);
#3160=LINE('',#8242,#3587);
#3161=LINE('',#8255,#3588);
#3162=LINE('',#8283,#3589);
#3163=LINE('',#8305,#3590);
#3164=LINE('',#8313,#3591);
#3165=LINE('',#8314,#3592);
#3166=LINE('',#8323,#3593);
#3167=LINE('',#8325,#3594);
#3168=LINE('',#8334,#3595);
#3169=LINE('',#8336,#3596);
#3170=LINE('',#8345,#3597);
#3171=LINE('',#8354,#3598);
#3172=LINE('',#8356,#3599);
#3173=LINE('',#8365,#3600);
#3174=LINE('',#8367,#3601);
#3175=LINE('',#8376,#3602);
#3176=LINE('',#8378,#3603);
#3177=LINE('',#8387,#3604);
#3178=LINE('',#8397,#3605);
#3179=LINE('',#8400,#3606);
#3180=LINE('',#8402,#3607);
#3181=LINE('',#8404,#3608);
#3182=LINE('',#8406,#3609);
#3183=LINE('',#8407,#3610);
#3184=LINE('',#8409,#3611);
#3185=LINE('',#8411,#3612);
#3186=LINE('',#8414,#3613);
#3187=LINE('',#8417,#3614);
#3188=LINE('',#8419,#3615);
#3189=LINE('',#8421,#3616);
#3190=LINE('',#8423,#3617);
#3191=LINE('',#8425,#3618);
#3192=LINE('',#8427,#3619);
#3193=LINE('',#8429,#3620);
#3194=LINE('',#8431,#3621);
#3195=LINE('',#8433,#3622);
#3196=LINE('',#8435,#3623);
#3197=LINE('',#8436,#3624);
#3198=LINE('',#8438,#3625);
#3199=LINE('',#8440,#3626);
#3200=LINE('',#8442,#3627);
#3201=LINE('',#8444,#3628);
#3202=LINE('',#8446,#3629);
#3203=LINE('',#8448,#3630);
#3204=LINE('',#8450,#3631);
#3205=LINE('',#8452,#3632);
#3206=LINE('',#8455,#3633);
#3207=LINE('',#8458,#3634);
#3208=LINE('',#8460,#3635);
#3209=LINE('',#8462,#3636);
#3210=LINE('',#8464,#3637);
#3211=LINE('',#8466,#3638);
#3212=LINE('',#8468,#3639);
#3213=LINE('',#8470,#3640);
#3214=LINE('',#8472,#3641);
#3215=LINE('',#8474,#3642);
#3216=LINE('',#8476,#3643);
#3217=LINE('',#8477,#3644);
#3218=LINE('',#8479,#3645);
#3219=LINE('',#8481,#3646);
#3220=LINE('',#8483,#3647);
#3221=LINE('',#8485,#3648);
#3222=LINE('',#8487,#3649);
#3223=LINE('',#8489,#3650);
#3224=LINE('',#8491,#3651);
#3225=LINE('',#8493,#3652);
#3226=VECTOR('',#5665,1.);
#3227=VECTOR('',#5666,1.);
#3228=VECTOR('',#5667,1.);
#3229=VECTOR('',#5668,1.);
#3230=VECTOR('',#5671,1.);
#3231=VECTOR('',#5672,1.);
#3232=VECTOR('',#5673,1.);
#3233=VECTOR('',#5674,1.);
#3234=VECTOR('',#5677,1.);
#3235=VECTOR('',#5678,1.);
#3236=VECTOR('',#5679,1.);
#3237=VECTOR('',#5680,1.);
#3238=VECTOR('',#5683,1.);
#3239=VECTOR('',#5684,1.);
#3240=VECTOR('',#5685,1.);
#3241=VECTOR('',#5686,1.);
#3242=VECTOR('',#5701,1.);
#3243=VECTOR('',#5706,1.);
#3244=VECTOR('',#5725,1.);
#3245=VECTOR('',#5732,1.);
#3246=VECTOR('',#5747,1.);
#3247=VECTOR('',#5748,1.);
#3248=VECTOR('',#5749,1.);
#3249=VECTOR('',#5750,1.);
#3250=VECTOR('',#5755,1.);
#3251=VECTOR('',#5756,1.);
#3252=VECTOR('',#5757,1.);
#3253=VECTOR('',#5758,1.);
#3254=VECTOR('',#5759,1.);
#3255=VECTOR('',#5760,1.);
#3256=VECTOR('',#5761,1.);
#3257=VECTOR('',#5764,1.);
#3258=VECTOR('',#5767,1.);
#3259=VECTOR('',#5776,1.);
#3260=VECTOR('',#5779,1.);
#3261=VECTOR('',#5786,1.);
#3262=VECTOR('',#5789,1.);
#3263=VECTOR('',#5792,1.);
#3264=VECTOR('',#5793,1.);
#3265=VECTOR('',#5794,1.);
#3266=VECTOR('',#5795,1.);
#3267=VECTOR('',#5798,1.);
#3268=VECTOR('',#5799,1.);
#3269=VECTOR('',#5800,1.);
#3270=VECTOR('',#5801,1.);
#3271=VECTOR('',#5802,1.);
#3272=VECTOR('',#5803,1.);
#3273=VECTOR('',#5804,1.);
#3274=VECTOR('',#5805,1.);
#3275=VECTOR('',#5806,1.);
#3276=VECTOR('',#5807,1.);
#3277=VECTOR('',#5808,1.);
#3278=VECTOR('',#5809,1.);
#3279=VECTOR('',#5812,1.);
#3280=VECTOR('',#5813,1.);
#3281=VECTOR('',#5816,1.);
#3282=VECTOR('',#5817,1.);
#3283=VECTOR('',#5818,1.);
#3284=VECTOR('',#5819,1.);
#3285=VECTOR('',#5822,1.);
#3286=VECTOR('',#5825,1.);
#3287=VECTOR('',#5826,1.);
#3288=VECTOR('',#5829,1.);
#3289=VECTOR('',#5830,1.);
#3290=VECTOR('',#5831,1.);
#3291=VECTOR('',#5832,1.);
#3292=VECTOR('',#5835,1.);
#3293=VECTOR('',#5836,1.);
#3294=VECTOR('',#5837,1.);
#3295=VECTOR('',#5840,1.);
#3296=VECTOR('',#5841,1.);
#3297=VECTOR('',#5842,1.);
#3298=VECTOR('',#5845,1.);
#3299=VECTOR('',#5846,1.);
#3300=VECTOR('',#5847,1.);
#3301=VECTOR('',#5848,1.);
#3302=VECTOR('',#5851,1.);
#3303=VECTOR('',#5852,1.);
#3304=VECTOR('',#5853,1.);
#3305=VECTOR('',#5856,1.);
#3306=VECTOR('',#5857,1.);
#3307=VECTOR('',#5858,1.);
#3308=VECTOR('',#5861,1.);
#3309=VECTOR('',#5864,1.);
#3310=VECTOR('',#5865,1.);
#3311=VECTOR('',#5866,1.);
#3312=VECTOR('',#5867,1.);
#3313=VECTOR('',#5870,1.);
#3314=VECTOR('',#5873,1.);
#3315=VECTOR('',#5874,1.);
#3316=VECTOR('',#5875,1.);
#3317=VECTOR('',#5876,1.);
#3318=VECTOR('',#5877,1.);
#3319=VECTOR('',#5878,1.);
#3320=VECTOR('',#5881,1.);
#3321=VECTOR('',#5884,1.);
#3322=VECTOR('',#5889,1.);
#3323=VECTOR('',#5890,1.);
#3324=VECTOR('',#5891,1.);
#3325=VECTOR('',#5896,1.);
#3326=VECTOR('',#5899,1.);
#3327=VECTOR('',#5900,1.);
#3328=VECTOR('',#5901,1.);
#3329=VECTOR('',#5904,1.);
#3330=VECTOR('',#5907,1.);
#3331=VECTOR('',#5908,1.);
#3332=VECTOR('',#5909,1.);
#3333=VECTOR('',#5912,1.);
#3334=VECTOR('',#5915,1.);
#3335=VECTOR('',#5918,1.);
#3336=VECTOR('',#5921,1.);
#3337=VECTOR('',#5938,1.);
#3338=VECTOR('',#5939,1.);
#3339=VECTOR('',#5940,1.);
#3340=VECTOR('',#5941,1.);
#3341=VECTOR('',#5942,1.);
#3342=VECTOR('',#5943,1.);
#3343=VECTOR('',#5948,1.);
#3344=VECTOR('',#5951,1.);
#3345=VECTOR('',#5954,1.);
#3346=VECTOR('',#5955,1.);
#3347=VECTOR('',#5958,1.);
#3348=VECTOR('',#5961,1.);
#3349=VECTOR('',#5964,1.);
#3350=VECTOR('',#5967,1.);
#3351=VECTOR('',#5968,1.);
#3352=VECTOR('',#5971,1.);
#3353=VECTOR('',#5978,1.);
#3354=VECTOR('',#5979,1.);
#3355=VECTOR('',#5980,1.);
#3356=VECTOR('',#5981,1.);
#3357=VECTOR('',#5984,1.);
#3358=VECTOR('',#5985,1.);
#3359=VECTOR('',#5986,1.);
#3360=VECTOR('',#5989,1.);
#3361=VECTOR('',#5990,1.);
#3362=VECTOR('',#5991,1.);
#3363=VECTOR('',#5994,1.);
#3364=VECTOR('',#5995,1.);
#3365=VECTOR('',#5996,1.);
#3366=VECTOR('',#5997,1.);
#3367=VECTOR('',#6000,1.);
#3368=VECTOR('',#6001,1.);
#3369=VECTOR('',#6002,1.);
#3370=VECTOR('',#6005,1.);
#3371=VECTOR('',#6006,1.);
#3372=VECTOR('',#6007,1.);
#3373=VECTOR('',#6010,1.);
#3374=VECTOR('',#6011,1.);
#3375=VECTOR('',#6056,1.);
#3376=VECTOR('',#6057,1.);
#3377=VECTOR('',#6088,1.);
#3378=VECTOR('',#6089,1.);
#3379=VECTOR('',#6092,1.);
#3380=VECTOR('',#6093,1.);
#3381=VECTOR('',#6096,1.);
#3382=VECTOR('',#6099,1.);
#3383=VECTOR('',#6100,1.);
#3384=VECTOR('',#6103,1.);
#3385=VECTOR('',#6104,1.);
#3386=VECTOR('',#6105,1.);
#3387=VECTOR('',#6108,1.);
#3388=VECTOR('',#6109,1.);
#3389=VECTOR('',#6178,1.);
#3390=VECTOR('',#6179,1.);
#3391=VECTOR('',#6180,1.);
#3392=VECTOR('',#6181,1.);
#3393=VECTOR('',#6192,1.);
#3394=VECTOR('',#6193,1.);
#3395=VECTOR('',#6194,1.);
#3396=VECTOR('',#6195,1.);
#3397=VECTOR('',#6196,1.);
#3398=VECTOR('',#6199,1.);
#3399=VECTOR('',#6204,1.);
#3400=VECTOR('',#6205,1.);
#3401=VECTOR('',#6206,1.);
#3402=VECTOR('',#6207,1.);
#3403=VECTOR('',#6210,1.);
#3404=VECTOR('',#6211,1.);
#3405=VECTOR('',#6212,1.);
#3406=VECTOR('',#6215,1.);
#3407=VECTOR('',#6216,1.);
#3408=VECTOR('',#6217,1.);
#3409=VECTOR('',#6220,1.);
#3410=VECTOR('',#6221,1.);
#3411=VECTOR('',#6222,1.);
#3412=VECTOR('',#6225,1.);
#3413=VECTOR('',#6226,1.);
#3414=VECTOR('',#6227,1.);
#3415=VECTOR('',#6230,1.);
#3416=VECTOR('',#6231,1.);
#3417=VECTOR('',#6232,1.);
#3418=VECTOR('',#6235,1.);
#3419=VECTOR('',#6236,1.);
#3420=VECTOR('',#6237,1.);
#3421=VECTOR('',#6242,1.);
#3422=VECTOR('',#6247,1.);
#3423=VECTOR('',#6248,1.);
#3424=VECTOR('',#6249,1.);
#3425=VECTOR('',#6252,1.);
#3426=VECTOR('',#6253,1.);
#3427=VECTOR('',#6254,1.);
#3428=VECTOR('',#6257,1.);
#3429=VECTOR('',#6258,1.);
#3430=VECTOR('',#6259,1.);
#3431=VECTOR('',#6262,1.);
#3432=VECTOR('',#6263,1.);
#3433=VECTOR('',#6264,1.);
#3434=VECTOR('',#6267,1.);
#3435=VECTOR('',#6268,1.);
#3436=VECTOR('',#6271,1.);
#3437=VECTOR('',#6272,1.);
#3438=VECTOR('',#6273,1.);
#3439=VECTOR('',#6276,1.);
#3440=VECTOR('',#6277,1.);
#3441=VECTOR('',#6278,1.);
#3442=VECTOR('',#6281,1.);
#3443=VECTOR('',#6282,1.);
#3444=VECTOR('',#6283,1.);
#3445=VECTOR('',#6286,1.);
#3446=VECTOR('',#6287,1.);
#3447=VECTOR('',#6288,1.);
#3448=VECTOR('',#6291,1.);
#3449=VECTOR('',#6292,1.);
#3450=VECTOR('',#6295,1.);
#3451=VECTOR('',#6296,1.);
#3452=VECTOR('',#6299,1.);
#3453=VECTOR('',#6300,1.);
#3454=VECTOR('',#6301,1.);
#3455=VECTOR('',#6304,1.);
#3456=VECTOR('',#6305,1.);
#3457=VECTOR('',#6306,1.);
#3458=VECTOR('',#6309,1.);
#3459=VECTOR('',#6310,1.);
#3460=VECTOR('',#6311,1.);
#3461=VECTOR('',#6314,1.);
#3462=VECTOR('',#6315,1.);
#3463=VECTOR('',#6316,1.);
#3464=VECTOR('',#6319,1.);
#3465=VECTOR('',#6320,1.);
#3466=VECTOR('',#6321,1.);
#3467=VECTOR('',#6324,1.);
#3468=VECTOR('',#6325,1.);
#3469=VECTOR('',#6350,1.);
#3470=VECTOR('',#6361,1.);
#3471=VECTOR('',#6364,1.);
#3472=VECTOR('',#6367,1.);
#3473=VECTOR('',#6368,1.);
#3474=VECTOR('',#6369,1.);
#3475=VECTOR('',#6370,1.);
#3476=VECTOR('',#6373,1.);
#3477=VECTOR('',#6374,1.);
#3478=VECTOR('',#6393,1.);
#3479=VECTOR('',#6396,1.);
#3480=VECTOR('',#6397,1.);
#3481=VECTOR('',#6398,1.);
#3482=VECTOR('',#6399,1.);
#3483=VECTOR('',#6400,1.);
#3484=VECTOR('',#6401,1.);
#3485=VECTOR('',#6402,1.);
#3486=VECTOR('',#6403,1.);
#3487=VECTOR('',#6404,1.);
#3488=VECTOR('',#6405,1.);
#3489=VECTOR('',#6410,1.);
#3490=VECTOR('',#6415,1.);
#3491=VECTOR('',#6420,1.);
#3492=VECTOR('',#6425,1.);
#3493=VECTOR('',#6426,1.);
#3494=VECTOR('',#6427,1.);
#3495=VECTOR('',#6428,1.);
#3496=VECTOR('',#6429,1.);
#3497=VECTOR('',#6430,1.);
#3498=VECTOR('',#6431,1.);
#3499=VECTOR('',#6432,1.);
#3500=VECTOR('',#6433,1.);
#3501=VECTOR('',#6434,1.);
#3502=VECTOR('',#6435,1.);
#3503=VECTOR('',#6436,1.);
#3504=VECTOR('',#6437,1.);
#3505=VECTOR('',#6438,1.);
#3506=VECTOR('',#6439,1.);
#3507=VECTOR('',#6440,1.);
#3508=VECTOR('',#6441,1.);
#3509=VECTOR('',#6442,1.);
#3510=VECTOR('',#6443,1.);
#3511=VECTOR('',#6444,1.);
#3512=VECTOR('',#6445,1.);
#3513=VECTOR('',#6446,1.);
#3514=VECTOR('',#6447,1.);
#3515=VECTOR('',#6448,1.);
#3516=VECTOR('',#6449,1.);
#3517=VECTOR('',#6456,1.);
#3518=VECTOR('',#6465,1.);
#3519=VECTOR('',#6472,1.);
#3520=VECTOR('',#6475,1.);
#3521=VECTOR('',#6480,1.);
#3522=VECTOR('',#6483,1.);
#3523=VECTOR('',#6484,1.);
#3524=VECTOR('',#6489,1.);
#3525=VECTOR('',#6494,1.);
#3526=VECTOR('',#6495,1.);
#3527=VECTOR('',#6496,1.);
#3528=VECTOR('',#6501,1.);
#3529=VECTOR('',#6506,1.);
#3530=VECTOR('',#6509,1.);
#3531=VECTOR('',#6510,1.);
#3532=VECTOR('',#6515,1.);
#3533=VECTOR('',#6520,1.);
#3534=VECTOR('',#6521,1.);
#3535=VECTOR('',#6526,1.);
#3536=VECTOR('',#6531,1.);
#3537=VECTOR('',#6536,1.);
#3538=VECTOR('',#6537,1.);
#3539=VECTOR('',#6538,1.);
#3540=VECTOR('',#6541,1.);
#3541=VECTOR('',#6542,1.);
#3542=VECTOR('',#6545,1.);
#3543=VECTOR('',#6546,1.);
#3544=VECTOR('',#6547,1.);
#3545=VECTOR('',#6550,1.);
#3546=VECTOR('',#6551,1.);
#3547=VECTOR('',#6554,1.);
#3548=VECTOR('',#6555,1.);
#3549=VECTOR('',#6558,1.);
#3550=VECTOR('',#6559,1.);
#3551=VECTOR('',#6562,1.);
#3552=VECTOR('',#6563,1.);
#3553=VECTOR('',#6564,1.);
#3554=VECTOR('',#6565,1.);
#3555=VECTOR('',#6566,1.);
#3556=VECTOR('',#6567,1.);
#3557=VECTOR('',#6568,1.);
#3558=VECTOR('',#6569,1.);
#3559=VECTOR('',#6570,1.);
#3560=VECTOR('',#6571,1.);
#3561=VECTOR('',#6574,1.);
#3562=VECTOR('',#6575,1.);
#3563=VECTOR('',#6578,1.);
#3564=VECTOR('',#6581,1.);
#3565=VECTOR('',#6584,1.);
#3566=VECTOR('',#6587,1.);
#3567=VECTOR('',#6590,1.);
#3568=VECTOR('',#6593,1.);
#3569=VECTOR('',#6596,1.);
#3570=VECTOR('',#6599,1.);
#3571=VECTOR('',#6608,1.);
#3572=VECTOR('',#6617,1.);
#3573=VECTOR('',#6624,1.);
#3574=VECTOR('',#6627,1.);
#3575=VECTOR('',#6632,1.);
#3576=VECTOR('',#6635,1.);
#3577=VECTOR('',#6636,1.);
#3578=VECTOR('',#6641,1.);
#3579=VECTOR('',#6646,1.);
#3580=VECTOR('',#6647,1.);
#3581=VECTOR('',#6648,1.);
#3582=VECTOR('',#6653,1.);
#3583=VECTOR('',#6658,1.);
#3584=VECTOR('',#6661,1.);
#3585=VECTOR('',#6662,1.);
#3586=VECTOR('',#6667,1.);
#3587=VECTOR('',#6672,1.);
#3588=VECTOR('',#6673,1.);
#3589=VECTOR('',#6678,1.);
#3590=VECTOR('',#6683,1.);
#3591=VECTOR('',#6688,1.);
#3592=VECTOR('',#6689,1.);
#3593=VECTOR('',#6690,1.);
#3594=VECTOR('',#6693,1.);
#3595=VECTOR('',#6694,1.);
#3596=VECTOR('',#6697,1.);
#3597=VECTOR('',#6698,1.);
#3598=VECTOR('',#6699,1.);
#3599=VECTOR('',#6702,1.);
#3600=VECTOR('',#6703,1.);
#3601=VECTOR('',#6706,1.);
#3602=VECTOR('',#6707,1.);
#3603=VECTOR('',#6710,1.);
#3604=VECTOR('',#6711,1.);
#3605=VECTOR('',#6714,1.);
#3606=VECTOR('',#6715,1.);
#3607=VECTOR('',#6716,1.);
#3608=VECTOR('',#6717,1.);
#3609=VECTOR('',#6720,1.);
#3610=VECTOR('',#6721,1.);
#3611=VECTOR('',#6724,1.);
#3612=VECTOR('',#6727,1.);
#3613=VECTOR('',#6732,1.);
#3614=VECTOR('',#6733,1.);
#3615=VECTOR('',#6734,1.);
#3616=VECTOR('',#6735,1.);
#3617=VECTOR('',#6736,1.);
#3618=VECTOR('',#6737,1.);
#3619=VECTOR('',#6738,1.);
#3620=VECTOR('',#6739,1.);
#3621=VECTOR('',#6740,1.);
#3622=VECTOR('',#6741,1.);
#3623=VECTOR('',#6744,1.);
#3624=VECTOR('',#6745,1.);
#3625=VECTOR('',#6748,1.);
#3626=VECTOR('',#6751,1.);
#3627=VECTOR('',#6754,1.);
#3628=VECTOR('',#6757,1.);
#3629=VECTOR('',#6760,1.);
#3630=VECTOR('',#6763,1.);
#3631=VECTOR('',#6766,1.);
#3632=VECTOR('',#6769,1.);
#3633=VECTOR('',#6774,1.);
#3634=VECTOR('',#6775,1.);
#3635=VECTOR('',#6776,1.);
#3636=VECTOR('',#6777,1.);
#3637=VECTOR('',#6778,1.);
#3638=VECTOR('',#6779,1.);
#3639=VECTOR('',#6780,1.);
#3640=VECTOR('',#6781,1.);
#3641=VECTOR('',#6782,1.);
#3642=VECTOR('',#6783,1.);
#3643=VECTOR('',#6786,1.);
#3644=VECTOR('',#6787,1.);
#3645=VECTOR('',#6790,1.);
#3646=VECTOR('',#6793,1.);
#3647=VECTOR('',#6796,1.);
#3648=VECTOR('',#6799,1.);
#3649=VECTOR('',#6802,1.);
#3650=VECTOR('',#6805,1.);
#3651=VECTOR('',#6808,1.);
#3652=VECTOR('',#6811,1.);
#3653=EDGE_LOOP('',(#443,#444,#445,#446));
#3654=EDGE_LOOP('',(#447,#448,#449,#450));
#3655=EDGE_LOOP('',(#451,#452,#453,#454));
#3656=EDGE_LOOP('',(#455,#456,#457,#458));
#3657=EDGE_LOOP('',(#459,#460,#461,#462));
#3658=EDGE_LOOP('',(#463,#464,#465,#466,#467,#468));
#3659=EDGE_LOOP('',(#469,#470,#471,#472,#473,#474));
#3660=EDGE_LOOP('',(#475,#476,#477,#478));
#3661=EDGE_LOOP('',(#479,#480,#481,#482));
#3662=EDGE_LOOP('',(#483,#484,#485,#486,#487,#488));
#3663=EDGE_LOOP('',(#489,#490,#491,#492,#493,#494));
#3664=EDGE_LOOP('',(#495,#496,#497,#498));
#3665=EDGE_LOOP('',(#499));
#3666=EDGE_LOOP('',(#500));
#3667=EDGE_LOOP('',(#501));
#3668=EDGE_LOOP('',(#502,#503,#504,#505));
#3669=EDGE_LOOP('',(#506));
#3670=EDGE_LOOP('',(#507));
#3671=EDGE_LOOP('',(#508,#509,#510,#511));
#3672=EDGE_LOOP('',(#512,#513,#514,#515));
#3673=EDGE_LOOP('',(#516,#517,#518,#519));
#3674=EDGE_LOOP('',(#520));
#3675=EDGE_LOOP('',(#521,#522,#523,#524));
#3676=EDGE_LOOP('',(#525));
#3677=EDGE_LOOP('',(#526,#527,#528,#529));
#3678=EDGE_LOOP('',(#530,#531,#532,#533));
#3679=EDGE_LOOP('',(#534,#535,#536,#537,#538,#539,#540,#541,#542,#543,#544,
#545));
#3680=EDGE_LOOP('',(#546,#547,#548,#549));
#3681=EDGE_LOOP('',(#550,#551,#552,#553,#554,#555,#556,#557,#558,#559));
#3682=EDGE_LOOP('',(#560,#561,#562,#563));
#3683=EDGE_LOOP('',(#564,#565,#566,#567));
#3684=EDGE_LOOP('',(#568,#569,#570,#571));
#3685=EDGE_LOOP('',(#572,#573,#574,#575,#576,#577));
#3686=EDGE_LOOP('',(#578,#579,#580,#581));
#3687=EDGE_LOOP('',(#582,#583,#584,#585));
#3688=EDGE_LOOP('',(#586,#587,#588,#589));
#3689=EDGE_LOOP('',(#590,#591,#592,#593,#594,#595));
#3690=EDGE_LOOP('',(#596,#597,#598,#599,#600,#601,#602,#603,#604,#605,#606,
#607,#608,#609,#610,#611));
#3691=EDGE_LOOP('',(#612,#613,#614,#615));
#3692=EDGE_LOOP('',(#616,#617,#618,#619,#620,#621,#622,#623));
#3693=EDGE_LOOP('',(#624,#625,#626,#627));
#3694=EDGE_LOOP('',(#628,#629,#630,#631));
#3695=EDGE_LOOP('',(#632,#633,#634,#635,#636,#637,#638,#639));
#3696=EDGE_LOOP('',(#640));
#3697=EDGE_LOOP('',(#641));
#3698=EDGE_LOOP('',(#642));
#3699=EDGE_LOOP('',(#643));
#3700=EDGE_LOOP('',(#644,#645,#646,#647,#648,#649,#650,#651,#652,#653,#654,
#655,#656,#657,#658,#659,#660,#661,#662,#663,#664,#665,#666,#667,#668,#669,
#670,#671));
#3701=EDGE_LOOP('',(#672,#673,#674,#675));
#3702=EDGE_LOOP('',(#676,#677,#678,#679));
#3703=EDGE_LOOP('',(#680,#681,#682,#683));
#3704=EDGE_LOOP('',(#684,#685,#686,#687));
#3705=EDGE_LOOP('',(#688,#689,#690,#691));
#3706=EDGE_LOOP('',(#692,#693,#694,#695));
#3707=EDGE_LOOP('',(#696,#697,#698,#699));
#3708=EDGE_LOOP('',(#700,#701,#702,#703));
#3709=EDGE_LOOP('',(#704,#705,#706,#707,#708,#709));
#3710=EDGE_LOOP('',(#710,#711,#712,#713,#714,#715));
#3711=EDGE_LOOP('',(#716,#717,#718,#719));
#3712=EDGE_LOOP('',(#720,#721,#722,#723));
#3713=EDGE_LOOP('',(#724,#725,#726,#727));
#3714=EDGE_LOOP('',(#728,#729,#730,#731));
#3715=EDGE_LOOP('',(#732,#733,#734,#735));
#3716=EDGE_LOOP('',(#736,#737,#738,#739));
#3717=EDGE_LOOP('',(#740,#741,#742,#743));
#3718=EDGE_LOOP('',(#744));
#3719=EDGE_LOOP('',(#745));
#3720=EDGE_LOOP('',(#746));
#3721=EDGE_LOOP('',(#747));
#3722=EDGE_LOOP('',(#748));
#3723=EDGE_LOOP('',(#749));
#3724=EDGE_LOOP('',(#750));
#3725=EDGE_LOOP('',(#751));
#3726=EDGE_LOOP('',(#752));
#3727=EDGE_LOOP('',(#753));
#3728=EDGE_LOOP('',(#754));
#3729=EDGE_LOOP('',(#755));
#3730=EDGE_LOOP('',(#756));
#3731=EDGE_LOOP('',(#757));
#3732=EDGE_LOOP('',(#758));
#3733=EDGE_LOOP('',(#759));
#3734=EDGE_LOOP('',(#760,#761,#762,#763));
#3735=EDGE_LOOP('',(#764));
#3736=EDGE_LOOP('',(#765));
#3737=EDGE_LOOP('',(#766));
#3738=EDGE_LOOP('',(#767,#768,#769,#770,#771,#772,#773,#774));
#3739=EDGE_LOOP('',(#775));
#3740=EDGE_LOOP('',(#776));
#3741=EDGE_LOOP('',(#777));
#3742=EDGE_LOOP('',(#778));
#3743=EDGE_LOOP('',(#779));
#3744=EDGE_LOOP('',(#780));
#3745=EDGE_LOOP('',(#781));
#3746=EDGE_LOOP('',(#782));
#3747=EDGE_LOOP('',(#783,#784,#785,#786));
#3748=EDGE_LOOP('',(#787,#788,#789,#790));
#3749=EDGE_LOOP('',(#791,#792,#793,#794));
#3750=EDGE_LOOP('',(#795,#796,#797,#798));
#3751=EDGE_LOOP('',(#799,#800,#801,#802));
#3752=EDGE_LOOP('',(#803,#804,#805,#806));
#3753=EDGE_LOOP('',(#807,#808,#809,#810,#811,#812));
#3754=EDGE_LOOP('',(#813,#814,#815,#816));
#3755=EDGE_LOOP('',(#817,#818,#819,#820,#821,#822));
#3756=EDGE_LOOP('',(#823,#824,#825,#826));
#3757=EDGE_LOOP('',(#827,#828,#829,#830));
#3758=EDGE_LOOP('',(#831,#832,#833,#834));
#3759=EDGE_LOOP('',(#835,#836,#837,#838,#839,#840,#841,#842,#843,#844));
#3760=EDGE_LOOP('',(#845,#846,#847,#848));
#3761=EDGE_LOOP('',(#849,#850,#851,#852));
#3762=EDGE_LOOP('',(#853));
#3763=EDGE_LOOP('',(#854));
#3764=EDGE_LOOP('',(#855));
#3765=EDGE_LOOP('',(#856));
#3766=EDGE_LOOP('',(#857));
#3767=EDGE_LOOP('',(#858));
#3768=EDGE_LOOP('',(#859));
#3769=EDGE_LOOP('',(#860));
#3770=EDGE_LOOP('',(#861));
#3771=EDGE_LOOP('',(#862));
#3772=EDGE_LOOP('',(#863));
#3773=EDGE_LOOP('',(#864));
#3774=EDGE_LOOP('',(#865));
#3775=EDGE_LOOP('',(#866));
#3776=EDGE_LOOP('',(#867));
#3777=EDGE_LOOP('',(#868));
#3778=EDGE_LOOP('',(#869));
#3779=EDGE_LOOP('',(#870));
#3780=EDGE_LOOP('',(#871));
#3781=EDGE_LOOP('',(#872));
#3782=EDGE_LOOP('',(#873,#874));
#3783=EDGE_LOOP('',(#875));
#3784=EDGE_LOOP('',(#876));
#3785=EDGE_LOOP('',(#877));
#3786=EDGE_LOOP('',(#878));
#3787=EDGE_LOOP('',(#879));
#3788=EDGE_LOOP('',(#880));
#3789=EDGE_LOOP('',(#881));
#3790=EDGE_LOOP('',(#882));
#3791=EDGE_LOOP('',(#883));
#3792=EDGE_LOOP('',(#884,#885,#886,#887));
#3793=EDGE_LOOP('',(#888,#889,#890,#891,#892,#893,#894,#895));
#3794=EDGE_LOOP('',(#896,#897,#898,#899,#900));
#3795=EDGE_LOOP('',(#901,#902,#903,#904));
#3796=EDGE_LOOP('',(#905,#906,#907,#908,#909));
#3797=EDGE_LOOP('',(#910,#911,#912,#913));
#3798=EDGE_LOOP('',(#914,#915,#916,#917));
#3799=EDGE_LOOP('',(#918,#919,#920,#921));
#3800=EDGE_LOOP('',(#922,#923,#924,#925));
#3801=EDGE_LOOP('',(#926,#927,#928,#929));
#3802=EDGE_LOOP('',(#930,#931,#932,#933));
#3803=EDGE_LOOP('',(#934,#935,#936,#937));
#3804=EDGE_LOOP('',(#938,#939,#940,#941));
#3805=EDGE_LOOP('',(#942,#943,#944,#945));
#3806=EDGE_LOOP('',(#946,#947,#948,#949));
#3807=EDGE_LOOP('',(#950,#951,#952,#953));
#3808=EDGE_LOOP('',(#954,#955,#956,#957));
#3809=EDGE_LOOP('',(#958,#959,#960,#961));
#3810=EDGE_LOOP('',(#962,#963,#964,#965));
#3811=EDGE_LOOP('',(#966,#967,#968,#969));
#3812=EDGE_LOOP('',(#970,#971,#972,#973));
#3813=EDGE_LOOP('',(#974,#975,#976,#977));
#3814=EDGE_LOOP('',(#978,#979,#980,#981));
#3815=EDGE_LOOP('',(#982,#983,#984,#985));
#3816=EDGE_LOOP('',(#986,#987,#988,#989));
#3817=EDGE_LOOP('',(#990,#991,#992,#993));
#3818=EDGE_LOOP('',(#994,#995,#996,#997));
#3819=EDGE_LOOP('',(#998,#999,#1000,#1001));
#3820=EDGE_LOOP('',(#1002,#1003,#1004,#1005));
#3821=EDGE_LOOP('',(#1006,#1007,#1008,#1009,#1010,#1011,#1012,#1013,#1014,
#1015,#1016,#1017,#1018,#1019,#1020,#1021,#1022,#1023,#1024,#1025,#1026,
#1027,#1028,#1029,#1030,#1031,#1032,#1033,#1034,#1035));
#3822=EDGE_LOOP('',(#1036,#1037,#1038,#1039));
#3823=EDGE_LOOP('',(#1040,#1041,#1042,#1043));
#3824=EDGE_LOOP('',(#1044,#1045,#1046,#1047));
#3825=EDGE_LOOP('',(#1048,#1049,#1050,#1051));
#3826=EDGE_LOOP('',(#1052,#1053,#1054,#1055,#1056));
#3827=EDGE_LOOP('',(#1057,#1058,#1059,#1060));
#3828=EDGE_LOOP('',(#1061,#1062,#1063,#1064));
#3829=EDGE_LOOP('',(#1065,#1066,#1067,#1068,#1069));
#3830=EDGE_LOOP('',(#1070,#1071,#1072,#1073));
#3831=EDGE_LOOP('',(#1074,#1075,#1076,#1077));
#3832=EDGE_LOOP('',(#1078,#1079,#1080,#1081));
#3833=EDGE_LOOP('',(#1082));
#3834=EDGE_LOOP('',(#1083));
#3835=EDGE_LOOP('',(#1084));
#3836=EDGE_LOOP('',(#1085));
#3837=EDGE_LOOP('',(#1086));
#3838=EDGE_LOOP('',(#1087));
#3839=EDGE_LOOP('',(#1088,#1089,#1090,#1091));
#3840=EDGE_LOOP('',(#1092,#1093,#1094,#1095));
#3841=EDGE_LOOP('',(#1096,#1097,#1098,#1099,#1100,#1101,#1102,#1103,#1104,
#1105,#1106,#1107,#1108,#1109,#1110,#1111,#1112,#1113,#1114,#1115,#1116,
#1117,#1118,#1119,#1120,#1121,#1122,#1123,#1124,#1125));
#3842=EDGE_LOOP('',(#1126));
#3843=EDGE_LOOP('',(#1127));
#3844=EDGE_LOOP('',(#1128,#1129,#1130,#1131,#1132,#1133,#1134,#1135,#1136,
#1137));
#3845=EDGE_LOOP('',(#1138,#1139,#1140,#1141,#1142,#1143,#1144,#1145,#1146,
#1147,#1148,#1149,#1150,#1151));
#3846=EDGE_LOOP('',(#1152));
#3847=EDGE_LOOP('',(#1153));
#3848=EDGE_LOOP('',(#1154,#1155,#1156,#1157,#1158,#1159,#1160,#1161,#1162,
#1163,#1164,#1165,#1166,#1167));
#3849=EDGE_LOOP('',(#1168,#1169,#1170,#1171));
#3850=EDGE_LOOP('',(#1172,#1173,#1174,#1175,#1176,#1177,#1178,#1179,#1180,
#1181));
#3851=EDGE_LOOP('',(#1182,#1183,#1184,#1185,#1186,#1187,#1188,#1189,#1190,
#1191));
#3852=EDGE_LOOP('',(#1192,#1193,#1194,#1195));
#3853=EDGE_LOOP('',(#1196,#1197,#1198,#1199,#1200,#1201,#1202,#1203,#1204,
#1205,#1206,#1207,#1208,#1209));
#3854=EDGE_LOOP('',(#1210,#1211,#1212,#1213));
#3855=EDGE_LOOP('',(#1214,#1215,#1216,#1217));
#3856=EDGE_LOOP('',(#1218,#1219,#1220,#1221));
#3857=EDGE_LOOP('',(#1222,#1223,#1224,#1225));
#3858=EDGE_LOOP('',(#1226,#1227,#1228,#1229));
#3859=EDGE_LOOP('',(#1230,#1231,#1232,#1233));
#3860=EDGE_LOOP('',(#1234,#1235,#1236,#1237));
#3861=EDGE_LOOP('',(#1238,#1239,#1240,#1241));
#3862=EDGE_LOOP('',(#1242,#1243,#1244,#1245));
#3863=EDGE_LOOP('',(#1246,#1247,#1248,#1249));
#3864=EDGE_LOOP('',(#1250,#1251,#1252,#1253));
#3865=EDGE_LOOP('',(#1254,#1255,#1256,#1257));
#3866=EDGE_LOOP('',(#1258,#1259,#1260,#1261));
#3867=EDGE_LOOP('',(#1262,#1263,#1264,#1265));
#3868=EDGE_LOOP('',(#1266,#1267,#1268,#1269,#1270,#1271,#1272,#1273,#1274,
#1275,#1276,#1277,#1278,#1279));
#3869=EDGE_LOOP('',(#1280,#1281,#1282,#1283,#1284,#1285,#1286,#1287,#1288,
#1289,#1290,#1291,#1292,#1293));
#3870=EDGE_LOOP('',(#1294,#1295,#1296,#1297));
#3871=EDGE_LOOP('',(#1298,#1299,#1300,#1301));
#3872=EDGE_LOOP('',(#1302,#1303,#1304,#1305));
#3873=EDGE_LOOP('',(#1306,#1307,#1308,#1309));
#3874=EDGE_LOOP('',(#1310,#1311,#1312,#1313));
#3875=EDGE_LOOP('',(#1314,#1315,#1316,#1317));
#3876=EDGE_LOOP('',(#1318,#1319,#1320,#1321));
#3877=EDGE_LOOP('',(#1322,#1323,#1324,#1325));
#3878=EDGE_LOOP('',(#1326,#1327,#1328,#1329));
#3879=EDGE_LOOP('',(#1330,#1331,#1332,#1333));
#3880=EDGE_LOOP('',(#1334,#1335,#1336,#1337));
#3881=EDGE_LOOP('',(#1338,#1339,#1340,#1341));
#3882=EDGE_LOOP('',(#1342,#1343,#1344,#1345));
#3883=EDGE_LOOP('',(#1346,#1347,#1348,#1349));
#3884=EDGE_LOOP('',(#1350,#1351,#1352,#1353,#1354,#1355,#1356,#1357,#1358,
#1359));
#3885=EDGE_LOOP('',(#1360,#1361,#1362,#1363));
#3886=EDGE_LOOP('',(#1364,#1365,#1366,#1367));
#3887=EDGE_LOOP('',(#1368,#1369,#1370,#1371));
#3888=EDGE_LOOP('',(#1372,#1373,#1374,#1375));
#3889=EDGE_LOOP('',(#1376,#1377,#1378,#1379));
#3890=EDGE_LOOP('',(#1380,#1381,#1382,#1383));
#3891=EDGE_LOOP('',(#1384,#1385,#1386,#1387));
#3892=EDGE_LOOP('',(#1388,#1389,#1390,#1391));
#3893=EDGE_LOOP('',(#1392,#1393,#1394,#1395));
#3894=EDGE_LOOP('',(#1396,#1397,#1398,#1399));
#3895=EDGE_LOOP('',(#1400,#1401,#1402,#1403,#1404,#1405,#1406,#1407,#1408,
#1409,#1410,#1411,#1412,#1413));
#3896=EDGE_LOOP('',(#1414,#1415,#1416,#1417));
#3897=EDGE_LOOP('',(#1418,#1419,#1420,#1421));
#3898=EDGE_LOOP('',(#1422,#1423,#1424,#1425));
#3899=EDGE_LOOP('',(#1426,#1427,#1428,#1429));
#3900=EDGE_LOOP('',(#1430,#1431,#1432,#1433));
#3901=EDGE_LOOP('',(#1434,#1435,#1436,#1437));
#3902=EDGE_LOOP('',(#1438,#1439,#1440,#1441));
#3903=EDGE_LOOP('',(#1442,#1443,#1444,#1445));
#3904=EDGE_LOOP('',(#1446,#1447,#1448,#1449));
#3905=EDGE_LOOP('',(#1450,#1451,#1452,#1453));
#3906=EDGE_LOOP('',(#1454,#1455,#1456,#1457));
#3907=EDGE_LOOP('',(#1458,#1459,#1460,#1461));
#3908=EDGE_LOOP('',(#1462,#1463,#1464,#1465));
#3909=EDGE_LOOP('',(#1466,#1467,#1468,#1469));
#3910=EDGE_LOOP('',(#1470,#1471,#1472,#1473,#1474,#1475,#1476,#1477,#1478,
#1479,#1480,#1481,#1482,#1483));
#3911=EDGE_LOOP('',(#1484,#1485,#1486,#1487,#1488,#1489,#1490,#1491,#1492,
#1493,#1494,#1495,#1496,#1497));
#3912=EDGE_LOOP('',(#1498,#1499,#1500,#1501));
#3913=EDGE_LOOP('',(#1502,#1503,#1504,#1505));
#3914=EDGE_LOOP('',(#1506,#1507,#1508,#1509));
#3915=EDGE_LOOP('',(#1510,#1511,#1512,#1513));
#3916=EDGE_LOOP('',(#1514,#1515,#1516,#1517));
#3917=EDGE_LOOP('',(#1518,#1519,#1520,#1521));
#3918=EDGE_LOOP('',(#1522,#1523,#1524,#1525));
#3919=EDGE_LOOP('',(#1526,#1527,#1528,#1529));
#3920=EDGE_LOOP('',(#1530,#1531,#1532,#1533));
#3921=EDGE_LOOP('',(#1534,#1535,#1536,#1537));
#3922=EDGE_LOOP('',(#1538,#1539,#1540,#1541));
#3923=EDGE_LOOP('',(#1542,#1543,#1544,#1545));
#3924=EDGE_LOOP('',(#1546,#1547,#1548,#1549));
#3925=EDGE_LOOP('',(#1550,#1551,#1552,#1553));
#3926=EDGE_LOOP('',(#1554,#1555,#1556,#1557));
#3927=EDGE_LOOP('',(#1558,#1559,#1560,#1561));
#3928=EDGE_LOOP('',(#1562,#1563,#1564,#1565));
#3929=EDGE_LOOP('',(#1566,#1567,#1568,#1569));
#3930=EDGE_LOOP('',(#1570,#1571,#1572,#1573));
#3931=EDGE_LOOP('',(#1574,#1575,#1576,#1577,#1578,#1579,#1580,#1581,#1582,
#1583));
#3932=EDGE_LOOP('',(#1584,#1585,#1586,#1587));
#3933=EDGE_LOOP('',(#1588,#1589,#1590,#1591));
#3934=EDGE_LOOP('',(#1592,#1593,#1594,#1595));
#3935=EDGE_LOOP('',(#1596,#1597,#1598,#1599));
#3936=EDGE_LOOP('',(#1600,#1601,#1602,#1603));
#3937=EDGE_LOOP('',(#1604,#1605,#1606,#1607));
#3938=EDGE_LOOP('',(#1608,#1609,#1610,#1611));
#3939=EDGE_LOOP('',(#1612,#1613,#1614,#1615));
#3940=EDGE_LOOP('',(#1616,#1617,#1618,#1619));
#3941=EDGE_LOOP('',(#1620,#1621,#1622,#1623));
#3942=EDGE_LOOP('',(#1624,#1625,#1626,#1627,#1628,#1629,#1630,#1631,#1632,
#1633));
#3943=EDGE_LOOP('',(#1634,#1635,#1636,#1637));
#3944=EDGE_LOOP('',(#1638,#1639,#1640,#1641));
#3945=EDGE_LOOP('',(#1642,#1643,#1644,#1645));
#3946=EDGE_LOOP('',(#1646,#1647,#1648,#1649));
#3947=EDGE_LOOP('',(#1650,#1651,#1652,#1653));
#3948=EDGE_LOOP('',(#1654,#1655,#1656,#1657));
#3949=EDGE_LOOP('',(#1658,#1659,#1660,#1661));
#3950=EDGE_LOOP('',(#1662,#1663,#1664,#1665));
#3951=EDGE_LOOP('',(#1666,#1667,#1668,#1669));
#3952=EDGE_LOOP('',(#1670,#1671,#1672,#1673));
#3953=EDGE_LOOP('',(#1674,#1675,#1676,#1677));
#3954=EDGE_LOOP('',(#1678,#1679,#1680,#1681));
#3955=EDGE_LOOP('',(#1682,#1683,#1684,#1685));
#3956=EDGE_LOOP('',(#1686,#1687,#1688,#1689));
#3957=EDGE_LOOP('',(#1690,#1691));
#3958=EDGE_LOOP('',(#1692,#1693));
#3959=EDGE_LOOP('',(#1694));
#3960=EDGE_LOOP('',(#1695,#1696));
#3961=EDGE_LOOP('',(#1697,#1698,#1699,#1700,#1701,#1702));
#3962=EDGE_LOOP('',(#1703));
#3963=EDGE_LOOP('',(#1704,#1705,#1706,#1707,#1708,#1709));
#3964=EDGE_LOOP('',(#1710));
#3965=EDGE_LOOP('',(#1711,#1712,#1713,#1714,#1715,#1716));
#3966=EDGE_LOOP('',(#1717));
#3967=EDGE_LOOP('',(#1718,#1719,#1720,#1721,#1722,#1723));
#3968=EDGE_LOOP('',(#1724));
#3969=FACE_BOUND('',#3653,.T.);
#3970=FACE_BOUND('',#3654,.T.);
#3971=FACE_BOUND('',#3655,.T.);
#3972=FACE_BOUND('',#3656,.T.);
#3973=FACE_BOUND('',#3657,.T.);
#3974=FACE_BOUND('',#3658,.T.);
#3975=FACE_BOUND('',#3659,.T.);
#3976=FACE_BOUND('',#3660,.T.);
#3977=FACE_BOUND('',#3661,.T.);
#3978=FACE_BOUND('',#3662,.T.);
#3979=FACE_BOUND('',#3663,.T.);
#3980=FACE_BOUND('',#3664,.T.);
#3981=FACE_BOUND('',#3665,.T.);
#3982=FACE_BOUND('',#3666,.T.);
#3983=FACE_BOUND('',#3667,.T.);
#3984=FACE_BOUND('',#3668,.T.);
#3985=FACE_BOUND('',#3669,.T.);
#3986=FACE_BOUND('',#3670,.T.);
#3987=FACE_BOUND('',#3671,.T.);
#3988=FACE_BOUND('',#3672,.T.);
#3989=FACE_BOUND('',#3673,.T.);
#3990=FACE_BOUND('',#3674,.T.);
#3991=FACE_BOUND('',#3675,.T.);
#3992=FACE_BOUND('',#3676,.T.);
#3993=FACE_BOUND('',#3677,.T.);
#3994=FACE_BOUND('',#3678,.T.);
#3995=FACE_BOUND('',#3679,.T.);
#3996=FACE_BOUND('',#3680,.T.);
#3997=FACE_BOUND('',#3681,.T.);
#3998=FACE_BOUND('',#3682,.T.);
#3999=FACE_BOUND('',#3683,.T.);
#4000=FACE_BOUND('',#3684,.T.);
#4001=FACE_BOUND('',#3685,.T.);
#4002=FACE_BOUND('',#3686,.T.);
#4003=FACE_BOUND('',#3687,.T.);
#4004=FACE_BOUND('',#3688,.T.);
#4005=FACE_BOUND('',#3689,.T.);
#4006=FACE_BOUND('',#3690,.T.);
#4007=FACE_BOUND('',#3691,.T.);
#4008=FACE_BOUND('',#3692,.T.);
#4009=FACE_BOUND('',#3693,.T.);
#4010=FACE_BOUND('',#3694,.T.);
#4011=FACE_BOUND('',#3695,.T.);
#4012=FACE_BOUND('',#3696,.T.);
#4013=FACE_BOUND('',#3697,.T.);
#4014=FACE_BOUND('',#3698,.T.);
#4015=FACE_BOUND('',#3699,.T.);
#4016=FACE_BOUND('',#3700,.T.);
#4017=FACE_BOUND('',#3701,.T.);
#4018=FACE_BOUND('',#3702,.T.);
#4019=FACE_BOUND('',#3703,.T.);
#4020=FACE_BOUND('',#3704,.T.);
#4021=FACE_BOUND('',#3705,.T.);
#4022=FACE_BOUND('',#3706,.T.);
#4023=FACE_BOUND('',#3707,.T.);
#4024=FACE_BOUND('',#3708,.T.);
#4025=FACE_BOUND('',#3709,.T.);
#4026=FACE_BOUND('',#3710,.T.);
#4027=FACE_BOUND('',#3711,.T.);
#4028=FACE_BOUND('',#3712,.T.);
#4029=FACE_BOUND('',#3713,.T.);
#4030=FACE_BOUND('',#3714,.T.);
#4031=FACE_BOUND('',#3715,.T.);
#4032=FACE_BOUND('',#3716,.T.);
#4033=FACE_BOUND('',#3717,.T.);
#4034=FACE_BOUND('',#3718,.T.);
#4035=FACE_BOUND('',#3719,.T.);
#4036=FACE_BOUND('',#3720,.T.);
#4037=FACE_BOUND('',#3721,.T.);
#4038=FACE_BOUND('',#3722,.T.);
#4039=FACE_BOUND('',#3723,.T.);
#4040=FACE_BOUND('',#3724,.T.);
#4041=FACE_BOUND('',#3725,.T.);
#4042=FACE_BOUND('',#3726,.T.);
#4043=FACE_BOUND('',#3727,.T.);
#4044=FACE_BOUND('',#3728,.T.);
#4045=FACE_BOUND('',#3729,.T.);
#4046=FACE_BOUND('',#3730,.T.);
#4047=FACE_BOUND('',#3731,.T.);
#4048=FACE_BOUND('',#3732,.T.);
#4049=FACE_BOUND('',#3733,.T.);
#4050=FACE_BOUND('',#3734,.T.);
#4051=FACE_BOUND('',#3735,.T.);
#4052=FACE_BOUND('',#3736,.T.);
#4053=FACE_BOUND('',#3737,.T.);
#4054=FACE_BOUND('',#3738,.T.);
#4055=FACE_BOUND('',#3739,.T.);
#4056=FACE_BOUND('',#3740,.T.);
#4057=FACE_BOUND('',#3741,.T.);
#4058=FACE_BOUND('',#3742,.T.);
#4059=FACE_BOUND('',#3743,.T.);
#4060=FACE_BOUND('',#3744,.T.);
#4061=FACE_BOUND('',#3745,.T.);
#4062=FACE_BOUND('',#3746,.T.);
#4063=FACE_BOUND('',#3747,.T.);
#4064=FACE_BOUND('',#3748,.T.);
#4065=FACE_BOUND('',#3749,.T.);
#4066=FACE_BOUND('',#3750,.T.);
#4067=FACE_BOUND('',#3751,.T.);
#4068=FACE_BOUND('',#3752,.T.);
#4069=FACE_BOUND('',#3753,.T.);
#4070=FACE_BOUND('',#3754,.T.);
#4071=FACE_BOUND('',#3755,.T.);
#4072=FACE_BOUND('',#3756,.T.);
#4073=FACE_BOUND('',#3757,.T.);
#4074=FACE_BOUND('',#3758,.T.);
#4075=FACE_BOUND('',#3759,.T.);
#4076=FACE_BOUND('',#3760,.T.);
#4077=FACE_BOUND('',#3761,.T.);
#4078=FACE_BOUND('',#3762,.T.);
#4079=FACE_BOUND('',#3763,.T.);
#4080=FACE_BOUND('',#3764,.T.);
#4081=FACE_BOUND('',#3765,.T.);
#4082=FACE_BOUND('',#3766,.T.);
#4083=FACE_BOUND('',#3767,.T.);
#4084=FACE_BOUND('',#3768,.T.);
#4085=FACE_BOUND('',#3769,.T.);
#4086=FACE_BOUND('',#3770,.T.);
#4087=FACE_BOUND('',#3771,.T.);
#4088=FACE_BOUND('',#3772,.T.);
#4089=FACE_BOUND('',#3773,.T.);
#4090=FACE_BOUND('',#3774,.T.);
#4091=FACE_BOUND('',#3775,.T.);
#4092=FACE_BOUND('',#3776,.T.);
#4093=FACE_BOUND('',#3777,.T.);
#4094=FACE_BOUND('',#3778,.T.);
#4095=FACE_BOUND('',#3779,.T.);
#4096=FACE_BOUND('',#3780,.T.);
#4097=FACE_BOUND('',#3781,.T.);
#4098=FACE_BOUND('',#3782,.T.);
#4099=FACE_BOUND('',#3783,.T.);
#4100=FACE_BOUND('',#3784,.T.);
#4101=FACE_BOUND('',#3785,.T.);
#4102=FACE_BOUND('',#3786,.T.);
#4103=FACE_BOUND('',#3787,.T.);
#4104=FACE_BOUND('',#3788,.T.);
#4105=FACE_BOUND('',#3789,.T.);
#4106=FACE_BOUND('',#3790,.T.);
#4107=FACE_BOUND('',#3791,.T.);
#4108=FACE_BOUND('',#3792,.T.);
#4109=FACE_BOUND('',#3793,.T.);
#4110=FACE_BOUND('',#3794,.T.);
#4111=FACE_BOUND('',#3795,.T.);
#4112=FACE_BOUND('',#3796,.T.);
#4113=FACE_BOUND('',#3797,.T.);
#4114=FACE_BOUND('',#3798,.T.);
#4115=FACE_BOUND('',#3799,.T.);
#4116=FACE_BOUND('',#3800,.T.);
#4117=FACE_BOUND('',#3801,.T.);
#4118=FACE_BOUND('',#3802,.T.);
#4119=FACE_BOUND('',#3803,.T.);
#4120=FACE_BOUND('',#3804,.T.);
#4121=FACE_BOUND('',#3805,.T.);
#4122=FACE_BOUND('',#3806,.T.);
#4123=FACE_BOUND('',#3807,.T.);
#4124=FACE_BOUND('',#3808,.T.);
#4125=FACE_BOUND('',#3809,.T.);
#4126=FACE_BOUND('',#3810,.T.);
#4127=FACE_BOUND('',#3811,.T.);
#4128=FACE_BOUND('',#3812,.T.);
#4129=FACE_BOUND('',#3813,.T.);
#4130=FACE_BOUND('',#3814,.T.);
#4131=FACE_BOUND('',#3815,.T.);
#4132=FACE_BOUND('',#3816,.T.);
#4133=FACE_BOUND('',#3817,.T.);
#4134=FACE_BOUND('',#3818,.T.);
#4135=FACE_BOUND('',#3819,.T.);
#4136=FACE_BOUND('',#3820,.T.);
#4137=FACE_BOUND('',#3821,.T.);
#4138=FACE_BOUND('',#3822,.T.);
#4139=FACE_BOUND('',#3823,.T.);
#4140=FACE_BOUND('',#3824,.T.);
#4141=FACE_BOUND('',#3825,.T.);
#4142=FACE_BOUND('',#3826,.T.);
#4143=FACE_BOUND('',#3827,.T.);
#4144=FACE_BOUND('',#3828,.T.);
#4145=FACE_BOUND('',#3829,.T.);
#4146=FACE_BOUND('',#3830,.T.);
#4147=FACE_BOUND('',#3831,.T.);
#4148=FACE_BOUND('',#3832,.T.);
#4149=FACE_BOUND('',#3833,.T.);
#4150=FACE_BOUND('',#3834,.T.);
#4151=FACE_BOUND('',#3835,.T.);
#4152=FACE_BOUND('',#3836,.T.);
#4153=FACE_BOUND('',#3837,.T.);
#4154=FACE_BOUND('',#3838,.T.);
#4155=FACE_BOUND('',#3839,.T.);
#4156=FACE_BOUND('',#3840,.T.);
#4157=FACE_BOUND('',#3841,.T.);
#4158=FACE_BOUND('',#3842,.T.);
#4159=FACE_BOUND('',#3843,.T.);
#4160=FACE_BOUND('',#3844,.T.);
#4161=FACE_BOUND('',#3845,.T.);
#4162=FACE_BOUND('',#3846,.T.);
#4163=FACE_BOUND('',#3847,.T.);
#4164=FACE_BOUND('',#3848,.T.);
#4165=FACE_BOUND('',#3849,.T.);
#4166=FACE_BOUND('',#3850,.T.);
#4167=FACE_BOUND('',#3851,.T.);
#4168=FACE_BOUND('',#3852,.T.);
#4169=FACE_BOUND('',#3853,.T.);
#4170=FACE_BOUND('',#3854,.T.);
#4171=FACE_BOUND('',#3855,.T.);
#4172=FACE_BOUND('',#3856,.T.);
#4173=FACE_BOUND('',#3857,.T.);
#4174=FACE_BOUND('',#3858,.T.);
#4175=FACE_BOUND('',#3859,.T.);
#4176=FACE_BOUND('',#3860,.T.);
#4177=FACE_BOUND('',#3861,.T.);
#4178=FACE_BOUND('',#3862,.T.);
#4179=FACE_BOUND('',#3863,.T.);
#4180=FACE_BOUND('',#3864,.T.);
#4181=FACE_BOUND('',#3865,.T.);
#4182=FACE_BOUND('',#3866,.T.);
#4183=FACE_BOUND('',#3867,.T.);
#4184=FACE_BOUND('',#3868,.T.);
#4185=FACE_BOUND('',#3869,.T.);
#4186=FACE_BOUND('',#3870,.T.);
#4187=FACE_BOUND('',#3871,.T.);
#4188=FACE_BOUND('',#3872,.T.);
#4189=FACE_BOUND('',#3873,.T.);
#4190=FACE_BOUND('',#3874,.T.);
#4191=FACE_BOUND('',#3875,.T.);
#4192=FACE_BOUND('',#3876,.T.);
#4193=FACE_BOUND('',#3877,.T.);
#4194=FACE_BOUND('',#3878,.T.);
#4195=FACE_BOUND('',#3879,.T.);
#4196=FACE_BOUND('',#3880,.T.);
#4197=FACE_BOUND('',#3881,.T.);
#4198=FACE_BOUND('',#3882,.T.);
#4199=FACE_BOUND('',#3883,.T.);
#4200=FACE_BOUND('',#3884,.T.);
#4201=FACE_BOUND('',#3885,.T.);
#4202=FACE_BOUND('',#3886,.T.);
#4203=FACE_BOUND('',#3887,.T.);
#4204=FACE_BOUND('',#3888,.T.);
#4205=FACE_BOUND('',#3889,.T.);
#4206=FACE_BOUND('',#3890,.T.);
#4207=FACE_BOUND('',#3891,.T.);
#4208=FACE_BOUND('',#3892,.T.);
#4209=FACE_BOUND('',#3893,.T.);
#4210=FACE_BOUND('',#3894,.T.);
#4211=FACE_BOUND('',#3895,.T.);
#4212=FACE_BOUND('',#3896,.T.);
#4213=FACE_BOUND('',#3897,.T.);
#4214=FACE_BOUND('',#3898,.T.);
#4215=FACE_BOUND('',#3899,.T.);
#4216=FACE_BOUND('',#3900,.T.);
#4217=FACE_BOUND('',#3901,.T.);
#4218=FACE_BOUND('',#3902,.T.);
#4219=FACE_BOUND('',#3903,.T.);
#4220=FACE_BOUND('',#3904,.T.);
#4221=FACE_BOUND('',#3905,.T.);
#4222=FACE_BOUND('',#3906,.T.);
#4223=FACE_BOUND('',#3907,.T.);
#4224=FACE_BOUND('',#3908,.T.);
#4225=FACE_BOUND('',#3909,.T.);
#4226=FACE_BOUND('',#3910,.T.);
#4227=FACE_BOUND('',#3911,.T.);
#4228=FACE_BOUND('',#3912,.T.);
#4229=FACE_BOUND('',#3913,.T.);
#4230=FACE_BOUND('',#3914,.T.);
#4231=FACE_BOUND('',#3915,.T.);
#4232=FACE_BOUND('',#3916,.T.);
#4233=FACE_BOUND('',#3917,.T.);
#4234=FACE_BOUND('',#3918,.T.);
#4235=FACE_BOUND('',#3919,.T.);
#4236=FACE_BOUND('',#3920,.T.);
#4237=FACE_BOUND('',#3921,.T.);
#4238=FACE_BOUND('',#3922,.T.);
#4239=FACE_BOUND('',#3923,.T.);
#4240=FACE_BOUND('',#3924,.T.);
#4241=FACE_BOUND('',#3925,.T.);
#4242=FACE_BOUND('',#3926,.T.);
#4243=FACE_BOUND('',#3927,.T.);
#4244=FACE_BOUND('',#3928,.T.);
#4245=FACE_BOUND('',#3929,.T.);
#4246=FACE_BOUND('',#3930,.T.);
#4247=FACE_BOUND('',#3931,.T.);
#4248=FACE_BOUND('',#3932,.T.);
#4249=FACE_BOUND('',#3933,.T.);
#4250=FACE_BOUND('',#3934,.T.);
#4251=FACE_BOUND('',#3935,.T.);
#4252=FACE_BOUND('',#3936,.T.);
#4253=FACE_BOUND('',#3937,.T.);
#4254=FACE_BOUND('',#3938,.T.);
#4255=FACE_BOUND('',#3939,.T.);
#4256=FACE_BOUND('',#3940,.T.);
#4257=FACE_BOUND('',#3941,.T.);
#4258=FACE_BOUND('',#3942,.T.);
#4259=FACE_BOUND('',#3943,.T.);
#4260=FACE_BOUND('',#3944,.T.);
#4261=FACE_BOUND('',#3945,.T.);
#4262=FACE_BOUND('',#3946,.T.);
#4263=FACE_BOUND('',#3947,.T.);
#4264=FACE_BOUND('',#3948,.T.);
#4265=FACE_BOUND('',#3949,.T.);
#4266=FACE_BOUND('',#3950,.T.);
#4267=FACE_BOUND('',#3951,.T.);
#4268=FACE_BOUND('',#3952,.T.);
#4269=FACE_BOUND('',#3953,.T.);
#4270=FACE_BOUND('',#3954,.T.);
#4271=FACE_BOUND('',#3955,.T.);
#4272=FACE_BOUND('',#3956,.T.);
#4273=FACE_BOUND('',#3957,.T.);
#4274=FACE_BOUND('',#3958,.T.);
#4275=FACE_BOUND('',#3959,.T.);
#4276=FACE_BOUND('',#3960,.T.);
#4277=FACE_BOUND('',#3961,.T.);
#4278=FACE_BOUND('',#3962,.T.);
#4279=FACE_BOUND('',#3963,.T.);
#4280=FACE_BOUND('',#3964,.T.);
#4281=FACE_BOUND('',#3965,.T.);
#4282=FACE_BOUND('',#3966,.T.);
#4283=FACE_BOUND('',#3967,.T.);
#4284=FACE_BOUND('',#3968,.T.);
#4285=PLANE('',#5289);
#4286=PLANE('',#5290);
#4287=PLANE('',#5291);
#4288=PLANE('',#5292);
#4289=PLANE('',#5317);
#4290=PLANE('',#5334);
#4291=PLANE('',#5335);
#4292=PLANE('',#5336);
#4293=PLANE('',#5337);
#4294=PLANE('',#5340);
#4295=PLANE('',#5341);
#4296=PLANE('',#5342);
#4297=PLANE('',#5343);
#4298=PLANE('',#5344);
#4299=PLANE('',#5345);
#4300=PLANE('',#5346);
#4301=PLANE('',#5347);
#4302=PLANE('',#5348);
#4303=PLANE('',#5353);
#4304=PLANE('',#5354);
#4305=PLANE('',#5357);
#4306=PLANE('',#5358);
#4307=PLANE('',#5363);
#4308=PLANE('',#5372);
#4309=PLANE('',#5373);
#4310=PLANE('',#5375);
#4311=PLANE('',#5377);
#4312=PLANE('',#5378);
#4313=PLANE('',#5379);
#4314=PLANE('',#5382);
#4315=PLANE('',#5383);
#4316=PLANE('',#5384);
#4317=PLANE('',#5385);
#4318=PLANE('',#5386);
#4319=PLANE('',#5387);
#4320=PLANE('',#5388);
#4321=PLANE('',#5410);
#4322=PLANE('',#5411);
#4323=PLANE('',#5425);
#4324=PLANE('',#5426);
#4325=PLANE('',#5427);
#4326=PLANE('',#5428);
#4327=PLANE('',#5429);
#4328=PLANE('',#5430);
#4329=PLANE('',#5431);
#4330=PLANE('',#5441);
#4331=PLANE('',#5447);
#4332=PLANE('',#5452);
#4333=PLANE('',#5464);
#4334=PLANE('',#5469);
#4335=PLANE('',#5472);
#4336=PLANE('',#5473);
#4337=PLANE('',#5474);
#4338=PLANE('',#5475);
#4339=PLANE('',#5476);
#4340=PLANE('',#5477);
#4341=PLANE('',#5478);
#4342=PLANE('',#5482);
#4343=PLANE('',#5483);
#4344=PLANE('',#5484);
#4345=PLANE('',#5485);
#4346=PLANE('',#5486);
#4347=PLANE('',#5487);
#4348=PLANE('',#5488);
#4349=PLANE('',#5489);
#4350=PLANE('',#5490);
#4351=PLANE('',#5491);
#4352=PLANE('',#5492);
#4353=PLANE('',#5493);
#4354=PLANE('',#5494);
#4355=PLANE('',#5495);
#4356=PLANE('',#5496);
#4357=PLANE('',#5497);
#4358=PLANE('',#5498);
#4359=PLANE('',#5499);
#4360=PLANE('',#5517);
#4361=PLANE('',#5518);
#4362=PLANE('',#5527);
#4363=PLANE('',#5528);
#4364=PLANE('',#5537);
#4365=PLANE('',#5550);
#4366=PLANE('',#5559);
#4367=PLANE('',#5564);
#4368=PLANE('',#5570);
#4369=PLANE('',#5573);
#4370=PLANE('',#5575);
#4371=PLANE('',#5576);
#4372=PLANE('',#5577);
#4373=PLANE('',#5578);
#4374=PLANE('',#5579);
#4375=PLANE('',#5580);
#4376=PLANE('',#5581);
#4377=PLANE('',#5582);
#4378=PLANE('',#5583);
#4379=PLANE('',#5584);
#4380=PLANE('',#5585);
#4381=PLANE('',#5586);
#4382=PLANE('',#5599);
#4383=PLANE('',#5608);
#4384=PLANE('',#5613);
#4385=PLANE('',#5619);
#4386=PLANE('',#5622);
#4387=PLANE('',#5624);
#4388=PLANE('',#5625);
#4389=PLANE('',#5626);
#4390=PLANE('',#5627);
#4391=PLANE('',#5628);
#4392=PLANE('',#5629);
#4393=PLANE('',#5630);
#4394=PLANE('',#5631);
#4395=PLANE('',#5632);
#4396=PLANE('',#5633);
#4397=PLANE('',#5634);
#4398=PLANE('',#5635);
#4399=PLANE('',#5636);
#4400=PLANE('',#5637);
#4401=PLANE('',#5638);
#4402=PLANE('',#5639);
#4403=PLANE('',#5640);
#4404=PLANE('',#5641);
#4405=PLANE('',#5642);
#4406=PLANE('',#5643);
#4407=PLANE('',#5644);
#4408=PLANE('',#5645);
#4409=PLANE('',#5646);
#4410=PLANE('',#5647);
#4411=PLANE('',#5648);
#4412=PLANE('',#5649);
#4413=PLANE('',#5650);
#4414=ADVANCED_FACE('',(#3969),#4285,.T.);
#4415=ADVANCED_FACE('',(#3970),#4286,.T.);
#4416=ADVANCED_FACE('',(#3971),#4287,.T.);
#4417=ADVANCED_FACE('',(#3972),#4288,.T.);
#4418=ADVANCED_FACE('Face appearance 29',(#3973),#439,.T.);
#4419=ADVANCED_FACE('Face appearance 29',(#3974),#220,.T.);
#4420=ADVANCED_FACE('Face appearance 29',(#3975),#221,.T.);
#4421=ADVANCED_FACE('Face appearance 29',(#3976),#440,.T.);
#4422=ADVANCED_FACE('Face appearance 29',(#3977),#441,.T.);
#4423=ADVANCED_FACE('Face appearance 29',(#3978),#222,.T.);
#4424=ADVANCED_FACE('Face appearance 29',(#3979),#223,.T.);
#4425=ADVANCED_FACE('Face appearance 29',(#3980),#442,.T.);
#4426=ADVANCED_FACE('',(#3981,#3982,#3983,#3984,#3985,#3986,#3987,#3988),
#4289,.T.);
#4427=ADVANCED_FACE('Face appearance 15',(#3989),#224,.F.);
#4428=ADVANCED_FACE('Face appearance 15',(#3990,#3991),#225,.F.);
#4429=ADVANCED_FACE('Face appearance 15',(#3992,#3993),#226,.F.);
#4430=ADVANCED_FACE('',(#3994),#4290,.F.);
#4431=ADVANCED_FACE('',(#3995),#4291,.F.);
#4432=ADVANCED_FACE('',(#3996),#4292,.F.);
#4433=ADVANCED_FACE('Face appearance 8',(#3997),#4293,.F.);
#4434=ADVANCED_FACE('',(#3998),#4294,.F.);
#4435=ADVANCED_FACE('Face appearance 21',(#3999),#4295,.T.);
#4436=ADVANCED_FACE('Face appearance 8',(#4000),#4296,.F.);
#4437=ADVANCED_FACE('',(#4001),#4297,.T.);
#4438=ADVANCED_FACE('',(#4002),#4298,.F.);
#4439=ADVANCED_FACE('',(#4003),#4299,.F.);
#4440=ADVANCED_FACE('',(#4004),#4300,.F.);
#4441=ADVANCED_FACE('',(#4005),#4301,.F.);
#4442=ADVANCED_FACE('',(#4006),#4302,.F.);
#4443=ADVANCED_FACE('',(#4007),#4303,.F.);
#4444=ADVANCED_FACE('',(#4008),#4304,.F.);
#4445=ADVANCED_FACE('',(#4009),#4305,.F.);
#4446=ADVANCED_FACE('',(#4010,#4011),#4306,.T.);
#4447=ADVANCED_FACE('',(#4012,#4013,#4014,#4015,#4016),#4307,.F.);
#4448=ADVANCED_FACE('',(#4017),#4308,.F.);
#4449=ADVANCED_FACE('',(#4018),#4309,.F.);
#4450=ADVANCED_FACE('Face appearance 10',(#4019),#227,.F.);
#4451=ADVANCED_FACE('Face appearance 10',(#4020),#4310,.F.);
#4452=ADVANCED_FACE('Face appearance 10',(#4021),#228,.F.);
#4453=ADVANCED_FACE('Face appearance 10',(#4022),#4311,.F.);
#4454=ADVANCED_FACE('Face appearance 10',(#4023),#4312,.F.);
#4455=ADVANCED_FACE('Face appearance 10',(#4024),#4313,.F.);
#4456=ADVANCED_FACE('Face appearance 10',(#4025),#229,.F.);
#4457=ADVANCED_FACE('Face appearance 10',(#4026),#230,.F.);
#4458=ADVANCED_FACE('',(#4027),#4314,.T.);
#4459=ADVANCED_FACE('',(#4028),#4315,.F.);
#4460=ADVANCED_FACE('',(#4029),#4316,.F.);
#4461=ADVANCED_FACE('',(#4030),#4317,.T.);
#4462=ADVANCED_FACE('',(#4031),#4318,.F.);
#4463=ADVANCED_FACE('',(#4032),#4319,.F.);
#4464=ADVANCED_FACE('',(#4033),#4320,.T.);
#4465=ADVANCED_FACE('',(#4034,#4035),#231,.F.);
#4466=ADVANCED_FACE('',(#4036,#4037),#232,.F.);
#4467=ADVANCED_FACE('',(#4038,#4039),#233,.F.);
#4468=ADVANCED_FACE('',(#4040,#4041),#234,.F.);
#4469=ADVANCED_FACE('Face appearance 15',(#4042,#4043),#235,.F.);
#4470=ADVANCED_FACE('',(#4044,#4045),#236,.F.);
#4471=ADVANCED_FACE('',(#4046,#4047),#237,.F.);
#4472=ADVANCED_FACE('',(#4048,#4049),#238,.F.);
#4473=ADVANCED_FACE('',(#4050),#4321,.T.);
#4474=ADVANCED_FACE('',(#4051,#4052,#4053,#4054,#4055,#4056,#4057,#4058,
#4059,#4060,#4061,#4062,#4063,#4064),#4322,.F.);
#4475=ADVANCED_FACE('',(#4065),#239,.T.);
#4476=ADVANCED_FACE('',(#4066),#240,.T.);
#4477=ADVANCED_FACE('',(#4067),#241,.T.);
#4478=ADVANCED_FACE('',(#4068),#242,.T.);
#4479=ADVANCED_FACE('',(#4069),#4323,.F.);
#4480=ADVANCED_FACE('',(#4070),#4324,.F.);
#4481=ADVANCED_FACE('',(#4071),#4325,.T.);
#4482=ADVANCED_FACE('',(#4072),#4326,.F.);
#4483=ADVANCED_FACE('',(#4073),#4327,.T.);
#4484=ADVANCED_FACE('',(#4074),#4328,.T.);
#4485=ADVANCED_FACE('',(#4075),#4329,.T.);
#4486=ADVANCED_FACE('',(#4076),#243,.T.);
#4487=ADVANCED_FACE('',(#4077),#244,.T.);
#4488=ADVANCED_FACE('',(#4078,#4079),#245,.T.);
#4489=ADVANCED_FACE('',(#4080,#4081),#246,.F.);
#4490=ADVANCED_FACE('',(#4082,#4083),#4330,.F.);
#4491=ADVANCED_FACE('',(#4084,#4085),#247,.T.);
#4492=ADVANCED_FACE('',(#4086,#4087),#248,.F.);
#4493=ADVANCED_FACE('',(#4088,#4089),#4331,.F.);
#4494=ADVANCED_FACE('',(#4090,#4091),#249,.F.);
#4495=ADVANCED_FACE('',(#4092,#4093),#250,.T.);
#4496=ADVANCED_FACE('',(#4094,#4095),#4332,.F.);
#4497=ADVANCED_FACE('',(#4096,#4097),#37,.T.);
#4498=ADVANCED_FACE('',(#4098,#4099),#38,.T.);
#4499=ADVANCED_FACE('',(#4100,#4101),#39,.T.);
#4500=ADVANCED_FACE('',(#4102,#4103),#40,.T.);
#4501=ADVANCED_FACE('',(#4104,#4105),#41,.T.);
#4502=ADVANCED_FACE('',(#4106,#4107),#42,.T.);
#4503=ADVANCED_FACE('',(#4108,#4109),#4333,.T.);
#4504=ADVANCED_FACE('Face appearance 15',(#4110),#4334,.F.);
#4505=ADVANCED_FACE('',(#4111),#251,.T.);
#4506=ADVANCED_FACE('Face appearance 15',(#4112),#4335,.T.);
#4507=ADVANCED_FACE('Face appearance 15',(#4113),#4336,.T.);
#4508=ADVANCED_FACE('Face appearance 15',(#4114),#4337,.T.);
#4509=ADVANCED_FACE('Face appearance 15',(#4115),#4338,.T.);
#4510=ADVANCED_FACE('Face appearance 15',(#4116),#4339,.F.);
#4511=ADVANCED_FACE('Face appearance 15',(#4117),#4340,.F.);
#4512=ADVANCED_FACE('Face appearance 15',(#4118),#4341,.F.);
#4513=ADVANCED_FACE('Face appearance 15',(#4119),#252,.T.);
#4514=ADVANCED_FACE('Face appearance 15',(#4120),#4342,.T.);
#4515=ADVANCED_FACE('Face appearance 15',(#4121),#4343,.T.);
#4516=ADVANCED_FACE('Face appearance 15',(#4122),#4344,.T.);
#4517=ADVANCED_FACE('Face appearance 15',(#4123),#4345,.T.);
#4518=ADVANCED_FACE('Face appearance 15',(#4124),#4346,.T.);
#4519=ADVANCED_FACE('Face appearance 15',(#4125),#4347,.T.);
#4520=ADVANCED_FACE('Face appearance 15',(#4126),#4348,.F.);
#4521=ADVANCED_FACE('Face appearance 15',(#4127),#4349,.T.);
#4522=ADVANCED_FACE('Face appearance 15',(#4128),#4350,.T.);
#4523=ADVANCED_FACE('Face appearance 15',(#4129),#4351,.T.);
#4524=ADVANCED_FACE('Face appearance 15',(#4130),#4352,.F.);
#4525=ADVANCED_FACE('Face appearance 15',(#4131),#4353,.F.);
#4526=ADVANCED_FACE('Face appearance 15',(#4132),#4354,.F.);
#4527=ADVANCED_FACE('Face appearance 15',(#4133),#4355,.F.);
#4528=ADVANCED_FACE('Face appearance 15',(#4134),#4356,.F.);
#4529=ADVANCED_FACE('Face appearance 15',(#4135),#4357,.F.);
#4530=ADVANCED_FACE('Face appearance 15',(#4136),#4358,.F.);
#4531=ADVANCED_FACE('',(#4137),#4359,.T.);
#4532=ADVANCED_FACE('Face appearance 30',(#4138),#253,.T.);
#4533=ADVANCED_FACE('Face appearance 30',(#4139),#254,.T.);
#4534=ADVANCED_FACE('Face appearance 30',(#4140),#255,.T.);
#4535=ADVANCED_FACE('Face appearance 30',(#4141),#256,.T.);
#4536=ADVANCED_FACE('',(#4142),#257,.T.);
#4537=ADVANCED_FACE('',(#4143),#258,.T.);
#4538=ADVANCED_FACE('',(#4144),#259,.T.);
#4539=ADVANCED_FACE('',(#4145),#260,.T.);
#4540=ADVANCED_FACE('Face appearance 15',(#4146),#4360,.F.);
#4541=ADVANCED_FACE('Face appearance 15',(#4147),#12,.F.);
#4542=ADVANCED_FACE('Face appearance 15',(#4148),#4361,.F.);
#4543=ADVANCED_FACE('Face appearance 15',(#4149,#4150),#261,.F.);
#4544=ADVANCED_FACE('Face appearance 15',(#4151,#4152),#262,.F.);
#4545=ADVANCED_FACE('Face appearance 15',(#4153,#4154),#263,.F.);
#4546=ADVANCED_FACE('Face appearance 15',(#4155),#264,.F.);
#4547=ADVANCED_FACE('Face appearance 15',(#4156),#4362,.F.);
#4548=ADVANCED_FACE('Face appearance 15',(#4157,#4158,#4159,#4160,#4161,
#4162,#4163,#4164,#4165,#4166,#4167,#4168),#4363,.T.);
#4549=ADVANCED_FACE('Face appearance 16',(#4169),#4364,.T.);
#4550=ADVANCED_FACE('',(#4170),#265,.T.);
#4551=ADVANCED_FACE('',(#4171),#266,.T.);
#4552=ADVANCED_FACE('',(#4172),#4365,.T.);
#4553=ADVANCED_FACE('',(#4173),#267,.T.);
#4554=ADVANCED_FACE('',(#4174),#268,.T.);
#4555=ADVANCED_FACE('',(#4175),#13,.T.);
#4556=ADVANCED_FACE('',(#4176),#14,.T.);
#4557=ADVANCED_FACE('',(#4177),#269,.T.);
#4558=ADVANCED_FACE('',(#4178),#270,.T.);
#4559=ADVANCED_FACE('',(#4179),#4366,.T.);
#4560=ADVANCED_FACE('',(#4180),#271,.T.);
#4561=ADVANCED_FACE('',(#4181),#272,.T.);
#4562=ADVANCED_FACE('',(#4182),#15,.T.);
#4563=ADVANCED_FACE('',(#4183),#16,.T.);
#4564=ADVANCED_FACE('',(#4184,#4185),#4367,.T.);
#4565=ADVANCED_FACE('Face appearance 15',(#4186),#273,.F.);
#4566=ADVANCED_FACE('Face appearance 15',(#4187),#17,.T.);
#4567=ADVANCED_FACE('Face appearance 15',(#4188),#4368,.T.);
#4568=ADVANCED_FACE('Face appearance 15',(#4189),#18,.T.);
#4569=ADVANCED_FACE('Face appearance 15',(#4190),#274,.F.);
#4570=ADVANCED_FACE('Face appearance 15',(#4191),#19,.T.);
#4571=ADVANCED_FACE('Face appearance 15',(#4192),#20,.T.);
#4572=ADVANCED_FACE('Face appearance 15',(#4193),#275,.F.);
#4573=ADVANCED_FACE('Face appearance 15',(#4194),#21,.T.);
#4574=ADVANCED_FACE('Face appearance 15',(#4195),#4369,.T.);
#4575=ADVANCED_FACE('Face appearance 15',(#4196),#22,.T.);
#4576=ADVANCED_FACE('Face appearance 15',(#4197),#276,.F.);
#4577=ADVANCED_FACE('Face appearance 15',(#4198),#23,.T.);
#4578=ADVANCED_FACE('Face appearance 15',(#4199),#24,.T.);
#4579=ADVANCED_FACE('',(#4200),#4370,.T.);
#4580=ADVANCED_FACE('Face appearance 15',(#4201),#4371,.T.);
#4581=ADVANCED_FACE('Face appearance 15',(#4202),#4372,.T.);
#4582=ADVANCED_FACE('Face appearance 15',(#4203),#4373,.T.);
#4583=ADVANCED_FACE('Face appearance 15',(#4204),#4374,.T.);
#4584=ADVANCED_FACE('Face appearance 15',(#4205),#4375,.T.);
#4585=ADVANCED_FACE('Face appearance 15',(#4206),#4376,.T.);
#4586=ADVANCED_FACE('Face appearance 15',(#4207),#4377,.T.);
#4587=ADVANCED_FACE('Face appearance 15',(#4208),#4378,.T.);
#4588=ADVANCED_FACE('Face appearance 15',(#4209),#4379,.T.);
#4589=ADVANCED_FACE('Face appearance 15',(#4210),#4380,.T.);
#4590=ADVANCED_FACE('Face appearance 16',(#4211),#4381,.T.);
#4591=ADVANCED_FACE('',(#4212),#277,.T.);
#4592=ADVANCED_FACE('',(#4213),#278,.T.);
#4593=ADVANCED_FACE('',(#4214),#4382,.T.);
#4594=ADVANCED_FACE('',(#4215),#279,.T.);
#4595=ADVANCED_FACE('',(#4216),#280,.T.);
#4596=ADVANCED_FACE('',(#4217),#25,.T.);
#4597=ADVANCED_FACE('',(#4218),#26,.T.);
#4598=ADVANCED_FACE('',(#4219),#281,.T.);
#4599=ADVANCED_FACE('',(#4220),#282,.T.);
#4600=ADVANCED_FACE('',(#4221),#4383,.T.);
#4601=ADVANCED_FACE('',(#4222),#283,.T.);
#4602=ADVANCED_FACE('',(#4223),#284,.T.);
#4603=ADVANCED_FACE('',(#4224),#27,.T.);
#4604=ADVANCED_FACE('',(#4225),#28,.T.);
#4605=ADVANCED_FACE('',(#4226,#4227),#4384,.T.);
#4606=ADVANCED_FACE('Face appearance 15',(#4228),#285,.F.);
#4607=ADVANCED_FACE('Face appearance 15',(#4229),#29,.T.);
#4608=ADVANCED_FACE('Face appearance 15',(#4230),#4385,.T.);
#4609=ADVANCED_FACE('Face appearance 15',(#4231),#30,.T.);
#4610=ADVANCED_FACE('Face appearance 15',(#4232),#286,.F.);
#4611=ADVANCED_FACE('Face appearance 15',(#4233),#31,.T.);
#4612=ADVANCED_FACE('Face appearance 15',(#4234),#32,.T.);
#4613=ADVANCED_FACE('Face appearance 15',(#4235),#287,.F.);
#4614=ADVANCED_FACE('Face appearance 15',(#4236),#33,.T.);
#4615=ADVANCED_FACE('Face appearance 15',(#4237),#4386,.T.);
#4616=ADVANCED_FACE('Face appearance 15',(#4238),#34,.T.);
#4617=ADVANCED_FACE('Face appearance 15',(#4239),#288,.F.);
#4618=ADVANCED_FACE('Face appearance 15',(#4240),#35,.T.);
#4619=ADVANCED_FACE('Face appearance 15',(#4241),#36,.T.);
#4620=ADVANCED_FACE('',(#4242),#4387,.T.);
#4621=ADVANCED_FACE('Face appearance 15',(#4243),#4388,.T.);
#4622=ADVANCED_FACE('Face appearance 15',(#4244),#4389,.T.);
#4623=ADVANCED_FACE('Face appearance 15',(#4245),#4390,.T.);
#4624=ADVANCED_FACE('Face appearance 15',(#4246),#4391,.T.);
#4625=ADVANCED_FACE('',(#4247),#4392,.T.);
#4626=ADVANCED_FACE('Face appearance 15',(#4248),#4393,.T.);
#4627=ADVANCED_FACE('Face appearance 15',(#4249),#4394,.T.);
#4628=ADVANCED_FACE('Face appearance 15',(#4250),#4395,.T.);
#4629=ADVANCED_FACE('Face appearance 15',(#4251),#4396,.T.);
#4630=ADVANCED_FACE('Face appearance 15',(#4252),#4397,.T.);
#4631=ADVANCED_FACE('Face appearance 15',(#4253),#4398,.T.);
#4632=ADVANCED_FACE('Face appearance 15',(#4254),#4399,.T.);
#4633=ADVANCED_FACE('Face appearance 15',(#4255),#4400,.T.);
#4634=ADVANCED_FACE('Face appearance 15',(#4256),#4401,.T.);
#4635=ADVANCED_FACE('Face appearance 15',(#4257),#4402,.T.);
#4636=ADVANCED_FACE('',(#4258),#4403,.T.);
#4637=ADVANCED_FACE('Face appearance 15',(#4259),#4404,.T.);
#4638=ADVANCED_FACE('Face appearance 15',(#4260),#4405,.T.);
#4639=ADVANCED_FACE('Face appearance 15',(#4261),#4406,.T.);
#4640=ADVANCED_FACE('Face appearance 15',(#4262),#4407,.T.);
#4641=ADVANCED_FACE('Face appearance 15',(#4263),#4408,.T.);
#4642=ADVANCED_FACE('Face appearance 15',(#4264),#4409,.T.);
#4643=ADVANCED_FACE('Face appearance 15',(#4265),#4410,.T.);
#4644=ADVANCED_FACE('Face appearance 15',(#4266),#4411,.T.);
#4645=ADVANCED_FACE('Face appearance 15',(#4267),#4412,.T.);
#4646=ADVANCED_FACE('Face appearance 15',(#4268),#4413,.T.);
#4647=ADVANCED_FACE('',(#4269),#289,.T.);
#4648=ADVANCED_FACE('',(#4270),#290,.T.);
#4649=ADVANCED_FACE('',(#4271),#291,.T.);
#4650=ADVANCED_FACE('',(#4272),#292,.T.);
#4651=ADVANCED_FACE('',(#4273,#4274),#43,.T.);
#4652=ADVANCED_FACE('',(#4275,#4276),#44,.T.);
#4653=ADVANCED_FACE('',(#4277,#4278),#293,.F.);
#4654=ADVANCED_FACE('',(#4279,#4280),#294,.F.);
#4655=ADVANCED_FACE('',(#4281,#4282),#295,.F.);
#4656=ADVANCED_FACE('',(#4283,#4284),#296,.F.);
#4657=CLOSED_SHELL('',(#4414,#4415,#4416,#4417,#4418,#4419,#4420,#4421,
#4422,#4423,#4424,#4425,#4426,#4427,#4428,#4429,#4430,#4431,#4432,#4433,
#4434,#4435,#4436,#4437,#4438,#4439,#4440,#4441,#4442,#4443,#4444,#4445,
#4446,#4447,#4448,#4449,#4450,#4451,#4452,#4453,#4454,#4455,#4456,#4457,
#4458,#4459,#4460,#4461,#4462,#4463,#4464,#4465,#4466,#4467,#4468,#4469,
#4470,#4471,#4472,#4473,#4474,#4475,#4476,#4477,#4478,#4479,#4480,#4481,
#4482,#4483,#4484,#4485,#4486,#4487,#4488,#4489,#4490,#4491,#4492,#4493,
#4494,#4495,#4496,#4497,#4498,#4499,#4500,#4501,#4502,#4503,#4504,#4505,
#4506,#4507,#4508,#4509,#4510,#4511,#4512,#4513,#4514,#4515,#4516,#4517,
#4518,#4519,#4520,#4521,#4522,#4523,#4524,#4525,#4526,#4527,#4528,#4529,
#4530,#4531,#4532,#4533,#4534,#4535,#4536,#4537,#4538,#4539,#4540,#4541,
#4542,#4543,#4544,#4545,#4546,#4547,#4548,#4549,#4550,#4551,#4552,#4553,
#4554,#4555,#4556,#4557,#4558,#4559,#4560,#4561,#4562,#4563,#4564,#4565,
#4566,#4567,#4568,#4569,#4570,#4571,#4572,#4573,#4574,#4575,#4576,#4577,
#4578,#4579,#4580,#4581,#4582,#4583,#4584,#4585,#4586,#4587,#4588,#4589,
#4590,#4591,#4592,#4593,#4594,#4595,#4596,#4597,#4598,#4599,#4600,#4601,
#4602,#4603,#4604,#4605,#4606,#4607,#4608,#4609,#4610,#4611,#4612,#4613,
#4614,#4615,#4616,#4617,#4618,#4619,#4620,#4621,#4622,#4623,#4624,#4625,
#4626,#4627,#4628,#4629,#4630,#4631,#4632,#4633,#4634,#4635,#4636,#4637,
#4638,#4639,#4640,#4641,#4642,#4643,#4644,#4645,#4646,#4647,#4648,#4649,
#4650,#4651,#4652,#4653,#4654,#4655,#4656));
#4658=STYLED_ITEM('',(#4659),#5285);
#4659=PRESENTATION_STYLE_ASSIGNMENT((#4763));
#4660=PRESENTATION_STYLE_ASSIGNMENT((#4764));
#4661=PRESENTATION_STYLE_ASSIGNMENT((#4765));
#4662=PRESENTATION_STYLE_ASSIGNMENT((#4766));
#4663=PRESENTATION_STYLE_ASSIGNMENT((#4767));
#4664=PRESENTATION_STYLE_ASSIGNMENT((#4768));
#4665=PRESENTATION_STYLE_ASSIGNMENT((#4769));
#4666=PRESENTATION_STYLE_ASSIGNMENT((#4770));
#4667=PRESENTATION_STYLE_ASSIGNMENT((#4771));
#4668=PRESENTATION_STYLE_ASSIGNMENT((#4772));
#4669=PRESENTATION_STYLE_ASSIGNMENT((#4773));
#4670=PRESENTATION_STYLE_ASSIGNMENT((#4774));
#4671=PRESENTATION_STYLE_ASSIGNMENT((#4775));
#4672=PRESENTATION_STYLE_ASSIGNMENT((#4776));
#4673=PRESENTATION_STYLE_ASSIGNMENT((#4777));
#4674=PRESENTATION_STYLE_ASSIGNMENT((#4778));
#4675=PRESENTATION_STYLE_ASSIGNMENT((#4779));
#4676=PRESENTATION_STYLE_ASSIGNMENT((#4780));
#4677=PRESENTATION_STYLE_ASSIGNMENT((#4781));
#4678=PRESENTATION_STYLE_ASSIGNMENT((#4782));
#4679=PRESENTATION_STYLE_ASSIGNMENT((#4783));
#4680=PRESENTATION_STYLE_ASSIGNMENT((#4784));
#4681=PRESENTATION_STYLE_ASSIGNMENT((#4785));
#4682=PRESENTATION_STYLE_ASSIGNMENT((#4786));
#4683=PRESENTATION_STYLE_ASSIGNMENT((#4787));
#4684=PRESENTATION_STYLE_ASSIGNMENT((#4788));
#4685=PRESENTATION_STYLE_ASSIGNMENT((#4789));
#4686=PRESENTATION_STYLE_ASSIGNMENT((#4790));
#4687=PRESENTATION_STYLE_ASSIGNMENT((#4791));
#4688=PRESENTATION_STYLE_ASSIGNMENT((#4792));
#4689=PRESENTATION_STYLE_ASSIGNMENT((#4793));
#4690=PRESENTATION_STYLE_ASSIGNMENT((#4794));
#4691=PRESENTATION_STYLE_ASSIGNMENT((#4795));
#4692=PRESENTATION_STYLE_ASSIGNMENT((#4796));
#4693=PRESENTATION_STYLE_ASSIGNMENT((#4797));
#4694=PRESENTATION_STYLE_ASSIGNMENT((#4798));
#4695=PRESENTATION_STYLE_ASSIGNMENT((#4799));
#4696=PRESENTATION_STYLE_ASSIGNMENT((#4800));
#4697=PRESENTATION_STYLE_ASSIGNMENT((#4801));
#4698=PRESENTATION_STYLE_ASSIGNMENT((#4802));
#4699=PRESENTATION_STYLE_ASSIGNMENT((#4803));
#4700=PRESENTATION_STYLE_ASSIGNMENT((#4804));
#4701=PRESENTATION_STYLE_ASSIGNMENT((#4805));
#4702=PRESENTATION_STYLE_ASSIGNMENT((#4806));
#4703=PRESENTATION_STYLE_ASSIGNMENT((#4807));
#4704=PRESENTATION_STYLE_ASSIGNMENT((#4808));
#4705=PRESENTATION_STYLE_ASSIGNMENT((#4809));
#4706=PRESENTATION_STYLE_ASSIGNMENT((#4810));
#4707=PRESENTATION_STYLE_ASSIGNMENT((#4811));
#4708=PRESENTATION_STYLE_ASSIGNMENT((#4812));
#4709=PRESENTATION_STYLE_ASSIGNMENT((#4813));
#4710=PRESENTATION_STYLE_ASSIGNMENT((#4814));
#4711=PRESENTATION_STYLE_ASSIGNMENT((#4815));
#4712=PRESENTATION_STYLE_ASSIGNMENT((#4816));
#4713=PRESENTATION_STYLE_ASSIGNMENT((#4817));
#4714=PRESENTATION_STYLE_ASSIGNMENT((#4818));
#4715=PRESENTATION_STYLE_ASSIGNMENT((#4819));
#4716=PRESENTATION_STYLE_ASSIGNMENT((#4820));
#4717=PRESENTATION_STYLE_ASSIGNMENT((#4821));
#4718=PRESENTATION_STYLE_ASSIGNMENT((#4822));
#4719=PRESENTATION_STYLE_ASSIGNMENT((#4823));
#4720=PRESENTATION_STYLE_ASSIGNMENT((#4824));
#4721=PRESENTATION_STYLE_ASSIGNMENT((#4825));
#4722=PRESENTATION_STYLE_ASSIGNMENT((#4826));
#4723=PRESENTATION_STYLE_ASSIGNMENT((#4827));
#4724=PRESENTATION_STYLE_ASSIGNMENT((#4828));
#4725=PRESENTATION_STYLE_ASSIGNMENT((#4829));
#4726=PRESENTATION_STYLE_ASSIGNMENT((#4830));
#4727=PRESENTATION_STYLE_ASSIGNMENT((#4831));
#4728=PRESENTATION_STYLE_ASSIGNMENT((#4832));
#4729=PRESENTATION_STYLE_ASSIGNMENT((#4833));
#4730=PRESENTATION_STYLE_ASSIGNMENT((#4834));
#4731=PRESENTATION_STYLE_ASSIGNMENT((#4835));
#4732=PRESENTATION_STYLE_ASSIGNMENT((#4836));
#4733=PRESENTATION_STYLE_ASSIGNMENT((#4837));
#4734=PRESENTATION_STYLE_ASSIGNMENT((#4838));
#4735=PRESENTATION_STYLE_ASSIGNMENT((#4839));
#4736=PRESENTATION_STYLE_ASSIGNMENT((#4840));
#4737=PRESENTATION_STYLE_ASSIGNMENT((#4841));
#4738=PRESENTATION_STYLE_ASSIGNMENT((#4842));
#4739=PRESENTATION_STYLE_ASSIGNMENT((#4843));
#4740=PRESENTATION_STYLE_ASSIGNMENT((#4844));
#4741=PRESENTATION_STYLE_ASSIGNMENT((#4845));
#4742=PRESENTATION_STYLE_ASSIGNMENT((#4846));
#4743=PRESENTATION_STYLE_ASSIGNMENT((#4847));
#4744=PRESENTATION_STYLE_ASSIGNMENT((#4848));
#4745=PRESENTATION_STYLE_ASSIGNMENT((#4849));
#4746=PRESENTATION_STYLE_ASSIGNMENT((#4850));
#4747=PRESENTATION_STYLE_ASSIGNMENT((#4851));
#4748=PRESENTATION_STYLE_ASSIGNMENT((#4852));
#4749=PRESENTATION_STYLE_ASSIGNMENT((#4853));
#4750=PRESENTATION_STYLE_ASSIGNMENT((#4854));
#4751=PRESENTATION_STYLE_ASSIGNMENT((#4855));
#4752=PRESENTATION_STYLE_ASSIGNMENT((#4856));
#4753=PRESENTATION_STYLE_ASSIGNMENT((#4857));
#4754=PRESENTATION_STYLE_ASSIGNMENT((#4858));
#4755=PRESENTATION_STYLE_ASSIGNMENT((#4859));
#4756=PRESENTATION_STYLE_ASSIGNMENT((#4860));
#4757=PRESENTATION_STYLE_ASSIGNMENT((#4861));
#4758=PRESENTATION_STYLE_ASSIGNMENT((#4862));
#4759=PRESENTATION_STYLE_ASSIGNMENT((#4863));
#4760=PRESENTATION_STYLE_ASSIGNMENT((#4864));
#4761=PRESENTATION_STYLE_ASSIGNMENT((#4865));
#4762=PRESENTATION_STYLE_ASSIGNMENT((#4866));
#4763=SURFACE_STYLE_USAGE(.BOTH.,#4867);
#4764=SURFACE_STYLE_USAGE(.BOTH.,#4868);
#4765=SURFACE_STYLE_USAGE(.BOTH.,#4869);
#4766=SURFACE_STYLE_USAGE(.BOTH.,#4870);
#4767=SURFACE_STYLE_USAGE(.BOTH.,#4871);
#4768=SURFACE_STYLE_USAGE(.BOTH.,#4872);
#4769=SURFACE_STYLE_USAGE(.BOTH.,#4873);
#4770=SURFACE_STYLE_USAGE(.BOTH.,#4874);
#4771=SURFACE_STYLE_USAGE(.BOTH.,#4875);
#4772=SURFACE_STYLE_USAGE(.BOTH.,#4876);
#4773=SURFACE_STYLE_USAGE(.BOTH.,#4877);
#4774=SURFACE_STYLE_USAGE(.BOTH.,#4878);
#4775=SURFACE_STYLE_USAGE(.BOTH.,#4879);
#4776=SURFACE_STYLE_USAGE(.BOTH.,#4880);
#4777=SURFACE_STYLE_USAGE(.BOTH.,#4881);
#4778=SURFACE_STYLE_USAGE(.BOTH.,#4882);
#4779=SURFACE_STYLE_USAGE(.BOTH.,#4883);
#4780=SURFACE_STYLE_USAGE(.BOTH.,#4884);
#4781=SURFACE_STYLE_USAGE(.BOTH.,#4885);
#4782=SURFACE_STYLE_USAGE(.BOTH.,#4886);
#4783=SURFACE_STYLE_USAGE(.BOTH.,#4887);
#4784=SURFACE_STYLE_USAGE(.BOTH.,#4888);
#4785=SURFACE_STYLE_USAGE(.BOTH.,#4889);
#4786=SURFACE_STYLE_USAGE(.BOTH.,#4890);
#4787=SURFACE_STYLE_USAGE(.BOTH.,#4891);
#4788=SURFACE_STYLE_USAGE(.BOTH.,#4892);
#4789=SURFACE_STYLE_USAGE(.BOTH.,#4893);
#4790=SURFACE_STYLE_USAGE(.BOTH.,#4894);
#4791=SURFACE_STYLE_USAGE(.BOTH.,#4895);
#4792=SURFACE_STYLE_USAGE(.BOTH.,#4896);
#4793=SURFACE_STYLE_USAGE(.BOTH.,#4897);
#4794=SURFACE_STYLE_USAGE(.BOTH.,#4898);
#4795=SURFACE_STYLE_USAGE(.BOTH.,#4899);
#4796=SURFACE_STYLE_USAGE(.BOTH.,#4900);
#4797=SURFACE_STYLE_USAGE(.BOTH.,#4901);
#4798=SURFACE_STYLE_USAGE(.BOTH.,#4902);
#4799=SURFACE_STYLE_USAGE(.BOTH.,#4903);
#4800=SURFACE_STYLE_USAGE(.BOTH.,#4904);
#4801=SURFACE_STYLE_USAGE(.BOTH.,#4905);
#4802=SURFACE_STYLE_USAGE(.BOTH.,#4906);
#4803=SURFACE_STYLE_USAGE(.BOTH.,#4907);
#4804=SURFACE_STYLE_USAGE(.BOTH.,#4908);
#4805=SURFACE_STYLE_USAGE(.BOTH.,#4909);
#4806=SURFACE_STYLE_USAGE(.BOTH.,#4910);
#4807=SURFACE_STYLE_USAGE(.BOTH.,#4911);
#4808=SURFACE_STYLE_USAGE(.BOTH.,#4912);
#4809=SURFACE_STYLE_USAGE(.BOTH.,#4913);
#4810=SURFACE_STYLE_USAGE(.BOTH.,#4914);
#4811=SURFACE_STYLE_USAGE(.BOTH.,#4915);
#4812=SURFACE_STYLE_USAGE(.BOTH.,#4916);
#4813=SURFACE_STYLE_USAGE(.BOTH.,#4917);
#4814=SURFACE_STYLE_USAGE(.BOTH.,#4918);
#4815=SURFACE_STYLE_USAGE(.BOTH.,#4919);
#4816=SURFACE_STYLE_USAGE(.BOTH.,#4920);
#4817=SURFACE_STYLE_USAGE(.BOTH.,#4921);
#4818=SURFACE_STYLE_USAGE(.BOTH.,#4922);
#4819=SURFACE_STYLE_USAGE(.BOTH.,#4923);
#4820=SURFACE_STYLE_USAGE(.BOTH.,#4924);
#4821=SURFACE_STYLE_USAGE(.BOTH.,#4925);
#4822=SURFACE_STYLE_USAGE(.BOTH.,#4926);
#4823=SURFACE_STYLE_USAGE(.BOTH.,#4927);
#4824=SURFACE_STYLE_USAGE(.BOTH.,#4928);
#4825=SURFACE_STYLE_USAGE(.BOTH.,#4929);
#4826=SURFACE_STYLE_USAGE(.BOTH.,#4930);
#4827=SURFACE_STYLE_USAGE(.BOTH.,#4931);
#4828=SURFACE_STYLE_USAGE(.BOTH.,#4932);
#4829=SURFACE_STYLE_USAGE(.BOTH.,#4933);
#4830=SURFACE_STYLE_USAGE(.BOTH.,#4934);
#4831=SURFACE_STYLE_USAGE(.BOTH.,#4935);
#4832=SURFACE_STYLE_USAGE(.BOTH.,#4936);
#4833=SURFACE_STYLE_USAGE(.BOTH.,#4937);
#4834=SURFACE_STYLE_USAGE(.BOTH.,#4938);
#4835=SURFACE_STYLE_USAGE(.BOTH.,#4939);
#4836=SURFACE_STYLE_USAGE(.BOTH.,#4940);
#4837=SURFACE_STYLE_USAGE(.BOTH.,#4941);
#4838=SURFACE_STYLE_USAGE(.BOTH.,#4942);
#4839=SURFACE_STYLE_USAGE(.BOTH.,#4943);
#4840=SURFACE_STYLE_USAGE(.BOTH.,#4944);
#4841=SURFACE_STYLE_USAGE(.BOTH.,#4945);
#4842=SURFACE_STYLE_USAGE(.BOTH.,#4946);
#4843=SURFACE_STYLE_USAGE(.BOTH.,#4947);
#4844=SURFACE_STYLE_USAGE(.BOTH.,#4948);
#4845=SURFACE_STYLE_USAGE(.BOTH.,#4949);
#4846=SURFACE_STYLE_USAGE(.BOTH.,#4950);
#4847=SURFACE_STYLE_USAGE(.BOTH.,#4951);
#4848=SURFACE_STYLE_USAGE(.BOTH.,#4952);
#4849=SURFACE_STYLE_USAGE(.BOTH.,#4953);
#4850=SURFACE_STYLE_USAGE(.BOTH.,#4954);
#4851=SURFACE_STYLE_USAGE(.BOTH.,#4955);
#4852=SURFACE_STYLE_USAGE(.BOTH.,#4956);
#4853=SURFACE_STYLE_USAGE(.BOTH.,#4957);
#4854=SURFACE_STYLE_USAGE(.BOTH.,#4958);
#4855=SURFACE_STYLE_USAGE(.BOTH.,#4959);
#4856=SURFACE_STYLE_USAGE(.BOTH.,#4960);
#4857=SURFACE_STYLE_USAGE(.BOTH.,#4961);
#4858=SURFACE_STYLE_USAGE(.BOTH.,#4962);
#4859=SURFACE_STYLE_USAGE(.BOTH.,#4963);
#4860=SURFACE_STYLE_USAGE(.BOTH.,#4964);
#4861=SURFACE_STYLE_USAGE(.BOTH.,#4965);
#4862=SURFACE_STYLE_USAGE(.BOTH.,#4966);
#4863=SURFACE_STYLE_USAGE(.BOTH.,#4967);
#4864=SURFACE_STYLE_USAGE(.BOTH.,#4968);
#4865=SURFACE_STYLE_USAGE(.BOTH.,#4969);
#4866=SURFACE_STYLE_USAGE(.BOTH.,#4970);
#4867=SURFACE_SIDE_STYLE('',(#4971));
#4868=SURFACE_SIDE_STYLE('',(#4972));
#4869=SURFACE_SIDE_STYLE('',(#4973));
#4870=SURFACE_SIDE_STYLE('',(#4974));
#4871=SURFACE_SIDE_STYLE('',(#4975));
#4872=SURFACE_SIDE_STYLE('',(#4976));
#4873=SURFACE_SIDE_STYLE('',(#4977));
#4874=SURFACE_SIDE_STYLE('',(#4978));
#4875=SURFACE_SIDE_STYLE('',(#4979));
#4876=SURFACE_SIDE_STYLE('',(#4980));
#4877=SURFACE_SIDE_STYLE('',(#4981));
#4878=SURFACE_SIDE_STYLE('',(#4982));
#4879=SURFACE_SIDE_STYLE('',(#4983));
#4880=SURFACE_SIDE_STYLE('',(#4984));
#4881=SURFACE_SIDE_STYLE('',(#4985));
#4882=SURFACE_SIDE_STYLE('',(#4986));
#4883=SURFACE_SIDE_STYLE('',(#4987));
#4884=SURFACE_SIDE_STYLE('',(#4988));
#4885=SURFACE_SIDE_STYLE('',(#4989));
#4886=SURFACE_SIDE_STYLE('',(#4990));
#4887=SURFACE_SIDE_STYLE('',(#4991));
#4888=SURFACE_SIDE_STYLE('',(#4992));
#4889=SURFACE_SIDE_STYLE('',(#4993));
#4890=SURFACE_SIDE_STYLE('',(#4994));
#4891=SURFACE_SIDE_STYLE('',(#4995));
#4892=SURFACE_SIDE_STYLE('',(#4996));
#4893=SURFACE_SIDE_STYLE('',(#4997));
#4894=SURFACE_SIDE_STYLE('',(#4998));
#4895=SURFACE_SIDE_STYLE('',(#4999));
#4896=SURFACE_SIDE_STYLE('',(#5000));
#4897=SURFACE_SIDE_STYLE('',(#5001));
#4898=SURFACE_SIDE_STYLE('',(#5002));
#4899=SURFACE_SIDE_STYLE('',(#5003));
#4900=SURFACE_SIDE_STYLE('',(#5004));
#4901=SURFACE_SIDE_STYLE('',(#5005));
#4902=SURFACE_SIDE_STYLE('',(#5006));
#4903=SURFACE_SIDE_STYLE('',(#5007));
#4904=SURFACE_SIDE_STYLE('',(#5008));
#4905=SURFACE_SIDE_STYLE('',(#5009));
#4906=SURFACE_SIDE_STYLE('',(#5010));
#4907=SURFACE_SIDE_STYLE('',(#5011));
#4908=SURFACE_SIDE_STYLE('',(#5012));
#4909=SURFACE_SIDE_STYLE('',(#5013));
#4910=SURFACE_SIDE_STYLE('',(#5014));
#4911=SURFACE_SIDE_STYLE('',(#5015));
#4912=SURFACE_SIDE_STYLE('',(#5016));
#4913=SURFACE_SIDE_STYLE('',(#5017));
#4914=SURFACE_SIDE_STYLE('',(#5018));
#4915=SURFACE_SIDE_STYLE('',(#5019));
#4916=SURFACE_SIDE_STYLE('',(#5020));
#4917=SURFACE_SIDE_STYLE('',(#5021));
#4918=SURFACE_SIDE_STYLE('',(#5022));
#4919=SURFACE_SIDE_STYLE('',(#5023));
#4920=SURFACE_SIDE_STYLE('',(#5024));
#4921=SURFACE_SIDE_STYLE('',(#5025));
#4922=SURFACE_SIDE_STYLE('',(#5026));
#4923=SURFACE_SIDE_STYLE('',(#5027));
#4924=SURFACE_SIDE_STYLE('',(#5028));
#4925=SURFACE_SIDE_STYLE('',(#5029));
#4926=SURFACE_SIDE_STYLE('',(#5030));
#4927=SURFACE_SIDE_STYLE('',(#5031));
#4928=SURFACE_SIDE_STYLE('',(#5032));
#4929=SURFACE_SIDE_STYLE('',(#5033));
#4930=SURFACE_SIDE_STYLE('',(#5034));
#4931=SURFACE_SIDE_STYLE('',(#5035));
#4932=SURFACE_SIDE_STYLE('',(#5036));
#4933=SURFACE_SIDE_STYLE('',(#5037));
#4934=SURFACE_SIDE_STYLE('',(#5038));
#4935=SURFACE_SIDE_STYLE('',(#5039));
#4936=SURFACE_SIDE_STYLE('',(#5040));
#4937=SURFACE_SIDE_STYLE('',(#5041));
#4938=SURFACE_SIDE_STYLE('',(#5042));
#4939=SURFACE_SIDE_STYLE('',(#5043));
#4940=SURFACE_SIDE_STYLE('',(#5044));
#4941=SURFACE_SIDE_STYLE('',(#5045));
#4942=SURFACE_SIDE_STYLE('',(#5046));
#4943=SURFACE_SIDE_STYLE('',(#5047));
#4944=SURFACE_SIDE_STYLE('',(#5048));
#4945=SURFACE_SIDE_STYLE('',(#5049));
#4946=SURFACE_SIDE_STYLE('',(#5050));
#4947=SURFACE_SIDE_STYLE('',(#5051));
#4948=SURFACE_SIDE_STYLE('',(#5052));
#4949=SURFACE_SIDE_STYLE('',(#5053));
#4950=SURFACE_SIDE_STYLE('',(#5054));
#4951=SURFACE_SIDE_STYLE('',(#5055));
#4952=SURFACE_SIDE_STYLE('',(#5056));
#4953=SURFACE_SIDE_STYLE('',(#5057));
#4954=SURFACE_SIDE_STYLE('',(#5058));
#4955=SURFACE_SIDE_STYLE('',(#5059));
#4956=SURFACE_SIDE_STYLE('',(#5060));
#4957=SURFACE_SIDE_STYLE('',(#5061));
#4958=SURFACE_SIDE_STYLE('',(#5062));
#4959=SURFACE_SIDE_STYLE('',(#5063));
#4960=SURFACE_SIDE_STYLE('',(#5064));
#4961=SURFACE_SIDE_STYLE('',(#5065));
#4962=SURFACE_SIDE_STYLE('',(#5066));
#4963=SURFACE_SIDE_STYLE('',(#5067));
#4964=SURFACE_SIDE_STYLE('',(#5068));
#4965=SURFACE_SIDE_STYLE('',(#5069));
#4966=SURFACE_SIDE_STYLE('',(#5070));
#4967=SURFACE_SIDE_STYLE('',(#5071));
#4968=SURFACE_SIDE_STYLE('',(#5072));
#4969=SURFACE_SIDE_STYLE('',(#5073));
#4970=SURFACE_SIDE_STYLE('',(#5074));
#4971=SURFACE_STYLE_FILL_AREA(#5075);
#4972=SURFACE_STYLE_FILL_AREA(#5076);
#4973=SURFACE_STYLE_FILL_AREA(#5077);
#4974=SURFACE_STYLE_FILL_AREA(#5078);
#4975=SURFACE_STYLE_FILL_AREA(#5079);
#4976=SURFACE_STYLE_FILL_AREA(#5080);
#4977=SURFACE_STYLE_FILL_AREA(#5081);
#4978=SURFACE_STYLE_FILL_AREA(#5082);
#4979=SURFACE_STYLE_FILL_AREA(#5083);
#4980=SURFACE_STYLE_FILL_AREA(#5084);
#4981=SURFACE_STYLE_FILL_AREA(#5085);
#4982=SURFACE_STYLE_FILL_AREA(#5086);
#4983=SURFACE_STYLE_FILL_AREA(#5087);
#4984=SURFACE_STYLE_FILL_AREA(#5088);
#4985=SURFACE_STYLE_FILL_AREA(#5089);
#4986=SURFACE_STYLE_FILL_AREA(#5090);
#4987=SURFACE_STYLE_FILL_AREA(#5091);
#4988=SURFACE_STYLE_FILL_AREA(#5092);
#4989=SURFACE_STYLE_FILL_AREA(#5093);
#4990=SURFACE_STYLE_FILL_AREA(#5094);
#4991=SURFACE_STYLE_FILL_AREA(#5095);
#4992=SURFACE_STYLE_FILL_AREA(#5096);
#4993=SURFACE_STYLE_FILL_AREA(#5097);
#4994=SURFACE_STYLE_FILL_AREA(#5098);
#4995=SURFACE_STYLE_FILL_AREA(#5099);
#4996=SURFACE_STYLE_FILL_AREA(#5100);
#4997=SURFACE_STYLE_FILL_AREA(#5101);
#4998=SURFACE_STYLE_FILL_AREA(#5102);
#4999=SURFACE_STYLE_FILL_AREA(#5103);
#5000=SURFACE_STYLE_FILL_AREA(#5104);
#5001=SURFACE_STYLE_FILL_AREA(#5105);
#5002=SURFACE_STYLE_FILL_AREA(#5106);
#5003=SURFACE_STYLE_FILL_AREA(#5107);
#5004=SURFACE_STYLE_FILL_AREA(#5108);
#5005=SURFACE_STYLE_FILL_AREA(#5109);
#5006=SURFACE_STYLE_FILL_AREA(#5110);
#5007=SURFACE_STYLE_FILL_AREA(#5111);
#5008=SURFACE_STYLE_FILL_AREA(#5112);
#5009=SURFACE_STYLE_FILL_AREA(#5113);
#5010=SURFACE_STYLE_FILL_AREA(#5114);
#5011=SURFACE_STYLE_FILL_AREA(#5115);
#5012=SURFACE_STYLE_FILL_AREA(#5116);
#5013=SURFACE_STYLE_FILL_AREA(#5117);
#5014=SURFACE_STYLE_FILL_AREA(#5118);
#5015=SURFACE_STYLE_FILL_AREA(#5119);
#5016=SURFACE_STYLE_FILL_AREA(#5120);
#5017=SURFACE_STYLE_FILL_AREA(#5121);
#5018=SURFACE_STYLE_FILL_AREA(#5122);
#5019=SURFACE_STYLE_FILL_AREA(#5123);
#5020=SURFACE_STYLE_FILL_AREA(#5124);
#5021=SURFACE_STYLE_FILL_AREA(#5125);
#5022=SURFACE_STYLE_FILL_AREA(#5126);
#5023=SURFACE_STYLE_FILL_AREA(#5127);
#5024=SURFACE_STYLE_FILL_AREA(#5128);
#5025=SURFACE_STYLE_FILL_AREA(#5129);
#5026=SURFACE_STYLE_FILL_AREA(#5130);
#5027=SURFACE_STYLE_FILL_AREA(#5131);
#5028=SURFACE_STYLE_FILL_AREA(#5132);
#5029=SURFACE_STYLE_FILL_AREA(#5133);
#5030=SURFACE_STYLE_FILL_AREA(#5134);
#5031=SURFACE_STYLE_FILL_AREA(#5135);
#5032=SURFACE_STYLE_FILL_AREA(#5136);
#5033=SURFACE_STYLE_FILL_AREA(#5137);
#5034=SURFACE_STYLE_FILL_AREA(#5138);
#5035=SURFACE_STYLE_FILL_AREA(#5139);
#5036=SURFACE_STYLE_FILL_AREA(#5140);
#5037=SURFACE_STYLE_FILL_AREA(#5141);
#5038=SURFACE_STYLE_FILL_AREA(#5142);
#5039=SURFACE_STYLE_FILL_AREA(#5143);
#5040=SURFACE_STYLE_FILL_AREA(#5144);
#5041=SURFACE_STYLE_FILL_AREA(#5145);
#5042=SURFACE_STYLE_FILL_AREA(#5146);
#5043=SURFACE_STYLE_FILL_AREA(#5147);
#5044=SURFACE_STYLE_FILL_AREA(#5148);
#5045=SURFACE_STYLE_FILL_AREA(#5149);
#5046=SURFACE_STYLE_FILL_AREA(#5150);
#5047=SURFACE_STYLE_FILL_AREA(#5151);
#5048=SURFACE_STYLE_FILL_AREA(#5152);
#5049=SURFACE_STYLE_FILL_AREA(#5153);
#5050=SURFACE_STYLE_FILL_AREA(#5154);
#5051=SURFACE_STYLE_FILL_AREA(#5155);
#5052=SURFACE_STYLE_FILL_AREA(#5156);
#5053=SURFACE_STYLE_FILL_AREA(#5157);
#5054=SURFACE_STYLE_FILL_AREA(#5158);
#5055=SURFACE_STYLE_FILL_AREA(#5159);
#5056=SURFACE_STYLE_FILL_AREA(#5160);
#5057=SURFACE_STYLE_FILL_AREA(#5161);
#5058=SURFACE_STYLE_FILL_AREA(#5162);
#5059=SURFACE_STYLE_FILL_AREA(#5163);
#5060=SURFACE_STYLE_FILL_AREA(#5164);
#5061=SURFACE_STYLE_FILL_AREA(#5165);
#5062=SURFACE_STYLE_FILL_AREA(#5166);
#5063=SURFACE_STYLE_FILL_AREA(#5167);
#5064=SURFACE_STYLE_FILL_AREA(#5168);
#5065=SURFACE_STYLE_FILL_AREA(#5169);
#5066=SURFACE_STYLE_FILL_AREA(#5170);
#5067=SURFACE_STYLE_FILL_AREA(#5171);
#5068=SURFACE_STYLE_FILL_AREA(#5172);
#5069=SURFACE_STYLE_FILL_AREA(#5173);
#5070=SURFACE_STYLE_FILL_AREA(#5174);
#5071=SURFACE_STYLE_FILL_AREA(#5175);
#5072=SURFACE_STYLE_FILL_AREA(#5176);
#5073=SURFACE_STYLE_FILL_AREA(#5177);
#5074=SURFACE_STYLE_FILL_AREA(#5178);
#5075=FILL_AREA_STYLE('',(#5179));
#5076=FILL_AREA_STYLE('',(#5180));
#5077=FILL_AREA_STYLE('',(#5181));
#5078=FILL_AREA_STYLE('',(#5182));
#5079=FILL_AREA_STYLE('',(#5183));
#5080=FILL_AREA_STYLE('',(#5184));
#5081=FILL_AREA_STYLE('',(#5185));
#5082=FILL_AREA_STYLE('',(#5186));
#5083=FILL_AREA_STYLE('',(#5187));
#5084=FILL_AREA_STYLE('',(#5188));
#5085=FILL_AREA_STYLE('',(#5189));
#5086=FILL_AREA_STYLE('',(#5190));
#5087=FILL_AREA_STYLE('',(#5191));
#5088=FILL_AREA_STYLE('',(#5192));
#5089=FILL_AREA_STYLE('',(#5193));
#5090=FILL_AREA_STYLE('',(#5194));
#5091=FILL_AREA_STYLE('',(#5195));
#5092=FILL_AREA_STYLE('',(#5196));
#5093=FILL_AREA_STYLE('',(#5197));
#5094=FILL_AREA_STYLE('',(#5198));
#5095=FILL_AREA_STYLE('',(#5199));
#5096=FILL_AREA_STYLE('',(#5200));
#5097=FILL_AREA_STYLE('',(#5201));
#5098=FILL_AREA_STYLE('',(#5202));
#5099=FILL_AREA_STYLE('',(#5203));
#5100=FILL_AREA_STYLE('',(#5204));
#5101=FILL_AREA_STYLE('',(#5205));
#5102=FILL_AREA_STYLE('',(#5206));
#5103=FILL_AREA_STYLE('',(#5207));
#5104=FILL_AREA_STYLE('',(#5208));
#5105=FILL_AREA_STYLE('',(#5209));
#5106=FILL_AREA_STYLE('',(#5210));
#5107=FILL_AREA_STYLE('',(#5211));
#5108=FILL_AREA_STYLE('',(#5212));
#5109=FILL_AREA_STYLE('',(#5213));
#5110=FILL_AREA_STYLE('',(#5214));
#5111=FILL_AREA_STYLE('',(#5215));
#5112=FILL_AREA_STYLE('',(#5216));
#5113=FILL_AREA_STYLE('',(#5217));
#5114=FILL_AREA_STYLE('',(#5218));
#5115=FILL_AREA_STYLE('',(#5219));
#5116=FILL_AREA_STYLE('',(#5220));
#5117=FILL_AREA_STYLE('',(#5221));
#5118=FILL_AREA_STYLE('',(#5222));
#5119=FILL_AREA_STYLE('',(#5223));
#5120=FILL_AREA_STYLE('',(#5224));
#5121=FILL_AREA_STYLE('',(#5225));
#5122=FILL_AREA_STYLE('',(#5226));
#5123=FILL_AREA_STYLE('',(#5227));
#5124=FILL_AREA_STYLE('',(#5228));
#5125=FILL_AREA_STYLE('',(#5229));
#5126=FILL_AREA_STYLE('',(#5230));
#5127=FILL_AREA_STYLE('',(#5231));
#5128=FILL_AREA_STYLE('',(#5232));
#5129=FILL_AREA_STYLE('',(#5233));
#5130=FILL_AREA_STYLE('',(#5234));
#5131=FILL_AREA_STYLE('',(#5235));
#5132=FILL_AREA_STYLE('',(#5236));
#5133=FILL_AREA_STYLE('',(#5237));
#5134=FILL_AREA_STYLE('',(#5238));
#5135=FILL_AREA_STYLE('',(#5239));
#5136=FILL_AREA_STYLE('',(#5240));
#5137=FILL_AREA_STYLE('',(#5241));
#5138=FILL_AREA_STYLE('',(#5242));
#5139=FILL_AREA_STYLE('',(#5243));
#5140=FILL_AREA_STYLE('',(#5244));
#5141=FILL_AREA_STYLE('',(#5245));
#5142=FILL_AREA_STYLE('',(#5246));
#5143=FILL_AREA_STYLE('',(#5247));
#5144=FILL_AREA_STYLE('',(#5248));
#5145=FILL_AREA_STYLE('',(#5249));
#5146=FILL_AREA_STYLE('',(#5250));
#5147=FILL_AREA_STYLE('',(#5251));
#5148=FILL_AREA_STYLE('',(#5252));
#5149=FILL_AREA_STYLE('',(#5253));
#5150=FILL_AREA_STYLE('',(#5254));
#5151=FILL_AREA_STYLE('',(#5255));
#5152=FILL_AREA_STYLE('',(#5256));
#5153=FILL_AREA_STYLE('',(#5257));
#5154=FILL_AREA_STYLE('',(#5258));
#5155=FILL_AREA_STYLE('',(#5259));
#5156=FILL_AREA_STYLE('',(#5260));
#5157=FILL_AREA_STYLE('',(#5261));
#5158=FILL_AREA_STYLE('',(#5262));
#5159=FILL_AREA_STYLE('',(#5263));
#5160=FILL_AREA_STYLE('',(#5264));
#5161=FILL_AREA_STYLE('',(#5265));
#5162=FILL_AREA_STYLE('',(#5266));
#5163=FILL_AREA_STYLE('',(#5267));
#5164=FILL_AREA_STYLE('',(#5268));
#5165=FILL_AREA_STYLE('',(#5269));
#5166=FILL_AREA_STYLE('',(#5270));
#5167=FILL_AREA_STYLE('',(#5271));
#5168=FILL_AREA_STYLE('',(#5272));
#5169=FILL_AREA_STYLE('',(#5273));
#5170=FILL_AREA_STYLE('',(#5274));
#5171=FILL_AREA_STYLE('',(#5275));
#5172=FILL_AREA_STYLE('',(#5276));
#5173=FILL_AREA_STYLE('',(#5277));
#5174=FILL_AREA_STYLE('',(#5278));
#5175=FILL_AREA_STYLE('',(#5279));
#5176=FILL_AREA_STYLE('',(#5280));
#5177=FILL_AREA_STYLE('',(#5281));
#5178=FILL_AREA_STYLE('',(#5282));
#5179=FILL_AREA_STYLE_COLOUR('',#5283);
#5180=FILL_AREA_STYLE_COLOUR('',#5284);
#5181=FILL_AREA_STYLE_COLOUR('',#5284);
#5182=FILL_AREA_STYLE_COLOUR('',#5284);
#5183=FILL_AREA_STYLE_COLOUR('',#5284);
#5184=FILL_AREA_STYLE_COLOUR('',#5284);
#5185=FILL_AREA_STYLE_COLOUR('',#5284);
#5186=FILL_AREA_STYLE_COLOUR('',#5284);
#5187=FILL_AREA_STYLE_COLOUR('',#5284);
#5188=FILL_AREA_STYLE_COLOUR('',#5284);
#5189=FILL_AREA_STYLE_COLOUR('',#5284);
#5190=FILL_AREA_STYLE_COLOUR('',#5284);
#5191=FILL_AREA_STYLE_COLOUR('',#5284);
#5192=FILL_AREA_STYLE_COLOUR('',#5284);
#5193=FILL_AREA_STYLE_COLOUR('',#5284);
#5194=FILL_AREA_STYLE_COLOUR('',#5284);
#5195=FILL_AREA_STYLE_COLOUR('',#5284);
#5196=FILL_AREA_STYLE_COLOUR('',#5284);
#5197=FILL_AREA_STYLE_COLOUR('',#5284);
#5198=FILL_AREA_STYLE_COLOUR('',#5284);
#5199=FILL_AREA_STYLE_COLOUR('',#5284);
#5200=FILL_AREA_STYLE_COLOUR('',#5284);
#5201=FILL_AREA_STYLE_COLOUR('',#5284);
#5202=FILL_AREA_STYLE_COLOUR('',#5284);
#5203=FILL_AREA_STYLE_COLOUR('',#5284);
#5204=FILL_AREA_STYLE_COLOUR('',#5284);
#5205=FILL_AREA_STYLE_COLOUR('',#5284);
#5206=FILL_AREA_STYLE_COLOUR('',#5284);
#5207=FILL_AREA_STYLE_COLOUR('',#5284);
#5208=FILL_AREA_STYLE_COLOUR('',#5284);
#5209=FILL_AREA_STYLE_COLOUR('',#5284);
#5210=FILL_AREA_STYLE_COLOUR('',#5284);
#5211=FILL_AREA_STYLE_COLOUR('',#5284);
#5212=FILL_AREA_STYLE_COLOUR('',#5284);
#5213=FILL_AREA_STYLE_COLOUR('',#5284);
#5214=FILL_AREA_STYLE_COLOUR('',#5284);
#5215=FILL_AREA_STYLE_COLOUR('',#5284);
#5216=FILL_AREA_STYLE_COLOUR('',#5284);
#5217=FILL_AREA_STYLE_COLOUR('',#5284);
#5218=FILL_AREA_STYLE_COLOUR('',#5284);
#5219=FILL_AREA_STYLE_COLOUR('',#5284);
#5220=FILL_AREA_STYLE_COLOUR('',#5284);
#5221=FILL_AREA_STYLE_COLOUR('',#5284);
#5222=FILL_AREA_STYLE_COLOUR('',#5284);
#5223=FILL_AREA_STYLE_COLOUR('',#5284);
#5224=FILL_AREA_STYLE_COLOUR('',#5284);
#5225=FILL_AREA_STYLE_COLOUR('',#5284);
#5226=FILL_AREA_STYLE_COLOUR('',#5284);
#5227=FILL_AREA_STYLE_COLOUR('',#5284);
#5228=FILL_AREA_STYLE_COLOUR('',#5284);
#5229=FILL_AREA_STYLE_COLOUR('',#5284);
#5230=FILL_AREA_STYLE_COLOUR('',#5284);
#5231=FILL_AREA_STYLE_COLOUR('',#5284);
#5232=FILL_AREA_STYLE_COLOUR('',#5284);
#5233=FILL_AREA_STYLE_COLOUR('',#5284);
#5234=FILL_AREA_STYLE_COLOUR('',#5284);
#5235=FILL_AREA_STYLE_COLOUR('',#5284);
#5236=FILL_AREA_STYLE_COLOUR('',#5284);
#5237=FILL_AREA_STYLE_COLOUR('',#5284);
#5238=FILL_AREA_STYLE_COLOUR('',#5284);
#5239=FILL_AREA_STYLE_COLOUR('',#5284);
#5240=FILL_AREA_STYLE_COLOUR('',#5284);
#5241=FILL_AREA_STYLE_COLOUR('',#5284);
#5242=FILL_AREA_STYLE_COLOUR('',#5284);
#5243=FILL_AREA_STYLE_COLOUR('',#5284);
#5244=FILL_AREA_STYLE_COLOUR('',#5284);
#5245=FILL_AREA_STYLE_COLOUR('',#5284);
#5246=FILL_AREA_STYLE_COLOUR('',#5284);
#5247=FILL_AREA_STYLE_COLOUR('',#5284);
#5248=FILL_AREA_STYLE_COLOUR('',#5284);
#5249=FILL_AREA_STYLE_COLOUR('',#5284);
#5250=FILL_AREA_STYLE_COLOUR('',#5284);
#5251=FILL_AREA_STYLE_COLOUR('',#5284);
#5252=FILL_AREA_STYLE_COLOUR('',#5284);
#5253=FILL_AREA_STYLE_COLOUR('',#5284);
#5254=FILL_AREA_STYLE_COLOUR('',#5284);
#5255=FILL_AREA_STYLE_COLOUR('',#5284);
#5256=FILL_AREA_STYLE_COLOUR('',#5284);
#5257=FILL_AREA_STYLE_COLOUR('',#5284);
#5258=FILL_AREA_STYLE_COLOUR('',#5284);
#5259=FILL_AREA_STYLE_COLOUR('',#5284);
#5260=FILL_AREA_STYLE_COLOUR('',#5284);
#5261=FILL_AREA_STYLE_COLOUR('',#5284);
#5262=FILL_AREA_STYLE_COLOUR('',#5284);
#5263=FILL_AREA_STYLE_COLOUR('',#5284);
#5264=FILL_AREA_STYLE_COLOUR('',#5284);
#5265=FILL_AREA_STYLE_COLOUR('',#5284);
#5266=FILL_AREA_STYLE_COLOUR('',#5284);
#5267=FILL_AREA_STYLE_COLOUR('',#5284);
#5268=FILL_AREA_STYLE_COLOUR('',#5284);
#5269=FILL_AREA_STYLE_COLOUR('',#5284);
#5270=FILL_AREA_STYLE_COLOUR('',#5284);
#5271=FILL_AREA_STYLE_COLOUR('',#5284);
#5272=FILL_AREA_STYLE_COLOUR('',#5284);
#5273=FILL_AREA_STYLE_COLOUR('',#5284);
#5274=FILL_AREA_STYLE_COLOUR('',#5284);
#5275=FILL_AREA_STYLE_COLOUR('',#5284);
#5276=FILL_AREA_STYLE_COLOUR('',#5284);
#5277=FILL_AREA_STYLE_COLOUR('',#5284);
#5278=FILL_AREA_STYLE_COLOUR('',#5284);
#5279=FILL_AREA_STYLE_COLOUR('',#5284);
#5280=FILL_AREA_STYLE_COLOUR('',#5284);
#5281=FILL_AREA_STYLE_COLOUR('',#5284);
#5282=FILL_AREA_STYLE_COLOUR('',#5284);
#5283=COLOUR_RGB('',0.901960784313726,0.901960784313726,0.901960784313726);
#5284=COLOUR_RGB('',0.262745098039216,0.282352941176471,0.301960784313725);
#5285=MANIFOLD_SOLID_BREP('Part 498',#4657);
#5286=SHAPE_DEFINITION_REPRESENTATION(#8511,#5287);
#5287=SHAPE_REPRESENTATION('Part 498',(#5288),#8506);
#5288=AXIS2_PLACEMENT_3D('',#6834,#5661,#5662);
#5289=AXIS2_PLACEMENT_3D('',#6835,#5663,#5664);
#5290=AXIS2_PLACEMENT_3D('',#6844,#5669,#5670);
#5291=AXIS2_PLACEMENT_3D('',#6853,#5675,#5676);
#5292=AXIS2_PLACEMENT_3D('',#6862,#5681,#5682);
#5293=AXIS2_PLACEMENT_3D('',#6871,#5687,#5688);
#5294=AXIS2_PLACEMENT_3D('',#6872,#5689,#5690);
#5295=AXIS2_PLACEMENT_3D('',#6875,#5691,#5692);
#5296=AXIS2_PLACEMENT_3D('',#6877,#5693,#5694);
#5297=AXIS2_PLACEMENT_3D('',#6879,#5695,#5696);
#5298=AXIS2_PLACEMENT_3D('',#6880,#5697,#5698);
#5299=AXIS2_PLACEMENT_3D('',#6881,#5699,#5700);
#5300=AXIS2_PLACEMENT_3D('',#6893,#5702,#5703);
#5301=AXIS2_PLACEMENT_3D('',#6899,#5704,#5705);
#5302=AXIS2_PLACEMENT_3D('',#6906,#5707,#5708);
#5303=AXIS2_PLACEMENT_3D('',#6907,#5709,#5710);
#5304=AXIS2_PLACEMENT_3D('',#6910,#5711,#5712);
#5305=AXIS2_PLACEMENT_3D('',#6911,#5713,#5714);
#5306=AXIS2_PLACEMENT_3D('',#6912,#5715,#5716);
#5307=AXIS2_PLACEMENT_3D('',#6913,#5717,#5718);
#5308=AXIS2_PLACEMENT_3D('',#6915,#5719,#5720);
#5309=AXIS2_PLACEMENT_3D('',#6917,#5721,#5722);
#5310=AXIS2_PLACEMENT_3D('',#6918,#5723,#5724);
#5311=AXIS2_PLACEMENT_3D('',#6925,#5726,#5727);
#5312=AXIS2_PLACEMENT_3D('',#6931,#5728,#5729);
#5313=AXIS2_PLACEMENT_3D('',#6937,#5730,#5731);
#5314=AXIS2_PLACEMENT_3D('',#6944,#5733,#5734);
#5315=AXIS2_PLACEMENT_3D('',#6945,#5735,#5736);
#5316=AXIS2_PLACEMENT_3D('',#6946,#5737,#5738);
#5317=AXIS2_PLACEMENT_3D('',#6947,#5739,#5740);
#5318=AXIS2_PLACEMENT_3D('',#6948,#5741,#5742);
#5319=AXIS2_PLACEMENT_3D('',#6950,#5743,#5744);
#5320=AXIS2_PLACEMENT_3D('',#6952,#5745,#5746);
#5321=AXIS2_PLACEMENT_3D('',#6962,#5751,#5752);
#5322=AXIS2_PLACEMENT_3D('',#6964,#5753,#5754);
#5323=AXIS2_PLACEMENT_3D('',#6991,#5762,#5763);
#5324=AXIS2_PLACEMENT_3D('',#6995,#5765,#5766);
#5325=AXIS2_PLACEMENT_3D('',#6999,#5768,#5769);
#5326=AXIS2_PLACEMENT_3D('',#7000,#5770,#5771);
#5327=AXIS2_PLACEMENT_3D('',#7001,#5772,#5773);
#5328=AXIS2_PLACEMENT_3D('',#7003,#5774,#5775);
#5329=AXIS2_PLACEMENT_3D('',#7008,#5777,#5778);
#5330=AXIS2_PLACEMENT_3D('',#7011,#5780,#5781);
#5331=AXIS2_PLACEMENT_3D('',#7012,#5782,#5783);
#5332=AXIS2_PLACEMENT_3D('',#7014,#5784,#5785);
#5333=AXIS2_PLACEMENT_3D('',#7019,#5787,#5788);
#5334=AXIS2_PLACEMENT_3D('',#7022,#5790,#5791);
#5335=AXIS2_PLACEMENT_3D('',#7031,#5796,#5797);
#5336=AXIS2_PLACEMENT_3D('',#7056,#5810,#5811);
#5337=AXIS2_PLACEMENT_3D('',#7059,#5814,#5815);
#5338=AXIS2_PLACEMENT_3D('',#7068,#5820,#5821);
#5339=AXIS2_PLACEMENT_3D('',#7072,#5823,#5824);
#5340=AXIS2_PLACEMENT_3D('',#7077,#5827,#5828);
#5341=AXIS2_PLACEMENT_3D('',#7086,#5833,#5834);
#5342=AXIS2_PLACEMENT_3D('',#7092,#5838,#5839);
#5343=AXIS2_PLACEMENT_3D('',#7098,#5843,#5844);
#5344=AXIS2_PLACEMENT_3D('',#7118,#5849,#5850);
#5345=AXIS2_PLACEMENT_3D('',#7124,#5854,#5855);
#5346=AXIS2_PLACEMENT_3D('',#7130,#5859,#5860);
#5347=AXIS2_PLACEMENT_3D('',#7132,#5862,#5863);
#5348=AXIS2_PLACEMENT_3D('',#7146,#5868,#5869);
#5349=AXIS2_PLACEMENT_3D('',#7150,#5871,#5872);
#5350=AXIS2_PLACEMENT_3D('',#7161,#5879,#5880);
#5351=AXIS2_PLACEMENT_3D('',#7165,#5882,#5883);
#5352=AXIS2_PLACEMENT_3D('',#7169,#5885,#5886);
#5353=AXIS2_PLACEMENT_3D('',#7170,#5887,#5888);
#5354=AXIS2_PLACEMENT_3D('',#7176,#5892,#5893);
#5355=AXIS2_PLACEMENT_3D('',#7177,#5894,#5895);
#5356=AXIS2_PLACEMENT_3D('',#7181,#5897,#5898);
#5357=AXIS2_PLACEMENT_3D('',#7187,#5902,#5903);
#5358=AXIS2_PLACEMENT_3D('',#7189,#5905,#5906);
#5359=AXIS2_PLACEMENT_3D('',#7195,#5910,#5911);
#5360=AXIS2_PLACEMENT_3D('',#7200,#5913,#5914);
#5361=AXIS2_PLACEMENT_3D('',#7204,#5916,#5917);
#5362=AXIS2_PLACEMENT_3D('',#7208,#5919,#5920);
#5363=AXIS2_PLACEMENT_3D('',#7211,#5922,#5923);
#5364=AXIS2_PLACEMENT_3D('',#7212,#5924,#5925);
#5365=AXIS2_PLACEMENT_3D('',#7214,#5926,#5927);
#5366=AXIS2_PLACEMENT_3D('',#7216,#5928,#5929);
#5367=AXIS2_PLACEMENT_3D('',#7218,#5930,#5931);
#5368=AXIS2_PLACEMENT_3D('',#7220,#5932,#5933);
#5369=AXIS2_PLACEMENT_3D('',#7221,#5934,#5935);
#5370=AXIS2_PLACEMENT_3D('',#7222,#5936,#5937);
#5371=AXIS2_PLACEMENT_3D('',#7233,#5944,#5945);
#5372=AXIS2_PLACEMENT_3D('',#7234,#5946,#5947);
#5373=AXIS2_PLACEMENT_3D('',#7236,#5949,#5950);
#5374=AXIS2_PLACEMENT_3D('',#7238,#5952,#5953);
#5375=AXIS2_PLACEMENT_3D('',#7241,#5956,#5957);
#5376=AXIS2_PLACEMENT_3D('',#7243,#5959,#5960);
#5377=AXIS2_PLACEMENT_3D('',#7245,#5962,#5963);
#5378=AXIS2_PLACEMENT_3D('',#7247,#5965,#5966);
#5379=AXIS2_PLACEMENT_3D('',#7250,#5969,#5970);
#5380=AXIS2_PLACEMENT_3D('',#7252,#5972,#5973);
#5381=AXIS2_PLACEMENT_3D('',#7253,#5974,#5975);
#5382=AXIS2_PLACEMENT_3D('',#7254,#5976,#5977);
#5383=AXIS2_PLACEMENT_3D('',#7263,#5982,#5983);
#5384=AXIS2_PLACEMENT_3D('',#7269,#5987,#5988);
#5385=AXIS2_PLACEMENT_3D('',#7275,#5992,#5993);
#5386=AXIS2_PLACEMENT_3D('',#7284,#5998,#5999);
#5387=AXIS2_PLACEMENT_3D('',#7290,#6003,#6004);
#5388=AXIS2_PLACEMENT_3D('',#7296,#6008,#6009);
#5389=AXIS2_PLACEMENT_3D('',#7299,#6012,#6013);
#5390=AXIS2_PLACEMENT_3D('',#7300,#6014,#6015);
#5391=AXIS2_PLACEMENT_3D('',#7302,#6016,#6017);
#5392=AXIS2_PLACEMENT_3D('',#7303,#6018,#6019);
#5393=AXIS2_PLACEMENT_3D('',#7305,#6020,#6021);
#5394=AXIS2_PLACEMENT_3D('',#7307,#6022,#6023);
#5395=AXIS2_PLACEMENT_3D('',#7308,#6024,#6025);
#5396=AXIS2_PLACEMENT_3D('',#7310,#6026,#6027);
#5397=AXIS2_PLACEMENT_3D('',#7312,#6028,#6029);
#5398=AXIS2_PLACEMENT_3D('',#7313,#6030,#6031);
#5399=AXIS2_PLACEMENT_3D('',#7315,#6032,#6033);
#5400=AXIS2_PLACEMENT_3D('',#7317,#6034,#6035);
#5401=AXIS2_PLACEMENT_3D('',#7318,#6036,#6037);
#5402=AXIS2_PLACEMENT_3D('',#7320,#6038,#6039);
#5403=AXIS2_PLACEMENT_3D('',#7322,#6040,#6041);
#5404=AXIS2_PLACEMENT_3D('',#7323,#6042,#6043);
#5405=AXIS2_PLACEMENT_3D('',#7325,#6044,#6045);
#5406=AXIS2_PLACEMENT_3D('',#7326,#6046,#6047);
#5407=AXIS2_PLACEMENT_3D('',#7328,#6048,#6049);
#5408=AXIS2_PLACEMENT_3D('',#7329,#6050,#6051);
#5409=AXIS2_PLACEMENT_3D('',#7331,#6052,#6053);
#5410=AXIS2_PLACEMENT_3D('',#7333,#6054,#6055);
#5411=AXIS2_PLACEMENT_3D('',#7336,#6058,#6059);
#5412=AXIS2_PLACEMENT_3D('',#7337,#6060,#6061);
#5413=AXIS2_PLACEMENT_3D('',#7339,#6062,#6063);
#5414=AXIS2_PLACEMENT_3D('',#7341,#6064,#6065);
#5415=AXIS2_PLACEMENT_3D('',#7343,#6066,#6067);
#5416=AXIS2_PLACEMENT_3D('',#7344,#6068,#6069);
#5417=AXIS2_PLACEMENT_3D('',#7345,#6070,#6071);
#5418=AXIS2_PLACEMENT_3D('',#7346,#6072,#6073);
#5419=AXIS2_PLACEMENT_3D('',#7347,#6074,#6075);
#5420=AXIS2_PLACEMENT_3D('',#7348,#6076,#6077);
#5421=AXIS2_PLACEMENT_3D('',#7349,#6078,#6079);
#5422=AXIS2_PLACEMENT_3D('',#7350,#6080,#6081);
#5423=AXIS2_PLACEMENT_3D('',#7351,#6082,#6083);
#5424=AXIS2_PLACEMENT_3D('',#7352,#6084,#6085);
#5425=AXIS2_PLACEMENT_3D('',#7353,#6086,#6087);
#5426=AXIS2_PLACEMENT_3D('',#7357,#6090,#6091);
#5427=AXIS2_PLACEMENT_3D('',#7361,#6094,#6095);
#5428=AXIS2_PLACEMENT_3D('',#7363,#6097,#6098);
#5429=AXIS2_PLACEMENT_3D('',#7367,#6101,#6102);
#5430=AXIS2_PLACEMENT_3D('',#7373,#6106,#6107);
#5431=AXIS2_PLACEMENT_3D('',#7377,#6110,#6111);
#5432=AXIS2_PLACEMENT_3D('',#7378,#6112,#6113);
#5433=AXIS2_PLACEMENT_3D('',#7379,#6114,#6115);
#5434=AXIS2_PLACEMENT_3D('',#7380,#6116,#6117);
#5435=AXIS2_PLACEMENT_3D('',#7381,#6118,#6119);
#5436=AXIS2_PLACEMENT_3D('',#7382,#6120,#6121);
#5437=AXIS2_PLACEMENT_3D('',#7383,#6122,#6123);
#5438=AXIS2_PLACEMENT_3D('',#7385,#6124,#6125);
#5439=AXIS2_PLACEMENT_3D('',#7386,#6126,#6127);
#5440=AXIS2_PLACEMENT_3D('',#7388,#6128,#6129);
#5441=AXIS2_PLACEMENT_3D('',#7390,#6130,#6131);
#5442=AXIS2_PLACEMENT_3D('',#7391,#6132,#6133);
#5443=AXIS2_PLACEMENT_3D('',#7392,#6134,#6135);
#5444=AXIS2_PLACEMENT_3D('',#7394,#6136,#6137);
#5445=AXIS2_PLACEMENT_3D('',#7395,#6138,#6139);
#5446=AXIS2_PLACEMENT_3D('',#7397,#6140,#6141);
#5447=AXIS2_PLACEMENT_3D('',#7399,#6142,#6143);
#5448=AXIS2_PLACEMENT_3D('',#7400,#6144,#6145);
#5449=AXIS2_PLACEMENT_3D('',#7401,#6146,#6147);
#5450=AXIS2_PLACEMENT_3D('',#7403,#6148,#6149);
#5451=AXIS2_PLACEMENT_3D('',#7404,#6150,#6151);
#5452=AXIS2_PLACEMENT_3D('',#7406,#6152,#6153);
#5453=AXIS2_PLACEMENT_3D('',#7407,#6154,#6155);
#5454=AXIS2_PLACEMENT_3D('',#7408,#6156,#6157);
#5455=AXIS2_PLACEMENT_3D('',#7410,#6158,#6159);
#5456=AXIS2_PLACEMENT_3D('',#7411,#6160,#6161);
#5457=AXIS2_PLACEMENT_3D('',#7414,#6162,#6163);
#5458=AXIS2_PLACEMENT_3D('',#7415,#6164,#6165);
#5459=AXIS2_PLACEMENT_3D('',#7416,#6166,#6167);
#5460=AXIS2_PLACEMENT_3D('',#7418,#6168,#6169);
#5461=AXIS2_PLACEMENT_3D('',#7419,#6170,#6171);
#5462=AXIS2_PLACEMENT_3D('',#7420,#6172,#6173);
#5463=AXIS2_PLACEMENT_3D('',#7422,#6174,#6175);
#5464=AXIS2_PLACEMENT_3D('',#7423,#6176,#6177);
#5465=AXIS2_PLACEMENT_3D('',#7432,#6182,#6183);
#5466=AXIS2_PLACEMENT_3D('',#7433,#6184,#6185);
#5467=AXIS2_PLACEMENT_3D('',#7434,#6186,#6187);
#5468=AXIS2_PLACEMENT_3D('',#7435,#6188,#6189);
#5469=AXIS2_PLACEMENT_3D('',#7436,#6190,#6191);
#5470=AXIS2_PLACEMENT_3D('',#7446,#6197,#6198);
#5471=AXIS2_PLACEMENT_3D('',#7449,#6200,#6201);
#5472=AXIS2_PLACEMENT_3D('',#7450,#6202,#6203);
#5473=AXIS2_PLACEMENT_3D('',#7458,#6208,#6209);
#5474=AXIS2_PLACEMENT_3D('',#7464,#6213,#6214);
#5475=AXIS2_PLACEMENT_3D('',#7470,#6218,#6219);
#5476=AXIS2_PLACEMENT_3D('',#7476,#6223,#6224);
#5477=AXIS2_PLACEMENT_3D('',#7482,#6228,#6229);
#5478=AXIS2_PLACEMENT_3D('',#7488,#6233,#6234);
#5479=AXIS2_PLACEMENT_3D('',#7494,#6238,#6239);
#5480=AXIS2_PLACEMENT_3D('',#7495,#6240,#6241);
#5481=AXIS2_PLACEMENT_3D('',#7499,#6243,#6244);
#5482=AXIS2_PLACEMENT_3D('',#7500,#6245,#6246);
#5483=AXIS2_PLACEMENT_3D('',#7506,#6250,#6251);
#5484=AXIS2_PLACEMENT_3D('',#7512,#6255,#6256);
#5485=AXIS2_PLACEMENT_3D('',#7518,#6260,#6261);
#5486=AXIS2_PLACEMENT_3D('',#7524,#6265,#6266);
#5487=AXIS2_PLACEMENT_3D('',#7527,#6269,#6270);
#5488=AXIS2_PLACEMENT_3D('',#7533,#6274,#6275);
#5489=AXIS2_PLACEMENT_3D('',#7539,#6279,#6280);
#5490=AXIS2_PLACEMENT_3D('',#7545,#6284,#6285);
#5491=AXIS2_PLACEMENT_3D('',#7551,#6289,#6290);
#5492=AXIS2_PLACEMENT_3D('',#7554,#6293,#6294);
#5493=AXIS2_PLACEMENT_3D('',#7557,#6297,#6298);
#5494=AXIS2_PLACEMENT_3D('',#7563,#6302,#6303);
#5495=AXIS2_PLACEMENT_3D('',#7569,#6307,#6308);
#5496=AXIS2_PLACEMENT_3D('',#7575,#6312,#6313);
#5497=AXIS2_PLACEMENT_3D('',#7581,#6317,#6318);
#5498=AXIS2_PLACEMENT_3D('',#7587,#6322,#6323);
#5499=AXIS2_PLACEMENT_3D('',#7590,#6326,#6327);
#5500=AXIS2_PLACEMENT_3D('',#7591,#6328,#6329);
#5501=AXIS2_PLACEMENT_3D('',#7592,#6330,#6331);
#5502=AXIS2_PLACEMENT_3D('',#7593,#6332,#6333);
#5503=AXIS2_PLACEMENT_3D('',#7594,#6334,#6335);
#5504=AXIS2_PLACEMENT_3D('',#7595,#6336,#6337);
#5505=AXIS2_PLACEMENT_3D('',#7596,#6338,#6339);
#5506=AXIS2_PLACEMENT_3D('',#7597,#6340,#6341);
#5507=AXIS2_PLACEMENT_3D('',#7598,#6342,#6343);
#5508=AXIS2_PLACEMENT_3D('',#7599,#6344,#6345);
#5509=AXIS2_PLACEMENT_3D('',#7600,#6346,#6347);
#5510=AXIS2_PLACEMENT_3D('',#7601,#6348,#6349);
#5511=AXIS2_PLACEMENT_3D('',#7604,#6351,#6352);
#5512=AXIS2_PLACEMENT_3D('',#7605,#6353,#6354);
#5513=AXIS2_PLACEMENT_3D('',#7606,#6355,#6356);
#5514=AXIS2_PLACEMENT_3D('',#7607,#6357,#6358);
#5515=AXIS2_PLACEMENT_3D('',#7608,#6359,#6360);
#5516=AXIS2_PLACEMENT_3D('',#7611,#6362,#6363);
#5517=AXIS2_PLACEMENT_3D('',#7613,#6365,#6366);
#5518=AXIS2_PLACEMENT_3D('',#7665,#6371,#6372);
#5519=AXIS2_PLACEMENT_3D('',#7669,#6375,#6376);
#5520=AXIS2_PLACEMENT_3D('',#7670,#6377,#6378);
#5521=AXIS2_PLACEMENT_3D('',#7672,#6379,#6380);
#5522=AXIS2_PLACEMENT_3D('',#7673,#6381,#6382);
#5523=AXIS2_PLACEMENT_3D('',#7675,#6383,#6384);
#5524=AXIS2_PLACEMENT_3D('',#7676,#6385,#6386);
#5525=AXIS2_PLACEMENT_3D('',#7678,#6387,#6388);
#5526=AXIS2_PLACEMENT_3D('',#7679,#6389,#6390);
#5527=AXIS2_PLACEMENT_3D('',#7680,#6391,#6392);
#5528=AXIS2_PLACEMENT_3D('',#7682,#6394,#6395);
#5529=AXIS2_PLACEMENT_3D('',#7703,#6406,#6407);
#5530=AXIS2_PLACEMENT_3D('',#7714,#6408,#6409);
#5531=AXIS2_PLACEMENT_3D('',#7726,#6411,#6412);
#5532=AXIS2_PLACEMENT_3D('',#7736,#6413,#6414);
#5533=AXIS2_PLACEMENT_3D('',#7747,#6416,#6417);
#5534=AXIS2_PLACEMENT_3D('',#7758,#6418,#6419);
#5535=AXIS2_PLACEMENT_3D('',#7770,#6421,#6422);
#5536=AXIS2_PLACEMENT_3D('',#7780,#6423,#6424);
#5537=AXIS2_PLACEMENT_3D('',#7839,#6450,#6451);
#5538=AXIS2_PLACEMENT_3D('',#7849,#6452,#6453);
#5539=AXIS2_PLACEMENT_3D('',#7851,#6454,#6455);
#5540=AXIS2_PLACEMENT_3D('',#7855,#6457,#6458);
#5541=AXIS2_PLACEMENT_3D('',#7857,#6459,#6460);
#5542=AXIS2_PLACEMENT_3D('',#7867,#6461,#6462);
#5543=AXIS2_PLACEMENT_3D('',#7869,#6463,#6464);
#5544=AXIS2_PLACEMENT_3D('',#7873,#6466,#6467);
#5545=AXIS2_PLACEMENT_3D('',#7875,#6468,#6469);
#5546=AXIS2_PLACEMENT_3D('',#7876,#6470,#6471);
#5547=AXIS2_PLACEMENT_3D('',#7879,#6473,#6474);
#5548=AXIS2_PLACEMENT_3D('',#7882,#6476,#6477);
#5549=AXIS2_PLACEMENT_3D('',#7883,#6478,#6479);
#5550=AXIS2_PLACEMENT_3D('',#7886,#6481,#6482);
#5551=AXIS2_PLACEMENT_3D('',#7890,#6485,#6486);
#5552=AXIS2_PLACEMENT_3D('',#7891,#6487,#6488);
#5553=AXIS2_PLACEMENT_3D('',#7894,#6490,#6491);
#5554=AXIS2_PLACEMENT_3D('',#7895,#6492,#6493);
#5555=AXIS2_PLACEMENT_3D('',#7924,#6497,#6498);
#5556=AXIS2_PLACEMENT_3D('',#7925,#6499,#6500);
#5557=AXIS2_PLACEMENT_3D('',#7928,#6502,#6503);
#5558=AXIS2_PLACEMENT_3D('',#7929,#6504,#6505);
#5559=AXIS2_PLACEMENT_3D('',#7932,#6507,#6508);
#5560=AXIS2_PLACEMENT_3D('',#7936,#6511,#6512);
#5561=AXIS2_PLACEMENT_3D('',#7937,#6513,#6514);
#5562=AXIS2_PLACEMENT_3D('',#7940,#6516,#6517);
#5563=AXIS2_PLACEMENT_3D('',#7941,#6518,#6519);
#5564=AXIS2_PLACEMENT_3D('',#7968,#6522,#6523);
#5565=AXIS2_PLACEMENT_3D('',#7978,#6524,#6525);
#5566=AXIS2_PLACEMENT_3D('',#7990,#6527,#6528);
#5567=AXIS2_PLACEMENT_3D('',#8000,#6529,#6530);
#5568=AXIS2_PLACEMENT_3D('',#8012,#6532,#6533);
#5569=AXIS2_PLACEMENT_3D('',#8013,#6534,#6535);
#5570=AXIS2_PLACEMENT_3D('',#8025,#6539,#6540);
#5571=AXIS2_PLACEMENT_3D('',#8036,#6543,#6544);
#5572=AXIS2_PLACEMENT_3D('',#8056,#6548,#6549);
#5573=AXIS2_PLACEMENT_3D('',#8067,#6552,#6553);
#5574=AXIS2_PLACEMENT_3D('',#8078,#6556,#6557);
#5575=AXIS2_PLACEMENT_3D('',#8097,#6560,#6561);
#5576=AXIS2_PLACEMENT_3D('',#8118,#6572,#6573);
#5577=AXIS2_PLACEMENT_3D('',#8121,#6576,#6577);
#5578=AXIS2_PLACEMENT_3D('',#8123,#6579,#6580);
#5579=AXIS2_PLACEMENT_3D('',#8125,#6582,#6583);
#5580=AXIS2_PLACEMENT_3D('',#8127,#6585,#6586);
#5581=AXIS2_PLACEMENT_3D('',#8129,#6588,#6589);
#5582=AXIS2_PLACEMENT_3D('',#8131,#6591,#6592);
#5583=AXIS2_PLACEMENT_3D('',#8133,#6594,#6595);
#5584=AXIS2_PLACEMENT_3D('',#8135,#6597,#6598);
#5585=AXIS2_PLACEMENT_3D('',#8137,#6600,#6601);
#5586=AXIS2_PLACEMENT_3D('',#8138,#6602,#6603);
#5587=AXIS2_PLACEMENT_3D('',#8148,#6604,#6605);
#5588=AXIS2_PLACEMENT_3D('',#8150,#6606,#6607);
#5589=AXIS2_PLACEMENT_3D('',#8154,#6609,#6610);
#5590=AXIS2_PLACEMENT_3D('',#8156,#6611,#6612);
#5591=AXIS2_PLACEMENT_3D('',#8166,#6613,#6614);
#5592=AXIS2_PLACEMENT_3D('',#8168,#6615,#6616);
#5593=AXIS2_PLACEMENT_3D('',#8172,#6618,#6619);
#5594=AXIS2_PLACEMENT_3D('',#8174,#6620,#6621);
#5595=AXIS2_PLACEMENT_3D('',#8175,#6622,#6623);
#5596=AXIS2_PLACEMENT_3D('',#8178,#6625,#6626);
#5597=AXIS2_PLACEMENT_3D('',#8181,#6628,#6629);
#5598=AXIS2_PLACEMENT_3D('',#8182,#6630,#6631);
#5599=AXIS2_PLACEMENT_3D('',#8185,#6633,#6634);
#5600=AXIS2_PLACEMENT_3D('',#8189,#6637,#6638);
#5601=AXIS2_PLACEMENT_3D('',#8190,#6639,#6640);
#5602=AXIS2_PLACEMENT_3D('',#8193,#6642,#6643);
#5603=AXIS2_PLACEMENT_3D('',#8194,#6644,#6645);
#5604=AXIS2_PLACEMENT_3D('',#8223,#6649,#6650);
#5605=AXIS2_PLACEMENT_3D('',#8224,#6651,#6652);
#5606=AXIS2_PLACEMENT_3D('',#8227,#6654,#6655);
#5607=AXIS2_PLACEMENT_3D('',#8228,#6656,#6657);
#5608=AXIS2_PLACEMENT_3D('',#8231,#6659,#6660);
#5609=AXIS2_PLACEMENT_3D('',#8235,#6663,#6664);
#5610=AXIS2_PLACEMENT_3D('',#8236,#6665,#6666);
#5611=AXIS2_PLACEMENT_3D('',#8239,#6668,#6669);
#5612=AXIS2_PLACEMENT_3D('',#8240,#6670,#6671);
#5613=AXIS2_PLACEMENT_3D('',#8267,#6674,#6675);
#5614=AXIS2_PLACEMENT_3D('',#8277,#6676,#6677);
#5615=AXIS2_PLACEMENT_3D('',#8289,#6679,#6680);
#5616=AXIS2_PLACEMENT_3D('',#8299,#6681,#6682);
#5617=AXIS2_PLACEMENT_3D('',#8311,#6684,#6685);
#5618=AXIS2_PLACEMENT_3D('',#8312,#6686,#6687);
#5619=AXIS2_PLACEMENT_3D('',#8324,#6691,#6692);
#5620=AXIS2_PLACEMENT_3D('',#8335,#6695,#6696);
#5621=AXIS2_PLACEMENT_3D('',#8355,#6700,#6701);
#5622=AXIS2_PLACEMENT_3D('',#8366,#6704,#6705);
#5623=AXIS2_PLACEMENT_3D('',#8377,#6708,#6709);
#5624=AXIS2_PLACEMENT_3D('',#8396,#6712,#6713);
#5625=AXIS2_PLACEMENT_3D('',#8405,#6718,#6719);
#5626=AXIS2_PLACEMENT_3D('',#8408,#6722,#6723);
#5627=AXIS2_PLACEMENT_3D('',#8410,#6725,#6726);
#5628=AXIS2_PLACEMENT_3D('',#8412,#6728,#6729);
#5629=AXIS2_PLACEMENT_3D('',#8413,#6730,#6731);
#5630=AXIS2_PLACEMENT_3D('',#8434,#6742,#6743);
#5631=AXIS2_PLACEMENT_3D('',#8437,#6746,#6747);
#5632=AXIS2_PLACEMENT_3D('',#8439,#6749,#6750);
#5633=AXIS2_PLACEMENT_3D('',#8441,#6752,#6753);
#5634=AXIS2_PLACEMENT_3D('',#8443,#6755,#6756);
#5635=AXIS2_PLACEMENT_3D('',#8445,#6758,#6759);
#5636=AXIS2_PLACEMENT_3D('',#8447,#6761,#6762);
#5637=AXIS2_PLACEMENT_3D('',#8449,#6764,#6765);
#5638=AXIS2_PLACEMENT_3D('',#8451,#6767,#6768);
#5639=AXIS2_PLACEMENT_3D('',#8453,#6770,#6771);
#5640=AXIS2_PLACEMENT_3D('',#8454,#6772,#6773);
#5641=AXIS2_PLACEMENT_3D('',#8475,#6784,#6785);
#5642=AXIS2_PLACEMENT_3D('',#8478,#6788,#6789);
#5643=AXIS2_PLACEMENT_3D('',#8480,#6791,#6792);
#5644=AXIS2_PLACEMENT_3D('',#8482,#6794,#6795);
#5645=AXIS2_PLACEMENT_3D('',#8484,#6797,#6798);
#5646=AXIS2_PLACEMENT_3D('',#8486,#6800,#6801);
#5647=AXIS2_PLACEMENT_3D('',#8488,#6803,#6804);
#5648=AXIS2_PLACEMENT_3D('',#8490,#6806,#6807);
#5649=AXIS2_PLACEMENT_3D('',#8492,#6809,#6810);
#5650=AXIS2_PLACEMENT_3D('',#8494,#6812,#6813);
#5651=AXIS2_PLACEMENT_3D('',#8495,#6814,#6815);
#5652=AXIS2_PLACEMENT_3D('',#8496,#6816,#6817);
#5653=AXIS2_PLACEMENT_3D('',#8497,#6818,#6819);
#5654=AXIS2_PLACEMENT_3D('',#8498,#6820,#6821);
#5655=AXIS2_PLACEMENT_3D('',#8499,#6822,#6823);
#5656=AXIS2_PLACEMENT_3D('',#8500,#6824,#6825);
#5657=AXIS2_PLACEMENT_3D('',#8501,#6826,#6827);
#5658=AXIS2_PLACEMENT_3D('',#8502,#6828,#6829);
#5659=AXIS2_PLACEMENT_3D('',#8503,#6830,#6831);
#5660=AXIS2_PLACEMENT_3D('',#8504,#6832,#6833);
#5661=DIRECTION('',(0.,0.,1.));
#5662=DIRECTION('',(1.,0.,0.));
#5663=DIRECTION('',(1.,0.,0.));
#5664=DIRECTION('',(0.,0.,-1.));
#5665=DIRECTION('',(0.,1.,0.));
#5666=DIRECTION('',(0.,0.,-1.));
#5667=DIRECTION('',(-9.25185853854297E-17,1.,0.));
#5668=DIRECTION('',(0.,0.,-1.));
#5669=DIRECTION('',(-1.60436853269531E-16,1.,0.));
#5670=DIRECTION('',(-1.,-1.60436853269531E-16,0.));
#5671=DIRECTION('',(-1.,-1.53345721633309E-16,0.));
#5672=DIRECTION('',(0.,0.,-1.));
#5673=DIRECTION('',(-1.,-1.60436853269531E-16,0.));
#5674=DIRECTION('',(0.,0.,-1.));
#5675=DIRECTION('',(-1.,0.,0.));
#5676=DIRECTION('',(0.,0.,1.));
#5677=DIRECTION('',(0.,-1.,0.));
#5678=DIRECTION('',(0.,0.,-1.));
#5679=DIRECTION('',(9.25185853854297E-17,-1.,0.));
#5680=DIRECTION('',(0.,0.,-1.));
#5681=DIRECTION('',(0.,-1.,0.));
#5682=DIRECTION('',(0.,0.,-1.));
#5683=DIRECTION('',(1.,0.,0.));
#5684=DIRECTION('',(0.,0.,-1.));
#5685=DIRECTION('',(1.,7.66728608166545E-17,0.));
#5686=DIRECTION('',(0.,0.,-1.));
#5687=DIRECTION('',(0.,0.,1.));
#5688=DIRECTION('',(1.,0.,0.));
#5689=DIRECTION('',(1.,0.,0.));
#5690=DIRECTION('',(0.,0.,-1.));
#5691=DIRECTION('',(0.,0.,-1.));
#5692=DIRECTION('',(-1.,0.,0.));
#5693=DIRECTION('',(0.,1.,0.));
#5694=DIRECTION('',(0.,0.,1.));
#5695=DIRECTION('',(0.,0.,1.));
#5696=DIRECTION('',(1.,0.,0.));
#5697=DIRECTION('',(-1.,-1.53345721633309E-16,0.));
#5698=DIRECTION('',(1.53345721633309E-16,-1.,0.));
#5699=DIRECTION('',(1.,0.,0.));
#5700=DIRECTION('',(0.,0.,-1.));
#5701=DIRECTION('',(-1.,-1.53345721633309E-16,0.));
#5702=DIRECTION('',(-9.25185853854297E-17,1.,0.));
#5703=DIRECTION('',(-1.,-9.25185853854297E-17,0.));
#5704=DIRECTION('',(0.,1.,0.));
#5705=DIRECTION('',(0.,0.,1.));
#5706=DIRECTION('',(9.25185853854297E-17,-1.,0.));
#5707=DIRECTION('',(0.,0.,1.));
#5708=DIRECTION('',(1.,0.,0.));
#5709=DIRECTION('',(0.,1.,0.));
#5710=DIRECTION('',(0.,0.,1.));
#5711=DIRECTION('',(0.,0.,-1.));
#5712=DIRECTION('',(-1.,0.,0.));
#5713=DIRECTION('',(0.,0.,-1.));
#5714=DIRECTION('',(-1.,0.,0.));
#5715=DIRECTION('',(0.,0.,1.));
#5716=DIRECTION('',(1.,0.,0.));
#5717=DIRECTION('',(0.,0.,-1.));
#5718=DIRECTION('',(-1.,0.,0.));
#5719=DIRECTION('',(1.,0.,0.));
#5720=DIRECTION('',(0.,0.,-1.));
#5721=DIRECTION('',(0.,0.,-1.));
#5722=DIRECTION('',(-1.,0.,0.));
#5723=DIRECTION('',(9.25185853854297E-17,-1.,0.));
#5724=DIRECTION('',(1.,9.25185853854297E-17,0.));
#5725=DIRECTION('',(9.25185853854297E-17,-1.,0.));
#5726=DIRECTION('',(0.,1.,0.));
#5727=DIRECTION('',(0.,0.,1.));
#5728=DIRECTION('',(1.,7.66728608166545E-17,0.));
#5729=DIRECTION('',(-7.66728608166545E-17,1.,0.));
#5730=DIRECTION('',(1.,0.,0.));
#5731=DIRECTION('',(0.,0.,-1.));
#5732=DIRECTION('',(-1.,-7.66728608166545E-17,0.));
#5733=DIRECTION('',(0.,0.,1.));
#5734=DIRECTION('',(1.,0.,0.));
#5735=DIRECTION('',(0.,0.,-1.));
#5736=DIRECTION('',(-1.,0.,0.));
#5737=DIRECTION('',(0.,0.,1.));
#5738=DIRECTION('',(1.,0.,0.));
#5739=DIRECTION('',(0.,0.,1.));
#5740=DIRECTION('',(1.,0.,0.));
#5741=DIRECTION('',(0.,0.,1.));
#5742=DIRECTION('',(1.,0.,0.));
#5743=DIRECTION('',(0.,0.,1.));
#5744=DIRECTION('',(1.,0.,0.));
#5745=DIRECTION('',(0.,0.,1.));
#5746=DIRECTION('',(1.,0.,0.));
#5747=DIRECTION('',(0.,1.,0.));
#5748=DIRECTION('',(1.,0.,0.));
#5749=DIRECTION('',(0.,1.,0.));
#5750=DIRECTION('',(1.,0.,0.));
#5751=DIRECTION('',(0.,0.,1.));
#5752=DIRECTION('',(1.,0.,0.));
#5753=DIRECTION('',(0.,0.,1.));
#5754=DIRECTION('',(1.,0.,0.));
#5755=DIRECTION('',(1.,0.,0.));
#5756=DIRECTION('',(0.,1.,0.));
#5757=DIRECTION('',(1.,0.,0.));
#5758=DIRECTION('',(0.,1.,0.));
#5759=DIRECTION('',(-1.,-1.62313307693736E-16,0.));
#5760=DIRECTION('',(1.,0.,0.));
#5761=DIRECTION('',(0.,1.,0.));
#5762=DIRECTION('',(0.,0.,-1.));
#5763=DIRECTION('',(-1.,0.,0.));
#5764=DIRECTION('',(0.,0.,1.));
#5765=DIRECTION('',(0.,0.,1.));
#5766=DIRECTION('',(1.,0.,0.));
#5767=DIRECTION('',(0.,0.,1.));
#5768=DIRECTION('',(0.,0.,1.));
#5769=DIRECTION('',(1.,0.,0.));
#5770=DIRECTION('',(0.,0.,-1.));
#5771=DIRECTION('',(-1.,0.,0.));
#5772=DIRECTION('',(0.,0.,1.));
#5773=DIRECTION('',(1.,0.,0.));
#5774=DIRECTION('',(0.,0.,1.));
#5775=DIRECTION('',(1.,0.,0.));
#5776=DIRECTION('',(0.,0.,1.));
#5777=DIRECTION('',(0.,0.,1.));
#5778=DIRECTION('',(1.,0.,0.));
#5779=DIRECTION('',(0.,0.,1.));
#5780=DIRECTION('',(0.,0.,-1.));
#5781=DIRECTION('',(-1.,0.,0.));
#5782=DIRECTION('',(0.,0.,1.));
#5783=DIRECTION('',(1.,0.,0.));
#5784=DIRECTION('',(0.,0.,1.));
#5785=DIRECTION('',(1.,0.,0.));
#5786=DIRECTION('',(0.,0.,1.));
#5787=DIRECTION('',(0.,0.,1.));
#5788=DIRECTION('',(1.,0.,0.));
#5789=DIRECTION('',(0.,0.,1.));
#5790=DIRECTION('',(-0.00538045665253784,0.999985525238346,0.));
#5791=DIRECTION('',(-0.999985525238346,-0.00538045665253784,0.));
#5792=DIRECTION('',(0.,0.,1.));
#5793=DIRECTION('',(0.999985525238346,0.00538045665253784,0.));
#5794=DIRECTION('',(0.,0.,-1.));
#5795=DIRECTION('',(0.999985525238346,0.00538045665253784,0.));
#5796=DIRECTION('',(1.29306478759596E-15,1.,0.));
#5797=DIRECTION('',(-1.,1.29306478759596E-15,0.));
#5798=DIRECTION('',(0.,0.,1.));
#5799=DIRECTION('',(-1.,0.,0.));
#5800=DIRECTION('',(0.,0.,-1.));
#5801=DIRECTION('',(1.,-1.29306478759596E-15,0.));
#5802=DIRECTION('',(0.,0.,-1.));
#5803=DIRECTION('',(-1.,0.,0.));
#5804=DIRECTION('',(0.,0.,-1.));
#5805=DIRECTION('',(1.,0.,0.));
#5806=DIRECTION('',(0.,0.,-1.));
#5807=DIRECTION('',(-1.,0.,0.));
#5808=DIRECTION('',(2.16840434497101E-16,-2.80388730375209E-31,1.));
#5809=DIRECTION('',(-1.,1.29306478759596E-15,0.));
#5810=DIRECTION('',(0.,0.,1.));
#5811=DIRECTION('',(1.,0.,0.));
#5812=DIRECTION('',(7.66728608166545E-17,-1.,0.));
#5813=DIRECTION('',(-2.46761563589658E-7,-0.99999999999997,0.));
#5814=DIRECTION('',(7.66728608166545E-17,-1.,0.));
#5815=DIRECTION('',(1.,7.66728608166545E-17,0.));
#5816=DIRECTION('',(0.,0.,-1.));
#5817=DIRECTION('',(0.,0.,-1.));
#5818=DIRECTION('',(-1.,-7.66728608166545E-17,0.));
#5819=DIRECTION('',(0.,0.,1.));
#5820=DIRECTION('',(7.66728608166545E-17,-1.,0.));
#5821=DIRECTION('',(1.,7.66728608166545E-17,0.));
#5822=DIRECTION('',(-1.,-7.66728608166545E-17,0.));
#5823=DIRECTION('',(7.66728608166545E-17,-1.,0.));
#5824=DIRECTION('',(1.,7.66728608166545E-17,0.));
#5825=DIRECTION('',(1.92747052886312E-16,1.47784679587725E-32,1.));
#5826=DIRECTION('',(-1.,-7.66728608166545E-17,0.));
#5827=DIRECTION('',(0.,0.,1.));
#5828=DIRECTION('',(1.,0.,0.));
#5829=DIRECTION('',(1.,0.,0.));
#5830=DIRECTION('',(0.,-1.,0.));
#5831=DIRECTION('',(-0.999999999998948,1.45087196143102E-6,0.));
#5832=DIRECTION('',(-5.44232325889309E-15,1.,0.));
#5833=DIRECTION('',(1.,9.25185853854297E-17,0.));
#5834=DIRECTION('',(-9.25185853854297E-17,1.,0.));
#5835=DIRECTION('',(0.,0.,-1.));
#5836=DIRECTION('',(0.,0.,-1.));
#5837=DIRECTION('',(9.25185853854297E-17,-1.,0.));
#5838=DIRECTION('',(1.,9.25185853854297E-17,0.));
#5839=DIRECTION('',(-9.25185853854297E-17,1.,0.));
#5840=DIRECTION('',(0.,0.,-1.));
#5841=DIRECTION('',(0.,0.,-1.));
#5842=DIRECTION('',(9.25185853854297E-17,-1.,0.));
#5843=DIRECTION('',(1.,0.,0.));
#5844=DIRECTION('',(0.,0.,-1.));
#5845=DIRECTION('',(0.,-1.,0.));
#5846=DIRECTION('',(0.,-1.,0.));
#5847=DIRECTION('',(0.,-1.,0.));
#5848=DIRECTION('',(0.,0.,-1.));
#5849=DIRECTION('',(-0.999999999998948,1.45087195735922E-6,0.));
#5850=DIRECTION('',(-1.45087195735922E-6,-0.999999999998948,0.));
#5851=DIRECTION('',(1.45087195735922E-6,0.999999999998948,0.));
#5852=DIRECTION('',(0.,0.,-1.));
#5853=DIRECTION('',(1.45087195735922E-6,0.999999999998948,0.));
#5854=DIRECTION('',(-0.00538045665253784,0.999985525238346,0.));
#5855=DIRECTION('',(-0.999985525238346,-0.00538045665253784,0.));
#5856=DIRECTION('',(0.999985525238346,0.00538045665253784,0.));
#5857=DIRECTION('',(2.16840434497101E-16,1.16671744628608E-18,1.));
#5858=DIRECTION('',(0.999985525238346,0.00538045665253784,0.));
#5859=DIRECTION('',(0.999999999999969,-2.46761563589658E-7,0.));
#5860=DIRECTION('',(2.46761563589658E-7,0.99999999999997,0.));
#5861=DIRECTION('',(-2.46761563589658E-7,-0.99999999999997,0.));
#5862=DIRECTION('',(1.,0.,0.));
#5863=DIRECTION('',(0.,0.,-1.));
#5864=DIRECTION('',(0.,-1.,0.));
#5865=DIRECTION('',(0.,0.,-1.));
#5866=DIRECTION('',(0.,-1.,0.));
#5867=DIRECTION('',(0.,-1.,0.));
#5868=DIRECTION('',(0.,-1.,0.));
#5869=DIRECTION('',(0.,0.,-1.));
#5870=DIRECTION('',(4.07830863453545E-19,0.,-1.));
#5871=DIRECTION('',(0.,-1.,0.));
#5872=DIRECTION('',(0.,0.,-1.));
#5873=DIRECTION('',(0.,0.,-1.));
#5874=DIRECTION('',(-1.,0.,0.));
#5875=DIRECTION('',(1.,0.,0.));
#5876=DIRECTION('',(-1.,0.,0.));
#5877=DIRECTION('',(0.,0.,-1.));
#5878=DIRECTION('',(1.,0.,0.));
#5879=DIRECTION('',(0.,-1.,0.));
#5880=DIRECTION('',(0.,0.,-1.));
#5881=DIRECTION('',(9.25185853854292E-14,0.,1.));
#5882=DIRECTION('',(0.,-1.,0.));
#5883=DIRECTION('',(0.,0.,-1.));
#5884=DIRECTION('',(-1.,0.,0.));
#5885=DIRECTION('',(0.,-1.,0.));
#5886=DIRECTION('',(0.,0.,-1.));
#5887=DIRECTION('',(1.,-5.4421403975984E-15,0.));
#5888=DIRECTION('',(5.4421403975984E-15,1.,0.));
#5889=DIRECTION('',(-5.4421403975984E-15,-1.,0.));
#5890=DIRECTION('',(0.,0.,-1.));
#5891=DIRECTION('',(-5.4421403975984E-15,-1.,0.));
#5892=DIRECTION('',(-1.45087196143102E-6,-0.999999999998948,0.));
#5893=DIRECTION('',(0.999999999998948,-1.45087196143102E-6,0.));
#5894=DIRECTION('',(-1.45087196143102E-6,-0.999999999998948,0.));
#5895=DIRECTION('',(0.999999999998948,-1.45087196143102E-6,0.));
#5896=DIRECTION('',(0.999999999998948,-1.45087196143102E-6,0.));
#5897=DIRECTION('',(-1.45087196143102E-6,-0.999999999998948,0.));
#5898=DIRECTION('',(0.999999999998948,-1.45087196143102E-6,0.));
#5899=DIRECTION('',(-0.999999999998948,1.45087196143102E-6,0.));
#5900=DIRECTION('',(-0.999999999998948,1.45087196143102E-6,0.));
#5901=DIRECTION('',(0.,0.,-1.));
#5902=DIRECTION('',(-1.,-5.44232325889309E-15,0.));
#5903=DIRECTION('',(5.44232325889309E-15,-1.,0.));
#5904=DIRECTION('',(-5.44232325889309E-15,1.,0.));
#5905=DIRECTION('',(1.53345721633309E-16,-1.,0.));
#5906=DIRECTION('',(1.,1.53345721633309E-16,0.));
#5907=DIRECTION('',(0.,0.,-1.));
#5908=DIRECTION('',(0.,0.,-1.));
#5909=DIRECTION('',(-1.,-1.53345721633309E-16,0.));
#5910=DIRECTION('',(1.53345721633309E-16,-1.,0.));
#5911=DIRECTION('',(1.,1.53345721633309E-16,0.));
#5912=DIRECTION('',(9.25185853854292E-14,1.41873292404215E-29,1.));
#5913=DIRECTION('',(1.53345721633309E-16,-1.,0.));
#5914=DIRECTION('',(1.,1.53345721633309E-16,0.));
#5915=DIRECTION('',(1.,1.53345721633309E-16,0.));
#5916=DIRECTION('',(1.53345721633309E-16,-1.,0.));
#5917=DIRECTION('',(1.,1.53345721633309E-16,0.));
#5918=DIRECTION('',(4.07830863453545E-19,6.25391180606194E-35,-1.));
#5919=DIRECTION('',(1.53345721633309E-16,-1.,0.));
#5920=DIRECTION('',(1.,1.53345721633309E-16,0.));
#5921=DIRECTION('',(-1.,-1.53345721633309E-16,0.));
#5922=DIRECTION('',(0.,0.,1.));
#5923=DIRECTION('',(1.,0.,0.));
#5924=DIRECTION('',(0.,0.,1.));
#5925=DIRECTION('',(1.,0.,0.));
#5926=DIRECTION('',(0.,0.,1.));
#5927=DIRECTION('',(1.,0.,0.));
#5928=DIRECTION('',(0.,0.,1.));
#5929=DIRECTION('',(1.,0.,0.));
#5930=DIRECTION('',(0.,0.,1.));
#5931=DIRECTION('',(1.,0.,0.));
#5932=DIRECTION('',(0.,0.,1.));
#5933=DIRECTION('',(1.,0.,0.));
#5934=DIRECTION('',(0.,0.,1.));
#5935=DIRECTION('',(1.,0.,0.));
#5936=DIRECTION('',(0.,0.,1.));
#5937=DIRECTION('',(1.,0.,0.));
#5938=DIRECTION('',(7.66728608166545E-17,-1.,0.));
#5939=DIRECTION('',(-1.,-7.66728608166545E-17,0.));
#5940=DIRECTION('',(7.66728608166545E-17,-1.,0.));
#5941=DIRECTION('',(7.66728608166545E-17,-1.,0.));
#5942=DIRECTION('',(-1.,-7.66728608166545E-17,0.));
#5943=DIRECTION('',(7.66728608166545E-17,-1.,0.));
#5944=DIRECTION('',(0.,0.,1.));
#5945=DIRECTION('',(1.,0.,0.));
#5946=DIRECTION('',(0.,0.,1.));
#5947=DIRECTION('',(1.,0.,0.));
#5948=DIRECTION('',(7.66728608166545E-17,-1.,0.));
#5949=DIRECTION('',(0.,0.,1.));
#5950=DIRECTION('',(1.,0.,0.));
#5951=DIRECTION('',(0.,-1.,0.));
#5952=DIRECTION('',(0.,-1.,0.));
#5953=DIRECTION('',(0.,0.,-1.));
#5954=DIRECTION('',(0.,-1.,0.));
#5955=DIRECTION('',(0.,-1.,0.));
#5956=DIRECTION('',(0.,0.,1.));
#5957=DIRECTION('',(1.,0.,0.));
#5958=DIRECTION('',(0.,-1.,0.));
#5959=DIRECTION('',(0.,-1.,0.));
#5960=DIRECTION('',(0.,0.,-1.));
#5961=DIRECTION('',(0.,-1.,0.));
#5962=DIRECTION('',(-1.,0.,-4.07830863453545E-19));
#5963=DIRECTION('',(-4.07830863453545E-19,0.,1.));
#5964=DIRECTION('',(0.,-1.,0.));
#5965=DIRECTION('',(0.,0.,-1.));
#5966=DIRECTION('',(-1.,0.,0.));
#5967=DIRECTION('',(0.,-1.,0.));
#5968=DIRECTION('',(0.,-1.,0.));
#5969=DIRECTION('',(1.,0.,-9.25185853854292E-14));
#5970=DIRECTION('',(-9.25185853854292E-14,0.,-1.));
#5971=DIRECTION('',(0.,-1.,0.));
#5972=DIRECTION('',(0.,-1.,0.));
#5973=DIRECTION('',(0.,0.,-1.));
#5974=DIRECTION('',(0.,-1.,0.));
#5975=DIRECTION('',(0.,0.,-1.));
#5976=DIRECTION('',(0.,1.,0.));
#5977=DIRECTION('',(0.,0.,1.));
#5978=DIRECTION('',(0.,0.,-1.));
#5979=DIRECTION('',(1.,0.,0.));
#5980=DIRECTION('',(0.,0.,-1.));
#5981=DIRECTION('',(1.,0.,0.));
#5982=DIRECTION('',(-1.,0.,0.));
#5983=DIRECTION('',(0.,0.,1.));
#5984=DIRECTION('',(0.,0.,-1.));
#5985=DIRECTION('',(0.,1.,0.));
#5986=DIRECTION('',(0.,1.,0.));
#5987=DIRECTION('',(0.,1.,0.));
#5988=DIRECTION('',(0.,0.,1.));
#5989=DIRECTION('',(0.,0.,-1.));
#5990=DIRECTION('',(1.,0.,0.));
#5991=DIRECTION('',(1.,0.,0.));
#5992=DIRECTION('',(0.,1.,0.));
#5993=DIRECTION('',(0.,0.,1.));
#5994=DIRECTION('',(0.,0.,-1.));
#5995=DIRECTION('',(1.,0.,0.));
#5996=DIRECTION('',(0.,0.,-1.));
#5997=DIRECTION('',(1.,0.,0.));
#5998=DIRECTION('',(-1.,0.,0.));
#5999=DIRECTION('',(0.,0.,1.));
#6000=DIRECTION('',(0.,0.,-1.));
#6001=DIRECTION('',(0.,1.,0.));
#6002=DIRECTION('',(0.,1.,0.));
#6003=DIRECTION('',(0.,1.,0.));
#6004=DIRECTION('',(0.,0.,1.));
#6005=DIRECTION('',(0.,0.,-1.));
#6006=DIRECTION('',(1.,0.,0.));
#6007=DIRECTION('',(1.,0.,0.));
#6008=DIRECTION('',(-1.,0.,0.));
#6009=DIRECTION('',(0.,0.,1.));
#6010=DIRECTION('',(0.,1.,0.));
#6011=DIRECTION('',(0.,1.,0.));
#6012=DIRECTION('',(0.,0.,-1.));
#6013=DIRECTION('',(-1.,0.,0.));
#6014=DIRECTION('',(0.,0.,1.));
#6015=DIRECTION('',(1.,0.,0.));
#6016=DIRECTION('',(0.,0.,-1.));
#6017=DIRECTION('',(-1.,0.,0.));
#6018=DIRECTION('',(0.,0.,1.));
#6019=DIRECTION('',(1.,0.,0.));
#6020=DIRECTION('',(0.,0.,1.));
#6021=DIRECTION('',(1.,0.,0.));
#6022=DIRECTION('',(0.,0.,-1.));
#6023=DIRECTION('',(-1.,0.,0.));
#6024=DIRECTION('',(0.,0.,1.));
#6025=DIRECTION('',(1.,0.,0.));
#6026=DIRECTION('',(0.,0.,1.));
#6027=DIRECTION('',(1.,0.,0.));
#6028=DIRECTION('',(0.,0.,-1.));
#6029=DIRECTION('',(-1.,0.,0.));
#6030=DIRECTION('',(0.,0.,1.));
#6031=DIRECTION('',(1.,0.,0.));
#6032=DIRECTION('',(0.,0.,1.));
#6033=DIRECTION('',(1.,0.,0.));
#6034=DIRECTION('',(0.,0.,-1.));
#6035=DIRECTION('',(-1.,0.,0.));
#6036=DIRECTION('',(0.,0.,1.));
#6037=DIRECTION('',(1.,0.,0.));
#6038=DIRECTION('',(0.,0.,1.));
#6039=DIRECTION('',(1.,0.,0.));
#6040=DIRECTION('',(0.,0.,-1.));
#6041=DIRECTION('',(-1.,0.,0.));
#6042=DIRECTION('',(0.,0.,1.));
#6043=DIRECTION('',(1.,0.,0.));
#6044=DIRECTION('',(0.,0.,-1.));
#6045=DIRECTION('',(-1.,0.,0.));
#6046=DIRECTION('',(0.,0.,1.));
#6047=DIRECTION('',(1.,0.,0.));
#6048=DIRECTION('',(0.,0.,-1.));
#6049=DIRECTION('',(-1.,0.,0.));
#6050=DIRECTION('',(0.,0.,1.));
#6051=DIRECTION('',(1.,0.,0.));
#6052=DIRECTION('',(0.,0.,1.));
#6053=DIRECTION('',(1.,0.,0.));
#6054=DIRECTION('',(-1.,0.,0.));
#6055=DIRECTION('',(0.,0.,1.));
#6056=DIRECTION('',(0.,1.,0.));
#6057=DIRECTION('',(0.,1.,0.));
#6058=DIRECTION('',(0.,0.,1.));
#6059=DIRECTION('',(1.,0.,0.));
#6060=DIRECTION('',(0.,0.,1.));
#6061=DIRECTION('',(1.,0.,0.));
#6062=DIRECTION('',(0.,0.,1.));
#6063=DIRECTION('',(1.,0.,0.));
#6064=DIRECTION('',(0.,0.,1.));
#6065=DIRECTION('',(1.,0.,0.));
#6066=DIRECTION('',(0.,0.,1.));
#6067=DIRECTION('',(1.,0.,0.));
#6068=DIRECTION('',(0.,0.,1.));
#6069=DIRECTION('',(1.,0.,0.));
#6070=DIRECTION('',(-1.,0.,0.));
#6071=DIRECTION('',(0.,0.,1.));
#6072=DIRECTION('',(-0.707106781186548,0.707106781186548,0.));
#6073=DIRECTION('',(0.707106781186548,0.707106781186548,0.));
#6074=DIRECTION('',(-0.707106781186548,-0.707106781186548,0.));
#6075=DIRECTION('',(-0.707106781186548,0.707106781186548,0.));
#6076=DIRECTION('',(0.,-1.,0.));
#6077=DIRECTION('',(0.,0.,-1.));
#6078=DIRECTION('',(0.707106781186548,-0.707106781186548,0.));
#6079=DIRECTION('',(0.707106781186548,0.707106781186548,0.));
#6080=DIRECTION('',(0.,1.,0.));
#6081=DIRECTION('',(0.,0.,1.));
#6082=DIRECTION('',(0.707106781186548,0.707106781186548,0.));
#6083=DIRECTION('',(0.707106781186548,-0.707106781186548,0.));
#6084=DIRECTION('',(1.,0.,0.));
#6085=DIRECTION('',(0.,0.,-1.));
#6086=DIRECTION('',(1.,7.66728608166545E-17,0.));
#6087=DIRECTION('',(-7.66728608166545E-17,1.,0.));
#6088=DIRECTION('',(7.66728608166545E-17,-1.,0.));
#6089=DIRECTION('',(0.,0.,1.));
#6090=DIRECTION('',(0.,0.,1.));
#6091=DIRECTION('',(1.,0.,0.));
#6092=DIRECTION('',(7.66728608166545E-17,-1.,0.));
#6093=DIRECTION('',(-1.,-7.66728608166545E-17,0.));
#6094=DIRECTION('',(1.,7.66728608166545E-17,-2.16840434497101E-16));
#6095=DIRECTION('',(-2.16840434497101E-16,0.,-1.));
#6096=DIRECTION('',(2.16840434497101E-16,1.66257764536191E-32,1.));
#6097=DIRECTION('',(1.,7.66728608166545E-17,-1.92747052886312E-16));
#6098=DIRECTION('',(-1.92747052886312E-16,0.,-1.));
#6099=DIRECTION('',(7.66728608166545E-17,-1.,0.));
#6100=DIRECTION('',(1.92747052886312E-16,1.47784679587725E-32,1.));
#6101=DIRECTION('',(0.,0.,1.));
#6102=DIRECTION('',(1.,0.,0.));
#6103=DIRECTION('',(7.66728608166545E-17,-1.,0.));
#6104=DIRECTION('',(-1.,-7.66728608166545E-17,0.));
#6105=DIRECTION('',(7.66728608166545E-17,-1.,0.));
#6106=DIRECTION('',(1.,7.66728608166545E-17,0.));
#6107=DIRECTION('',(-7.66728608166545E-17,1.,0.));
#6108=DIRECTION('',(0.,0.,1.));
#6109=DIRECTION('',(7.66728608166545E-17,-1.,0.));
#6110=DIRECTION('',(-7.66728608166545E-17,1.,0.));
#6111=DIRECTION('',(-1.,-7.66728608166545E-17,0.));
#6112=DIRECTION('',(-7.66728608166545E-17,1.,0.));
#6113=DIRECTION('',(-1.,-7.66728608166545E-17,0.));
#6114=DIRECTION('',(-7.66728608166545E-17,1.,0.));
#6115=DIRECTION('',(-1.,-7.66728608166545E-17,0.));
#6116=DIRECTION('',(7.66728608166545E-17,-1.,0.));
#6117=DIRECTION('',(1.,7.66728608166545E-17,0.));
#6118=DIRECTION('',(-7.66728608166545E-17,1.,0.));
#6119=DIRECTION('',(-1.,-7.66728608166545E-17,0.));
#6120=DIRECTION('',(0.,0.,1.));
#6121=DIRECTION('',(1.,0.,0.));
#6122=DIRECTION('',(0.,0.,1.));
#6123=DIRECTION('',(1.,0.,0.));
#6124=DIRECTION('',(0.,0.,1.));
#6125=DIRECTION('',(1.,0.,0.));
#6126=DIRECTION('',(0.,0.,1.));
#6127=DIRECTION('',(1.,0.,0.));
#6128=DIRECTION('',(0.,0.,1.));
#6129=DIRECTION('',(1.,0.,0.));
#6130=DIRECTION('',(0.,0.,1.));
#6131=DIRECTION('',(1.,0.,0.));
#6132=DIRECTION('',(0.,0.,1.));
#6133=DIRECTION('',(1.,0.,0.));
#6134=DIRECTION('',(0.,0.,1.));
#6135=DIRECTION('',(1.,0.,0.));
#6136=DIRECTION('',(0.,0.,1.));
#6137=DIRECTION('',(1.,0.,0.));
#6138=DIRECTION('',(0.,0.,1.));
#6139=DIRECTION('',(1.,0.,0.));
#6140=DIRECTION('',(0.,0.,1.));
#6141=DIRECTION('',(1.,0.,0.));
#6142=DIRECTION('',(0.,0.,1.));
#6143=DIRECTION('',(1.,0.,0.));
#6144=DIRECTION('',(0.,0.,1.));
#6145=DIRECTION('',(1.,0.,0.));
#6146=DIRECTION('',(0.,0.,1.));
#6147=DIRECTION('',(1.,0.,0.));
#6148=DIRECTION('',(0.,0.,1.));
#6149=DIRECTION('',(1.,0.,0.));
#6150=DIRECTION('',(0.,0.,1.));
#6151=DIRECTION('',(1.,0.,0.));
#6152=DIRECTION('',(0.,0.,1.));
#6153=DIRECTION('',(1.,0.,0.));
#6154=DIRECTION('',(0.,0.,1.));
#6155=DIRECTION('',(1.,0.,0.));
#6156=DIRECTION('',(0.,0.,1.));
#6157=DIRECTION('',(1.,0.,0.));
#6158=DIRECTION('',(0.,0.,1.));
#6159=DIRECTION('',(1.,0.,0.));
#6160=DIRECTION('',(0.,0.,1.));
#6161=DIRECTION('',(1.,0.,0.));
#6162=DIRECTION('',(0.,0.,1.));
#6163=DIRECTION('',(1.,0.,0.));
#6164=DIRECTION('',(0.,0.,1.));
#6165=DIRECTION('',(1.,0.,0.));
#6166=DIRECTION('',(0.,0.,1.));
#6167=DIRECTION('',(1.,0.,0.));
#6168=DIRECTION('',(0.,0.,1.));
#6169=DIRECTION('',(1.,0.,0.));
#6170=DIRECTION('',(0.,0.,1.));
#6171=DIRECTION('',(1.,0.,0.));
#6172=DIRECTION('',(0.,0.,1.));
#6173=DIRECTION('',(1.,0.,0.));
#6174=DIRECTION('',(0.,0.,1.));
#6175=DIRECTION('',(1.,0.,0.));
#6176=DIRECTION('',(0.,0.,1.));
#6177=DIRECTION('',(1.,0.,0.));
#6178=DIRECTION('',(-1.,0.,0.));
#6179=DIRECTION('',(0.,1.,0.));
#6180=DIRECTION('',(1.,1.62313307693736E-16,0.));
#6181=DIRECTION('',(0.,-1.,0.));
#6182=DIRECTION('',(0.,0.,1.));
#6183=DIRECTION('',(1.,0.,0.));
#6184=DIRECTION('',(0.,0.,1.));
#6185=DIRECTION('',(1.,0.,0.));
#6186=DIRECTION('',(0.,0.,1.));
#6187=DIRECTION('',(1.,0.,0.));
#6188=DIRECTION('',(0.,0.,1.));
#6189=DIRECTION('',(1.,0.,0.));
#6190=DIRECTION('',(1.,0.,0.));
#6191=DIRECTION('',(0.,0.,-1.));
#6192=DIRECTION('',(0.,0.,1.));
#6193=DIRECTION('',(0.,1.,0.));
#6194=DIRECTION('',(0.,0.,-1.));
#6195=DIRECTION('',(0.,0.,1.));
#6196=DIRECTION('',(0.,1.,0.));
#6197=DIRECTION('',(0.,0.,1.));
#6198=DIRECTION('',(1.,0.,0.));
#6199=DIRECTION('',(0.,0.,1.));
#6200=DIRECTION('',(0.,0.,1.));
#6201=DIRECTION('',(1.,0.,0.));
#6202=DIRECTION('',(1.,0.,0.));
#6203=DIRECTION('',(0.,0.,-1.));
#6204=DIRECTION('',(0.,0.,-1.));
#6205=DIRECTION('',(0.,1.,0.));
#6206=DIRECTION('',(0.,0.,1.));
#6207=DIRECTION('',(0.,1.,0.));
#6208=DIRECTION('',(0.,1.,0.));
#6209=DIRECTION('',(0.,0.,1.));
#6210=DIRECTION('',(-1.,0.,0.));
#6211=DIRECTION('',(0.,0.,1.));
#6212=DIRECTION('',(-1.,0.,0.));
#6213=DIRECTION('',(1.,0.,0.));
#6214=DIRECTION('',(0.,0.,-1.));
#6215=DIRECTION('',(0.,1.,0.));
#6216=DIRECTION('',(0.,0.,1.));
#6217=DIRECTION('',(0.,1.,0.));
#6218=DIRECTION('',(0.,-1.,0.));
#6219=DIRECTION('',(0.,0.,-1.));
#6220=DIRECTION('',(1.,0.,0.));
#6221=DIRECTION('',(0.,0.,1.));
#6222=DIRECTION('',(1.,0.,0.));
#6223=DIRECTION('',(0.999988659934196,-0.00476235267607509,0.));
#6224=DIRECTION('',(0.00476235267607509,0.999988659934196,0.));
#6225=DIRECTION('',(0.00476235267607509,0.999988659934196,0.));
#6226=DIRECTION('',(0.,0.,1.));
#6227=DIRECTION('',(0.00476235267607509,0.999988659934196,0.));
#6228=DIRECTION('',(-0.00670920457525379,-0.999977493033702,0.));
#6229=DIRECTION('',(0.999977493033702,-0.00670920457525379,0.));
#6230=DIRECTION('',(0.999977493033702,-0.00670920457525379,0.));
#6231=DIRECTION('',(0.,0.,1.));
#6232=DIRECTION('',(0.999977493033702,-0.00670920457525379,0.));
#6233=DIRECTION('',(1.,0.,0.));
#6234=DIRECTION('',(0.,0.,-1.));
#6235=DIRECTION('',(0.,1.,0.));
#6236=DIRECTION('',(0.,0.,1.));
#6237=DIRECTION('',(0.,1.,0.));
#6238=DIRECTION('',(0.,0.,1.));
#6239=DIRECTION('',(1.,0.,0.));
#6240=DIRECTION('',(0.,0.,1.));
#6241=DIRECTION('',(1.,0.,0.));
#6242=DIRECTION('',(0.,0.,1.));
#6243=DIRECTION('',(0.,0.,1.));
#6244=DIRECTION('',(1.,0.,0.));
#6245=DIRECTION('',(1.,0.,0.));
#6246=DIRECTION('',(0.,0.,-1.));
#6247=DIRECTION('',(0.,1.,0.));
#6248=DIRECTION('',(0.,0.,1.));
#6249=DIRECTION('',(0.,1.,0.));
#6250=DIRECTION('',(-0.00670920457525099,-0.999977493033702,0.));
#6251=DIRECTION('',(0.999977493033702,-0.00670920457525099,0.));
#6252=DIRECTION('',(0.999977493033702,-0.00670920457525099,0.));
#6253=DIRECTION('',(0.,0.,1.));
#6254=DIRECTION('',(0.999977493033702,-0.00670920457525099,0.));
#6255=DIRECTION('',(0.999989609887565,-0.00455852135192709,0.));
#6256=DIRECTION('',(0.00455852135192709,0.999989609887565,0.));
#6257=DIRECTION('',(0.00455852135192709,0.999989609887565,0.));
#6258=DIRECTION('',(0.,0.,1.));
#6259=DIRECTION('',(0.00455852135192709,0.999989609887565,0.));
#6260=DIRECTION('',(0.,-1.,0.));
#6261=DIRECTION('',(0.,0.,-1.));
#6262=DIRECTION('',(1.,0.,0.));
#6263=DIRECTION('',(0.,0.,1.));
#6264=DIRECTION('',(1.,0.,0.));
#6265=DIRECTION('',(1.,0.,0.));
#6266=DIRECTION('',(0.,0.,-1.));
#6267=DIRECTION('',(0.,1.,0.));
#6268=DIRECTION('',(0.,1.,0.));
#6269=DIRECTION('',(-1.,0.,0.));
#6270=DIRECTION('',(0.,0.,1.));
#6271=DIRECTION('',(0.,-1.,0.));
#6272=DIRECTION('',(0.,0.,1.));
#6273=DIRECTION('',(0.,-1.,0.));
#6274=DIRECTION('',(0.,-1.,0.));
#6275=DIRECTION('',(0.,0.,-1.));
#6276=DIRECTION('',(1.,0.,0.));
#6277=DIRECTION('',(0.,0.,1.));
#6278=DIRECTION('',(1.,0.,0.));
#6279=DIRECTION('',(0.999989609887565,-0.00455852135192722,0.));
#6280=DIRECTION('',(0.00455852135192722,0.999989609887565,0.));
#6281=DIRECTION('',(0.00455852135192722,0.999989609887565,0.));
#6282=DIRECTION('',(0.,0.,1.));
#6283=DIRECTION('',(0.00455852135192722,0.999989609887565,0.));
#6284=DIRECTION('',(-1.27912800225753E-16,1.,0.));
#6285=DIRECTION('',(-1.,-1.27912800225753E-16,0.));
#6286=DIRECTION('',(-1.,-1.27912800225753E-16,0.));
#6287=DIRECTION('',(0.,0.,1.));
#6288=DIRECTION('',(-1.,-1.27912800225753E-16,0.));
#6289=DIRECTION('',(1.,0.,0.));
#6290=DIRECTION('',(0.,0.,-1.));
#6291=DIRECTION('',(0.,1.,0.));
#6292=DIRECTION('',(0.,1.,0.));
#6293=DIRECTION('',(1.,0.,0.));
#6294=DIRECTION('',(0.,0.,-1.));
#6295=DIRECTION('',(0.,1.,0.));
#6296=DIRECTION('',(0.,1.,0.));
#6297=DIRECTION('',(1.,0.,0.));
#6298=DIRECTION('',(0.,0.,-1.));
#6299=DIRECTION('',(0.,1.,0.));
#6300=DIRECTION('',(0.,0.,1.));
#6301=DIRECTION('',(0.,1.,0.));
#6302=DIRECTION('',(-1.27912800225753E-16,1.,0.));
#6303=DIRECTION('',(-1.,-1.27912800225753E-16,0.));
#6304=DIRECTION('',(-1.,-1.27912800225753E-16,0.));
#6305=DIRECTION('',(0.,0.,1.));
#6306=DIRECTION('',(-1.,-1.27912800225753E-16,0.));
#6307=DIRECTION('',(0.999988659934196,-0.0047623526760751,0.));
#6308=DIRECTION('',(0.0047623526760751,0.999988659934196,0.));
#6309=DIRECTION('',(0.0047623526760751,0.999988659934196,0.));
#6310=DIRECTION('',(0.,0.,1.));
#6311=DIRECTION('',(0.0047623526760751,0.999988659934196,0.));
#6312=DIRECTION('',(0.,-1.,0.));
#6313=DIRECTION('',(0.,0.,-1.));
#6314=DIRECTION('',(1.,0.,0.));
#6315=DIRECTION('',(0.,0.,1.));
#6316=DIRECTION('',(1.,0.,0.));
#6317=DIRECTION('',(1.,4.40347341569074E-16,0.));
#6318=DIRECTION('',(-4.40347341569074E-16,1.,0.));
#6319=DIRECTION('',(-4.40347341569074E-16,1.,0.));
#6320=DIRECTION('',(0.,0.,1.));
#6321=DIRECTION('',(-4.40347341569074E-16,1.,0.));
#6322=DIRECTION('',(0.,1.,0.));
#6323=DIRECTION('',(0.,0.,1.));
#6324=DIRECTION('',(-1.,0.,0.));
#6325=DIRECTION('',(-1.,0.,0.));
#6326=DIRECTION('',(0.,0.,1.));
#6327=DIRECTION('',(1.,0.,0.));
#6328=DIRECTION('',(0.,0.,1.));
#6329=DIRECTION('',(1.,0.,0.));
#6330=DIRECTION('',(0.,-1.,0.));
#6331=DIRECTION('',(0.,0.,-1.));
#6332=DIRECTION('',(-0.707106781186548,-0.707106781186548,0.));
#6333=DIRECTION('',(0.707106781186548,-0.707106781186548,0.));
#6334=DIRECTION('',(0.707106781186548,-0.707106781186548,0.));
#6335=DIRECTION('',(0.707106781186548,0.707106781186548,0.));
#6336=DIRECTION('',(1.,0.,0.));
#6337=DIRECTION('',(0.,0.,-1.));
#6338=DIRECTION('',(0.707106781186548,0.707106781186548,0.));
#6339=DIRECTION('',(-0.707106781186548,0.707106781186548,0.));
#6340=DIRECTION('',(-1.,0.,0.));
#6341=DIRECTION('',(0.,0.,1.));
#6342=DIRECTION('',(-0.707106781186548,0.707106781186548,0.));
#6343=DIRECTION('',(0.707106781186548,0.707106781186548,0.));
#6344=DIRECTION('',(0.,1.,0.));
#6345=DIRECTION('',(0.,0.,1.));
#6346=DIRECTION('',(1.,1.62313307693736E-16,0.));
#6347=DIRECTION('',(-1.62313307693736E-16,1.,0.));
#6348=DIRECTION('',(0.707106781186548,0.707106781186548,0.));
#6349=DIRECTION('',(-0.707106781186548,0.707106781186548,0.));
#6350=DIRECTION('',(-1.,-1.62313307693736E-16,0.));
#6351=DIRECTION('',(0.707106781186548,-0.707106781186548,0.));
#6352=DIRECTION('',(0.707106781186548,0.707106781186548,0.));
#6353=DIRECTION('',(0.,-1.,0.));
#6354=DIRECTION('',(0.,0.,-1.));
#6355=DIRECTION('',(-0.707106781186548,-0.707106781186548,0.));
#6356=DIRECTION('',(0.707106781186548,-0.707106781186548,0.));
#6357=DIRECTION('',(0.,1.,0.));
#6358=DIRECTION('',(0.,0.,1.));
#6359=DIRECTION('',(-0.707106781186548,0.707106781186548,0.));
#6360=DIRECTION('',(0.707106781186548,0.707106781186548,0.));
#6361=DIRECTION('',(0.,-1.,0.));
#6362=DIRECTION('',(-1.,0.,0.));
#6363=DIRECTION('',(0.,0.,1.));
#6364=DIRECTION('',(1.,0.,0.));
#6365=DIRECTION('',(0.,-1.,0.));
#6366=DIRECTION('',(0.,0.,-1.));
#6367=DIRECTION('',(0.,0.,-1.));
#6368=DIRECTION('',(1.,0.,0.));
#6369=DIRECTION('',(0.,0.,-1.));
#6370=DIRECTION('',(0.,0.,-1.));
#6371=DIRECTION('',(-1.62313307693736E-16,1.,0.));
#6372=DIRECTION('',(-1.,-1.62313307693736E-16,0.));
#6373=DIRECTION('',(0.,0.,-1.));
#6374=DIRECTION('',(-1.,-1.62313307693736E-16,0.));
#6375=DIRECTION('',(0.,0.,-1.));
#6376=DIRECTION('',(-1.,0.,0.));
#6377=DIRECTION('',(0.,0.,1.));
#6378=DIRECTION('',(1.,0.,0.));
#6379=DIRECTION('',(0.,0.,-1.));
#6380=DIRECTION('',(-1.,0.,0.));
#6381=DIRECTION('',(0.,0.,1.));
#6382=DIRECTION('',(1.,0.,0.));
#6383=DIRECTION('',(0.,0.,-1.));
#6384=DIRECTION('',(-1.,0.,0.));
#6385=DIRECTION('',(0.,0.,1.));
#6386=DIRECTION('',(1.,0.,0.));
#6387=DIRECTION('',(0.,0.,-1.));
#6388=DIRECTION('',(-1.,0.,0.));
#6389=DIRECTION('',(0.,0.,1.));
#6390=DIRECTION('',(1.,0.,0.));
#6391=DIRECTION('',(-1.,0.,0.));
#6392=DIRECTION('',(0.,0.,1.));
#6393=DIRECTION('',(0.,-1.,0.));
#6394=DIRECTION('',(0.,0.,1.));
#6395=DIRECTION('',(1.,0.,0.));
#6396=DIRECTION('',(0.,-1.,0.));
#6397=DIRECTION('',(-1.,0.,0.));
#6398=DIRECTION('',(0.,1.,0.));
#6399=DIRECTION('',(1.,0.,0.));
#6400=DIRECTION('',(0.393113360590124,-0.919490013934648,0.));
#6401=DIRECTION('',(0.,1.,0.));
#6402=DIRECTION('',(1.,0.,0.));
#6403=DIRECTION('',(0.,-1.,0.));
#6404=DIRECTION('',(-1.,0.,0.));
#6405=DIRECTION('',(-0.388254894344165,0.92155202621328,0.));
#6406=DIRECTION('',(0.,0.,1.));
#6407=DIRECTION('',(1.,0.,0.));
#6408=DIRECTION('',(0.,0.,1.));
#6409=DIRECTION('',(1.,0.,0.));
#6410=DIRECTION('',(0.,1.,0.));
#6411=DIRECTION('',(0.,0.,1.));
#6412=DIRECTION('',(1.,0.,0.));
#6413=DIRECTION('',(0.,0.,1.));
#6414=DIRECTION('',(1.,0.,0.));
#6415=DIRECTION('',(0.,-1.,0.));
#6416=DIRECTION('',(0.,0.,1.));
#6417=DIRECTION('',(1.,0.,0.));
#6418=DIRECTION('',(0.,0.,1.));
#6419=DIRECTION('',(1.,0.,0.));
#6420=DIRECTION('',(0.,1.,0.));
#6421=DIRECTION('',(0.,0.,1.));
#6422=DIRECTION('',(1.,0.,0.));
#6423=DIRECTION('',(0.,0.,1.));
#6424=DIRECTION('',(1.,0.,0.));
#6425=DIRECTION('',(0.,-1.,0.));
#6426=DIRECTION('',(-0.261068486548601,-0.96532028121822,0.));
#6427=DIRECTION('',(-1.,0.,0.));
#6428=DIRECTION('',(0.259853227891847,0.965648124294863,0.));
#6429=DIRECTION('',(1.,0.,0.));
#6430=DIRECTION('',(0.,-1.,0.));
#6431=DIRECTION('',(-1.,0.,0.));
#6432=DIRECTION('',(0.,1.,0.));
#6433=DIRECTION('',(1.,0.,0.));
#6434=DIRECTION('',(0.,-1.,0.));
#6435=DIRECTION('',(-1.,0.,0.));
#6436=DIRECTION('',(0.,-1.,0.));
#6437=DIRECTION('',(1.,0.,0.));
#6438=DIRECTION('',(0.,-1.,0.));
#6439=DIRECTION('',(-1.,0.,0.));
#6440=DIRECTION('',(0.,-1.,0.));
#6441=DIRECTION('',(-1.,0.,0.));
#6442=DIRECTION('',(0.,1.,0.));
#6443=DIRECTION('',(1.,0.,0.));
#6444=DIRECTION('',(0.,-1.,0.));
#6445=DIRECTION('',(-1.,0.,0.));
#6446=DIRECTION('',(0.,-1.,0.));
#6447=DIRECTION('',(1.,0.,0.));
#6448=DIRECTION('',(0.,-1.,0.));
#6449=DIRECTION('',(-1.,0.,0.));
#6450=DIRECTION('',(0.,0.,1.));
#6451=DIRECTION('',(1.,0.,0.));
#6452=DIRECTION('',(0.,0.,1.));
#6453=DIRECTION('',(1.,0.,0.));
#6454=DIRECTION('',(0.,0.,1.));
#6455=DIRECTION('',(1.,0.,0.));
#6456=DIRECTION('',(0.,1.,0.));
#6457=DIRECTION('',(0.,0.,1.));
#6458=DIRECTION('',(1.,0.,0.));
#6459=DIRECTION('',(0.,0.,1.));
#6460=DIRECTION('',(1.,0.,0.));
#6461=DIRECTION('',(0.,0.,1.));
#6462=DIRECTION('',(1.,0.,0.));
#6463=DIRECTION('',(0.,0.,1.));
#6464=DIRECTION('',(1.,0.,0.));
#6465=DIRECTION('',(0.,-1.,0.));
#6466=DIRECTION('',(0.,0.,1.));
#6467=DIRECTION('',(1.,0.,0.));
#6468=DIRECTION('',(0.,0.,1.));
#6469=DIRECTION('',(1.,0.,0.));
#6470=DIRECTION('',(0.,0.,1.));
#6471=DIRECTION('',(0.854112556652578,-0.520088204604177,0.));
#6472=DIRECTION('',(0.,0.,1.));
#6473=DIRECTION('',(0.,0.,1.));
#6474=DIRECTION('',(1.,0.,0.));
#6475=DIRECTION('',(0.,0.,1.));
#6476=DIRECTION('',(0.,0.,1.));
#6477=DIRECTION('',(0.994253803147351,-0.107048469989196,0.));
#6478=DIRECTION('',(0.,0.,1.));
#6479=DIRECTION('',(1.,0.,0.));
#6480=DIRECTION('',(0.,0.,1.));
#6481=DIRECTION('',(1.,0.,0.));
#6482=DIRECTION('',(0.,0.,-1.));
#6483=DIRECTION('',(0.,1.,0.));
#6484=DIRECTION('',(0.,0.,1.));
#6485=DIRECTION('',(0.,0.,1.));
#6486=DIRECTION('',(0.99403497441523,0.109061769833945,0.));
#6487=DIRECTION('',(0.,0.,1.));
#6488=DIRECTION('',(1.,0.,0.));
#6489=DIRECTION('',(0.,0.,1.));
#6490=DIRECTION('',(0.,0.,1.));
#6491=DIRECTION('',(0.844840664187685,0.535017992346904,0.));
#6492=DIRECTION('',(0.,0.,1.));
#6493=DIRECTION('',(1.,0.,0.));
#6494=DIRECTION('',(0.,0.,1.));
#6495=DIRECTION('',(0.,0.,1.));
#6496=DIRECTION('',(0.,0.,1.));
#6497=DIRECTION('',(0.,0.,1.));
#6498=DIRECTION('',(-0.841620970668782,0.540068645387359,0.));
#6499=DIRECTION('',(0.,0.,1.));
#6500=DIRECTION('',(1.,0.,0.));
#6501=DIRECTION('',(0.,0.,1.));
#6502=DIRECTION('',(0.,0.,1.));
#6503=DIRECTION('',(-0.994148217498492,0.108024634433868,0.));
#6504=DIRECTION('',(0.,0.,1.));
#6505=DIRECTION('',(1.,0.,0.));
#6506=DIRECTION('',(0.,0.,1.));
#6507=DIRECTION('',(-1.,0.,0.));
#6508=DIRECTION('',(0.,0.,1.));
#6509=DIRECTION('',(0.,-1.,0.));
#6510=DIRECTION('',(0.,0.,1.));
#6511=DIRECTION('',(0.,0.,1.));
#6512=DIRECTION('',(-0.994362970403581,-0.106029633075699,0.));
#6513=DIRECTION('',(0.,0.,1.));
#6514=DIRECTION('',(1.,0.,0.));
#6515=DIRECTION('',(0.,0.,1.));
#6516=DIRECTION('',(0.,0.,1.));
#6517=DIRECTION('',(-0.850999633710454,-0.525166281690545,0.));
#6518=DIRECTION('',(0.,0.,1.));
#6519=DIRECTION('',(1.,0.,0.));
#6520=DIRECTION('',(0.,0.,1.));
#6521=DIRECTION('',(0.,0.,1.));
#6522=DIRECTION('',(0.,0.,1.));
#6523=DIRECTION('',(1.,0.,0.));
#6524=DIRECTION('',(0.,0.,1.));
#6525=DIRECTION('',(1.,0.,0.));
#6526=DIRECTION('',(0.,-1.,0.));
#6527=DIRECTION('',(0.,0.,1.));
#6528=DIRECTION('',(1.,0.,0.));
#6529=DIRECTION('',(0.,0.,1.));
#6530=DIRECTION('',(1.,0.,0.));
#6531=DIRECTION('',(0.,1.,0.));
#6532=DIRECTION('',(0.,0.,1.));
#6533=DIRECTION('',(1.,0.,0.));
#6534=DIRECTION('',(0.,0.,1.));
#6535=DIRECTION('',(-0.791644533514349,-0.61098194126901,0.));
#6536=DIRECTION('',(0.,0.,1.));
#6537=DIRECTION('',(0.,0.,1.));
#6538=DIRECTION('',(0.,0.,1.));
#6539=DIRECTION('',(1.,0.,0.));
#6540=DIRECTION('',(0.,0.,-1.));
#6541=DIRECTION('',(0.,0.,1.));
#6542=DIRECTION('',(0.,0.,1.));
#6543=DIRECTION('',(0.,0.,1.));
#6544=DIRECTION('',(-0.780189467123596,0.625543280188829,0.));
#6545=DIRECTION('',(0.,0.,1.));
#6546=DIRECTION('',(0.,0.,1.));
#6547=DIRECTION('',(0.,0.,1.));
#6548=DIRECTION('',(0.,0.,1.));
#6549=DIRECTION('',(0.782771315804147,0.622309462529893,0.));
#6550=DIRECTION('',(0.,0.,1.));
#6551=DIRECTION('',(0.,0.,1.));
#6552=DIRECTION('',(-1.,0.,0.));
#6553=DIRECTION('',(0.,0.,1.));
#6554=DIRECTION('',(0.,0.,1.));
#6555=DIRECTION('',(0.,0.,1.));
#6556=DIRECTION('',(0.,0.,1.));
#6557=DIRECTION('',(0.793890111325807,-0.608061256074664,0.));
#6558=DIRECTION('',(0.,0.,1.));
#6559=DIRECTION('',(0.,0.,1.));
#6560=DIRECTION('',(0.,0.,1.));
#6561=DIRECTION('',(1.,0.,0.));
#6562=DIRECTION('',(0.,1.,0.));
#6563=DIRECTION('',(-1.,0.,0.));
#6564=DIRECTION('',(0.,-1.,0.));
#6565=DIRECTION('',(-0.388254894344165,0.92155202621328,0.));
#6566=DIRECTION('',(-1.,0.,0.));
#6567=DIRECTION('',(0.,-1.,0.));
#6568=DIRECTION('',(1.,0.,0.));
#6569=DIRECTION('',(0.,1.,0.));
#6570=DIRECTION('',(0.393113360590124,-0.919490013934648,0.));
#6571=DIRECTION('',(1.,0.,0.));
#6572=DIRECTION('',(0.,-1.,0.));
#6573=DIRECTION('',(0.,0.,-1.));
#6574=DIRECTION('',(0.,0.,1.));
#6575=DIRECTION('',(0.,0.,1.));
#6576=DIRECTION('',(-0.919490013934648,-0.393113360590124,0.));
#6577=DIRECTION('',(0.393113360590124,-0.919490013934648,0.));
#6578=DIRECTION('',(0.,0.,1.));
#6579=DIRECTION('',(1.,0.,0.));
#6580=DIRECTION('',(0.,0.,-1.));
#6581=DIRECTION('',(0.,0.,1.));
#6582=DIRECTION('',(0.,-1.,0.));
#6583=DIRECTION('',(0.,0.,-1.));
#6584=DIRECTION('',(0.,0.,1.));
#6585=DIRECTION('',(-1.,0.,0.));
#6586=DIRECTION('',(0.,0.,1.));
#6587=DIRECTION('',(0.,0.,1.));
#6588=DIRECTION('',(0.,1.,0.));
#6589=DIRECTION('',(0.,0.,1.));
#6590=DIRECTION('',(0.,0.,1.));
#6591=DIRECTION('',(0.92155202621328,0.388254894344165,0.));
#6592=DIRECTION('',(-0.388254894344165,0.92155202621328,0.));
#6593=DIRECTION('',(0.,0.,1.));
#6594=DIRECTION('',(-1.,0.,0.));
#6595=DIRECTION('',(0.,0.,1.));
#6596=DIRECTION('',(0.,0.,1.));
#6597=DIRECTION('',(0.,1.,0.));
#6598=DIRECTION('',(0.,0.,1.));
#6599=DIRECTION('',(0.,0.,1.));
#6600=DIRECTION('',(1.,0.,0.));
#6601=DIRECTION('',(0.,0.,-1.));
#6602=DIRECTION('',(0.,0.,1.));
#6603=DIRECTION('',(1.,0.,0.));
#6604=DIRECTION('',(0.,0.,1.));
#6605=DIRECTION('',(1.,0.,0.));
#6606=DIRECTION('',(0.,0.,1.));
#6607=DIRECTION('',(1.,0.,0.));
#6608=DIRECTION('',(0.,1.,0.));
#6609=DIRECTION('',(0.,0.,1.));
#6610=DIRECTION('',(1.,0.,0.));
#6611=DIRECTION('',(0.,0.,1.));
#6612=DIRECTION('',(1.,0.,0.));
#6613=DIRECTION('',(0.,0.,1.));
#6614=DIRECTION('',(1.,0.,0.));
#6615=DIRECTION('',(0.,0.,1.));
#6616=DIRECTION('',(1.,0.,0.));
#6617=DIRECTION('',(0.,-1.,0.));
#6618=DIRECTION('',(0.,0.,1.));
#6619=DIRECTION('',(1.,0.,0.));
#6620=DIRECTION('',(0.,0.,1.));
#6621=DIRECTION('',(1.,0.,0.));
#6622=DIRECTION('',(0.,0.,1.));
#6623=DIRECTION('',(0.854112556652566,-0.520088204604196,0.));
#6624=DIRECTION('',(0.,0.,1.));
#6625=DIRECTION('',(0.,0.,1.));
#6626=DIRECTION('',(1.,0.,0.));
#6627=DIRECTION('',(0.,0.,1.));
#6628=DIRECTION('',(0.,0.,1.));
#6629=DIRECTION('',(0.994253803147355,-0.107048469989159,0.));
#6630=DIRECTION('',(0.,0.,1.));
#6631=DIRECTION('',(1.,0.,0.));
#6632=DIRECTION('',(0.,0.,1.));
#6633=DIRECTION('',(1.,0.,0.));
#6634=DIRECTION('',(0.,0.,-1.));
#6635=DIRECTION('',(0.,1.,0.));
#6636=DIRECTION('',(0.,0.,1.));
#6637=DIRECTION('',(0.,0.,1.));
#6638=DIRECTION('',(0.994034974415231,0.10906176983394,0.));
#6639=DIRECTION('',(0.,0.,1.));
#6640=DIRECTION('',(1.,0.,0.));
#6641=DIRECTION('',(0.,0.,1.));
#6642=DIRECTION('',(0.,0.,1.));
#6643=DIRECTION('',(0.844840664187691,0.535017992346894,0.));
#6644=DIRECTION('',(0.,0.,1.));
#6645=DIRECTION('',(1.,0.,0.));
#6646=DIRECTION('',(0.,0.,1.));
#6647=DIRECTION('',(0.,0.,1.));
#6648=DIRECTION('',(0.,0.,1.));
#6649=DIRECTION('',(0.,0.,1.));
#6650=DIRECTION('',(-0.841620970668801,0.540068645387329,0.));
#6651=DIRECTION('',(0.,0.,1.));
#6652=DIRECTION('',(1.,0.,0.));
#6653=DIRECTION('',(0.,0.,1.));
#6654=DIRECTION('',(0.,0.,1.));
#6655=DIRECTION('',(-0.994148217498491,0.108024634433875,0.));
#6656=DIRECTION('',(0.,0.,1.));
#6657=DIRECTION('',(1.,0.,0.));
#6658=DIRECTION('',(0.,0.,1.));
#6659=DIRECTION('',(-1.,0.,0.));
#6660=DIRECTION('',(0.,0.,1.));
#6661=DIRECTION('',(0.,-1.,0.));
#6662=DIRECTION('',(0.,0.,1.));
#6663=DIRECTION('',(0.,0.,1.));
#6664=DIRECTION('',(-0.994362970403543,-0.106029633076053,0.));
#6665=DIRECTION('',(0.,0.,1.));
#6666=DIRECTION('',(1.,0.,0.));
#6667=DIRECTION('',(0.,0.,1.));
#6668=DIRECTION('',(0.,0.,1.));
#6669=DIRECTION('',(-0.850999633710456,-0.525166281690542,0.));
#6670=DIRECTION('',(0.,0.,1.));
#6671=DIRECTION('',(1.,0.,0.));
#6672=DIRECTION('',(0.,0.,1.));
#6673=DIRECTION('',(0.,0.,1.));
#6674=DIRECTION('',(0.,0.,1.));
#6675=DIRECTION('',(1.,0.,0.));
#6676=DIRECTION('',(0.,0.,1.));
#6677=DIRECTION('',(1.,0.,0.));
#6678=DIRECTION('',(0.,-1.,0.));
#6679=DIRECTION('',(0.,0.,1.));
#6680=DIRECTION('',(1.,0.,0.));
#6681=DIRECTION('',(0.,0.,1.));
#6682=DIRECTION('',(1.,0.,0.));
#6683=DIRECTION('',(0.,1.,0.));
#6684=DIRECTION('',(0.,0.,1.));
#6685=DIRECTION('',(1.,0.,0.));
#6686=DIRECTION('',(0.,0.,1.));
#6687=DIRECTION('',(0.793890111325804,-0.608061256074667,0.));
#6688=DIRECTION('',(0.,0.,1.));
#6689=DIRECTION('',(0.,0.,1.));
#6690=DIRECTION('',(0.,0.,1.));
#6691=DIRECTION('',(-1.,0.,0.));
#6692=DIRECTION('',(0.,0.,1.));
#6693=DIRECTION('',(0.,0.,1.));
#6694=DIRECTION('',(0.,0.,1.));
#6695=DIRECTION('',(0.,0.,1.));
#6696=DIRECTION('',(0.782771315804141,0.622309462529901,0.));
#6697=DIRECTION('',(0.,0.,1.));
#6698=DIRECTION('',(0.,0.,1.));
#6699=DIRECTION('',(0.,0.,1.));
#6700=DIRECTION('',(0.,0.,1.));
#6701=DIRECTION('',(-0.78018946712355,0.625543280188886,0.));
#6702=DIRECTION('',(0.,0.,1.));
#6703=DIRECTION('',(0.,0.,1.));
#6704=DIRECTION('',(1.,0.,0.));
#6705=DIRECTION('',(0.,0.,-1.));
#6706=DIRECTION('',(0.,0.,1.));
#6707=DIRECTION('',(0.,0.,1.));
#6708=DIRECTION('',(0.,0.,1.));
#6709=DIRECTION('',(-0.79164453351434,-0.610981941269022,0.));
#6710=DIRECTION('',(0.,0.,1.));
#6711=DIRECTION('',(0.,0.,1.));
#6712=DIRECTION('',(0.,0.,1.));
#6713=DIRECTION('',(1.,0.,0.));
#6714=DIRECTION('',(0.259853227891847,0.965648124294863,0.));
#6715=DIRECTION('',(-1.,0.,0.));
#6716=DIRECTION('',(-0.261068486548601,-0.96532028121822,0.));
#6717=DIRECTION('',(1.,0.,0.));
#6718=DIRECTION('',(-0.96532028121822,0.261068486548601,0.));
#6719=DIRECTION('',(-0.261068486548601,-0.96532028121822,0.));
#6720=DIRECTION('',(0.,0.,1.));
#6721=DIRECTION('',(0.,0.,1.));
#6722=DIRECTION('',(0.,-1.,0.));
#6723=DIRECTION('',(0.,0.,-1.));
#6724=DIRECTION('',(0.,0.,1.));
#6725=DIRECTION('',(0.965648124294863,-0.259853227891847,0.));
#6726=DIRECTION('',(0.259853227891847,0.965648124294863,0.));
#6727=DIRECTION('',(0.,0.,1.));
#6728=DIRECTION('',(0.,1.,0.));
#6729=DIRECTION('',(0.,0.,1.));
#6730=DIRECTION('',(0.,0.,1.));
#6731=DIRECTION('',(1.,0.,0.));
#6732=DIRECTION('',(0.,1.,0.));
#6733=DIRECTION('',(-1.,0.,0.));
#6734=DIRECTION('',(0.,-1.,0.));
#6735=DIRECTION('',(-1.,0.,0.));
#6736=DIRECTION('',(0.,-1.,0.));
#6737=DIRECTION('',(1.,0.,0.));
#6738=DIRECTION('',(0.,-1.,0.));
#6739=DIRECTION('',(-1.,0.,0.));
#6740=DIRECTION('',(0.,-1.,0.));
#6741=DIRECTION('',(1.,0.,0.));
#6742=DIRECTION('',(-1.,0.,0.));
#6743=DIRECTION('',(0.,0.,1.));
#6744=DIRECTION('',(0.,0.,1.));
#6745=DIRECTION('',(0.,0.,1.));
#6746=DIRECTION('',(0.,1.,0.));
#6747=DIRECTION('',(0.,0.,1.));
#6748=DIRECTION('',(0.,0.,1.));
#6749=DIRECTION('',(-1.,0.,0.));
#6750=DIRECTION('',(0.,0.,1.));
#6751=DIRECTION('',(0.,0.,1.));
#6752=DIRECTION('',(0.,-1.,0.));
#6753=DIRECTION('',(0.,0.,-1.));
#6754=DIRECTION('',(0.,0.,1.));
#6755=DIRECTION('',(-1.,0.,0.));
#6756=DIRECTION('',(0.,0.,1.));
#6757=DIRECTION('',(0.,0.,1.));
#6758=DIRECTION('',(0.,1.,0.));
#6759=DIRECTION('',(0.,0.,1.));
#6760=DIRECTION('',(0.,0.,1.));
#6761=DIRECTION('',(-1.,0.,0.));
#6762=DIRECTION('',(0.,0.,1.));
#6763=DIRECTION('',(0.,0.,1.));
#6764=DIRECTION('',(0.,-1.,0.));
#6765=DIRECTION('',(0.,0.,-1.));
#6766=DIRECTION('',(0.,0.,1.));
#6767=DIRECTION('',(1.,0.,0.));
#6768=DIRECTION('',(0.,0.,-1.));
#6769=DIRECTION('',(0.,0.,1.));
#6770=DIRECTION('',(0.,1.,0.));
#6771=DIRECTION('',(0.,0.,1.));
#6772=DIRECTION('',(0.,0.,1.));
#6773=DIRECTION('',(1.,0.,0.));
#6774=DIRECTION('',(0.,1.,0.));
#6775=DIRECTION('',(-1.,0.,0.));
#6776=DIRECTION('',(0.,-1.,0.));
#6777=DIRECTION('',(-1.,0.,0.));
#6778=DIRECTION('',(0.,-1.,0.));
#6779=DIRECTION('',(1.,0.,0.));
#6780=DIRECTION('',(0.,-1.,0.));
#6781=DIRECTION('',(-1.,0.,0.));
#6782=DIRECTION('',(0.,-1.,0.));
#6783=DIRECTION('',(1.,0.,0.));
#6784=DIRECTION('',(-1.,0.,0.));
#6785=DIRECTION('',(0.,0.,1.));
#6786=DIRECTION('',(0.,0.,1.));
#6787=DIRECTION('',(0.,0.,1.));
#6788=DIRECTION('',(0.,1.,0.));
#6789=DIRECTION('',(0.,0.,1.));
#6790=DIRECTION('',(0.,0.,1.));
#6791=DIRECTION('',(-1.,0.,0.));
#6792=DIRECTION('',(0.,0.,1.));
#6793=DIRECTION('',(0.,0.,1.));
#6794=DIRECTION('',(0.,-1.,0.));
#6795=DIRECTION('',(0.,0.,-1.));
#6796=DIRECTION('',(0.,0.,1.));
#6797=DIRECTION('',(-1.,0.,0.));
#6798=DIRECTION('',(0.,0.,1.));
#6799=DIRECTION('',(0.,0.,1.));
#6800=DIRECTION('',(0.,1.,0.));
#6801=DIRECTION('',(0.,0.,1.));
#6802=DIRECTION('',(0.,0.,1.));
#6803=DIRECTION('',(-1.,0.,0.));
#6804=DIRECTION('',(0.,0.,1.));
#6805=DIRECTION('',(0.,0.,1.));
#6806=DIRECTION('',(0.,-1.,0.));
#6807=DIRECTION('',(0.,0.,-1.));
#6808=DIRECTION('',(0.,0.,1.));
#6809=DIRECTION('',(1.,0.,0.));
#6810=DIRECTION('',(0.,0.,-1.));
#6811=DIRECTION('',(0.,0.,1.));
#6812=DIRECTION('',(0.,1.,0.));
#6813=DIRECTION('',(0.,0.,1.));
#6814=DIRECTION('',(0.,0.,1.));
#6815=DIRECTION('',(1.,0.,0.));
#6816=DIRECTION('',(0.,0.,-1.));
#6817=DIRECTION('',(-1.,0.,0.));
#6818=DIRECTION('',(0.,0.,-1.));
#6819=DIRECTION('',(-1.,0.,0.));
#6820=DIRECTION('',(0.,0.,1.));
#6821=DIRECTION('',(1.,0.,0.));
#6822=DIRECTION('',(0.,0.,1.));
#6823=DIRECTION('',(1.,0.,0.));
#6824=DIRECTION('',(0.,0.,1.));
#6825=DIRECTION('',(1.,0.,0.));
#6826=DIRECTION('',(0.,0.,-1.));
#6827=DIRECTION('',(-1.,0.,0.));
#6828=DIRECTION('',(0.,0.,-1.));
#6829=DIRECTION('',(-1.,0.,0.));
#6830=DIRECTION('',(0.,0.,-1.));
#6831=DIRECTION('',(-1.,0.,0.));
#6832=DIRECTION('',(0.,0.,-1.));
#6833=DIRECTION('',(-1.,0.,0.));
#6834=CARTESIAN_POINT('',(0.,0.,0.));
#6835=CARTESIAN_POINT('',(-0.0865,0.,0.0315));
#6836=CARTESIAN_POINT('',(-0.0865,0.,0.0315));
#6837=CARTESIAN_POINT('',(-0.0865,-0.0688819660112501,0.0315));
#6838=CARTESIAN_POINT('',(-0.0865,0.0688819660112501,0.0315));
#6839=CARTESIAN_POINT('',(-0.0865,0.0688819660112501,0.033));
#6840=CARTESIAN_POINT('',(-0.0865,0.0688819660112501,0.0318989794855664));
#6841=CARTESIAN_POINT('',(-0.0865,0.07,0.0318989794855664));
#6842=CARTESIAN_POINT('',(-0.0865,-0.0688819660112501,0.0318989794855664));
#6843=CARTESIAN_POINT('',(-0.0865,-0.0688819660112501,0.033));
#6844=CARTESIAN_POINT('',(0.,-0.071,0.0315));
#6845=CARTESIAN_POINT('',(-0.0855,-0.071,0.0318989794855664));
#6846=CARTESIAN_POINT('',(-0.0843819660112501,-0.071,0.0318989794855664));
#6847=CARTESIAN_POINT('',(0.0843819660112501,-0.071,0.0318989794855664));
#6848=CARTESIAN_POINT('',(0.0843819660112501,-0.071,0.033));
#6849=CARTESIAN_POINT('',(0.0843819660112501,-0.071,0.0315));
#6850=CARTESIAN_POINT('',(0.,-0.071,0.0315));
#6851=CARTESIAN_POINT('',(-0.0843819660112501,-0.071,0.0315));
#6852=CARTESIAN_POINT('',(-0.0843819660112501,-0.071,0.033));
#6853=CARTESIAN_POINT('',(0.0865,1.38777878078145E-17,0.0315));
#6854=CARTESIAN_POINT('',(0.0865,1.38777878078145E-17,0.0315));
#6855=CARTESIAN_POINT('',(0.0865,0.0688819660112501,0.0315));
#6856=CARTESIAN_POINT('',(0.0865,-0.0688819660112501,0.0315));
#6857=CARTESIAN_POINT('',(0.0865,-0.0688819660112501,0.033));
#6858=CARTESIAN_POINT('',(0.0865,-0.0688819660112501,0.0318989794855664));
#6859=CARTESIAN_POINT('',(0.0865,-0.07,0.0318989794855664));
#6860=CARTESIAN_POINT('',(0.0865,0.0688819660112501,0.0318989794855664));
#6861=CARTESIAN_POINT('',(0.0865,0.0688819660112501,0.033));
#6862=CARTESIAN_POINT('',(0.,0.071,0.0315));
#6863=CARTESIAN_POINT('',(0.,0.071,0.0315));
#6864=CARTESIAN_POINT('',(-0.0843819660112501,0.071,0.0315));
#6865=CARTESIAN_POINT('',(0.0843819660112501,0.071,0.0315));
#6866=CARTESIAN_POINT('',(0.0843819660112501,0.071,0.033));
#6867=CARTESIAN_POINT('',(0.0843819660112501,0.071,0.0318989794855664));
#6868=CARTESIAN_POINT('',(-5.36710025716581E-18,0.071,0.0318989794855664));
#6869=CARTESIAN_POINT('',(-0.0843819660112501,0.071,0.0318989794855664));
#6870=CARTESIAN_POINT('',(-0.0843819660112501,0.071,0.033));
#6871=CARTESIAN_POINT('',(-0.0855,-0.07,0.027));
#6872=CARTESIAN_POINT('',(-0.0855,-0.07,0.027));
#6873=CARTESIAN_POINT('',(-0.0855,-0.0715,0.0317696960070847));
#6874=CARTESIAN_POINT('',(-0.0855,-0.075,0.027));
#6875=CARTESIAN_POINT('',(-0.0855,-0.07,0.0317696960070847));
#6876=CARTESIAN_POINT('',(-0.087,-0.07,0.0317696960070847));
#6877=CARTESIAN_POINT('',(-0.0855,-0.07,0.027));
#6878=CARTESIAN_POINT('',(-0.0905,-0.07,0.027));
#6879=CARTESIAN_POINT('',(-0.0855,-0.07,0.027));
#6880=CARTESIAN_POINT('',(-7.66728608166545E-19,-0.07,0.027));
#6881=CARTESIAN_POINT('',(0.0855,-0.07,0.027));
#6882=CARTESIAN_POINT('',(0.0855,-0.0715,0.0317696960070847));
#6883=CARTESIAN_POINT('',(0.0855,-0.075,0.027));
#6884=CARTESIAN_POINT('',(0.0855,-0.0715,0.0317696960070848));
#6885=CARTESIAN_POINT('',(0.0850732603345837,-0.0715,0.0317696960070848));
#6886=CARTESIAN_POINT('',(0.084663038715647,-0.0713142488368256,0.0318348337103592));
#6887=CARTESIAN_POINT('',(0.0843819660112501,-0.071,0.0318989794855664));
#6888=CARTESIAN_POINT('',(-0.0843819660112501,-0.071,0.0318989794855664));
#6889=CARTESIAN_POINT('',(-0.0846631452050511,-0.0713143678955988,0.0318348094075889));
#6890=CARTESIAN_POINT('',(-0.0850730972664556,-0.0715,0.0317696960070847));
#6891=CARTESIAN_POINT('',(-0.0855,-0.0715,0.0317696960070847));
#6892=CARTESIAN_POINT('',(0.,-0.075,0.027));
#6893=CARTESIAN_POINT('',(-0.0855,-7.91033905045424E-18,0.027));
#6894=CARTESIAN_POINT('',(-0.0865,0.0688819660112501,0.0318989794855664));
#6895=CARTESIAN_POINT('',(-0.0868143678955988,0.0691631452050511,0.0318348094075889));
#6896=CARTESIAN_POINT('',(-0.087,0.0695730972664556,0.0317696960070848));
#6897=CARTESIAN_POINT('',(-0.087,0.07,0.0317696960070848));
#6898=CARTESIAN_POINT('',(-0.087,0.07,0.0317696960070847));
#6899=CARTESIAN_POINT('',(-0.0855,0.07,0.027));
#6900=CARTESIAN_POINT('',(-0.0905,0.07,0.027));
#6901=CARTESIAN_POINT('',(-0.0905,0.07,0.027));
#6902=CARTESIAN_POINT('',(-0.087,-0.07,0.0317696960070847));
#6903=CARTESIAN_POINT('',(-0.087,-0.0695732603345837,0.0317696960070847));
#6904=CARTESIAN_POINT('',(-0.0868142488368255,-0.069163038715647,0.0318348337103592));
#6905=CARTESIAN_POINT('',(-0.0865,-0.0688819660112501,0.0318989794855664));
#6906=CARTESIAN_POINT('',(0.0855,-0.07,0.027));
#6907=CARTESIAN_POINT('',(0.0855,-0.07,0.027));
#6908=CARTESIAN_POINT('',(0.087,-0.07,0.0317696960070847));
#6909=CARTESIAN_POINT('',(0.0905,-0.07,0.027));
#6910=CARTESIAN_POINT('',(0.0855,-0.07,0.0317696960070847));
#6911=CARTESIAN_POINT('',(0.0855,-0.07,0.027));
#6912=CARTESIAN_POINT('',(-0.0855,0.07,0.027));
#6913=CARTESIAN_POINT('',(-0.0855,0.07,0.0317696960070847));
#6914=CARTESIAN_POINT('',(-0.0855,0.0715,0.0317696960070847));
#6915=CARTESIAN_POINT('',(-0.0855,0.07,0.027));
#6916=CARTESIAN_POINT('',(-0.0855,0.075,0.027));
#6917=CARTESIAN_POINT('',(-0.0855,0.07,0.027));
#6918=CARTESIAN_POINT('',(0.0855,1.34151948808873E-17,0.027));
#6919=CARTESIAN_POINT('',(0.0865,-0.0688819660112501,0.0318989794855664));
#6920=CARTESIAN_POINT('',(0.0868143678955988,-0.0691631452050511,0.0318348094075889));
#6921=CARTESIAN_POINT('',(0.087,-0.0695730972664556,0.0317696960070847));
#6922=CARTESIAN_POINT('',(0.087,-0.07,0.0317696960070847));
#6923=CARTESIAN_POINT('',(0.0905,1.38777878078145E-17,0.027));
#6924=CARTESIAN_POINT('',(0.0905,0.07,0.027));
#6925=CARTESIAN_POINT('',(0.0855,0.07,0.027));
#6926=CARTESIAN_POINT('',(0.087,0.07,0.0317696960070847));
#6927=CARTESIAN_POINT('',(0.087,0.07,0.0317696960070847));
#6928=CARTESIAN_POINT('',(0.087,0.0695732603345837,0.0317696960070847));
#6929=CARTESIAN_POINT('',(0.0868142488368255,0.069163038715647,0.0318348337103592));
#6930=CARTESIAN_POINT('',(0.0865,0.0688819660112501,0.0318989794855664));
#6931=CARTESIAN_POINT('',(-5.36710025716581E-18,0.07,0.027));
#6932=CARTESIAN_POINT('',(0.0843819660112501,0.071,0.0318989794855664));
#6933=CARTESIAN_POINT('',(0.0846631452050511,0.0713143678955988,0.0318348094075889));
#6934=CARTESIAN_POINT('',(0.0850730972664556,0.0715,0.0317696960070847));
#6935=CARTESIAN_POINT('',(0.0855,0.0715,0.0317696960070847));
#6936=CARTESIAN_POINT('',(0.0855,0.0715,0.0317696960070847));
#6937=CARTESIAN_POINT('',(0.0855,0.07,0.027));
#6938=CARTESIAN_POINT('',(0.0855,0.075,0.027));
#6939=CARTESIAN_POINT('',(0.0855,0.075,0.027));
#6940=CARTESIAN_POINT('',(-0.0855,0.0715,0.0317696960070847));
#6941=CARTESIAN_POINT('',(-0.0850732603345837,0.0715,0.0317696960070847));
#6942=CARTESIAN_POINT('',(-0.084663038715647,0.0713142488368256,0.0318348337103592));
#6943=CARTESIAN_POINT('',(-0.0843819660112501,0.071,0.0318989794855664));
#6944=CARTESIAN_POINT('',(0.0855,0.07,0.027));
#6945=CARTESIAN_POINT('',(0.0855,0.07,0.0317696960070847));
#6946=CARTESIAN_POINT('',(0.0855,0.07,0.027));
#6947=CARTESIAN_POINT('',(0.,0.,0.032));
#6948=CARTESIAN_POINT('',(-0.0655710944915867,-0.0131913057863712,0.032));
#6949=CARTESIAN_POINT('',(-0.0514132484128264,-0.0131913057863712,0.032));
#6950=CARTESIAN_POINT('',(-0.0463710944915867,0.0581958070166224,0.032));
#6951=CARTESIAN_POINT('',(-0.0439826322492808,0.0581958070166224,0.032));
#6952=CARTESIAN_POINT('',(-0.0343226322492809,0.0581958070166224,0.032));
#6953=CARTESIAN_POINT('',(-0.031934170006975,0.0581958070166224,0.032));
#6954=CARTESIAN_POINT('',(0.0183079849431342,0.,0.032));
#6955=CARTESIAN_POINT('',(0.0183079849431342,0.0602558070166224,0.032));
#6956=CARTESIAN_POINT('',(0.0183079849431342,0.037264874941895,0.032));
#6957=CARTESIAN_POINT('',(0.,0.037264874941895,0.032));
#6958=CARTESIAN_POINT('',(-0.0161799246128442,0.037264874941895,0.032));
#6959=CARTESIAN_POINT('',(-0.0161799246128442,0.0552558070166224,0.032));
#6960=CARTESIAN_POINT('',(-0.0161799246128442,0.0602558070166224,0.032));
#6961=CARTESIAN_POINT('',(0.0133079849431342,0.0602558070166224,0.032));
#6962=CARTESIAN_POINT('',(0.00124702777247876,0.0276765339076519,0.032));
#6963=CARTESIAN_POINT('',(0.00534702777247876,0.0276765339076519,0.032));
#6964=CARTESIAN_POINT('',(-0.0356226322492808,0.0276765339076519,0.032));
#6965=CARTESIAN_POINT('',(-0.0315226322492808,0.0276765339076519,0.032));
#6966=CARTESIAN_POINT('',(0.00950343986095224,0.00675658185916505,0.032));
#6967=CARTESIAN_POINT('',(-0.0136310673029778,0.00675658185916505,0.032));
#6968=CARTESIAN_POINT('',(0.0145034398609522,0.00675658185916505,0.032));
#6969=CARTESIAN_POINT('',(0.0145034398609522,0.,0.032));
#6970=CARTESIAN_POINT('',(0.0145034398609522,-0.0287571221810143,0.032));
#6971=CARTESIAN_POINT('',(0.,-0.0287571221810143,0.032));
#6972=CARTESIAN_POINT('',(-0.0136310673029778,-0.0287571221810143,0.032));
#6973=CARTESIAN_POINT('',(-0.0136310673029778,0.00175658185916504,0.032));
#6974=CARTESIAN_POINT('',(0.0855,-0.065,0.032));
#6975=CARTESIAN_POINT('',(-0.0805,-0.065,0.032));
#6976=CARTESIAN_POINT('',(0.00934887136787313,-0.065,0.032));
#6977=CARTESIAN_POINT('',(0.0213352982347782,0.0751,0.032));
#6978=CARTESIAN_POINT('',(0.0180931493287412,0.0735991344866662,0.032));
#6979=CARTESIAN_POINT('',(0.0110630511313822,0.0703447398719957,0.032));
#6980=CARTESIAN_POINT('',(0.0339341634035766,0.0671207083011775,0.032));
#6981=CARTESIAN_POINT('',(0.0106285080037001,-0.00311792876173491,0.032));
#6982=CARTESIAN_POINT('',(0.0242518595272449,-0.045755268754119,0.032));
#6983=CARTESIAN_POINT('',(0.00628444299461789,-0.0677938263387763,0.032));
#6984=CARTESIAN_POINT('',(0.0103216319200082,-0.0691087928404758,0.032));
#6985=CARTESIAN_POINT('',(0.012600472971299,-0.0726867809002961,0.032));
#6986=CARTESIAN_POINT('',(0.0140737754409836,-0.075,0.032));
#6987=CARTESIAN_POINT('',(0.0233079849494448,0.065,0.032));
#6988=CARTESIAN_POINT('',(-0.0855,0.065,0.032));
#6989=CARTESIAN_POINT('',(-0.0805,0.065,0.032));
#6990=CARTESIAN_POINT('',(-0.0805,-0.07,0.032));
#6991=CARTESIAN_POINT('',(0.0620125643908978,-0.0116913057863712,0.0295));
#6992=CARTESIAN_POINT('',(0.0493332871436061,-0.0053920570949652,0.0315));
#6993=CARTESIAN_POINT('',(0.0493332871436061,-0.0053920570949652,0.0315));
#6994=CARTESIAN_POINT('',(0.0493332871436061,-0.0053920570949652,0.0321));
#6995=CARTESIAN_POINT('',(0.0620125643908978,-0.0116913057863712,0.0315));
#6996=CARTESIAN_POINT('',(0.0493332871436061,-0.0179905544777773,0.0315));
#6997=CARTESIAN_POINT('',(0.0493332871436061,-0.0179905544777773,0.0315));
#6998=CARTESIAN_POINT('',(0.0493332871436061,-0.0179905544777773,0.0321));
#6999=CARTESIAN_POINT('',(0.0620125643908978,-0.0116913057863712,0.0321));
#7000=CARTESIAN_POINT('',(0.0476714037358761,-0.0483150258660317,0.0295));
#7001=CARTESIAN_POINT('',(0.0476714037358761,-0.0483150258660317,0.0265));
#7002=CARTESIAN_POINT('',(0.0505281927295078,-0.0483150258660317,0.0265));
#7003=CARTESIAN_POINT('',(0.0476714037358761,-0.0483150258660317,0.0315));
#7004=CARTESIAN_POINT('',(0.0493332871436061,-0.045991367781621,0.0315));
#7005=CARTESIAN_POINT('',(0.0458332871436061,-0.0461281169179141,0.0315));
#7006=CARTESIAN_POINT('',(0.0458332871436061,-0.0461281169179141,0.0315));
#7007=CARTESIAN_POINT('',(0.0458332871436061,-0.0461281169179141,0.0321));
#7008=CARTESIAN_POINT('',(0.0476714037358761,-0.0483150258660317,0.0321));
#7009=CARTESIAN_POINT('',(0.0493332871436061,-0.045991367781621,0.0321));
#7010=CARTESIAN_POINT('',(0.0493332871436061,-0.045991367781621,0.0315));
#7011=CARTESIAN_POINT('',(0.0234338156878948,-0.0485143065452576,0.0295));
#7012=CARTESIAN_POINT('',(0.0234338156878948,-0.0485143065452576,0.0265));
#7013=CARTESIAN_POINT('',(0.0261671126373601,-0.0485143065452576,0.0265));
#7014=CARTESIAN_POINT('',(0.0234338156878948,-0.0485143065452576,0.0315));
#7015=CARTESIAN_POINT('',(0.0254421788337709,-0.0466602866725909,0.0315));
#7016=CARTESIAN_POINT('',(0.0219421788337709,-0.04622390664363,0.0315));
#7017=CARTESIAN_POINT('',(0.0219421788337709,-0.04622390664363,0.0315));
#7018=CARTESIAN_POINT('',(0.0219421788337709,-0.04622390664363,0.0321));
#7019=CARTESIAN_POINT('',(0.0234338156878948,-0.0485143065452576,0.0321));
#7020=CARTESIAN_POINT('',(0.0254421788337709,-0.0466602866725909,0.0321));
#7021=CARTESIAN_POINT('',(0.0254421788337709,-0.0466602866725909,0.0315));
#7022=CARTESIAN_POINT('',(-2.01693375454365E-5,0.0705527327957561,0.0135));
#7023=CARTESIAN_POINT('',(0.00784263669563647,0.0705950388951557,0.0135));
#7024=CARTESIAN_POINT('',(0.00784263669563647,0.0705950388951557,0.013));
#7025=CARTESIAN_POINT('',(0.00784263669563647,0.0705950388951557,0.0135));
#7026=CARTESIAN_POINT('',(-2.01693375454365E-5,0.0705527327957561,0.013));
#7027=CARTESIAN_POINT('',(0.0590350478887558,0.0708704814314842,0.013));
#7028=CARTESIAN_POINT('',(0.0590350478887558,0.0708704814314842,0.0135));
#7029=CARTESIAN_POINT('',(0.0590350478887558,0.0708704814314842,0.0135));
#7030=CARTESIAN_POINT('',(-2.01693375454365E-5,0.0705527327957561,0.0135));
#7031=CARTESIAN_POINT('',(0.0697675232200733,0.065,0.0135));
#7032=CARTESIAN_POINT('',(0.00784263669563647,0.065,0.0135));
#7033=CARTESIAN_POINT('',(0.00784263669563647,0.065,0.0135));
#7034=CARTESIAN_POINT('',(0.00784263669563647,0.065,0.021));
#7035=CARTESIAN_POINT('',(0.,0.065,0.0135));
#7036=CARTESIAN_POINT('',(0.0590350464401466,0.065,0.0135));
#7037=CARTESIAN_POINT('',(0.0590350464401466,0.065,0.0135));
#7038=CARTESIAN_POINT('',(0.0590350464401466,0.065,0.013));
#7039=CARTESIAN_POINT('',(0.0697675232200733,0.065,0.013));
#7040=CARTESIAN_POINT('',(0.0805,0.065,0.013));
#7041=CARTESIAN_POINT('',(0.0805,0.065,0.0135));
#7042=CARTESIAN_POINT('',(0.0805,0.065,0.0265));
#7043=CARTESIAN_POINT('',(0.,0.065,0.0265));
#7044=CARTESIAN_POINT('',(-0.0805,0.065,0.0265));
#7045=CARTESIAN_POINT('',(-0.0805,0.065,0.0135));
#7046=CARTESIAN_POINT('',(-0.0805,0.065,0.013));
#7047=CARTESIAN_POINT('',(-0.0697876970795692,0.065,0.013));
#7048=CARTESIAN_POINT('',(-0.0590753941591384,0.065,0.013));
#7049=CARTESIAN_POINT('',(-0.0590753941591384,0.065,0.0135));
#7050=CARTESIAN_POINT('',(-0.0590753941591384,0.065,0.0135));
#7051=CARTESIAN_POINT('',(0.,0.065,0.0135));
#7052=CARTESIAN_POINT('',(-0.00515736330436353,0.065,0.0135));
#7053=CARTESIAN_POINT('',(-0.00515736330436353,0.065,0.0135));
#7054=CARTESIAN_POINT('',(-0.00515736330436353,0.065,0.021));
#7055=CARTESIAN_POINT('',(0.0697675232200733,0.065,0.021));
#7056=CARTESIAN_POINT('',(0.,0.,0.0135));
#7057=CARTESIAN_POINT('',(0.00784263669563647,6.01317391800122E-19,0.0135));
#7058=CARTESIAN_POINT('',(0.0590350471644512,0.0679352407157421,0.0135));
#7059=CARTESIAN_POINT('',(0.,0.075,0.0135));
#7060=CARTESIAN_POINT('',(-0.0855,0.075,0.0135));
#7061=CARTESIAN_POINT('',(-0.0855,0.075,0.013));
#7062=CARTESIAN_POINT('',(0.0855,0.075,0.013));
#7063=CARTESIAN_POINT('',(0.0855,0.075,0.013));
#7064=CARTESIAN_POINT('',(0.,0.075,0.013));
#7065=CARTESIAN_POINT('',(0.00834263669563647,0.075,0.013));
#7066=CARTESIAN_POINT('',(0.00834263669563647,0.075,0.017));
#7067=CARTESIAN_POINT('',(0.00834263669563647,0.075,0.0205));
#7068=CARTESIAN_POINT('',(0.00734263669563647,0.075,0.0205));
#7069=CARTESIAN_POINT('',(0.00734263669563647,0.075,0.0215));
#7070=CARTESIAN_POINT('',(0.00134263669563647,0.075,0.0215));
#7071=CARTESIAN_POINT('',(-0.00465736330436353,0.075,0.0215));
#7072=CARTESIAN_POINT('',(-0.00465736330436353,0.075,0.0205));
#7073=CARTESIAN_POINT('',(-0.00565736330436353,0.075,0.0205));
#7074=CARTESIAN_POINT('',(-0.00565736330436353,0.075,0.017));
#7075=CARTESIAN_POINT('',(-0.00565736330436353,0.075,0.013));
#7076=CARTESIAN_POINT('',(0.,0.075,0.013));
#7077=CARTESIAN_POINT('',(0.,0.,0.0135));
#7078=CARTESIAN_POINT('',(-0.0107324928194284,-0.065,0.0135));
#7079=CARTESIAN_POINT('',(-0.0590755827724934,-0.065,0.0135));
#7080=CARTESIAN_POINT('',(-0.00342525725561734,-0.065,0.0135));
#7081=CARTESIAN_POINT('',(-0.00342525725561734,0.02267,0.0135));
#7082=CARTESIAN_POINT('',(-0.00342525725561734,-0.0701000305782279,0.0135));
#7083=CARTESIAN_POINT('',(-2.02842056751251E-5,-0.0701000355184078,0.0135));
#7084=CARTESIAN_POINT('',(-0.0590755827724934,-0.070099949836731,0.0135));
#7085=CARTESIAN_POINT('',(-0.0590755827724934,-0.0675499749183655,0.0135));
#7086=CARTESIAN_POINT('',(0.0905,1.38777878078145E-17,0.0135));
#7087=CARTESIAN_POINT('',(0.0905,0.07,0.032));
#7088=CARTESIAN_POINT('',(0.0905,0.07,0.013));
#7089=CARTESIAN_POINT('',(0.0905,-0.07,0.0135));
#7090=CARTESIAN_POINT('',(0.0905,-0.07,0.013));
#7091=CARTESIAN_POINT('',(0.0905,1.38777878078145E-17,0.013));
#7092=CARTESIAN_POINT('',(-0.0905,-1.38777878078145E-17,0.0135));
#7093=CARTESIAN_POINT('',(-0.0905,-0.07,0.032));
#7094=CARTESIAN_POINT('',(-0.0905,-0.07,0.013));
#7095=CARTESIAN_POINT('',(-0.0905,0.07,0.0135));
#7096=CARTESIAN_POINT('',(-0.0905,0.07,0.013));
#7097=CARTESIAN_POINT('',(-0.0905,-1.38777878078145E-17,0.013));
#7098=CARTESIAN_POINT('',(-0.0805,0.,0.0135));
#7099=CARTESIAN_POINT('',(-0.0805,0.,0.013));
#7100=CARTESIAN_POINT('',(-0.0805,-0.065,0.013));
#7101=CARTESIAN_POINT('',(-0.0805,0.,0.0265));
#7102=CARTESIAN_POINT('',(-0.0805,-0.0011850221524427,0.0265));
#7103=CARTESIAN_POINT('',(-0.0805,-0.0011850221524427,0.0265));
#7104=CARTESIAN_POINT('',(-0.0805,-0.00222190484661673,0.0265));
#7105=CARTESIAN_POINT('',(-0.0805,-0.0042508497909739,0.0267464787576169));
#7106=CARTESIAN_POINT('',(-0.0805,-0.00721722456384715,0.0275347926837593));
#7107=CARTESIAN_POINT('',(-0.0805,-0.00966963604512437,0.0283105591957671));
#7108=CARTESIAN_POINT('',(-0.0805,-0.0116628132112977,0.0287468817726365));
#7109=CARTESIAN_POINT('',(-0.0805,-0.013742072563771,0.0289213174439303));
#7110=CARTESIAN_POINT('',(-0.0805,-0.0162570228536517,0.0284593016256255));
#7111=CARTESIAN_POINT('',(-0.0805,-0.0201574309291122,0.0272203825206388));
#7112=CARTESIAN_POINT('',(-0.0805,-0.0231283114944105,0.0265));
#7113=CARTESIAN_POINT('',(-0.0805,-0.0251975894202998,0.0265));
#7114=CARTESIAN_POINT('',(-0.0805,-0.0251975894202998,0.0265));
#7115=CARTESIAN_POINT('',(-0.0805,0.,0.0265));
#7116=CARTESIAN_POINT('',(-0.0805,-0.065,0.0265));
#7117=CARTESIAN_POINT('',(-0.0805,-0.065,0.0135));
#7118=CARTESIAN_POINT('',(-0.0590753903614925,0.067617492080014,0.0135));
#7119=CARTESIAN_POINT('',(-0.0590753903614925,0.067617492080014,0.013));
#7120=CARTESIAN_POINT('',(-0.0590753865638466,0.0702349841600281,0.013));
#7121=CARTESIAN_POINT('',(-0.0590753865638466,0.0702349841600281,0.0135));
#7122=CARTESIAN_POINT('',(-0.0590753865638466,0.0702349841600281,0.0135));
#7123=CARTESIAN_POINT('',(-0.0590753903614925,0.067617492080014,0.0135));
#7124=CARTESIAN_POINT('',(-2.01693375454365E-5,0.0705527327957561,0.0135));
#7125=CARTESIAN_POINT('',(-2.01693375454365E-5,0.0705527327957561,0.013));
#7126=CARTESIAN_POINT('',(-0.00515736330436353,0.0705250919462073,0.013));
#7127=CARTESIAN_POINT('',(-0.00515736330436353,0.0705250919462073,0.0135));
#7128=CARTESIAN_POINT('',(-0.00515736330436353,0.0705250919462073,0.0135));
#7129=CARTESIAN_POINT('',(-2.01693375454365E-5,0.0705527327957561,0.0135));
#7130=CARTESIAN_POINT('',(0.0590350471644512,0.0679352407157421,0.0135));
#7131=CARTESIAN_POINT('',(0.0590350471644512,0.0679352407157421,0.013));
#7132=CARTESIAN_POINT('',(0.0805,0.,0.0135));
#7133=CARTESIAN_POINT('',(0.0805,0.,0.013));
#7134=CARTESIAN_POINT('',(0.0805,-0.065,0.013));
#7135=CARTESIAN_POINT('',(0.0805,-0.065,0.0135));
#7136=CARTESIAN_POINT('',(0.0805,-0.065,0.0265));
#7137=CARTESIAN_POINT('',(0.0805,0.,0.0265));
#7138=CARTESIAN_POINT('',(0.0805,-0.0167150286068272,0.0265));
#7139=CARTESIAN_POINT('',(0.0805,-0.0167150286068272,0.0265));
#7140=CARTESIAN_POINT('',(0.0805,-0.0150403190804102,0.0265));
#7141=CARTESIAN_POINT('',(0.0805,-0.0116913057863712,0.0265902977235089));
#7142=CARTESIAN_POINT('',(0.0805,-0.00834229249233222,0.0265));
#7143=CARTESIAN_POINT('',(0.0805,-0.00666758296591525,0.0265));
#7144=CARTESIAN_POINT('',(0.0805,-0.00666758296591525,0.0265));
#7145=CARTESIAN_POINT('',(0.0805,0.,0.0265));
#7146=CARTESIAN_POINT('',(0.0697675071805716,-0.065,0.0135));
#7147=CARTESIAN_POINT('',(-0.004165,-0.065,0.0135));
#7148=CARTESIAN_POINT('',(-0.004165,-0.065,0.015125));
#7149=CARTESIAN_POINT('',(-0.00416500000000005,-0.065,0.014525));
#7150=CARTESIAN_POINT('',(-0.003085,-0.065,0.014525));
#7151=CARTESIAN_POINT('',(-0.0590755827724934,-0.065,0.0135));
#7152=CARTESIAN_POINT('',(-0.0590755827724934,-0.065,0.013));
#7153=CARTESIAN_POINT('',(-0.0697877913862467,-0.065,0.013));
#7154=CARTESIAN_POINT('',(-0.0107324928194284,-0.065,0.0265));
#7155=CARTESIAN_POINT('',(0.0697675071805716,-0.065,0.013));
#7156=CARTESIAN_POINT('',(0.0590350143611431,-0.065,0.013));
#7157=CARTESIAN_POINT('',(0.0590350143611431,-0.065,0.0135));
#7158=CARTESIAN_POINT('',(0.0590350143611431,-0.065,0.0135));
#7159=CARTESIAN_POINT('',(-0.0107324928194284,-0.065,0.0135));
#7160=CARTESIAN_POINT('',(0.00363525725561717,-0.065,0.0135));
#7161=CARTESIAN_POINT('',(0.003295,-0.065,0.014525));
#7162=CARTESIAN_POINT('',(0.004375,-0.065,0.014525));
#7163=CARTESIAN_POINT('',(0.00437499999999989,-0.065,0.013500000000006));
#7164=CARTESIAN_POINT('',(0.00437500000000005,-0.065,0.015125));
#7165=CARTESIAN_POINT('',(0.00329500000000015,-0.065,0.015125));
#7166=CARTESIAN_POINT('',(0.003295,-0.065,0.016205));
#7167=CARTESIAN_POINT('',(0.0697675071805716,-0.065,0.016205));
#7168=CARTESIAN_POINT('',(-0.003085,-0.065,0.016205));
#7169=CARTESIAN_POINT('',(-0.003085,-0.065,0.015125));
#7170=CARTESIAN_POINT('',(0.0590350143611431,-0.0675500606000423,0.0135));
#7171=CARTESIAN_POINT('',(0.0590350143611431,-0.0675500606000423,0.013));
#7172=CARTESIAN_POINT('',(0.0590350143611431,-0.0701001212000847,0.013));
#7173=CARTESIAN_POINT('',(0.0590350143611431,-0.0701001212000847,0.0135));
#7174=CARTESIAN_POINT('',(0.0590350143611431,-0.0701001212000847,0.0135));
#7175=CARTESIAN_POINT('',(0.0590350143611431,-0.0675500606000423,0.0135));
#7176=CARTESIAN_POINT('',(-2.02842056751251E-5,-0.0701000355184078,0.0135));
#7177=CARTESIAN_POINT('',(-0.003085,-0.0701000310718976,0.014525));
#7178=CARTESIAN_POINT('',(-0.003085,-0.0701000357001792,0.013445));
#7179=CARTESIAN_POINT('',(-2.02842056751251E-5,-0.0701000355184078,0.013445));
#7180=CARTESIAN_POINT('',(0.003295,-0.0701000403284607,0.013445));
#7181=CARTESIAN_POINT('',(0.003295,-0.0701000403284607,0.014525));
#7182=CARTESIAN_POINT('',(0.00363525725561717,-0.0701000408221304,0.0135));
#7183=CARTESIAN_POINT('',(-2.02842056751251E-5,-0.0701000355184078,0.0135));
#7184=CARTESIAN_POINT('',(-2.02842056751251E-5,-0.0701000355184078,0.013));
#7185=CARTESIAN_POINT('',(-0.0590755827724934,-0.070099949836731,0.013));
#7186=CARTESIAN_POINT('',(-0.0590755827724934,-0.070099949836731,0.0135));
#7187=CARTESIAN_POINT('',(-0.0590755827724934,-0.0675499749183655,0.0135));
#7188=CARTESIAN_POINT('',(-0.0590755827724934,-0.0675499749183655,0.013));
#7189=CARTESIAN_POINT('',(0.,-0.075,0.0135));
#7190=CARTESIAN_POINT('',(0.0855,-0.075,0.0135));
#7191=CARTESIAN_POINT('',(0.0855,-0.075,0.013));
#7192=CARTESIAN_POINT('',(-0.0855,-0.075,0.013));
#7193=CARTESIAN_POINT('',(-0.0855,-0.075,0.013));
#7194=CARTESIAN_POINT('',(0.,-0.075,0.013));
#7195=CARTESIAN_POINT('',(0.00329500000000015,-0.075,0.015125));
#7196=CARTESIAN_POINT('',(0.00437500000000005,-0.075,0.015125));
#7197=CARTESIAN_POINT('',(0.003295,-0.075,0.016205));
#7198=CARTESIAN_POINT('',(0.00437499999999989,-0.075,0.0134999999999996));
#7199=CARTESIAN_POINT('',(0.004375,-0.075,0.014525));
#7200=CARTESIAN_POINT('',(0.003295,-0.075,0.014525));
#7201=CARTESIAN_POINT('',(0.003295,-0.075,0.013445));
#7202=CARTESIAN_POINT('',(0.,-0.075,0.013445));
#7203=CARTESIAN_POINT('',(-0.003085,-0.075,0.013445));
#7204=CARTESIAN_POINT('',(-0.003085,-0.075,0.014525));
#7205=CARTESIAN_POINT('',(-0.00416500000000005,-0.075,0.014525));
#7206=CARTESIAN_POINT('',(-0.004165,-0.075,0.0135));
#7207=CARTESIAN_POINT('',(-0.004165,-0.075,0.015125));
#7208=CARTESIAN_POINT('',(-0.003085,-0.075,0.015125));
#7209=CARTESIAN_POINT('',(-0.003085,-0.075,0.016205));
#7210=CARTESIAN_POINT('',(0.,-0.075,0.016205));
#7211=CARTESIAN_POINT('',(0.,0.,0.013));
#7212=CARTESIAN_POINT('',(0.0855,-0.07,0.013));
#7213=CARTESIAN_POINT('',(0.087,-0.07,0.013));
#7214=CARTESIAN_POINT('',(0.0855,0.07,0.013));
#7215=CARTESIAN_POINT('',(0.087,0.07,0.013));
#7216=CARTESIAN_POINT('',(-0.0855,0.07,0.013));
#7217=CARTESIAN_POINT('',(-0.084,0.07,0.013));
#7218=CARTESIAN_POINT('',(-0.0855,-0.07,0.013));
#7219=CARTESIAN_POINT('',(-0.084,-0.07,0.013));
#7220=CARTESIAN_POINT('',(0.0855,-0.07,0.013));
#7221=CARTESIAN_POINT('',(-0.0855,-0.07,0.013));
#7222=CARTESIAN_POINT('',(-0.0855,0.07,0.013));
#7223=CARTESIAN_POINT('',(-0.00565736330436353,0.077,0.013));
#7224=CARTESIAN_POINT('',(-0.00565736330436353,0.077,0.013));
#7225=CARTESIAN_POINT('',(-1.53345721633309E-19,0.077,0.013));
#7226=CARTESIAN_POINT('',(-0.00515736330436353,0.077,0.013));
#7227=CARTESIAN_POINT('',(-0.00515736330436353,0.077,0.013));
#7228=CARTESIAN_POINT('',(0.00784263669563647,0.077,0.013));
#7229=CARTESIAN_POINT('',(0.00784263669563647,0.077,0.013));
#7230=CARTESIAN_POINT('',(-1.53345721633309E-19,0.077,0.013));
#7231=CARTESIAN_POINT('',(0.00834263669563647,0.077,0.013));
#7232=CARTESIAN_POINT('',(0.00834263669563647,0.077,0.013));
#7233=CARTESIAN_POINT('',(0.0855,0.07,0.013));
#7234=CARTESIAN_POINT('',(0.,0.,0.0135));
#7235=CARTESIAN_POINT('',(-0.00515736330436353,-3.95429798816386E-19,0.0135));
#7236=CARTESIAN_POINT('',(0.,0.,0.0135));
#7237=CARTESIAN_POINT('',(0.00363525725561717,0.02267,0.0135));
#7238=CARTESIAN_POINT('',(0.00329500000000015,0.02267,0.015125));
#7239=CARTESIAN_POINT('',(0.00437500000000005,0.02267,0.015125));
#7240=CARTESIAN_POINT('',(0.003295,0.02267,0.016205));
#7241=CARTESIAN_POINT('',(0.000104999999999995,0.02267,0.016205));
#7242=CARTESIAN_POINT('',(-0.003085,0.02267,0.016205));
#7243=CARTESIAN_POINT('',(-0.003085,0.02267,0.015125));
#7244=CARTESIAN_POINT('',(-0.004165,0.02267,0.015125));
#7245=CARTESIAN_POINT('',(-0.004165,0.02267,0.015125));
#7246=CARTESIAN_POINT('',(-0.00416500000000005,0.02267,0.014525));
#7247=CARTESIAN_POINT('',(-0.003085,0.02267,0.013445));
#7248=CARTESIAN_POINT('',(-0.003085,0.02267,0.013445));
#7249=CARTESIAN_POINT('',(0.003295,0.02267,0.013445));
#7250=CARTESIAN_POINT('',(0.004375,0.02267,0.014825));
#7251=CARTESIAN_POINT('',(0.004375,0.02267,0.014525));
#7252=CARTESIAN_POINT('',(-0.003085,0.02267,0.014525));
#7253=CARTESIAN_POINT('',(0.003295,0.02267,0.014525));
#7254=CARTESIAN_POINT('',(0.001064030165145,0.042264874941895,0.0295));
#7255=CARTESIAN_POINT('',(-0.0111799246128442,0.042264874941895,0.0295));
#7256=CARTESIAN_POINT('',(-0.0111799246128442,0.042264874941895,0.027));
#7257=CARTESIAN_POINT('',(-0.0111799246128442,0.042264874941895,0.0265));
#7258=CARTESIAN_POINT('',(0.001064030165145,0.042264874941895,0.027));
#7259=CARTESIAN_POINT('',(0.0133079849431342,0.042264874941895,0.027));
#7260=CARTESIAN_POINT('',(0.0133079849431342,0.042264874941895,0.0295));
#7261=CARTESIAN_POINT('',(0.0133079849431342,0.042264874941895,0.0265));
#7262=CARTESIAN_POINT('',(0.001064030165145,0.042264874941895,0.0265));
#7263=CARTESIAN_POINT('',(-0.0111799246128442,0.0487603409792587,0.0295));
#7264=CARTESIAN_POINT('',(-0.0111799246128442,0.0552558070166224,0.0295));
#7265=CARTESIAN_POINT('',(-0.0111799246128442,0.0552558070166224,0.027));
#7266=CARTESIAN_POINT('',(-0.0111799246128442,0.0552558070166224,0.0265));
#7267=CARTESIAN_POINT('',(-0.0111799246128442,0.042264874941895,0.027));
#7268=CARTESIAN_POINT('',(-0.0111799246128442,0.0487603409792587,0.0265));
#7269=CARTESIAN_POINT('',(0.001064030165145,0.0552558070166224,0.0295));
#7270=CARTESIAN_POINT('',(0.0133079849431342,0.0552558070166224,0.0295));
#7271=CARTESIAN_POINT('',(0.0133079849431342,0.0552558070166224,0.027));
#7272=CARTESIAN_POINT('',(0.0133079849431342,0.0552558070166224,0.0265));
#7273=CARTESIAN_POINT('',(-0.0111799246128442,0.0552558070166224,0.027));
#7274=CARTESIAN_POINT('',(0.001064030165145,0.0552558070166224,0.0265));
#7275=CARTESIAN_POINT('',(0.000436186278987227,-0.0237571221810143,0.0295));
#7276=CARTESIAN_POINT('',(-0.00863106730297778,-0.0237571221810143,0.0295));
#7277=CARTESIAN_POINT('',(-0.00863106730297778,-0.0237571221810143,0.027));
#7278=CARTESIAN_POINT('',(-0.00863106730297778,-0.0237571221810143,0.0265));
#7279=CARTESIAN_POINT('',(0.000436186278987227,-0.0237571221810143,0.027));
#7280=CARTESIAN_POINT('',(0.00950343986095224,-0.0237571221810143,0.027));
#7281=CARTESIAN_POINT('',(0.00950343986095224,-0.0237571221810143,0.0295));
#7282=CARTESIAN_POINT('',(0.00950343986095224,-0.0237571221810143,0.0265));
#7283=CARTESIAN_POINT('',(0.000436186278987227,-0.0237571221810143,0.0265));
#7284=CARTESIAN_POINT('',(-0.00863106730297778,-0.0110002701609246,0.0295));
#7285=CARTESIAN_POINT('',(-0.00863106730297778,0.00175658185916504,0.0295));
#7286=CARTESIAN_POINT('',(-0.00863106730297778,0.00175658185916504,0.027));
#7287=CARTESIAN_POINT('',(-0.00863106730297778,0.00175658185916504,0.0265));
#7288=CARTESIAN_POINT('',(-0.00863106730297778,-0.0237571221810143,0.027));
#7289=CARTESIAN_POINT('',(-0.00863106730297778,-0.0110002701609246,0.0265));
#7290=CARTESIAN_POINT('',(0.000436186278987227,0.00175658185916504,0.0295));
#7291=CARTESIAN_POINT('',(0.00950343986095224,0.00175658185916504,0.0295));
#7292=CARTESIAN_POINT('',(0.00950343986095224,0.00175658185916504,0.027));
#7293=CARTESIAN_POINT('',(0.00950343986095224,0.00175658185916504,0.0265));
#7294=CARTESIAN_POINT('',(-0.00863106730297778,0.00175658185916504,0.027));
#7295=CARTESIAN_POINT('',(0.000436186278987227,0.00175658185916504,0.0265));
#7296=CARTESIAN_POINT('',(0.00950343986095224,-0.0110002701609246,0.0295));
#7297=CARTESIAN_POINT('',(0.00950343986095224,-0.0110002701609246,0.027));
#7298=CARTESIAN_POINT('',(0.00950343986095224,-0.0110002701609246,0.0265));
#7299=CARTESIAN_POINT('',(-0.0655710944915867,-0.0131913057863712,0.0295));
#7300=CARTESIAN_POINT('',(-0.0655710944915867,-0.0131913057863712,0.0315));
#7301=CARTESIAN_POINT('',(-0.0514132484128264,-0.0131913057863712,0.0315));
#7302=CARTESIAN_POINT('',(-0.0356226322492808,0.0276765339076519,0.0295));
#7303=CARTESIAN_POINT('',(-0.0356226322492808,0.0276765339076519,0.0305));
#7304=CARTESIAN_POINT('',(-0.0330226322492808,0.0276765339076519,0.0305));
#7305=CARTESIAN_POINT('',(-0.0356226322492808,0.0276765339076519,0.0265));
#7306=CARTESIAN_POINT('',(-0.0330226322492808,0.0276765339076519,0.0265));
#7307=CARTESIAN_POINT('',(0.0379650369452258,0.0276765339076519,0.0295));
#7308=CARTESIAN_POINT('',(0.0379650369452258,0.0276765339076519,0.0305));
#7309=CARTESIAN_POINT('',(0.0405650369452258,0.0276765339076519,0.0305));
#7310=CARTESIAN_POINT('',(0.0379650369452258,0.0276765339076519,0.0265));
#7311=CARTESIAN_POINT('',(0.0405650369452258,0.0276765339076519,0.0265));
#7312=CARTESIAN_POINT('',(0.00124702777247876,0.0276765339076519,0.0295));
#7313=CARTESIAN_POINT('',(0.00124702777247876,0.0276765339076519,0.0305));
#7314=CARTESIAN_POINT('',(0.00384702777247876,0.0276765339076519,0.0305));
#7315=CARTESIAN_POINT('',(0.00124702777247876,0.0276765339076519,0.0265));
#7316=CARTESIAN_POINT('',(0.00384702777247876,0.0276765339076519,0.0265));
#7317=CARTESIAN_POINT('',(0.0355650369452258,-0.0485143065452576,0.0295));
#7318=CARTESIAN_POINT('',(0.0355650369452258,-0.0485143065452576,0.0265));
#7319=CARTESIAN_POINT('',(0.0382983338946911,-0.0485143065452576,0.0265));
#7320=CARTESIAN_POINT('',(0.0355650369452258,-0.0485143065452576,0.0321));
#7321=CARTESIAN_POINT('',(0.0382983338946911,-0.0485143065452576,0.0321));
#7322=CARTESIAN_POINT('',(-0.0463710944915867,0.0581958070166224,0.0295));
#7323=CARTESIAN_POINT('',(-0.0463710944915867,0.0581958070166224,0.0265));
#7324=CARTESIAN_POINT('',(-0.0439826322492808,0.0581958070166224,0.0265));
#7325=CARTESIAN_POINT('',(-0.0343226322492809,0.0581958070166224,0.0295));
#7326=CARTESIAN_POINT('',(-0.0343226322492809,0.0581958070166224,0.0265));
#7327=CARTESIAN_POINT('',(-0.031934170006975,0.0581958070166224,0.0265));
#7328=CARTESIAN_POINT('',(0.0328850369452258,0.0518190525472164,0.0295));
#7329=CARTESIAN_POINT('',(0.0328850369452258,0.0518190525472164,0.0305));
#7330=CARTESIAN_POINT('',(0.0348872586808586,0.0518190525472164,0.0305));
#7331=CARTESIAN_POINT('',(0.0328850369452258,0.0518190525472164,0.0265));
#7332=CARTESIAN_POINT('',(0.0348838744212986,0.0518190525472164,0.0265));
#7333=CARTESIAN_POINT('',(0.0133079849431342,0.0487603409792587,0.0295));
#7334=CARTESIAN_POINT('',(0.0133079849431342,0.0487603409792587,0.027));
#7335=CARTESIAN_POINT('',(0.0133079849431342,0.0487603409792587,0.0265));
#7336=CARTESIAN_POINT('',(0.,0.,0.0265));
#7337=CARTESIAN_POINT('',(0.0328850369452258,0.0518190525472164,0.0265));
#7338=CARTESIAN_POINT('',(0.0353975589556707,0.0518190525472164,0.0265));
#7339=CARTESIAN_POINT('',(0.0405635446167824,0.0518190525472164,0.0265));
#7340=CARTESIAN_POINT('',(0.043107207863884,0.0518190525472164,0.0265));
#7341=CARTESIAN_POINT('',(0.0482657663524151,0.0518190525472164,0.0265));
#7342=CARTESIAN_POINT('',(0.0507877465811543,0.0518190525472164,0.0265));
#7343=CARTESIAN_POINT('',(0.0620125643908978,-0.0116913057863712,0.0265));
#7344=CARTESIAN_POINT('',(-0.0655710944915867,-0.0131913057863712,0.0265));
#7345=CARTESIAN_POINT('',(0.,0.0602558070166224,0.027));
#7346=CARTESIAN_POINT('',(0.0183079849431342,0.0602558070166224,0.027));
#7347=CARTESIAN_POINT('',(-0.0161799246128442,0.0602558070166224,0.027));
#7348=CARTESIAN_POINT('',(-0.0161799246128442,0.,0.027));
#7349=CARTESIAN_POINT('',(-0.0161799246128442,0.037264874941895,0.027));
#7350=CARTESIAN_POINT('',(0.0183079849431342,0.0487603409792587,0.027));
#7351=CARTESIAN_POINT('',(0.0183079849431342,0.037264874941895,0.027));
#7352=CARTESIAN_POINT('',(0.001064030165145,0.037264874941895,0.027));
#7353=CARTESIAN_POINT('',(0.00784263669563647,0.077,0.017));
#7354=CARTESIAN_POINT('',(0.00784263669563647,0.077,0.021));
#7355=CARTESIAN_POINT('',(0.00784263669563647,0.077,0.021));
#7356=CARTESIAN_POINT('',(0.00784263669563647,0.077,0.017));
#7357=CARTESIAN_POINT('',(0.00134263669563647,0.077,0.021));
#7358=CARTESIAN_POINT('',(-0.00515736330436353,0.077,0.021));
#7359=CARTESIAN_POINT('',(-0.00515736330436353,0.077,0.021));
#7360=CARTESIAN_POINT('',(0.00134263669563647,0.077,0.021));
#7361=CARTESIAN_POINT('',(-0.00515736330436353,0.077,0.017));
#7362=CARTESIAN_POINT('',(-0.00515736330436353,0.077,0.017));
#7363=CARTESIAN_POINT('',(-0.00565736330436353,0.077,0.017));
#7364=CARTESIAN_POINT('',(-0.00565736330436353,0.077,0.0205));
#7365=CARTESIAN_POINT('',(-0.00565736330436353,0.077,0.0205));
#7366=CARTESIAN_POINT('',(-0.00565736330436353,0.077,0.017));
#7367=CARTESIAN_POINT('',(0.00134263669563647,0.077,0.0215));
#7368=CARTESIAN_POINT('',(0.00734263669563647,0.077,0.0215));
#7369=CARTESIAN_POINT('',(0.00734263669563647,0.077,0.0215));
#7370=CARTESIAN_POINT('',(0.00134263669563647,0.077,0.0215));
#7371=CARTESIAN_POINT('',(-0.00465736330436353,0.077,0.0215));
#7372=CARTESIAN_POINT('',(-0.00465736330436353,0.075,0.0215));
#7373=CARTESIAN_POINT('',(0.00834263669563647,0.077,0.017));
#7374=CARTESIAN_POINT('',(0.00834263669563647,0.077,0.017));
#7375=CARTESIAN_POINT('',(0.00834263669563647,0.077,0.0205));
#7376=CARTESIAN_POINT('',(0.00834263669563647,0.077,0.0205));
#7377=CARTESIAN_POINT('',(-5.9038102828824E-18,0.077,0.02225));
#7378=CARTESIAN_POINT('',(0.00734263669563647,0.077,0.0205));
#7379=CARTESIAN_POINT('',(-0.00465736330436353,0.077,0.0205));
#7380=CARTESIAN_POINT('',(0.00734263669563647,0.077,0.0205));
#7381=CARTESIAN_POINT('',(-0.00465736330436353,0.077,0.0205));
#7382=CARTESIAN_POINT('',(0.0482657663524151,0.0518190525472164,0.019));
#7383=CARTESIAN_POINT('',(0.0482657663524151,0.0518190525472164,0.019));
#7384=CARTESIAN_POINT('',(0.0507877465811543,0.0518190525472164,0.019));
#7385=CARTESIAN_POINT('',(0.0482657663524151,0.0518190525472164,0.019));
#7386=CARTESIAN_POINT('',(0.0482657663524151,0.0518190525472164,0.0305));
#7387=CARTESIAN_POINT('',(0.0502520736485833,0.0518190525472164,0.0305));
#7388=CARTESIAN_POINT('',(0.0482657663524151,0.0518190525472164,0.019));
#7389=CARTESIAN_POINT('',(0.0502520736485833,0.0518190525472164,0.019));
#7390=CARTESIAN_POINT('',(0.,0.,0.019));
#7391=CARTESIAN_POINT('',(0.0405635446167824,0.0518190525472164,0.019));
#7392=CARTESIAN_POINT('',(0.0405635446167824,0.0518190525472164,0.019));
#7393=CARTESIAN_POINT('',(0.043107207863884,0.0518190525472164,0.019));
#7394=CARTESIAN_POINT('',(0.0405635446167824,0.0518190525472164,0.019));
#7395=CARTESIAN_POINT('',(0.0405635446167824,0.0518190525472164,0.0305));
#7396=CARTESIAN_POINT('',(0.0425524793938841,0.0518190525472164,0.0305));
#7397=CARTESIAN_POINT('',(0.0405635446167824,0.0518190525472164,0.019));
#7398=CARTESIAN_POINT('',(0.0425524793938841,0.0518190525472164,0.019));
#7399=CARTESIAN_POINT('',(0.,0.,0.019));
#7400=CARTESIAN_POINT('',(0.0328850369452258,0.0518190525472164,0.019));
#7401=CARTESIAN_POINT('',(0.0328850369452258,0.0518190525472164,0.019));
#7402=CARTESIAN_POINT('',(0.0348838744212986,0.0518190525472164,0.019));
#7403=CARTESIAN_POINT('',(0.0328850369452258,0.0518190525472164,0.019));
#7404=CARTESIAN_POINT('',(0.0328850369452258,0.0518190525472164,0.019));
#7405=CARTESIAN_POINT('',(0.0353975589556707,0.0518190525472164,0.019));
#7406=CARTESIAN_POINT('',(0.,0.,0.019));
#7407=CARTESIAN_POINT('',(0.0482657663524151,0.0518190525472164,0.0305));
#7408=CARTESIAN_POINT('',(0.0482657663524151,0.0518190525472164,0.032));
#7409=CARTESIAN_POINT('',(0.0517520736485833,0.0518190525472164,0.032));
#7410=CARTESIAN_POINT('',(0.0405635446167824,0.0518190525472164,0.0305));
#7411=CARTESIAN_POINT('',(0.0405635446167824,0.0518190525472164,0.032));
#7412=CARTESIAN_POINT('',(0.0424587000995156,0.0488897093486246,0.032));
#7413=CARTESIAN_POINT('',(0.0389587000995156,0.0487211274425264,0.032));
#7414=CARTESIAN_POINT('',(0.0405635446167824,0.0518190525472164,0.032));
#7415=CARTESIAN_POINT('',(0.0328850369452258,0.0518190525472164,0.0305));
#7416=CARTESIAN_POINT('',(0.0328850369452258,0.0518190525472164,0.032));
#7417=CARTESIAN_POINT('',(0.0363872586808586,0.0518190525472164,0.032));
#7418=CARTESIAN_POINT('',(-0.0356226322492808,0.0276765339076519,0.0305));
#7419=CARTESIAN_POINT('',(0.0379650369452258,0.0276765339076519,0.0305));
#7420=CARTESIAN_POINT('',(0.0379650369452258,0.0276765339076519,0.032));
#7421=CARTESIAN_POINT('',(0.0420650369452258,0.0276765339076519,0.032));
#7422=CARTESIAN_POINT('',(0.00124702777247876,0.0276765339076519,0.0305));
#7423=CARTESIAN_POINT('',(0.,0.,0.0315));
#7424=CARTESIAN_POINT('',(0.,0.0671794494717703,0.0315));
#7425=CARTESIAN_POINT('',(-0.0826794494717703,0.0671794494717703,0.0315));
#7426=CARTESIAN_POINT('',(0.0826794494717703,0.0671794494717703,0.0315));
#7427=CARTESIAN_POINT('',(0.0826794494717703,1.38777878078145E-17,0.0315));
#7428=CARTESIAN_POINT('',(0.0826794494717703,-0.0671794494717703,0.0315));
#7429=CARTESIAN_POINT('',(-4.57812885754272E-19,-0.0671794494717703,0.0315));
#7430=CARTESIAN_POINT('',(-0.0826794494717703,-0.0671794494717703,0.0315));
#7431=CARTESIAN_POINT('',(-0.0826794494717703,0.,0.0315));
#7432=CARTESIAN_POINT('',(0.0855,-0.07,0.0315));
#7433=CARTESIAN_POINT('',(0.0855,0.07,0.0315));
#7434=CARTESIAN_POINT('',(-0.0855,0.07,0.0315));
#7435=CARTESIAN_POINT('',(-0.0855,-0.07,0.0315));
#7436=CARTESIAN_POINT('',(0.0424587000995156,0.0445476206196428,0.0315));
#7437=CARTESIAN_POINT('',(0.0424587000995156,0.0403741137967593,0.0315));
#7438=CARTESIAN_POINT('',(0.0424587000995156,0.0403741137967593,0.0315));
#7439=CARTESIAN_POINT('',(0.0424587000995156,0.0403741137967593,0.0321));
#7440=CARTESIAN_POINT('',(0.0424587000995156,0.0445476206196428,0.0321));
#7441=CARTESIAN_POINT('',(0.0424587000995156,0.0488897093486246,0.0321));
#7442=CARTESIAN_POINT('',(0.0424587000995156,0.0488897093486246,0.0321));
#7443=CARTESIAN_POINT('',(0.0424587000995156,0.0488897093486246,0.0315));
#7444=CARTESIAN_POINT('',(0.0424587000995156,0.0488897093486246,0.0315));
#7445=CARTESIAN_POINT('',(0.0424587000995156,0.0445476206196428,0.0315));
#7446=CARTESIAN_POINT('',(0.0405635446167824,0.0518190525472164,0.0315));
#7447=CARTESIAN_POINT('',(0.0389587000995156,0.0487211274425264,0.0315));
#7448=CARTESIAN_POINT('',(0.0389587000995156,0.0487211274425264,0.0315));
#7449=CARTESIAN_POINT('',(0.0405635446167824,0.0518190525472164,0.0315));
#7450=CARTESIAN_POINT('',(0.0389587000995156,0.0427976206196428,0.0315));
#7451=CARTESIAN_POINT('',(0.0389587000995156,0.0487211274425264,0.0321));
#7452=CARTESIAN_POINT('',(0.0389587000995156,0.0487211274425264,0.0321));
#7453=CARTESIAN_POINT('',(0.0389587000995156,0.0427976206196428,0.0321));
#7454=CARTESIAN_POINT('',(0.0389587000995156,0.0368741137967593,0.0321));
#7455=CARTESIAN_POINT('',(0.0389587000995156,0.0368741137967593,0.0315));
#7456=CARTESIAN_POINT('',(0.0389587000995156,0.0368741137967593,0.0315));
#7457=CARTESIAN_POINT('',(0.0389587000995156,0.0427976206196428,0.0315));
#7458=CARTESIAN_POINT('',(0.0395618870418581,0.0368741137967593,0.0315));
#7459=CARTESIAN_POINT('',(0.0395618870418581,0.0368741137967593,0.0321));
#7460=CARTESIAN_POINT('',(0.0486037272954606,0.0368741137967593,0.0321));
#7461=CARTESIAN_POINT('',(0.0486037272954606,0.0368741137967593,0.0315));
#7462=CARTESIAN_POINT('',(0.0486037272954606,0.0368741137967593,0.0315));
#7463=CARTESIAN_POINT('',(0.0395618870418581,0.0368741137967593,0.0315));
#7464=CARTESIAN_POINT('',(0.0486037272954606,0.0246163397650548,0.0315));
#7465=CARTESIAN_POINT('',(0.0486037272954606,0.0246163397650548,0.0321));
#7466=CARTESIAN_POINT('',(0.0486037272954606,0.0123585657333504,0.0321));
#7467=CARTESIAN_POINT('',(0.0486037272954606,0.0123585657333504,0.0315));
#7468=CARTESIAN_POINT('',(0.0486037272954606,0.0123585657333504,0.0315));
#7469=CARTESIAN_POINT('',(0.0486037272954606,0.0246163397650548,0.0315));
#7470=CARTESIAN_POINT('',(0.0405181421133744,0.0123585657333504,0.0315));
#7471=CARTESIAN_POINT('',(0.0405181421133744,0.0123585657333504,0.0321));
#7472=CARTESIAN_POINT('',(0.0324325569312883,0.0123585657333504,0.0321));
#7473=CARTESIAN_POINT('',(0.0324325569312883,0.0123585657333504,0.0315));
#7474=CARTESIAN_POINT('',(0.0324325569312883,0.0123585657333504,0.0315));
#7475=CARTESIAN_POINT('',(0.0405181421133744,0.0123585657333504,0.0315));
#7476=CARTESIAN_POINT('',(0.032505596132399,0.0276951814376572,0.0315));
#7477=CARTESIAN_POINT('',(0.032505596132399,0.0276951814376572,0.0321));
#7478=CARTESIAN_POINT('',(0.0325786353335097,0.043031797141964,0.0321));
#7479=CARTESIAN_POINT('',(0.0325786353335097,0.043031797141964,0.0315));
#7480=CARTESIAN_POINT('',(0.0325786353335097,0.043031797141964,0.0315));
#7481=CARTESIAN_POINT('',(0.032505596132399,0.0276951814376572,0.0315));
#7482=CARTESIAN_POINT('',(0.033588645886443,0.0430250206220223,0.0315));
#7483=CARTESIAN_POINT('',(0.033588645886443,0.0430250206220223,0.0321));
#7484=CARTESIAN_POINT('',(0.0345986564393763,0.0430182441020806,0.0321));
#7485=CARTESIAN_POINT('',(0.0345986564393763,0.0430182441020806,0.0315));
#7486=CARTESIAN_POINT('',(0.0345986564393763,0.0430182441020806,0.0315));
#7487=CARTESIAN_POINT('',(0.033588645886443,0.0430250206220223,0.0315));
#7488=CARTESIAN_POINT('',(0.0345986564393763,0.0458858978192985,0.0315));
#7489=CARTESIAN_POINT('',(0.0345986564393763,0.0458858978192985,0.0321));
#7490=CARTESIAN_POINT('',(0.0345986564393763,0.0487535515365165,0.0321));
#7491=CARTESIAN_POINT('',(0.0345986564393763,0.0487535515365165,0.0315));
#7492=CARTESIAN_POINT('',(0.0345986564393763,0.0487535515365165,0.0315));
#7493=CARTESIAN_POINT('',(0.0345986564393763,0.0458858978192985,0.0315));
#7494=CARTESIAN_POINT('',(0.0328850369452258,0.0518190525472164,0.0315));
#7495=CARTESIAN_POINT('',(0.0328850369452258,0.0518190525472164,0.0321));
#7496=CARTESIAN_POINT('',(0.0310986564393763,0.0487953738431118,0.0321));
#7497=CARTESIAN_POINT('',(0.0310986564393763,0.0487953738431118,0.0315));
#7498=CARTESIAN_POINT('',(0.0310986564393763,0.0487953738431118,0.0315));
#7499=CARTESIAN_POINT('',(0.0328850369452258,0.0518190525472164,0.0315));
#7500=CARTESIAN_POINT('',(0.0310986564393763,0.0476685897329431,0.0315));
#7501=CARTESIAN_POINT('',(0.0310986564393763,0.0476685897329431,0.0321));
#7502=CARTESIAN_POINT('',(0.0310986564393763,0.0465418056227744,0.0321));
#7503=CARTESIAN_POINT('',(0.0310986564393763,0.0465418056227744,0.0315));
#7504=CARTESIAN_POINT('',(0.0310986564393763,0.0465418056227744,0.0315));
#7505=CARTESIAN_POINT('',(0.0310986564393763,0.0476685897329431,0.0315));
#7506=CARTESIAN_POINT('',(0.0301004263816407,0.0465485031031848,0.0315));
#7507=CARTESIAN_POINT('',(0.0301004263816407,0.0465485031031848,0.0321));
#7508=CARTESIAN_POINT('',(0.0291021963239051,0.0465552005835953,0.0321));
#7509=CARTESIAN_POINT('',(0.0291021963239051,0.0465552005835953,0.0315));
#7510=CARTESIAN_POINT('',(0.0291021963239051,0.0465552005835953,0.0315));
#7511=CARTESIAN_POINT('',(0.0301004263816407,0.0465485031031848,0.0315));
#7512=CARTESIAN_POINT('',(0.0290242524689952,0.0294568831584729,0.0315));
#7513=CARTESIAN_POINT('',(0.0290242524689952,0.0294568831584729,0.0321));
#7514=CARTESIAN_POINT('',(0.0289463086140854,0.0123585657333504,0.0321));
#7515=CARTESIAN_POINT('',(0.0289463086140854,0.0123585657333504,0.0315));
#7516=CARTESIAN_POINT('',(0.0289463086140854,0.0123585657333504,0.0315));
#7517=CARTESIAN_POINT('',(0.0290242524689952,0.0294568831584729,0.0315));
#7518=CARTESIAN_POINT('',(0.0254442437239282,0.0123585657333504,0.0315));
#7519=CARTESIAN_POINT('',(0.0254442437239282,0.0123585657333504,0.0321));
#7520=CARTESIAN_POINT('',(0.0219421788337709,0.0123585657333504,0.0321));
#7521=CARTESIAN_POINT('',(0.0219421788337709,0.0123585657333504,0.0315));
#7522=CARTESIAN_POINT('',(0.0219421788337709,0.0123585657333504,0.0315));
#7523=CARTESIAN_POINT('',(0.0254442437239282,0.0123585657333504,0.0315));
#7524=CARTESIAN_POINT('',(0.0219421788337709,-0.0169326704551398,0.0315));
#7525=CARTESIAN_POINT('',(0.0219421788337709,-0.0169326704551398,0.0321));
#7526=CARTESIAN_POINT('',(0.0219421788337709,-0.0169326704551398,0.0315));
#7527=CARTESIAN_POINT('',(0.0254421788337709,-0.0464420966581105,0.0315));
#7528=CARTESIAN_POINT('',(0.0254421788337709,-0.0464420966581105,0.0321));
#7529=CARTESIAN_POINT('',(0.0254421788337709,0.00885856573335039,0.0321));
#7530=CARTESIAN_POINT('',(0.0254421788337709,0.00885856573335039,0.0315));
#7531=CARTESIAN_POINT('',(0.0254421788337709,0.00885856573335039,0.0315));
#7532=CARTESIAN_POINT('',(0.0254421788337709,-0.0464420966581105,0.0315));
#7533=CARTESIAN_POINT('',(0.0271862662286752,0.00885856573335039,0.0315));
#7534=CARTESIAN_POINT('',(0.0271862662286752,0.00885856573335039,0.0321));
#7535=CARTESIAN_POINT('',(0.0289303536235795,0.00885856573335039,0.0321));
#7536=CARTESIAN_POINT('',(0.0289303536235795,0.00885856573335039,0.0315));
#7537=CARTESIAN_POINT('',(0.0289303536235795,0.00885856573335039,0.0315));
#7538=CARTESIAN_POINT('',(0.0271862662286752,0.00885856573335039,0.0315));
#7539=CARTESIAN_POINT('',(0.0289057165802831,0.00345400898944829,0.0315));
#7540=CARTESIAN_POINT('',(0.0289057165802831,0.00345400898944829,0.0321));
#7541=CARTESIAN_POINT('',(0.0288810795369866,-0.00195054775445382,0.0321));
#7542=CARTESIAN_POINT('',(0.0288810795369866,-0.00195054775445382,0.0315));
#7543=CARTESIAN_POINT('',(0.0288810795369866,-0.00195054775445382,0.0315));
#7544=CARTESIAN_POINT('',(0.0289057165802831,0.00345400898944829,0.0315));
#7545=CARTESIAN_POINT('',(0.0373571833402963,-0.00195054775445382,0.0315));
#7546=CARTESIAN_POINT('',(0.0373571833402963,-0.00195054775445382,0.0321));
#7547=CARTESIAN_POINT('',(0.0458332871436061,-0.00195054775445381,0.0321));
#7548=CARTESIAN_POINT('',(0.0458332871436061,-0.00195054775445381,0.0315));
#7549=CARTESIAN_POINT('',(0.0458332871436061,-0.00195054775445381,0.0315));
#7550=CARTESIAN_POINT('',(0.0373571833402963,-0.00195054775445382,0.0315));
#7551=CARTESIAN_POINT('',(0.0458332871436061,-0.0239709577680375,0.0315));
#7552=CARTESIAN_POINT('',(0.0458332871436061,-0.0239709577680375,0.0321));
#7553=CARTESIAN_POINT('',(0.0458332871436061,-0.0239709577680375,0.0315));
#7554=CARTESIAN_POINT('',(0.0493332871436061,-0.0222209577680374,0.0315));
#7555=CARTESIAN_POINT('',(0.0493332871436061,-0.0222209577680374,0.0321));
#7556=CARTESIAN_POINT('',(0.0493332871436061,-0.0222209577680374,0.0315));
#7557=CARTESIAN_POINT('',(0.0493332871436061,-0.0222209577680374,0.0315));
#7558=CARTESIAN_POINT('',(0.0493332871436061,-0.0222209577680374,0.0321));
#7559=CARTESIAN_POINT('',(0.0493332871436061,0.00154945224554619,0.0321));
#7560=CARTESIAN_POINT('',(0.0493332871436061,0.00154945224554619,0.0315));
#7561=CARTESIAN_POINT('',(0.0493332871436061,0.00154945224554619,0.0315));
#7562=CARTESIAN_POINT('',(0.0493332871436061,-0.0222209577680374,0.0315));
#7563=CARTESIAN_POINT('',(0.0408571833402964,0.00154945224554619,0.0315));
#7564=CARTESIAN_POINT('',(0.0408571833402964,0.00154945224554619,0.0321));
#7565=CARTESIAN_POINT('',(0.0323810795369866,0.00154945224554618,0.0321));
#7566=CARTESIAN_POINT('',(0.0323810795369866,0.00154945224554618,0.0315));
#7567=CARTESIAN_POINT('',(0.0323810795369866,0.00154945224554618,0.0315));
#7568=CARTESIAN_POINT('',(0.0408571833402964,0.00154945224554619,0.0315));
#7569=CARTESIAN_POINT('',(0.0323984840224438,0.00520400898944829,0.0315));
#7570=CARTESIAN_POINT('',(0.0323984840224438,0.00520400898944829,0.0321));
#7571=CARTESIAN_POINT('',(0.032415888507901,0.00885856573335039,0.0321));
#7572=CARTESIAN_POINT('',(0.032415888507901,0.00885856573335039,0.0315));
#7573=CARTESIAN_POINT('',(0.032415888507901,0.00885856573335039,0.0315));
#7574=CARTESIAN_POINT('',(0.0323984840224438,0.00520400898944829,0.0315));
#7575=CARTESIAN_POINT('',(0.0422598079016808,0.00885856573335039,0.0315));
#7576=CARTESIAN_POINT('',(0.0422598079016808,0.00885856573335039,0.0321));
#7577=CARTESIAN_POINT('',(0.0521037272954606,0.00885856573335039,0.0321));
#7578=CARTESIAN_POINT('',(0.0521037272954606,0.00885856573335039,0.0315));
#7579=CARTESIAN_POINT('',(0.0521037272954606,0.00885856573335039,0.0315));
#7580=CARTESIAN_POINT('',(0.0422598079016808,0.00885856573335039,0.0315));
#7581=CARTESIAN_POINT('',(0.0521037272954606,0.0246163397650549,0.0315));
#7582=CARTESIAN_POINT('',(0.0521037272954606,0.0246163397650549,0.0321));
#7583=CARTESIAN_POINT('',(0.0521037272954606,0.0403741137967593,0.0321));
#7584=CARTESIAN_POINT('',(0.0521037272954606,0.0403741137967593,0.0315));
#7585=CARTESIAN_POINT('',(0.0521037272954606,0.0403741137967593,0.0315));
#7586=CARTESIAN_POINT('',(0.0521037272954606,0.0246163397650549,0.0315));
#7587=CARTESIAN_POINT('',(0.0472812136974881,0.0403741137967593,0.0315));
#7588=CARTESIAN_POINT('',(0.0472812136974881,0.0403741137967593,0.0321));
#7589=CARTESIAN_POINT('',(0.0472812136974881,0.0403741137967593,0.0315));
#7590=CARTESIAN_POINT('',(0.,0.,0.0315));
#7591=CARTESIAN_POINT('',(0.0620125643908978,-0.0116913057863712,0.0315));
#7592=CARTESIAN_POINT('',(-0.0136310673029778,0.,0.027));
#7593=CARTESIAN_POINT('',(-0.0136310673029778,0.00675658185916505,0.027));
#7594=CARTESIAN_POINT('',(-0.0136310673029778,-0.0287571221810143,0.027));
#7595=CARTESIAN_POINT('',(0.000436186278987227,-0.0287571221810143,0.027));
#7596=CARTESIAN_POINT('',(0.0145034398609522,-0.0287571221810143,0.027));
#7597=CARTESIAN_POINT('',(0.,0.00675658185916505,0.027));
#7598=CARTESIAN_POINT('',(0.0145034398609522,0.00675658185916505,0.027));
#7599=CARTESIAN_POINT('',(0.0145034398609522,-0.0110002701609246,0.027));
#7600=CARTESIAN_POINT('',(-8.11566538468682E-19,-0.065,0.027));
#7601=CARTESIAN_POINT('',(0.0805,-0.065,0.027));
#7602=CARTESIAN_POINT('',(0.0805,-0.065,0.032));
#7603=CARTESIAN_POINT('',(0.0855,-0.065,0.032));
#7604=CARTESIAN_POINT('',(-0.0805,-0.065,0.027));
#7605=CARTESIAN_POINT('',(-0.0805,0.,0.027));
#7606=CARTESIAN_POINT('',(-0.0805,0.065,0.027));
#7607=CARTESIAN_POINT('',(0.0805,1.38777878078145E-17,0.027));
#7608=CARTESIAN_POINT('',(0.0805,0.065,0.027));
#7609=CARTESIAN_POINT('',(0.0805,0.065,0.032));
#7610=CARTESIAN_POINT('',(0.0805,0.07,0.032));
#7611=CARTESIAN_POINT('',(0.,0.065,0.027));
#7612=CARTESIAN_POINT('',(-0.0855,0.065,0.032));
#7613=CARTESIAN_POINT('',(-0.0855,0.065,0.0321));
#7614=CARTESIAN_POINT('',(0.0233079849494448,0.065,0.0321));
#7615=CARTESIAN_POINT('',(0.0233079849494448,0.065,0.0321));
#7616=CARTESIAN_POINT('',(-0.0855,0.065,0.0321));
#7617=CARTESIAN_POINT('',(0.0805,0.065,0.0321));
#7618=CARTESIAN_POINT('',(0.0805,0.065,0.0321));
#7619=CARTESIAN_POINT('',(0.0233079849308903,0.0650000000188555,0.0321));
#7620=CARTESIAN_POINT('',(0.0233079849308903,0.0650000000188555,0.032));
#7621=CARTESIAN_POINT('',(0.0251869593067517,0.0621063990146648,0.0321));
#7622=CARTESIAN_POINT('',(0.0251869593067517,0.0621063990146648,0.032));
#7623=CARTESIAN_POINT('',(0.0261822102018547,0.0528894001691791,0.0321));
#7624=CARTESIAN_POINT('',(0.0261822102018547,0.0528894001691791,0.032));
#7625=CARTESIAN_POINT('',(0.0234937321470068,0.0360941823688952,0.0321));
#7626=CARTESIAN_POINT('',(0.0234937321470068,0.0360941823688952,0.032));
#7627=CARTESIAN_POINT('',(0.0207681413504816,0.0214740736639995,0.0321));
#7628=CARTESIAN_POINT('',(0.0207681413504816,0.0214740736639995,0.032));
#7629=CARTESIAN_POINT('',(0.0188823213184399,0.0104118615940294,0.0321));
#7630=CARTESIAN_POINT('',(0.0188823213184399,0.0104118615940294,0.032));
#7631=CARTESIAN_POINT('',(0.0176025028669313,-0.000251377294225896,0.0321));
#7632=CARTESIAN_POINT('',(0.0176025028669313,-0.000251377294225896,0.032));
#7633=CARTESIAN_POINT('',(0.0173692495649452,-0.0100243746055149,0.0321));
#7634=CARTESIAN_POINT('',(0.0173692495649452,-0.0100243746055149,0.032));
#7635=CARTESIAN_POINT('',(0.0177670609013624,-0.0190025422175182,0.0321));
#7636=CARTESIAN_POINT('',(0.0177670609013624,-0.0190025422175182,0.032));
#7637=CARTESIAN_POINT('',(0.0183869689098457,-0.0272767281062924,0.0321));
#7638=CARTESIAN_POINT('',(0.0183869689098457,-0.0272767281062924,0.032));
#7639=CARTESIAN_POINT('',(0.0188192399795142,-0.0349386302948192,0.0321));
#7640=CARTESIAN_POINT('',(0.0188192399795142,-0.0349386302948192,0.032));
#7641=CARTESIAN_POINT('',(0.0186506705328791,-0.0420811105200034,0.0321));
#7642=CARTESIAN_POINT('',(0.0186506705328791,-0.0420811105200034,0.032));
#7643=CARTESIAN_POINT('',(0.0174827025034274,-0.0487915256161318,0.0321));
#7644=CARTESIAN_POINT('',(0.0174827025034274,-0.0487915256161318,0.032));
#7645=CARTESIAN_POINT('',(0.014861665747351,-0.0551780883140388,0.0321));
#7646=CARTESIAN_POINT('',(0.014861665747351,-0.0551780883140388,0.032));
#7647=CARTESIAN_POINT('',(0.0117309518126096,-0.0608200552280865,0.0321));
#7648=CARTESIAN_POINT('',(0.0117309518126096,-0.0608200552280865,0.032));
#7649=CARTESIAN_POINT('',(0.00997722898058834,-0.0637877089831868,0.0321));
#7650=CARTESIAN_POINT('',(0.00997722898058834,-0.0637877089831868,0.032));
#7651=CARTESIAN_POINT('',(0.00934887139127491,-0.0649999999532217,0.0321));
#7652=CARTESIAN_POINT('',(0.00934887139127491,-0.0649999999532217,0.032));
#7653=CARTESIAN_POINT('',(0.00934887136787313,-0.065,0.0321));
#7654=CARTESIAN_POINT('',(0.00934887136787313,-0.065,0.0321));
#7655=CARTESIAN_POINT('',(0.0213352982347782,0.0751,0.0321));
#7656=CARTESIAN_POINT('',(0.0180931493287412,0.0735991344866662,0.0321));
#7657=CARTESIAN_POINT('',(0.0110630511313822,0.0703447398719957,0.0321));
#7658=CARTESIAN_POINT('',(0.0339341634035766,0.0671207083011775,0.0321));
#7659=CARTESIAN_POINT('',(0.0106285080037001,-0.00311792876173491,0.0321));
#7660=CARTESIAN_POINT('',(0.0242518595272449,-0.045755268754119,0.0321));
#7661=CARTESIAN_POINT('',(0.00628444299461789,-0.0677938263387763,0.0321));
#7662=CARTESIAN_POINT('',(0.0103216319200082,-0.0691087928404758,0.0321));
#7663=CARTESIAN_POINT('',(0.012600472971299,-0.0726867809002961,0.0321));
#7664=CARTESIAN_POINT('',(0.0140737754409836,-0.075,0.0321));
#7665=CARTESIAN_POINT('',(0.0855,-0.065,0.0321));
#7666=CARTESIAN_POINT('',(0.0805,-0.065,0.0321));
#7667=CARTESIAN_POINT('',(0.0805,-0.065,0.0321));
#7668=CARTESIAN_POINT('',(0.0855,-0.065,0.0321));
#7669=CARTESIAN_POINT('',(0.0328850369452258,0.0518190525472164,0.0321));
#7670=CARTESIAN_POINT('',(0.0328850369452258,0.0518190525472164,0.0321));
#7671=CARTESIAN_POINT('',(0.0363872586808586,0.0518190525472164,0.0321));
#7672=CARTESIAN_POINT('',(0.0482657663524151,0.0518190525472164,0.0321));
#7673=CARTESIAN_POINT('',(0.0482657663524151,0.0518190525472164,0.0321));
#7674=CARTESIAN_POINT('',(0.0517520736485833,0.0518190525472164,0.0321));
#7675=CARTESIAN_POINT('',(0.0379650369452258,0.0276765339076519,0.0321));
#7676=CARTESIAN_POINT('',(0.0379650369452258,0.0276765339076519,0.0321));
#7677=CARTESIAN_POINT('',(0.0420650369452258,0.0276765339076519,0.0321));
#7678=CARTESIAN_POINT('',(0.0405635446167824,0.0518190525472164,0.0321));
#7679=CARTESIAN_POINT('',(0.0405635446167824,0.0518190525472164,0.0321));
#7680=CARTESIAN_POINT('',(0.0805,0.07,0.0321));
#7681=CARTESIAN_POINT('',(0.0805,0.07,0.0321));
#7682=CARTESIAN_POINT('',(0.005,1.38777878078145E-17,0.0321));
#7683=CARTESIAN_POINT('',(0.0198980558420059,-0.0579626432995881,0.0321));
#7684=CARTESIAN_POINT('',(0.0198980558420059,-0.0567484681645405,0.0321));
#7685=CARTESIAN_POINT('',(0.0198980558420059,-0.0591768184346357,0.0321));
#7686=CARTESIAN_POINT('',(0.0196870590327224,-0.0591768184346357,0.0321));
#7687=CARTESIAN_POINT('',(0.0194760622234389,-0.0591768184346357,0.0321));
#7688=CARTESIAN_POINT('',(0.0194760622234389,-0.0573982697202852,0.0321));
#7689=CARTESIAN_POINT('',(0.019476062223439,-0.0556197210059345,0.0321));
#7690=CARTESIAN_POINT('',(0.0196452027551084,-0.0556197210059345,0.0321));
#7691=CARTESIAN_POINT('',(0.019814343286778,-0.0556197210059345,0.0321));
#7692=CARTESIAN_POINT('',(0.0203193632920874,-0.0568009600536794,0.0321));
#7693=CARTESIAN_POINT('',(0.0208243832973969,-0.0579821991014242,0.0321));
#7694=CARTESIAN_POINT('',(0.0208243832973969,-0.0568009600536794,0.0321));
#7695=CARTESIAN_POINT('',(0.0208243832973969,-0.0556197210059345,0.0321));
#7696=CARTESIAN_POINT('',(0.0210309200115247,-0.0556197210059345,0.0321));
#7697=CARTESIAN_POINT('',(0.0212374567256526,-0.0556197210059346,0.0321));
#7698=CARTESIAN_POINT('',(0.0212374567256526,-0.0573982697202852,0.0321));
#7699=CARTESIAN_POINT('',(0.0212374567256526,-0.0591768184346357,0.0321));
#7700=CARTESIAN_POINT('',(0.0210792948897507,-0.0591768184346357,0.0321));
#7701=CARTESIAN_POINT('',(0.0209211330538488,-0.0591768184346357,0.0321));
#7702=CARTESIAN_POINT('',(0.0204095944479274,-0.0579626432995881,0.0321));
#7703=CARTESIAN_POINT('',(0.0181352981412048,-0.0584155486290143,0.0321));
#7704=CARTESIAN_POINT('',(0.0188938482635136,-0.0586717984293263,0.0321));
#7705=CARTESIAN_POINT('',(0.01858884637172,-0.0590738931618145,0.0321));
#7706=CARTESIAN_POINT('',(0.01858884637172,-0.0590738931618145,0.0321));
#7707=CARTESIAN_POINT('',(0.0183781926466793,-0.0592166162067933,0.0321));
#7708=CARTESIAN_POINT('',(0.0180179541918051,-0.0592166162067933,0.0321));
#7709=CARTESIAN_POINT('',(0.0180179541918051,-0.0592166162067933,0.0321));
#7710=CARTESIAN_POINT('',(0.0180179541918051,-0.0592166162067933,0.0321));
#7711=CARTESIAN_POINT('',(0.0176577157369308,-0.0592166162067933,0.0321));
#7712=CARTESIAN_POINT('',(0.0174426019167345,-0.059075951667271,0.0321));
#7713=CARTESIAN_POINT('',(0.0174426019167345,-0.059075951667271,0.0321));
#7714=CARTESIAN_POINT('',(0.0178675547608216,-0.0584347983504018,0.0321));
#7715=CARTESIAN_POINT('',(0.0171351984352418,-0.0586738569347827,0.0321));
#7716=CARTESIAN_POINT('',(0.0171351984352418,-0.0586738569347827,0.0321));
#7717=CARTESIAN_POINT('',(0.0170429087739454,-0.0584124267418169,0.0321));
#7718=CARTESIAN_POINT('',(0.0170429087739454,-0.0580611084772538,0.0321));
#7719=CARTESIAN_POINT('',(0.0170429087739454,-0.0580611084772538,0.0321));
#7720=CARTESIAN_POINT('',(0.0170429087739454,-0.0573872910245176,0.0321));
#7721=CARTESIAN_POINT('',(0.0170429087739454,-0.0567134735717813,0.0321));
#7722=CARTESIAN_POINT('',(0.0170429087739454,-0.0567134735717813,0.0321));
#7723=CARTESIAN_POINT('',(0.0170429087739454,-0.0563621553072182,0.0321));
#7724=CARTESIAN_POINT('',(0.0171372569406982,-0.0561096453045635,0.0321));
#7725=CARTESIAN_POINT('',(0.0171372569406982,-0.0561096453045635,0.0321));
#7726=CARTESIAN_POINT('',(0.0178481151205404,-0.0563572396952264,0.0321));
#7727=CARTESIAN_POINT('',(0.0174446604221909,-0.0557229893629985,0.0321));
#7728=CARTESIAN_POINT('',(0.0174446604221909,-0.0557229893629985,0.0321));
#7729=CARTESIAN_POINT('',(0.0176577157369308,-0.0555888434240882,0.0321));
#7730=CARTESIAN_POINT('',(0.0180179541918051,-0.0555888434240882,0.0321));
#7731=CARTESIAN_POINT('',(0.0180179541918051,-0.0555888434240882,0.0321));
#7732=CARTESIAN_POINT('',(0.0180179541918051,-0.0555888434240882,0.0321));
#7733=CARTESIAN_POINT('',(0.0183781926466793,-0.0555888434240882,0.0321));
#7734=CARTESIAN_POINT('',(0.01858884637172,-0.0557250478684549,0.0321));
#7735=CARTESIAN_POINT('',(0.01858884637172,-0.0557250478684549,0.0321));
#7736=CARTESIAN_POINT('',(0.0181696828167062,-0.0563674078931867,0.0321));
#7737=CARTESIAN_POINT('',(0.0188938482635136,-0.05611170381002,0.0321));
#7738=CARTESIAN_POINT('',(0.0188938482635136,-0.05611170381002,0.0321));
#7739=CARTESIAN_POINT('',(0.0189881964302663,-0.0563621553072182,0.0321));
#7740=CARTESIAN_POINT('',(0.0189881964302663,-0.0567134735717813,0.0321));
#7741=CARTESIAN_POINT('',(0.0189881964302663,-0.0567134735717813,0.0321));
#7742=CARTESIAN_POINT('',(0.0189881964302663,-0.0573896926142167,0.0321));
#7743=CARTESIAN_POINT('',(0.0189881964302663,-0.0580659116566521,0.0321));
#7744=CARTESIAN_POINT('',(0.0189881964302663,-0.0580659116566521,0.0321));
#7745=CARTESIAN_POINT('',(0.0189881964302663,-0.0584124267418169,0.0321));
#7746=CARTESIAN_POINT('',(0.0188938482635136,-0.0586717984293263,0.0321));
#7747=CARTESIAN_POINT('',(0.0264537186906154,-0.0584155486290143,0.0321));
#7748=CARTESIAN_POINT('',(0.0272122688129242,-0.0586717984293263,0.0321));
#7749=CARTESIAN_POINT('',(0.0269072669211307,-0.0590738931618145,0.0321));
#7750=CARTESIAN_POINT('',(0.0269072669211307,-0.0590738931618145,0.0321));
#7751=CARTESIAN_POINT('',(0.0266966131960899,-0.0592166162067933,0.0321));
#7752=CARTESIAN_POINT('',(0.0263363747412157,-0.0592166162067933,0.0321));
#7753=CARTESIAN_POINT('',(0.0263363747412157,-0.0592166162067933,0.0321));
#7754=CARTESIAN_POINT('',(0.0263363747412157,-0.0592166162067933,0.0321));
#7755=CARTESIAN_POINT('',(0.0259761362863414,-0.0592166162067933,0.0321));
#7756=CARTESIAN_POINT('',(0.0257610224661451,-0.059075951667271,0.0321));
#7757=CARTESIAN_POINT('',(0.0257610224661451,-0.059075951667271,0.0321));
#7758=CARTESIAN_POINT('',(0.0261859753102325,-0.0584347983504016,0.0321));
#7759=CARTESIAN_POINT('',(0.0254536189846524,-0.0586738569347827,0.0321));
#7760=CARTESIAN_POINT('',(0.0254536189846524,-0.0586738569347827,0.0321));
#7761=CARTESIAN_POINT('',(0.025361329323356,-0.0584124267418169,0.0321));
#7762=CARTESIAN_POINT('',(0.025361329323356,-0.0580611084772538,0.0321));
#7763=CARTESIAN_POINT('',(0.025361329323356,-0.0580611084772538,0.0321));
#7764=CARTESIAN_POINT('',(0.025361329323356,-0.0573872910245176,0.0321));
#7765=CARTESIAN_POINT('',(0.025361329323356,-0.0567134735717813,0.0321));
#7766=CARTESIAN_POINT('',(0.025361329323356,-0.0567134735717813,0.0321));
#7767=CARTESIAN_POINT('',(0.025361329323356,-0.0563621553072182,0.0321));
#7768=CARTESIAN_POINT('',(0.0254556774901088,-0.0561096453045635,0.0321));
#7769=CARTESIAN_POINT('',(0.0254556774901088,-0.0561096453045635,0.0321));
#7770=CARTESIAN_POINT('',(0.0261665356699512,-0.0563572396952266,0.0321));
#7771=CARTESIAN_POINT('',(0.0257630809716015,-0.0557229893629985,0.0321));
#7772=CARTESIAN_POINT('',(0.0257630809716015,-0.0557229893629985,0.0321));
#7773=CARTESIAN_POINT('',(0.0259761362863414,-0.0555888434240882,0.0321));
#7774=CARTESIAN_POINT('',(0.0263363747412157,-0.0555888434240882,0.0321));
#7775=CARTESIAN_POINT('',(0.0263363747412157,-0.0555888434240882,0.0321));
#7776=CARTESIAN_POINT('',(0.0263363747412157,-0.0555888434240882,0.0321));
#7777=CARTESIAN_POINT('',(0.0266966131960899,-0.0555888434240882,0.0321));
#7778=CARTESIAN_POINT('',(0.0269072669211307,-0.0557250478684549,0.0321));
#7779=CARTESIAN_POINT('',(0.0269072669211307,-0.0557250478684549,0.0321));
#7780=CARTESIAN_POINT('',(0.0264881033661167,-0.0563674078931867,0.0321));
#7781=CARTESIAN_POINT('',(0.0272122688129242,-0.05611170381002,0.0321));
#7782=CARTESIAN_POINT('',(0.0272122688129242,-0.05611170381002,0.0321));
#7783=CARTESIAN_POINT('',(0.027306616979677,-0.0563621553072182,0.0321));
#7784=CARTESIAN_POINT('',(0.027306616979677,-0.0567134735717813,0.0321));
#7785=CARTESIAN_POINT('',(0.027306616979677,-0.0567134735717813,0.0321));
#7786=CARTESIAN_POINT('',(0.027306616979677,-0.0573896926142167,0.0321));
#7787=CARTESIAN_POINT('',(0.027306616979677,-0.0580659116566521,0.0321));
#7788=CARTESIAN_POINT('',(0.027306616979677,-0.0580659116566521,0.0321));
#7789=CARTESIAN_POINT('',(0.027306616979677,-0.0584124267418169,0.0321));
#7790=CARTESIAN_POINT('',(0.0272122688129242,-0.0586717984293263,0.0321));
#7791=CARTESIAN_POINT('',(0.0235361211519932,-0.0573982697202852,0.0321));
#7792=CARTESIAN_POINT('',(0.024017125260311,-0.0556197210059345,0.0321));
#7793=CARTESIAN_POINT('',(0.0230551170436753,-0.0591768184346357,0.0321));
#7794=CARTESIAN_POINT('',(0.0228533835089458,-0.0591768184346357,0.0321));
#7795=CARTESIAN_POINT('',(0.0226516499742162,-0.0591768184346357,0.0321));
#7796=CARTESIAN_POINT('',(0.0231302524928348,-0.0573982697202852,0.0321));
#7797=CARTESIAN_POINT('',(0.0236088550114535,-0.0556197210059345,0.0321));
#7798=CARTESIAN_POINT('',(0.0238129901358822,-0.0556197210059345,0.0321));
#7799=CARTESIAN_POINT('',(0.0282905825878478,-0.0583444960617549,0.0321));
#7800=CARTESIAN_POINT('',(0.0282905825878478,-0.057512173688874,0.0321));
#7801=CARTESIAN_POINT('',(0.0282905825878478,-0.0591768184346357,0.0321));
#7802=CARTESIAN_POINT('',(0.0280425326803487,-0.0591768184346357,0.0321));
#7803=CARTESIAN_POINT('',(0.0277944827728496,-0.0591768184346357,0.0321));
#7804=CARTESIAN_POINT('',(0.0277944827728496,-0.0573982697202852,0.0321));
#7805=CARTESIAN_POINT('',(0.0277944827728496,-0.0556197210059345,0.0321));
#7806=CARTESIAN_POINT('',(0.0284816805110525,-0.0556197210059345,0.0321));
#7807=CARTESIAN_POINT('',(0.0291688782492555,-0.0556197210059345,0.0321));
#7808=CARTESIAN_POINT('',(0.0291688782492555,-0.0557974386436725,0.0321));
#7809=CARTESIAN_POINT('',(0.0291688782492555,-0.0559751562814105,0.0321));
#7810=CARTESIAN_POINT('',(0.0287297304185517,-0.0559751562814105,0.0321));
#7811=CARTESIAN_POINT('',(0.0282905825878478,-0.0559751562814105,0.0321));
#7812=CARTESIAN_POINT('',(0.0282905825878478,-0.0565680058528607,0.0321));
#7813=CARTESIAN_POINT('',(0.0282905825878478,-0.0571608554243109,0.0321));
#7814=CARTESIAN_POINT('',(0.0286309221566433,-0.0571608554243109,0.0321));
#7815=CARTESIAN_POINT('',(0.0289712617254387,-0.0571608554243109,0.0321));
#7816=CARTESIAN_POINT('',(0.0289712617254387,-0.0573365145565924,0.0321));
#7817=CARTESIAN_POINT('',(0.0289712617254387,-0.057512173688874,0.0321));
#7818=CARTESIAN_POINT('',(0.0286309221566433,-0.057512173688874,0.0321));
#7819=CARTESIAN_POINT('',(0.0300073761385057,-0.0583444960617549,0.0321));
#7820=CARTESIAN_POINT('',(0.0300073761385057,-0.057512173688874,0.0321));
#7821=CARTESIAN_POINT('',(0.0300073761385057,-0.0591768184346357,0.0321));
#7822=CARTESIAN_POINT('',(0.0297593262310065,-0.0591768184346357,0.0321));
#7823=CARTESIAN_POINT('',(0.0295112763235074,-0.0591768184346357,0.0321));
#7824=CARTESIAN_POINT('',(0.0295112763235074,-0.0573982697202852,0.0321));
#7825=CARTESIAN_POINT('',(0.0295112763235074,-0.0556197210059345,0.0321));
#7826=CARTESIAN_POINT('',(0.0301984740617104,-0.0556197210059345,0.0321));
#7827=CARTESIAN_POINT('',(0.0308856717999134,-0.0556197210059345,0.0321));
#7828=CARTESIAN_POINT('',(0.0308856717999134,-0.0557974386436725,0.0321));
#7829=CARTESIAN_POINT('',(0.0308856717999134,-0.0559751562814105,0.0321));
#7830=CARTESIAN_POINT('',(0.0304465239692095,-0.0559751562814105,0.0321));
#7831=CARTESIAN_POINT('',(0.0300073761385057,-0.0559751562814105,0.0321));
#7832=CARTESIAN_POINT('',(0.0300073761385057,-0.0565680058528607,0.0321));
#7833=CARTESIAN_POINT('',(0.0300073761385057,-0.0571608554243109,0.0321));
#7834=CARTESIAN_POINT('',(0.0303477157073011,-0.0571608554243109,0.0321));
#7835=CARTESIAN_POINT('',(0.0306880552760967,-0.0571608554243109,0.0321));
#7836=CARTESIAN_POINT('',(0.0306880552760967,-0.0573365145565924,0.0321));
#7837=CARTESIAN_POINT('',(0.0306880552760967,-0.057512173688874,0.0321));
#7838=CARTESIAN_POINT('',(0.0303477157073011,-0.057512173688874,0.0321));
#7839=CARTESIAN_POINT('',(0.,0.,0.032));
#7840=CARTESIAN_POINT('',(0.0177170693109244,-0.0587441892045439,0.032));
#7841=CARTESIAN_POINT('',(0.0178203376679883,-0.0588255001700727,0.032));
#7842=CARTESIAN_POINT('',(0.0180179541918051,-0.0588255001700727,0.032));
#7843=CARTESIAN_POINT('',(0.0177170693109244,-0.0587441892045439,0.032));
#7844=CARTESIAN_POINT('',(0.0180179541918051,-0.0588255001700727,0.032));
#7845=CARTESIAN_POINT('',(0.0180179541918051,-0.0588255001700727,0.032));
#7846=CARTESIAN_POINT('',(0.0182155707156218,-0.0588255001700727,0.032));
#7847=CARTESIAN_POINT('',(0.0183164374829865,-0.0587441892045439,0.032));
#7848=CARTESIAN_POINT('',(0.0183164374829865,-0.0587441892045439,0.032));
#7849=CARTESIAN_POINT('',(0.0180557294782944,-0.0584362147756946,0.032));
#7850=CARTESIAN_POINT('',(0.0184525195203523,-0.058515674868929,0.032));
#7851=CARTESIAN_POINT('',(0.0169874334371988,-0.0581952952653669,0.032));
#7852=CARTESIAN_POINT('',(0.0184877605586722,-0.0581708989967511,0.032));
#7853=CARTESIAN_POINT('',(0.0184879796043552,-0.0573914080354304,0.032));
#7854=CARTESIAN_POINT('',(0.018487735429442,-0.0566119161878885,0.032));
#7855=CARTESIAN_POINT('',(0.0170429838323307,-0.0565855976910539,0.032));
#7856=CARTESIAN_POINT('',(0.0184525577238028,-0.0562715943699613,0.032));
#7857=CARTESIAN_POINT('',(0.0180796153373202,-0.0563488021068928,0.032));
#7858=CARTESIAN_POINT('',(0.0183164374829865,-0.0560520071517837,0.032));
#7859=CARTESIAN_POINT('',(0.0183164374829865,-0.0560520071517837,0.032));
#7860=CARTESIAN_POINT('',(0.0182155707156218,-0.0559751562814105,0.032));
#7861=CARTESIAN_POINT('',(0.0180179541918051,-0.0559751562814105,0.032));
#7862=CARTESIAN_POINT('',(0.0180179541918051,-0.0559751562814105,0.032));
#7863=CARTESIAN_POINT('',(0.0180179541918051,-0.0559751562814105,0.032));
#7864=CARTESIAN_POINT('',(0.0178203376679883,-0.0559751562814105,0.032));
#7865=CARTESIAN_POINT('',(0.0177170693109244,-0.0560520071517837,0.032));
#7866=CARTESIAN_POINT('',(0.0177170693109244,-0.0560520071517837,0.032));
#7867=CARTESIAN_POINT('',(0.0179454317260306,-0.0563471808887802,0.032));
#7868=CARTESIAN_POINT('',(0.0175788747085332,-0.0562715914258106,0.032));
#7869=CARTESIAN_POINT('',(0.0190024470318336,-0.0565855728747861,0.032));
#7870=CARTESIAN_POINT('',(0.0175440539112791,-0.0566119162620314,0.032));
#7871=CARTESIAN_POINT('',(0.017543811768342,-0.0573914080354304,0.032));
#7872=CARTESIAN_POINT('',(0.0175440290113111,-0.0581708989379756,0.032));
#7873=CARTESIAN_POINT('',(0.0190585358157029,-0.0581953203814025,0.032));
#7874=CARTESIAN_POINT('',(0.0175789146688836,-0.0585156774911572,0.032));
#7875=CARTESIAN_POINT('',(0.0179685357127627,-0.0584380305938218,0.032));
#7876=CARTESIAN_POINT('',(0.0180557294782944,-0.0584362147756946,0.0315));
#7877=CARTESIAN_POINT('',(0.0183164374829865,-0.0587441892045439,0.0315));
#7878=CARTESIAN_POINT('',(0.0183164374829865,-0.0587441892045439,0.0315));
#7879=CARTESIAN_POINT('',(0.0180557294782944,-0.0584362147756946,0.0315));
#7880=CARTESIAN_POINT('',(0.0184525195203562,-0.0585156748689298,0.03150000025));
#7881=CARTESIAN_POINT('',(0.0184526419273533,-0.0585156950988808,0.0315));
#7882=CARTESIAN_POINT('',(0.0169874334371988,-0.0581952952653669,0.0315));
#7883=CARTESIAN_POINT('',(0.0169874334371988,-0.0581952952653669,0.0315));
#7884=CARTESIAN_POINT('',(0.0184877605586722,-0.0581708989967511,0.0315));
#7885=CARTESIAN_POINT('',(0.0184879796043552,-0.0581708954349297,0.0315));
#7886=CARTESIAN_POINT('',(0.0184879796043552,-0.0573914080354304,0.0315));
#7887=CARTESIAN_POINT('',(0.0184879796043552,-0.0573914080354304,0.0315));
#7888=CARTESIAN_POINT('',(0.018487735429442,-0.0566119161878885,0.03150000025));
#7889=CARTESIAN_POINT('',(0.0184879796043552,-0.0566119206359311,0.0315));
#7890=CARTESIAN_POINT('',(0.0170429838323307,-0.0565855976910539,0.0315));
#7891=CARTESIAN_POINT('',(0.0170429838323307,-0.0565855976910539,0.0315));
#7892=CARTESIAN_POINT('',(0.0184525577238028,-0.0562715943699613,0.03150000025));
#7893=CARTESIAN_POINT('',(0.0184526419273533,-0.0562715810671356,0.0315));
#7894=CARTESIAN_POINT('',(0.0180796153373202,-0.0563488021068928,0.0315));
#7895=CARTESIAN_POINT('',(0.0180796153373202,-0.0563488021068928,0.0315));
#7896=CARTESIAN_POINT('',(0.0183164374829865,-0.0560520071517837,0.0315));
#7897=CARTESIAN_POINT('',(0.0183164374829865,-0.0560520071517837,0.0315));
#7898=CARTESIAN_POINT('',(0.0183164374829865,-0.0560520071517837,0.0315));
#7899=CARTESIAN_POINT('',(0.0183164374829865,-0.0560520071517837,0.032));
#7900=CARTESIAN_POINT('',(0.0182491929714101,-0.0560007732382016,0.0315));
#7901=CARTESIAN_POINT('',(0.0182491929714101,-0.0560007732382016,0.032));
#7902=CARTESIAN_POINT('',(0.0181496985410162,-0.0559751562814105,0.0315));
#7903=CARTESIAN_POINT('',(0.0181496985410162,-0.0559751562814105,0.032));
#7904=CARTESIAN_POINT('',(0.0180179541918051,-0.0559751562814105,0.0315));
#7905=CARTESIAN_POINT('',(0.0180179541918051,-0.0559751562814105,0.032));
#7906=CARTESIAN_POINT('',(0.0183164374829865,-0.0560520071517837,0.0315));
#7907=CARTESIAN_POINT('',(0.0182155707156218,-0.0559751562814105,0.0315));
#7908=CARTESIAN_POINT('',(0.0180179541918051,-0.0559751562814105,0.0315));
#7909=CARTESIAN_POINT('',(0.0180179541918051,-0.0559751562814105,0.0315));
#7910=CARTESIAN_POINT('',(0.0180179541918051,-0.0559751562814105,0.0315));
#7911=CARTESIAN_POINT('',(0.0180179541918051,-0.0559751562814105,0.0315));
#7912=CARTESIAN_POINT('',(0.0180179541918051,-0.0559751562814105,0.032));
#7913=CARTESIAN_POINT('',(0.0178862098425939,-0.0559751562814105,0.0315));
#7914=CARTESIAN_POINT('',(0.0178862098425939,-0.0559751562814105,0.032));
#7915=CARTESIAN_POINT('',(0.0177859148823003,-0.0560007732382016,0.0315));
#7916=CARTESIAN_POINT('',(0.0177859148823003,-0.0560007732382016,0.032));
#7917=CARTESIAN_POINT('',(0.0177170693109244,-0.0560520071517837,0.0315));
#7918=CARTESIAN_POINT('',(0.0177170693109244,-0.0560520071517837,0.032));
#7919=CARTESIAN_POINT('',(0.0180179541918051,-0.0559751562814105,0.0315));
#7920=CARTESIAN_POINT('',(0.0178203376679883,-0.0559751562814105,0.0315));
#7921=CARTESIAN_POINT('',(0.0177170693109244,-0.0560520071517837,0.0315));
#7922=CARTESIAN_POINT('',(0.0177170693109244,-0.0560520071517837,0.0315));
#7923=CARTESIAN_POINT('',(0.0177170693109244,-0.0560520071517837,0.0315));
#7924=CARTESIAN_POINT('',(0.0179454317260306,-0.0563471808887802,0.0315));
#7925=CARTESIAN_POINT('',(0.0179454317260306,-0.0563471808887802,0.0315));
#7926=CARTESIAN_POINT('',(0.0175788747085305,-0.05627159142581,0.03150000025));
#7927=CARTESIAN_POINT('',(0.0175788063611012,-0.0562715810671356,0.0315));
#7928=CARTESIAN_POINT('',(0.0190024470318336,-0.0565855728747861,0.0315));
#7929=CARTESIAN_POINT('',(0.0190024470318336,-0.0565855728747861,0.0315));
#7930=CARTESIAN_POINT('',(0.0175440539112791,-0.0566119162620315,0.0315));
#7931=CARTESIAN_POINT('',(0.017543811768342,-0.0566119206359311,0.0315));
#7932=CARTESIAN_POINT('',(0.017543811768342,-0.0573914080354304,0.0315));
#7933=CARTESIAN_POINT('',(0.017543811768342,-0.0573914080354304,0.0315));
#7934=CARTESIAN_POINT('',(0.0175440290113111,-0.0581708989379756,0.03150000025));
#7935=CARTESIAN_POINT('',(0.017543811768342,-0.0581708954349297,0.0315));
#7936=CARTESIAN_POINT('',(0.0190585358157029,-0.0581953203814025,0.0315));
#7937=CARTESIAN_POINT('',(0.0190585358157029,-0.0581953203814025,0.0315));
#7938=CARTESIAN_POINT('',(0.0175789146688836,-0.0585156774911572,0.03150000025));
#7939=CARTESIAN_POINT('',(0.0175788063611012,-0.0585156950988808,0.0315));
#7940=CARTESIAN_POINT('',(0.0179685357127627,-0.0584380305938218,0.0315));
#7941=CARTESIAN_POINT('',(0.0179685357127627,-0.0584380305938218,0.0315));
#7942=CARTESIAN_POINT('',(0.0177170693109244,-0.0587441892045439,0.0315));
#7943=CARTESIAN_POINT('',(0.0177170693109244,-0.0587441892045439,0.0315));
#7944=CARTESIAN_POINT('',(0.0177170693109244,-0.0587441892045439,0.0315));
#7945=CARTESIAN_POINT('',(0.0177170693109244,-0.0587441892045439,0.032));
#7946=CARTESIAN_POINT('',(0.0177859148823003,-0.0587983965148964,0.0315));
#7947=CARTESIAN_POINT('',(0.0177859148823003,-0.0587983965148964,0.032));
#7948=CARTESIAN_POINT('',(0.0178862098425939,-0.0588255001700727,0.0315));
#7949=CARTESIAN_POINT('',(0.0178862098425939,-0.0588255001700727,0.032));
#7950=CARTESIAN_POINT('',(0.0180179541918051,-0.0588255001700727,0.0315));
#7951=CARTESIAN_POINT('',(0.0180179541918051,-0.0588255001700727,0.032));
#7952=CARTESIAN_POINT('',(0.0177170693109244,-0.0587441892045439,0.0315));
#7953=CARTESIAN_POINT('',(0.0178203376679883,-0.0588255001700727,0.0315));
#7954=CARTESIAN_POINT('',(0.0180179541918051,-0.0588255001700727,0.0315));
#7955=CARTESIAN_POINT('',(0.0180179541918051,-0.0588255001700727,0.0315));
#7956=CARTESIAN_POINT('',(0.0180179541918051,-0.0588255001700727,0.0315));
#7957=CARTESIAN_POINT('',(0.0180179541918051,-0.0588255001700727,0.0315));
#7958=CARTESIAN_POINT('',(0.0180179541918051,-0.0588255001700727,0.032));
#7959=CARTESIAN_POINT('',(0.0181496985410162,-0.0588255001700727,0.0315));
#7960=CARTESIAN_POINT('',(0.0181496985410162,-0.0588255001700727,0.032));
#7961=CARTESIAN_POINT('',(0.0182491929714101,-0.0587983965148964,0.0315));
#7962=CARTESIAN_POINT('',(0.0182491929714101,-0.0587983965148964,0.032));
#7963=CARTESIAN_POINT('',(0.0183164374829865,-0.0587441892045439,0.0315));
#7964=CARTESIAN_POINT('',(0.0183164374829865,-0.0587441892045439,0.032));
#7965=CARTESIAN_POINT('',(0.0180179541918051,-0.0588255001700727,0.0315));
#7966=CARTESIAN_POINT('',(0.0182155707156218,-0.0588255001700727,0.0315));
#7967=CARTESIAN_POINT('',(0.0183164374829865,-0.0587441892045439,0.0315));
#7968=CARTESIAN_POINT('',(0.,0.,0.0315));
#7969=CARTESIAN_POINT('',(0.0180179541918051,-0.0592166162067933,0.0315));
#7970=CARTESIAN_POINT('',(0.0176577157369308,-0.0592166162067933,0.0315));
#7971=CARTESIAN_POINT('',(0.0174426019167345,-0.059075951667271,0.0315));
#7972=CARTESIAN_POINT('',(0.0180179541918051,-0.0592166162067933,0.0315));
#7973=CARTESIAN_POINT('',(0.0174426019167345,-0.059075951667271,0.0315));
#7974=CARTESIAN_POINT('',(0.01858884637172,-0.0590738931618145,0.0315));
#7975=CARTESIAN_POINT('',(0.0183781926466793,-0.0592166162067933,0.0315));
#7976=CARTESIAN_POINT('',(0.0180179541918051,-0.0592166162067933,0.0315));
#7977=CARTESIAN_POINT('',(0.01858884637172,-0.0590738931618145,0.0315));
#7978=CARTESIAN_POINT('',(0.0181352981412048,-0.0584155486290143,0.0315));
#7979=CARTESIAN_POINT('',(0.0188938482635136,-0.0586717984293263,0.0315));
#7980=CARTESIAN_POINT('',(0.0189881964302663,-0.0580659116566521,0.0315));
#7981=CARTESIAN_POINT('',(0.0189881964302663,-0.0584124267418169,0.0315));
#7982=CARTESIAN_POINT('',(0.0188938482635136,-0.0586717984293263,0.0315));
#7983=CARTESIAN_POINT('',(0.0189881964302663,-0.0580659116566521,0.0315));
#7984=CARTESIAN_POINT('',(0.0189881964302663,-0.0573896926142167,0.0315));
#7985=CARTESIAN_POINT('',(0.0189881964302663,-0.0567134735717813,0.0315));
#7986=CARTESIAN_POINT('',(0.0188938482635136,-0.05611170381002,0.0315));
#7987=CARTESIAN_POINT('',(0.0189881964302663,-0.0563621553072182,0.0315));
#7988=CARTESIAN_POINT('',(0.0189881964302663,-0.0567134735717813,0.0315));
#7989=CARTESIAN_POINT('',(0.0188938482635136,-0.05611170381002,0.0315));
#7990=CARTESIAN_POINT('',(0.0181696828167062,-0.0563674078931867,0.0315));
#7991=CARTESIAN_POINT('',(0.01858884637172,-0.0557250478684549,0.0315));
#7992=CARTESIAN_POINT('',(0.0180179541918051,-0.0555888434240882,0.0315));
#7993=CARTESIAN_POINT('',(0.0183781926466793,-0.0555888434240882,0.0315));
#7994=CARTESIAN_POINT('',(0.01858884637172,-0.0557250478684549,0.0315));
#7995=CARTESIAN_POINT('',(0.0180179541918051,-0.0555888434240882,0.0315));
#7996=CARTESIAN_POINT('',(0.0174446604221909,-0.0557229893629985,0.0315));
#7997=CARTESIAN_POINT('',(0.0176577157369308,-0.0555888434240882,0.0315));
#7998=CARTESIAN_POINT('',(0.0180179541918051,-0.0555888434240882,0.0315));
#7999=CARTESIAN_POINT('',(0.0174446604221909,-0.0557229893629985,0.0315));
#8000=CARTESIAN_POINT('',(0.0178481151205404,-0.0563572396952264,0.0315));
#8001=CARTESIAN_POINT('',(0.0171372569406982,-0.0561096453045635,0.0315));
#8002=CARTESIAN_POINT('',(0.0170429087739454,-0.0567134735717813,0.0315));
#8003=CARTESIAN_POINT('',(0.0170429087739454,-0.0563621553072182,0.0315));
#8004=CARTESIAN_POINT('',(0.0171372569406982,-0.0561096453045635,0.0315));
#8005=CARTESIAN_POINT('',(0.0170429087739454,-0.0567134735717813,0.0315));
#8006=CARTESIAN_POINT('',(0.0170429087739454,-0.0573872910245176,0.0315));
#8007=CARTESIAN_POINT('',(0.0170429087739454,-0.0580611084772538,0.0315));
#8008=CARTESIAN_POINT('',(0.0171351984352418,-0.0586738569347827,0.0315));
#8009=CARTESIAN_POINT('',(0.0170429087739454,-0.0584124267418169,0.0315));
#8010=CARTESIAN_POINT('',(0.0170429087739454,-0.0580611084772538,0.0315));
#8011=CARTESIAN_POINT('',(0.0171351984352418,-0.0586738569347827,0.0315));
#8012=CARTESIAN_POINT('',(0.0178675547608216,-0.0584347983504018,0.0315));
#8013=CARTESIAN_POINT('',(0.0178675547608216,-0.0584347983504018,0.0315));
#8014=CARTESIAN_POINT('',(0.0171351984352418,-0.0586738569347827,0.0315));
#8015=CARTESIAN_POINT('',(0.0174426019167345,-0.059075951667271,0.0315));
#8016=CARTESIAN_POINT('',(0.0171351984352418,-0.0586738569347827,0.0315));
#8017=CARTESIAN_POINT('',(0.0171351984352418,-0.0586738569347827,0.0321));
#8018=CARTESIAN_POINT('',(0.0170736719943775,-0.0584995701394722,0.0315));
#8019=CARTESIAN_POINT('',(0.0170736719943775,-0.0584995701394722,0.0321));
#8020=CARTESIAN_POINT('',(0.0170429087739454,-0.0582953206536292,0.0315));
#8021=CARTESIAN_POINT('',(0.0170429087739454,-0.0582953206536292,0.0321));
#8022=CARTESIAN_POINT('',(0.0170429087739454,-0.0580611084772538,0.0315));
#8023=CARTESIAN_POINT('',(0.0170429087739454,-0.0580611084772538,0.0321));
#8024=CARTESIAN_POINT('',(0.0170429087739454,-0.0580611084772538,0.0315));
#8025=CARTESIAN_POINT('',(0.0170429087739454,-0.0573872910245176,0.0315));
#8026=CARTESIAN_POINT('',(0.0170429087739454,-0.0567134735717813,0.0315));
#8027=CARTESIAN_POINT('',(0.0170429087739454,-0.0567134735717813,0.0315));
#8028=CARTESIAN_POINT('',(0.0170429087739454,-0.0567134735717813,0.0321));
#8029=CARTESIAN_POINT('',(0.0170429087739454,-0.0564792613954059,0.0315));
#8030=CARTESIAN_POINT('',(0.0170429087739454,-0.0564792613954059,0.0321));
#8031=CARTESIAN_POINT('',(0.017074358162863,-0.0562779853063333,0.0315));
#8032=CARTESIAN_POINT('',(0.017074358162863,-0.0562779853063333,0.0321));
#8033=CARTESIAN_POINT('',(0.0171372569406982,-0.0561096453045635,0.0315));
#8034=CARTESIAN_POINT('',(0.0171372569406982,-0.0561096453045635,0.0321));
#8035=CARTESIAN_POINT('',(0.0171372569406982,-0.0561096453045635,0.0315));
#8036=CARTESIAN_POINT('',(0.0178481151205404,-0.0563572396952264,0.0315));
#8037=CARTESIAN_POINT('',(0.0174446604221909,-0.0557229893629985,0.0315));
#8038=CARTESIAN_POINT('',(0.0174446604221909,-0.0557229893629985,0.0315));
#8039=CARTESIAN_POINT('',(0.0174446604221909,-0.0557229893629985,0.0321));
#8040=CARTESIAN_POINT('',(0.0175866972986841,-0.0556335587370583,0.0315));
#8041=CARTESIAN_POINT('',(0.0175866972986841,-0.0556335587370583,0.0321));
#8042=CARTESIAN_POINT('',(0.0177777952218889,-0.0555888434240882,0.0315));
#8043=CARTESIAN_POINT('',(0.0177777952218889,-0.0555888434240882,0.0321));
#8044=CARTESIAN_POINT('',(0.0180179541918051,-0.0555888434240882,0.0315));
#8045=CARTESIAN_POINT('',(0.0180179541918051,-0.0555888434240882,0.0321));
#8046=CARTESIAN_POINT('',(0.0180179541918051,-0.0555888434240882,0.0315));
#8047=CARTESIAN_POINT('',(0.0180179541918051,-0.0555888434240882,0.0315));
#8048=CARTESIAN_POINT('',(0.0180179541918051,-0.0555888434240882,0.0321));
#8049=CARTESIAN_POINT('',(0.0182581131617212,-0.0555888434240882,0.0315));
#8050=CARTESIAN_POINT('',(0.0182581131617212,-0.0555888434240882,0.0321));
#8051=CARTESIAN_POINT('',(0.0184484105550262,-0.0556342449055438,0.0315));
#8052=CARTESIAN_POINT('',(0.0184484105550262,-0.0556342449055438,0.0321));
#8053=CARTESIAN_POINT('',(0.01858884637172,-0.0557250478684549,0.0315));
#8054=CARTESIAN_POINT('',(0.01858884637172,-0.0557250478684549,0.0321));
#8055=CARTESIAN_POINT('',(0.01858884637172,-0.0557250478684549,0.0315));
#8056=CARTESIAN_POINT('',(0.0181696828167062,-0.0563674078931867,0.0315));
#8057=CARTESIAN_POINT('',(0.0188938482635136,-0.05611170381002,0.0315));
#8058=CARTESIAN_POINT('',(0.0188938482635136,-0.05611170381002,0.0315));
#8059=CARTESIAN_POINT('',(0.0188938482635136,-0.05611170381002,0.0321));
#8060=CARTESIAN_POINT('',(0.0189567470413488,-0.0562786714748188,0.0315));
#8061=CARTESIAN_POINT('',(0.0189567470413488,-0.0562786714748188,0.0321));
#8062=CARTESIAN_POINT('',(0.0189881964302663,-0.0564792613954059,0.0315));
#8063=CARTESIAN_POINT('',(0.0189881964302663,-0.0564792613954059,0.0321));
#8064=CARTESIAN_POINT('',(0.0189881964302663,-0.0567134735717813,0.0315));
#8065=CARTESIAN_POINT('',(0.0189881964302663,-0.0567134735717813,0.0321));
#8066=CARTESIAN_POINT('',(0.0189881964302663,-0.0567134735717813,0.0315));
#8067=CARTESIAN_POINT('',(0.0189881964302663,-0.0573896926142167,0.0315));
#8068=CARTESIAN_POINT('',(0.0189881964302663,-0.0580659116566521,0.0315));
#8069=CARTESIAN_POINT('',(0.0189881964302663,-0.0580659116566521,0.0315));
#8070=CARTESIAN_POINT('',(0.0189881964302663,-0.0580659116566521,0.0321));
#8071=CARTESIAN_POINT('',(0.0189881964302663,-0.0582969217134286,0.0315));
#8072=CARTESIAN_POINT('',(0.0189881964302663,-0.0582969217134286,0.0321));
#8073=CARTESIAN_POINT('',(0.0189567470413488,-0.0584988839709867,0.0315));
#8074=CARTESIAN_POINT('',(0.0189567470413488,-0.0584988839709867,0.0321));
#8075=CARTESIAN_POINT('',(0.0188938482635136,-0.0586717984293263,0.0315));
#8076=CARTESIAN_POINT('',(0.0188938482635136,-0.0586717984293263,0.0321));
#8077=CARTESIAN_POINT('',(0.0188938482635136,-0.0586717984293263,0.0315));
#8078=CARTESIAN_POINT('',(0.0181352981412048,-0.0584155486290143,0.0315));
#8079=CARTESIAN_POINT('',(0.01858884637172,-0.0590738931618145,0.0315));
#8080=CARTESIAN_POINT('',(0.01858884637172,-0.0590738931618145,0.0315));
#8081=CARTESIAN_POINT('',(0.01858884637172,-0.0590738931618145,0.0321));
#8082=CARTESIAN_POINT('',(0.0184484105550262,-0.059169041858467,0.0315));
#8083=CARTESIAN_POINT('',(0.0184484105550262,-0.059169041858467,0.0321));
#8084=CARTESIAN_POINT('',(0.0182581131617212,-0.0592166162067933,0.0315));
#8085=CARTESIAN_POINT('',(0.0182581131617212,-0.0592166162067933,0.0321));
#8086=CARTESIAN_POINT('',(0.0180179541918051,-0.0592166162067933,0.0315));
#8087=CARTESIAN_POINT('',(0.0180179541918051,-0.0592166162067933,0.0321));
#8088=CARTESIAN_POINT('',(0.0180179541918051,-0.0592166162067933,0.0315));
#8089=CARTESIAN_POINT('',(0.0180179541918051,-0.0592166162067933,0.0315));
#8090=CARTESIAN_POINT('',(0.0180179541918051,-0.0592166162067933,0.0321));
#8091=CARTESIAN_POINT('',(0.0177777952218889,-0.0592166162067933,0.0315));
#8092=CARTESIAN_POINT('',(0.0177777952218889,-0.0592166162067933,0.0321));
#8093=CARTESIAN_POINT('',(0.0175860111301987,-0.0591697280269525,0.0315));
#8094=CARTESIAN_POINT('',(0.0175860111301987,-0.0591697280269525,0.0321));
#8095=CARTESIAN_POINT('',(0.0174426019167345,-0.059075951667271,0.0315));
#8096=CARTESIAN_POINT('',(0.0174426019167345,-0.059075951667271,0.0321));
#8097=CARTESIAN_POINT('',(0.,0.,0.0315));
#8098=CARTESIAN_POINT('',(0.0194760622234389,-0.0573982697202852,0.0315));
#8099=CARTESIAN_POINT('',(0.0194760622234389,-0.0591768184346357,0.0315));
#8100=CARTESIAN_POINT('',(0.019476062223439,-0.0556197210059345,0.0315));
#8101=CARTESIAN_POINT('',(0.0196870590327224,-0.0591768184346357,0.0315));
#8102=CARTESIAN_POINT('',(0.0198980558420059,-0.0591768184346357,0.0315));
#8103=CARTESIAN_POINT('',(0.0198980558420059,-0.0579626432995881,0.0315));
#8104=CARTESIAN_POINT('',(0.0198980558420059,-0.0567484681645405,0.0315));
#8105=CARTESIAN_POINT('',(0.0204095944479274,-0.0579626432995881,0.0315));
#8106=CARTESIAN_POINT('',(0.0209211330538488,-0.0591768184346357,0.0315));
#8107=CARTESIAN_POINT('',(0.0210792948897507,-0.0591768184346357,0.0315));
#8108=CARTESIAN_POINT('',(0.0212374567256526,-0.0591768184346357,0.0315));
#8109=CARTESIAN_POINT('',(0.0212374567256526,-0.0573982697202852,0.0315));
#8110=CARTESIAN_POINT('',(0.0212374567256526,-0.0556197210059346,0.0315));
#8111=CARTESIAN_POINT('',(0.0210309200115247,-0.0556197210059345,0.0315));
#8112=CARTESIAN_POINT('',(0.0208243832973969,-0.0556197210059345,0.0315));
#8113=CARTESIAN_POINT('',(0.0208243832973969,-0.0568009600536794,0.0315));
#8114=CARTESIAN_POINT('',(0.0208243832973969,-0.0579821991014242,0.0315));
#8115=CARTESIAN_POINT('',(0.0203193632920874,-0.0568009600536794,0.0315));
#8116=CARTESIAN_POINT('',(0.019814343286778,-0.0556197210059345,0.0315));
#8117=CARTESIAN_POINT('',(0.0196452027551084,-0.0556197210059345,0.0315));
#8118=CARTESIAN_POINT('',(0.0196452027551084,-0.0556197210059345,0.0315));
#8119=CARTESIAN_POINT('',(0.019814343286778,-0.0556197210059345,0.0315));
#8120=CARTESIAN_POINT('',(0.019476062223439,-0.0556197210059345,0.0315));
#8121=CARTESIAN_POINT('',(0.0203193632920874,-0.0568009600536794,0.0315));
#8122=CARTESIAN_POINT('',(0.0208243832973969,-0.0579821991014242,0.0315));
#8123=CARTESIAN_POINT('',(0.0208243832973969,-0.0568009600536794,0.0315));
#8124=CARTESIAN_POINT('',(0.0208243832973969,-0.0556197210059345,0.0315));
#8125=CARTESIAN_POINT('',(0.0210309200115247,-0.0556197210059345,0.0315));
#8126=CARTESIAN_POINT('',(0.0212374567256526,-0.0556197210059346,0.0315));
#8127=CARTESIAN_POINT('',(0.0212374567256526,-0.0573982697202852,0.0315));
#8128=CARTESIAN_POINT('',(0.0212374567256526,-0.0591768184346357,0.0315));
#8129=CARTESIAN_POINT('',(0.0210792948897507,-0.0591768184346357,0.0315));
#8130=CARTESIAN_POINT('',(0.0209211330538488,-0.0591768184346357,0.0315));
#8131=CARTESIAN_POINT('',(0.0204095944479274,-0.0579626432995881,0.0315));
#8132=CARTESIAN_POINT('',(0.0198980558420059,-0.0567484681645405,0.0315));
#8133=CARTESIAN_POINT('',(0.0198980558420059,-0.0579626432995881,0.0315));
#8134=CARTESIAN_POINT('',(0.0198980558420059,-0.0591768184346357,0.0315));
#8135=CARTESIAN_POINT('',(0.0196870590327224,-0.0591768184346357,0.0315));
#8136=CARTESIAN_POINT('',(0.0194760622234389,-0.0591768184346357,0.0315));
#8137=CARTESIAN_POINT('',(0.0194760622234389,-0.0573982697202852,0.0315));
#8138=CARTESIAN_POINT('',(0.,0.,0.032));
#8139=CARTESIAN_POINT('',(0.0260354898603349,-0.0587441892045439,0.032));
#8140=CARTESIAN_POINT('',(0.026138758217399,-0.0588255001700727,0.032));
#8141=CARTESIAN_POINT('',(0.0263363747412157,-0.0588255001700727,0.032));
#8142=CARTESIAN_POINT('',(0.0260354898603349,-0.0587441892045439,0.032));
#8143=CARTESIAN_POINT('',(0.0263363747412157,-0.0588255001700727,0.032));
#8144=CARTESIAN_POINT('',(0.0263363747412157,-0.0588255001700727,0.032));
#8145=CARTESIAN_POINT('',(0.0265339912650324,-0.0588255001700727,0.032));
#8146=CARTESIAN_POINT('',(0.0266348580323972,-0.0587441892045439,0.032));
#8147=CARTESIAN_POINT('',(0.0266348580323972,-0.0587441892045439,0.032));
#8148=CARTESIAN_POINT('',(0.026374150027705,-0.0584362147756946,0.032));
#8149=CARTESIAN_POINT('',(0.026770940069763,-0.058515674868929,0.032));
#8150=CARTESIAN_POINT('',(0.0253058539866015,-0.0581952952653661,0.032));
#8151=CARTESIAN_POINT('',(0.0268061811080829,-0.0581708989967511,0.032));
#8152=CARTESIAN_POINT('',(0.0268064001537659,-0.0573914080354304,0.032));
#8153=CARTESIAN_POINT('',(0.0268061559788526,-0.0566119161878885,0.032));
#8154=CARTESIAN_POINT('',(0.0253614043817409,-0.056585597691054,0.032));
#8155=CARTESIAN_POINT('',(0.0267709782732135,-0.0562715943699613,0.032));
#8156=CARTESIAN_POINT('',(0.0263980358867308,-0.0563488021068928,0.032));
#8157=CARTESIAN_POINT('',(0.0266348580323972,-0.0560520071517837,0.032));
#8158=CARTESIAN_POINT('',(0.0266348580323972,-0.0560520071517837,0.032));
#8159=CARTESIAN_POINT('',(0.0265339912650324,-0.0559751562814105,0.032));
#8160=CARTESIAN_POINT('',(0.0263363747412157,-0.0559751562814105,0.032));
#8161=CARTESIAN_POINT('',(0.0263363747412157,-0.0559751562814105,0.032));
#8162=CARTESIAN_POINT('',(0.0263363747412157,-0.0559751562814105,0.032));
#8163=CARTESIAN_POINT('',(0.026138758217399,-0.0559751562814105,0.032));
#8164=CARTESIAN_POINT('',(0.0260354898603349,-0.0560520071517837,0.032));
#8165=CARTESIAN_POINT('',(0.0260354898603349,-0.0560520071517837,0.032));
#8166=CARTESIAN_POINT('',(0.0262638522754411,-0.0563471808887801,0.032));
#8167=CARTESIAN_POINT('',(0.0258972952579438,-0.0562715914258106,0.032));
#8168=CARTESIAN_POINT('',(0.0273208675812442,-0.0565855728747861,0.032));
#8169=CARTESIAN_POINT('',(0.0258624744606897,-0.0566119162620314,0.032));
#8170=CARTESIAN_POINT('',(0.0258622323177526,-0.0573914080354304,0.032));
#8171=CARTESIAN_POINT('',(0.0258624495607217,-0.0581708989379756,0.032));
#8172=CARTESIAN_POINT('',(0.0273769563651223,-0.058195320381401,0.032));
#8173=CARTESIAN_POINT('',(0.0258973352182943,-0.0585156774911572,0.032));
#8174=CARTESIAN_POINT('',(0.0262869562621733,-0.0584380305938218,0.032));
#8175=CARTESIAN_POINT('',(0.026374150027705,-0.0584362147756946,0.0315));
#8176=CARTESIAN_POINT('',(0.0266348580323972,-0.0587441892045439,0.0315));
#8177=CARTESIAN_POINT('',(0.0266348580323972,-0.0587441892045439,0.0315));
#8178=CARTESIAN_POINT('',(0.026374150027705,-0.0584362147756946,0.0315));
#8179=CARTESIAN_POINT('',(0.0267709400697669,-0.0585156748689298,0.03150000025));
#8180=CARTESIAN_POINT('',(0.0267710624767639,-0.0585156950988808,0.0315));
#8181=CARTESIAN_POINT('',(0.0253058539866015,-0.0581952952653661,0.0315));
#8182=CARTESIAN_POINT('',(0.0253058539866015,-0.0581952952653661,0.0315));
#8183=CARTESIAN_POINT('',(0.0268061811080829,-0.0581708989967511,0.0315));
#8184=CARTESIAN_POINT('',(0.0268064001537659,-0.0581708954349297,0.0315));
#8185=CARTESIAN_POINT('',(0.0268064001537659,-0.0573914080354304,0.0315));
#8186=CARTESIAN_POINT('',(0.0268064001537659,-0.0573914080354304,0.0315));
#8187=CARTESIAN_POINT('',(0.0268061559788526,-0.0566119161878885,0.03150000025));
#8188=CARTESIAN_POINT('',(0.0268064001537659,-0.0566119206359311,0.0315));
#8189=CARTESIAN_POINT('',(0.0253614043817409,-0.056585597691054,0.0315));
#8190=CARTESIAN_POINT('',(0.0253614043817409,-0.056585597691054,0.0315));
#8191=CARTESIAN_POINT('',(0.0267709782732135,-0.0562715943699613,0.03150000025));
#8192=CARTESIAN_POINT('',(0.0267710624767639,-0.0562715810671356,0.0315));
#8193=CARTESIAN_POINT('',(0.0263980358867308,-0.0563488021068928,0.0315));
#8194=CARTESIAN_POINT('',(0.0263980358867308,-0.0563488021068928,0.0315));
#8195=CARTESIAN_POINT('',(0.0266348580323972,-0.0560520071517837,0.0315));
#8196=CARTESIAN_POINT('',(0.0266348580323972,-0.0560520071517837,0.0315));
#8197=CARTESIAN_POINT('',(0.0266348580323972,-0.0560520071517837,0.0315));
#8198=CARTESIAN_POINT('',(0.0266348580323972,-0.0560520071517837,0.032));
#8199=CARTESIAN_POINT('',(0.0265676135208207,-0.0560007732382016,0.0315));
#8200=CARTESIAN_POINT('',(0.0265676135208207,-0.0560007732382016,0.032));
#8201=CARTESIAN_POINT('',(0.0264681190904268,-0.0559751562814105,0.0315));
#8202=CARTESIAN_POINT('',(0.0264681190904268,-0.0559751562814105,0.032));
#8203=CARTESIAN_POINT('',(0.0263363747412157,-0.0559751562814105,0.0315));
#8204=CARTESIAN_POINT('',(0.0263363747412157,-0.0559751562814105,0.032));
#8205=CARTESIAN_POINT('',(0.0266348580323972,-0.0560520071517837,0.0315));
#8206=CARTESIAN_POINT('',(0.0265339912650324,-0.0559751562814105,0.0315));
#8207=CARTESIAN_POINT('',(0.0263363747412157,-0.0559751562814105,0.0315));
#8208=CARTESIAN_POINT('',(0.0263363747412157,-0.0559751562814105,0.0315));
#8209=CARTESIAN_POINT('',(0.0263363747412157,-0.0559751562814105,0.0315));
#8210=CARTESIAN_POINT('',(0.0263363747412157,-0.0559751562814105,0.0315));
#8211=CARTESIAN_POINT('',(0.0263363747412157,-0.0559751562814105,0.032));
#8212=CARTESIAN_POINT('',(0.0262046303920045,-0.0559751562814105,0.0315));
#8213=CARTESIAN_POINT('',(0.0262046303920045,-0.0559751562814105,0.032));
#8214=CARTESIAN_POINT('',(0.026104335431711,-0.0560007732382016,0.0315));
#8215=CARTESIAN_POINT('',(0.026104335431711,-0.0560007732382016,0.032));
#8216=CARTESIAN_POINT('',(0.0260354898603349,-0.0560520071517837,0.0315));
#8217=CARTESIAN_POINT('',(0.0260354898603349,-0.0560520071517837,0.032));
#8218=CARTESIAN_POINT('',(0.0263363747412157,-0.0559751562814105,0.0315));
#8219=CARTESIAN_POINT('',(0.026138758217399,-0.0559751562814105,0.0315));
#8220=CARTESIAN_POINT('',(0.0260354898603349,-0.0560520071517837,0.0315));
#8221=CARTESIAN_POINT('',(0.0260354898603349,-0.0560520071517837,0.0315));
#8222=CARTESIAN_POINT('',(0.0260354898603349,-0.0560520071517837,0.0315));
#8223=CARTESIAN_POINT('',(0.0262638522754411,-0.0563471808887801,0.0315));
#8224=CARTESIAN_POINT('',(0.0262638522754411,-0.0563471808887801,0.0315));
#8225=CARTESIAN_POINT('',(0.0258972952579411,-0.05627159142581,0.03150000025));
#8226=CARTESIAN_POINT('',(0.0258972269105118,-0.0562715810671356,0.0315));
#8227=CARTESIAN_POINT('',(0.0273208675812442,-0.0565855728747861,0.0315));
#8228=CARTESIAN_POINT('',(0.0273208675812442,-0.0565855728747861,0.0315));
#8229=CARTESIAN_POINT('',(0.0258624744606897,-0.0566119162620315,0.0315));
#8230=CARTESIAN_POINT('',(0.0258622323177526,-0.0566119206359311,0.0315));
#8231=CARTESIAN_POINT('',(0.0258622323177526,-0.0573914080354304,0.0315));
#8232=CARTESIAN_POINT('',(0.0258622323177526,-0.0573914080354304,0.0315));
#8233=CARTESIAN_POINT('',(0.0258624495607217,-0.0581708989379756,0.03150000025));
#8234=CARTESIAN_POINT('',(0.0258622323177526,-0.0581708954349297,0.0315));
#8235=CARTESIAN_POINT('',(0.0273769563651223,-0.058195320381401,0.0315));
#8236=CARTESIAN_POINT('',(0.0273769563651223,-0.058195320381401,0.0315));
#8237=CARTESIAN_POINT('',(0.0258973352182943,-0.0585156774911572,0.03150000025));
#8238=CARTESIAN_POINT('',(0.0258972269105118,-0.0585156950988808,0.0315));
#8239=CARTESIAN_POINT('',(0.0262869562621733,-0.0584380305938218,0.0315));
#8240=CARTESIAN_POINT('',(0.0262869562621733,-0.0584380305938218,0.0315));
#8241=CARTESIAN_POINT('',(0.0260354898603349,-0.0587441892045439,0.0315));
#8242=CARTESIAN_POINT('',(0.0260354898603349,-0.0587441892045439,0.0315));
#8243=CARTESIAN_POINT('',(0.0260354898603349,-0.0587441892045439,0.0315));
#8244=CARTESIAN_POINT('',(0.0260354898603349,-0.0587441892045439,0.032));
#8245=CARTESIAN_POINT('',(0.026104335431711,-0.0587983965148964,0.0315));
#8246=CARTESIAN_POINT('',(0.026104335431711,-0.0587983965148964,0.032));
#8247=CARTESIAN_POINT('',(0.0262046303920045,-0.0588255001700727,0.0315));
#8248=CARTESIAN_POINT('',(0.0262046303920045,-0.0588255001700727,0.032));
#8249=CARTESIAN_POINT('',(0.0263363747412157,-0.0588255001700727,0.0315));
#8250=CARTESIAN_POINT('',(0.0263363747412157,-0.0588255001700727,0.032));
#8251=CARTESIAN_POINT('',(0.0260354898603349,-0.0587441892045439,0.0315));
#8252=CARTESIAN_POINT('',(0.026138758217399,-0.0588255001700727,0.0315));
#8253=CARTESIAN_POINT('',(0.0263363747412157,-0.0588255001700727,0.0315));
#8254=CARTESIAN_POINT('',(0.0263363747412157,-0.0588255001700727,0.0315));
#8255=CARTESIAN_POINT('',(0.0263363747412157,-0.0588255001700727,0.0315));
#8256=CARTESIAN_POINT('',(0.0263363747412157,-0.0588255001700727,0.0315));
#8257=CARTESIAN_POINT('',(0.0263363747412157,-0.0588255001700727,0.032));
#8258=CARTESIAN_POINT('',(0.0264681190904268,-0.0588255001700727,0.0315));
#8259=CARTESIAN_POINT('',(0.0264681190904268,-0.0588255001700727,0.032));
#8260=CARTESIAN_POINT('',(0.0265676135208207,-0.0587983965148964,0.0315));
#8261=CARTESIAN_POINT('',(0.0265676135208207,-0.0587983965148964,0.032));
#8262=CARTESIAN_POINT('',(0.0266348580323972,-0.0587441892045439,0.0315));
#8263=CARTESIAN_POINT('',(0.0266348580323972,-0.0587441892045439,0.032));
#8264=CARTESIAN_POINT('',(0.0263363747412157,-0.0588255001700727,0.0315));
#8265=CARTESIAN_POINT('',(0.0265339912650324,-0.0588255001700727,0.0315));
#8266=CARTESIAN_POINT('',(0.0266348580323972,-0.0587441892045439,0.0315));
#8267=CARTESIAN_POINT('',(0.,0.,0.0315));
#8268=CARTESIAN_POINT('',(0.0263363747412157,-0.0592166162067933,0.0315));
#8269=CARTESIAN_POINT('',(0.0259761362863414,-0.0592166162067933,0.0315));
#8270=CARTESIAN_POINT('',(0.0257610224661451,-0.059075951667271,0.0315));
#8271=CARTESIAN_POINT('',(0.0263363747412157,-0.0592166162067933,0.0315));
#8272=CARTESIAN_POINT('',(0.0257610224661451,-0.059075951667271,0.0315));
#8273=CARTESIAN_POINT('',(0.0269072669211307,-0.0590738931618145,0.0315));
#8274=CARTESIAN_POINT('',(0.0266966131960899,-0.0592166162067933,0.0315));
#8275=CARTESIAN_POINT('',(0.0263363747412157,-0.0592166162067933,0.0315));
#8276=CARTESIAN_POINT('',(0.0269072669211307,-0.0590738931618145,0.0315));
#8277=CARTESIAN_POINT('',(0.0264537186906154,-0.0584155486290143,0.0315));
#8278=CARTESIAN_POINT('',(0.0272122688129242,-0.0586717984293263,0.0315));
#8279=CARTESIAN_POINT('',(0.027306616979677,-0.0580659116566521,0.0315));
#8280=CARTESIAN_POINT('',(0.027306616979677,-0.0584124267418169,0.0315));
#8281=CARTESIAN_POINT('',(0.0272122688129242,-0.0586717984293263,0.0315));
#8282=CARTESIAN_POINT('',(0.027306616979677,-0.0580659116566521,0.0315));
#8283=CARTESIAN_POINT('',(0.027306616979677,-0.0573896926142167,0.0315));
#8284=CARTESIAN_POINT('',(0.027306616979677,-0.0567134735717813,0.0315));
#8285=CARTESIAN_POINT('',(0.0272122688129242,-0.05611170381002,0.0315));
#8286=CARTESIAN_POINT('',(0.027306616979677,-0.0563621553072182,0.0315));
#8287=CARTESIAN_POINT('',(0.027306616979677,-0.0567134735717813,0.0315));
#8288=CARTESIAN_POINT('',(0.0272122688129242,-0.05611170381002,0.0315));
#8289=CARTESIAN_POINT('',(0.0264881033661167,-0.0563674078931867,0.0315));
#8290=CARTESIAN_POINT('',(0.0269072669211307,-0.0557250478684549,0.0315));
#8291=CARTESIAN_POINT('',(0.0263363747412157,-0.0555888434240882,0.0315));
#8292=CARTESIAN_POINT('',(0.0266966131960899,-0.0555888434240882,0.0315));
#8293=CARTESIAN_POINT('',(0.0269072669211307,-0.0557250478684549,0.0315));
#8294=CARTESIAN_POINT('',(0.0263363747412157,-0.0555888434240882,0.0315));
#8295=CARTESIAN_POINT('',(0.0257630809716015,-0.0557229893629985,0.0315));
#8296=CARTESIAN_POINT('',(0.0259761362863414,-0.0555888434240882,0.0315));
#8297=CARTESIAN_POINT('',(0.0263363747412157,-0.0555888434240882,0.0315));
#8298=CARTESIAN_POINT('',(0.0257630809716015,-0.0557229893629985,0.0315));
#8299=CARTESIAN_POINT('',(0.0261665356699512,-0.0563572396952266,0.0315));
#8300=CARTESIAN_POINT('',(0.0254556774901088,-0.0561096453045635,0.0315));
#8301=CARTESIAN_POINT('',(0.025361329323356,-0.0567134735717813,0.0315));
#8302=CARTESIAN_POINT('',(0.025361329323356,-0.0563621553072182,0.0315));
#8303=CARTESIAN_POINT('',(0.0254556774901088,-0.0561096453045635,0.0315));
#8304=CARTESIAN_POINT('',(0.025361329323356,-0.0567134735717813,0.0315));
#8305=CARTESIAN_POINT('',(0.025361329323356,-0.0573872910245176,0.0315));
#8306=CARTESIAN_POINT('',(0.025361329323356,-0.0580611084772538,0.0315));
#8307=CARTESIAN_POINT('',(0.0254536189846524,-0.0586738569347827,0.0315));
#8308=CARTESIAN_POINT('',(0.025361329323356,-0.0584124267418169,0.0315));
#8309=CARTESIAN_POINT('',(0.025361329323356,-0.0580611084772538,0.0315));
#8310=CARTESIAN_POINT('',(0.0254536189846524,-0.0586738569347827,0.0315));
#8311=CARTESIAN_POINT('',(0.0261859753102325,-0.0584347983504016,0.0315));
#8312=CARTESIAN_POINT('',(0.0264537186906154,-0.0584155486290143,0.0315));
#8313=CARTESIAN_POINT('',(0.0269072669211307,-0.0590738931618145,0.0315));
#8314=CARTESIAN_POINT('',(0.0272122688129242,-0.0586717984293263,0.0315));
#8315=CARTESIAN_POINT('',(0.027306616979677,-0.0580659116566521,0.0315));
#8316=CARTESIAN_POINT('',(0.027306616979677,-0.0580659116566521,0.0321));
#8317=CARTESIAN_POINT('',(0.027306616979677,-0.0582969217134286,0.0315));
#8318=CARTESIAN_POINT('',(0.027306616979677,-0.0582969217134286,0.0321));
#8319=CARTESIAN_POINT('',(0.0272751675907594,-0.0584988839709867,0.0315));
#8320=CARTESIAN_POINT('',(0.0272751675907594,-0.0584988839709867,0.0321));
#8321=CARTESIAN_POINT('',(0.0272122688129242,-0.0586717984293263,0.0315));
#8322=CARTESIAN_POINT('',(0.0272122688129242,-0.0586717984293263,0.0321));
#8323=CARTESIAN_POINT('',(0.027306616979677,-0.0580659116566521,0.0315));
#8324=CARTESIAN_POINT('',(0.027306616979677,-0.0573896926142167,0.0315));
#8325=CARTESIAN_POINT('',(0.027306616979677,-0.0567134735717813,0.0315));
#8326=CARTESIAN_POINT('',(0.0272122688129242,-0.05611170381002,0.0315));
#8327=CARTESIAN_POINT('',(0.0272122688129242,-0.05611170381002,0.0321));
#8328=CARTESIAN_POINT('',(0.0272751675907594,-0.0562786714748188,0.0315));
#8329=CARTESIAN_POINT('',(0.0272751675907594,-0.0562786714748188,0.0321));
#8330=CARTESIAN_POINT('',(0.027306616979677,-0.0564792613954059,0.0315));
#8331=CARTESIAN_POINT('',(0.027306616979677,-0.0564792613954059,0.0321));
#8332=CARTESIAN_POINT('',(0.027306616979677,-0.0567134735717813,0.0315));
#8333=CARTESIAN_POINT('',(0.027306616979677,-0.0567134735717813,0.0321));
#8334=CARTESIAN_POINT('',(0.0272122688129242,-0.05611170381002,0.0315));
#8335=CARTESIAN_POINT('',(0.0264881033661167,-0.0563674078931867,0.0315));
#8336=CARTESIAN_POINT('',(0.0269072669211307,-0.0557250478684549,0.0315));
#8337=CARTESIAN_POINT('',(0.0263363747412157,-0.0555888434240882,0.0315));
#8338=CARTESIAN_POINT('',(0.0263363747412157,-0.0555888434240882,0.0321));
#8339=CARTESIAN_POINT('',(0.0265765337111318,-0.0555888434240882,0.0315));
#8340=CARTESIAN_POINT('',(0.0265765337111318,-0.0555888434240882,0.0321));
#8341=CARTESIAN_POINT('',(0.0267668311044368,-0.0556342449055438,0.0315));
#8342=CARTESIAN_POINT('',(0.0267668311044368,-0.0556342449055438,0.0321));
#8343=CARTESIAN_POINT('',(0.0269072669211307,-0.0557250478684549,0.0315));
#8344=CARTESIAN_POINT('',(0.0269072669211307,-0.0557250478684549,0.0321));
#8345=CARTESIAN_POINT('',(0.0263363747412157,-0.0555888434240882,0.0315));
#8346=CARTESIAN_POINT('',(0.0257630809716015,-0.0557229893629985,0.0315));
#8347=CARTESIAN_POINT('',(0.0257630809716015,-0.0557229893629985,0.0321));
#8348=CARTESIAN_POINT('',(0.0259051178480948,-0.0556335587370583,0.0315));
#8349=CARTESIAN_POINT('',(0.0259051178480948,-0.0556335587370583,0.0321));
#8350=CARTESIAN_POINT('',(0.0260962157712995,-0.0555888434240882,0.0315));
#8351=CARTESIAN_POINT('',(0.0260962157712995,-0.0555888434240882,0.0321));
#8352=CARTESIAN_POINT('',(0.0263363747412157,-0.0555888434240882,0.0315));
#8353=CARTESIAN_POINT('',(0.0263363747412157,-0.0555888434240882,0.0321));
#8354=CARTESIAN_POINT('',(0.0257630809716015,-0.0557229893629985,0.0315));
#8355=CARTESIAN_POINT('',(0.0261665356699512,-0.0563572396952266,0.0315));
#8356=CARTESIAN_POINT('',(0.0254556774901088,-0.0561096453045635,0.0315));
#8357=CARTESIAN_POINT('',(0.025361329323356,-0.0567134735717813,0.0315));
#8358=CARTESIAN_POINT('',(0.025361329323356,-0.0567134735717813,0.0321));
#8359=CARTESIAN_POINT('',(0.025361329323356,-0.0564792613954059,0.0315));
#8360=CARTESIAN_POINT('',(0.025361329323356,-0.0564792613954059,0.0321));
#8361=CARTESIAN_POINT('',(0.0253927787122736,-0.0562779853063333,0.0315));
#8362=CARTESIAN_POINT('',(0.0253927787122736,-0.0562779853063333,0.0321));
#8363=CARTESIAN_POINT('',(0.0254556774901088,-0.0561096453045635,0.0315));
#8364=CARTESIAN_POINT('',(0.0254556774901088,-0.0561096453045635,0.0321));
#8365=CARTESIAN_POINT('',(0.025361329323356,-0.0567134735717813,0.0315));
#8366=CARTESIAN_POINT('',(0.025361329323356,-0.0573872910245176,0.0315));
#8367=CARTESIAN_POINT('',(0.025361329323356,-0.0580611084772538,0.0315));
#8368=CARTESIAN_POINT('',(0.0254536189846524,-0.0586738569347827,0.0315));
#8369=CARTESIAN_POINT('',(0.0254536189846524,-0.0586738569347827,0.0321));
#8370=CARTESIAN_POINT('',(0.0253920925437881,-0.0584995701394722,0.0315));
#8371=CARTESIAN_POINT('',(0.0253920925437881,-0.0584995701394722,0.0321));
#8372=CARTESIAN_POINT('',(0.025361329323356,-0.0582953206536292,0.0315));
#8373=CARTESIAN_POINT('',(0.025361329323356,-0.0582953206536292,0.0321));
#8374=CARTESIAN_POINT('',(0.025361329323356,-0.0580611084772538,0.0315));
#8375=CARTESIAN_POINT('',(0.025361329323356,-0.0580611084772538,0.0321));
#8376=CARTESIAN_POINT('',(0.0254536189846524,-0.0586738569347827,0.0315));
#8377=CARTESIAN_POINT('',(0.0261859753102325,-0.0584347983504016,0.0315));
#8378=CARTESIAN_POINT('',(0.0257610224661451,-0.059075951667271,0.0315));
#8379=CARTESIAN_POINT('',(0.0263363747412157,-0.0592166162067933,0.0315));
#8380=CARTESIAN_POINT('',(0.0263363747412157,-0.0592166162067933,0.0321));
#8381=CARTESIAN_POINT('',(0.0260962157712995,-0.0592166162067933,0.0315));
#8382=CARTESIAN_POINT('',(0.0260962157712995,-0.0592166162067933,0.0321));
#8383=CARTESIAN_POINT('',(0.0259044316796093,-0.0591697280269525,0.0315));
#8384=CARTESIAN_POINT('',(0.0259044316796093,-0.0591697280269525,0.0321));
#8385=CARTESIAN_POINT('',(0.0257610224661451,-0.059075951667271,0.0315));
#8386=CARTESIAN_POINT('',(0.0257610224661451,-0.059075951667271,0.0321));
#8387=CARTESIAN_POINT('',(0.0263363747412157,-0.0592166162067933,0.0315));
#8388=CARTESIAN_POINT('',(0.0269072669211307,-0.0590738931618145,0.0315));
#8389=CARTESIAN_POINT('',(0.0269072669211307,-0.0590738931618145,0.0321));
#8390=CARTESIAN_POINT('',(0.0267668311044368,-0.059169041858467,0.0315));
#8391=CARTESIAN_POINT('',(0.0267668311044368,-0.059169041858467,0.0321));
#8392=CARTESIAN_POINT('',(0.0265765337111318,-0.0592166162067933,0.0315));
#8393=CARTESIAN_POINT('',(0.0265765337111318,-0.0592166162067933,0.0321));
#8394=CARTESIAN_POINT('',(0.0263363747412157,-0.0592166162067933,0.0315));
#8395=CARTESIAN_POINT('',(0.0263363747412157,-0.0592166162067933,0.0321));
#8396=CARTESIAN_POINT('',(0.,0.,0.0315));
#8397=CARTESIAN_POINT('',(0.0231302524928348,-0.0573982697202852,0.0315));
#8398=CARTESIAN_POINT('',(0.0226516499742162,-0.0591768184346357,0.0315));
#8399=CARTESIAN_POINT('',(0.0236088550114535,-0.0556197210059345,0.0315));
#8400=CARTESIAN_POINT('',(0.0228533835089458,-0.0591768184346357,0.0315));
#8401=CARTESIAN_POINT('',(0.0230551170436753,-0.0591768184346357,0.0315));
#8402=CARTESIAN_POINT('',(0.0235361211519932,-0.0573982697202852,0.0315));
#8403=CARTESIAN_POINT('',(0.024017125260311,-0.0556197210059346,0.0315));
#8404=CARTESIAN_POINT('',(0.0238129901358822,-0.0556197210059345,0.0315));
#8405=CARTESIAN_POINT('',(0.0235361211519932,-0.0573982697202852,0.0315));
#8406=CARTESIAN_POINT('',(0.0230551170436753,-0.0591768184346357,0.0315));
#8407=CARTESIAN_POINT('',(0.024017125260311,-0.0556197210059346,0.0315));
#8408=CARTESIAN_POINT('',(0.0238129901358822,-0.0556197210059345,0.0315));
#8409=CARTESIAN_POINT('',(0.0236088550114535,-0.0556197210059345,0.0315));
#8410=CARTESIAN_POINT('',(0.0231302524928348,-0.0573982697202852,0.0315));
#8411=CARTESIAN_POINT('',(0.0226516499742162,-0.0591768184346357,0.0315));
#8412=CARTESIAN_POINT('',(0.0228533835089458,-0.0591768184346357,0.0315));
#8413=CARTESIAN_POINT('',(0.,0.,0.0315));
#8414=CARTESIAN_POINT('',(0.0277944827728496,-0.0573982697202852,0.0315));
#8415=CARTESIAN_POINT('',(0.0277944827728496,-0.0591768184346357,0.0315));
#8416=CARTESIAN_POINT('',(0.0277944827728496,-0.0556197210059345,0.0315));
#8417=CARTESIAN_POINT('',(0.0280425326803487,-0.0591768184346357,0.0315));
#8418=CARTESIAN_POINT('',(0.0282905825878478,-0.0591768184346357,0.0315));
#8419=CARTESIAN_POINT('',(0.0282905825878478,-0.0583444960617549,0.0315));
#8420=CARTESIAN_POINT('',(0.0282905825878478,-0.057512173688874,0.0315));
#8421=CARTESIAN_POINT('',(0.0286309221566433,-0.057512173688874,0.0315));
#8422=CARTESIAN_POINT('',(0.0289712617254387,-0.057512173688874,0.0315));
#8423=CARTESIAN_POINT('',(0.0289712617254387,-0.0573365145565924,0.0315));
#8424=CARTESIAN_POINT('',(0.0289712617254387,-0.0571608554243109,0.0315));
#8425=CARTESIAN_POINT('',(0.0286309221566433,-0.0571608554243109,0.0315));
#8426=CARTESIAN_POINT('',(0.0282905825878478,-0.0571608554243109,0.0315));
#8427=CARTESIAN_POINT('',(0.0282905825878478,-0.0565680058528607,0.0315));
#8428=CARTESIAN_POINT('',(0.0282905825878478,-0.0559751562814105,0.0315));
#8429=CARTESIAN_POINT('',(0.0287297304185517,-0.0559751562814105,0.0315));
#8430=CARTESIAN_POINT('',(0.0291688782492555,-0.0559751562814105,0.0315));
#8431=CARTESIAN_POINT('',(0.0291688782492555,-0.0557974386436725,0.0315));
#8432=CARTESIAN_POINT('',(0.0291688782492555,-0.0556197210059345,0.0315));
#8433=CARTESIAN_POINT('',(0.0284816805110525,-0.0556197210059345,0.0315));
#8434=CARTESIAN_POINT('',(0.0282905825878478,-0.0583444960617549,0.0315));
#8435=CARTESIAN_POINT('',(0.0282905825878478,-0.0591768184346357,0.0315));
#8436=CARTESIAN_POINT('',(0.0282905825878478,-0.057512173688874,0.0315));
#8437=CARTESIAN_POINT('',(0.0286309221566433,-0.057512173688874,0.0315));
#8438=CARTESIAN_POINT('',(0.0289712617254387,-0.057512173688874,0.0315));
#8439=CARTESIAN_POINT('',(0.0289712617254387,-0.0573365145565924,0.0315));
#8440=CARTESIAN_POINT('',(0.0289712617254387,-0.0571608554243109,0.0315));
#8441=CARTESIAN_POINT('',(0.0286309221566433,-0.0571608554243109,0.0315));
#8442=CARTESIAN_POINT('',(0.0282905825878478,-0.0571608554243109,0.0315));
#8443=CARTESIAN_POINT('',(0.0282905825878478,-0.0565680058528607,0.0315));
#8444=CARTESIAN_POINT('',(0.0282905825878478,-0.0559751562814105,0.0315));
#8445=CARTESIAN_POINT('',(0.0287297304185517,-0.0559751562814105,0.0315));
#8446=CARTESIAN_POINT('',(0.0291688782492555,-0.0559751562814105,0.0315));
#8447=CARTESIAN_POINT('',(0.0291688782492555,-0.0557974386436725,0.0315));
#8448=CARTESIAN_POINT('',(0.0291688782492555,-0.0556197210059345,0.0315));
#8449=CARTESIAN_POINT('',(0.0284816805110525,-0.0556197210059345,0.0315));
#8450=CARTESIAN_POINT('',(0.0277944827728496,-0.0556197210059345,0.0315));
#8451=CARTESIAN_POINT('',(0.0277944827728496,-0.0573982697202852,0.0315));
#8452=CARTESIAN_POINT('',(0.0277944827728496,-0.0591768184346357,0.0315));
#8453=CARTESIAN_POINT('',(0.0280425326803487,-0.0591768184346357,0.0315));
#8454=CARTESIAN_POINT('',(0.,0.,0.0315));
#8455=CARTESIAN_POINT('',(0.0295112763235074,-0.0573982697202852,0.0315));
#8456=CARTESIAN_POINT('',(0.0295112763235074,-0.0591768184346357,0.0315));
#8457=CARTESIAN_POINT('',(0.0295112763235074,-0.0556197210059345,0.0315));
#8458=CARTESIAN_POINT('',(0.0297593262310065,-0.0591768184346357,0.0315));
#8459=CARTESIAN_POINT('',(0.0300073761385057,-0.0591768184346357,0.0315));
#8460=CARTESIAN_POINT('',(0.0300073761385057,-0.0583444960617549,0.0315));
#8461=CARTESIAN_POINT('',(0.0300073761385057,-0.057512173688874,0.0315));
#8462=CARTESIAN_POINT('',(0.0303477157073011,-0.057512173688874,0.0315));
#8463=CARTESIAN_POINT('',(0.0306880552760967,-0.057512173688874,0.0315));
#8464=CARTESIAN_POINT('',(0.0306880552760967,-0.0573365145565924,0.0315));
#8465=CARTESIAN_POINT('',(0.0306880552760967,-0.0571608554243109,0.0315));
#8466=CARTESIAN_POINT('',(0.0303477157073011,-0.0571608554243109,0.0315));
#8467=CARTESIAN_POINT('',(0.0300073761385057,-0.0571608554243109,0.0315));
#8468=CARTESIAN_POINT('',(0.0300073761385057,-0.0565680058528607,0.0315));
#8469=CARTESIAN_POINT('',(0.0300073761385057,-0.0559751562814105,0.0315));
#8470=CARTESIAN_POINT('',(0.0304465239692095,-0.0559751562814105,0.0315));
#8471=CARTESIAN_POINT('',(0.0308856717999134,-0.0559751562814105,0.0315));
#8472=CARTESIAN_POINT('',(0.0308856717999134,-0.0557974386436725,0.0315));
#8473=CARTESIAN_POINT('',(0.0308856717999134,-0.0556197210059345,0.0315));
#8474=CARTESIAN_POINT('',(0.0301984740617104,-0.0556197210059345,0.0315));
#8475=CARTESIAN_POINT('',(0.0300073761385057,-0.0583444960617549,0.0315));
#8476=CARTESIAN_POINT('',(0.0300073761385057,-0.0591768184346357,0.0315));
#8477=CARTESIAN_POINT('',(0.0300073761385057,-0.057512173688874,0.0315));
#8478=CARTESIAN_POINT('',(0.0303477157073011,-0.057512173688874,0.0315));
#8479=CARTESIAN_POINT('',(0.0306880552760967,-0.057512173688874,0.0315));
#8480=CARTESIAN_POINT('',(0.0306880552760967,-0.0573365145565924,0.0315));
#8481=CARTESIAN_POINT('',(0.0306880552760967,-0.0571608554243109,0.0315));
#8482=CARTESIAN_POINT('',(0.0303477157073011,-0.0571608554243109,0.0315));
#8483=CARTESIAN_POINT('',(0.0300073761385057,-0.0571608554243109,0.0315));
#8484=CARTESIAN_POINT('',(0.0300073761385057,-0.0565680058528607,0.0315));
#8485=CARTESIAN_POINT('',(0.0300073761385057,-0.0559751562814105,0.0315));
#8486=CARTESIAN_POINT('',(0.0304465239692095,-0.0559751562814105,0.0315));
#8487=CARTESIAN_POINT('',(0.0308856717999134,-0.0559751562814105,0.0315));
#8488=CARTESIAN_POINT('',(0.0308856717999134,-0.0557974386436725,0.0315));
#8489=CARTESIAN_POINT('',(0.0308856717999134,-0.0556197210059345,0.0315));
#8490=CARTESIAN_POINT('',(0.0301984740617104,-0.0556197210059345,0.0315));
#8491=CARTESIAN_POINT('',(0.0295112763235074,-0.0556197210059345,0.0315));
#8492=CARTESIAN_POINT('',(0.0295112763235074,-0.0573982697202852,0.0315));
#8493=CARTESIAN_POINT('',(0.0295112763235074,-0.0591768184346357,0.0315));
#8494=CARTESIAN_POINT('',(0.0297593262310065,-0.0591768184346357,0.0315));
#8495=CARTESIAN_POINT('',(-0.0855,-0.07,0.0135));
#8496=CARTESIAN_POINT('',(-0.0855,0.07,0.0135));
#8497=CARTESIAN_POINT('',(0.0855,-0.07,0.0135));
#8498=CARTESIAN_POINT('',(0.0855,0.07,0.0135));
#8499=CARTESIAN_POINT('',(0.0620125643908978,-0.0116913057863712,0.0315));
#8500=CARTESIAN_POINT('',(-0.0655710944915867,-0.0131913057863712,0.0315));
#8501=CARTESIAN_POINT('',(0.0855,0.07,0.033));
#8502=CARTESIAN_POINT('',(-0.0855,0.07,0.033));
#8503=CARTESIAN_POINT('',(0.0855,-0.07,0.033));
#8504=CARTESIAN_POINT('',(-0.0855,-0.07,0.033));
#8505=MECHANICAL_DESIGN_GEOMETRIC_PRESENTATION_REPRESENTATION('',(#4658,
#57,#58,#59,#60,#61,#62,#63,#64,#65,#66,#67,#68,#69,#70,#71,#72,#73,#74,
#75,#76,#77,#78,#79,#80,#81,#82,#83,#84,#85,#86,#87,#88,#89,#90,#91,#92,
#93,#94,#95,#96,#97,#98,#99,#100,#101,#102,#103,#104,#105,#106,#107,#108,
#109,#110,#111,#112,#113,#114,#115,#116,#117,#118,#119,#120,#121,#122,#123,
#124,#125,#126,#127,#128,#129,#130,#131,#132,#133,#134,#135,#136,#137,#138,
#139,#140,#141,#142,#143,#144,#145,#146,#147,#148,#149,#150,#151,#152,#153,
#154,#155,#156,#157,#158,#159),#8506);
#8506=(
GEOMETRIC_REPRESENTATION_CONTEXT(3)
GLOBAL_UNCERTAINTY_ASSIGNED_CONTEXT((#8507))
GLOBAL_UNIT_ASSIGNED_CONTEXT((#8510,#8509,#8508))
REPRESENTATION_CONTEXT('Part 498','TOP_LEVEL_ASSEMBLY_PART')
);
#8507=UNCERTAINTY_MEASURE_WITH_UNIT(LENGTH_MEASURE(2.E-5),#8510,
'DISTANCE_ACCURACY_VALUE','Maximum Tolerance applied to model');
#8508=(
NAMED_UNIT(*)
SI_UNIT($,.STERADIAN.)
SOLID_ANGLE_UNIT()
);
#8509=(
NAMED_UNIT(*)
PLANE_ANGLE_UNIT()
SI_UNIT($,.RADIAN.)
);
#8510=(
LENGTH_UNIT()
NAMED_UNIT(*)
SI_UNIT($,.METRE.)
);
#8511=PRODUCT_DEFINITION_SHAPE('','',#8512);
#8512=PRODUCT_DEFINITION('','',#8514,#8513);
#8513=PRODUCT_DEFINITION_CONTEXT('',#8520,'design');
#8514=PRODUCT_DEFINITION_FORMATION_WITH_SPECIFIED_SOURCE('','',#8516,
 .NOT_KNOWN.);
#8515=PRODUCT_RELATED_PRODUCT_CATEGORY('','',(#8516));
#8516=PRODUCT('Part 498','Part 498','Part 498',(#8518));
#8517=PRODUCT_CATEGORY('','');
#8518=PRODUCT_CONTEXT('',#8520,'mechanical');
#8519=APPLICATION_PROTOCOL_DEFINITION('international standard',
'ap242_managed_model_based_3d_engineering',2020,#8520);
#8520=APPLICATION_CONTEXT('managed model based 3d engineering');
ENDSEC;
END-ISO-10303-21;
